session_result_key,result_id,driver_key,team_key,session_key,grand_prix_key,circuit_key,season_key,result_outcome_key,result_weather_context_key,result_data_quality_key,session_type,position,grid_position,q1_ms,q2_ms,q3_ms,gap_to_leader_ms,points,laps
1,1,13,9,1,1,2,1,11,4,1,Q,1.0,,90499.0,90318.0,88997.0,0,,
2,2,7,8,1,1,2,1,11,4,1,Q,2.0,,90617.0,90085.0,89385.0,,,
3,3,3,8,1,1,2,1,11,4,1,Q,3.0,,91200.0,90186.0,89586.0,,,
4,4,12,5,1,1,2,1,11,4,1,Q,4.0,,90691.0,90010.0,89678.0,,,
5,5,5,2,1,1,2,1,11,4,1,Q,5.0,,90848.0,90513.0,89809.0,,,
6,6,20,7,1,1,2,1,11,4,1,Q,6.0,,90795.0,90222.0,89927.0,,,
7,7,16,7,1,1,2,1,11,4,1,Q,7.0,,90902.0,90099.0,89974.0,,,
8,8,22,5,1,1,2,1,11,4,1,Q,8.0,,91653.0,90009.0,90215.0,,,
9,9,2,3,1,1,2,1,11,4,1,Q,9.0,,90863.0,90595.0,90249.0,,,
10,10,23,4,1,1,2,1,11,4,1,Q,10.0,,91261.0,90624.0,90601.0,,,
11,11,18,9,1,1,2,1,11,4,1,Q,11.0,,91165.0,90659.0,,,,
12,12,6,1,1,1,2,1,11,4,1,Q,12.0,,90998.0,90708.0,,,,
13,13,24,2,1,1,2,1,11,4,1,Q,13.0,,90607.0,91203.0,,,,
14,14,19,1,1,1,2,1,11,4,1,Q,14.0,,91547.0,91238.0,,,,
15,15,21,10,1,1,2,1,11,4,1,Q,15.0,,91316.0,93430.0,,,,
16,16,17,3,1,1,2,1,11,4,1,Q,16.0,,91724.0,,,,,
17,17,11,10,1,1,2,1,11,4,1,Q,17.0,,91936.0,,,,,
18,18,25,4,1,1,2,1,11,4,1,Q,18.0,,92056.0,,,,,
19,19,15,6,1,1,2,1,11,4,1,Q,19.0,,92449.0,,,,,
20,20,14,6,1,1,2,1,11,4,1,Q,20.0,,93273.0,,,,,
21,21,7,8,45,1,2,1,6,10,1,R,1.0,2.0,,,,0,25.0,56.0
22,22,13,9,45,1,2,1,6,10,1,R,2.0,1.0,,,,745,18.0,56.0
23,23,3,8,45,1,2,1,6,10,1,R,3.0,3.0,,,,37383,16.0,56.0
24,24,16,7,45,1,2,1,6,10,1,R,4.0,7.0,,,,46466,12.0,56.0
25,25,18,9,45,1,2,1,6,10,1,R,5.0,0.0,,,,52047,10.0,56.0
26,26,12,5,45,1,2,1,6,10,1,R,6.0,4.0,,,,59090,8.0,56.0
27,27,20,7,45,1,2,1,6,10,1,R,7.0,6.0,,,,66004,6.0,56.0
28,28,22,5,45,1,2,1,6,10,1,R,8.0,8.0,,,,67100,4.0,56.0
29,29,24,2,45,1,2,1,6,10,1,R,9.0,13.0,,,,85692,2.0,56.0
30,30,23,4,45,1,2,1,6,10,1,R,10.0,10.0,,,,86713,1.0,56.0
31,31,19,1,45,1,2,1,6,10,1,R,11.0,14.0,,,,88864,0.0,56.0
32,32,6,1,45,1,2,1,7,10,2,R,12.0,12.0,,,,,0.0,55.0
33,33,17,3,45,1,2,1,7,10,2,R,13.0,16.0,,,,,0.0,55.0
34,34,21,10,45,1,2,1,7,10,2,R,14.0,15.0,,,,,0.0,55.0
35,35,25,4,45,1,2,1,7,10,2,R,15.0,20.0,,,,,0.0,55.0
36,36,15,6,45,1,2,1,7,10,2,R,16.0,18.0,,,,,0.0,55.0
37,37,5,2,45,1,2,1,17,10,2,R,17.0,5.0,,,,,0.0,52.0
38,38,11,10,45,1,2,1,17,10,2,R,18.0,17.0,,,,,0.0,51.0
39,39,2,3,45,1,2,1,9,10,2,R,19.0,9.0,,,,,0.0,32.0
40,40,14,6,45,1,2,1,2,10,2,R,20.0,19.0,,,,,0.0,0.0
41,41,7,8,2,2,8,1,11,6,1,Q,1.0,,74823.0,74817.0,74411.0,0,,
42,42,18,9,2,2,8,1,11,6,1,Q,2.0,,75395.0,74716.0,74446.0,,,
43,43,13,9,2,2,8,1,11,6,1,Q,3.0,,75109.0,74884.0,74498.0,,,
44,44,12,5,2,2,8,1,11,6,1,Q,4.0,,75413.0,74808.0,74740.0,,,
45,45,5,2,2,2,8,1,11,6,1,Q,5.0,,75548.0,74927.0,74790.0,,,
46,46,20,7,2,2,8,1,11,6,1,Q,6.0,,75669.0,75033.0,74826.0,,,
47,47,16,7,2,2,8,1,11,6,1,Q,7.0,,75009.0,74718.0,74875.0,,,
48,48,3,8,2,2,8,1,11,6,1,Q,8.0,,74672.0,74905.0,74898.0,,,
49,49,17,3,2,2,8,1,11,6,1,Q,9.0,,75385.0,75117.0,75210.0,,,
50,50,23,4,2,2,8,1,11,6,3,Q,10.0,,75522.0,75138.0,,,,
51,51,22,5,2,2,8,1,11,6,1,Q,11.0,,75406.0,75199.0,,,,
52,52,21,10,2,2,8,1,11,6,1,Q,12.0,,75826.0,75261.0,,,,
53,53,25,4,2,2,8,1,11,6,1,Q,13.0,,75459.0,75394.0,,,,
54,54,11,10,2,2,8,1,11,6,1,Q,14.0,,75653.0,75593.0,,,,
55,55,2,3,2,2,8,1,11,6,1,Q,15.0,,75832.0,75593.0,,,,
56,56,19,1,2,2,8,1,11,6,1,Q,16.0,,75974.0,,,,,
57,57,6,1,2,2,8,1,11,6,1,Q,17.0,,76122.0,,,,,
58,58,15,6,2,2,8,1,11,6,1,Q,18.0,,76279.0,,,,,
59,59,14,6,2,2,8,1,11,6,1,Q,19.0,,76797.0,,,,,
60,60,24,2,2,2,8,1,11,6,3,Q,20.0,,,,,,,
61,61,13,9,46,2,8,1,6,16,1,R,1.0,3.0,,,,0,25.0,63.0
62,62,7,8,46,2,8,1,6,16,1,R,2.0,1.0,,,,22000,19.0,63.0
63,63,16,7,46,2,8,1,6,16,1,R,3.0,7.0,,,,23702,15.0,63.0
64,64,12,5,46,2,8,1,6,16,1,R,4.0,4.0,,,,25579,12.0,63.0
65,65,22,5,46,2,8,1,6,16,1,R,5.0,11.0,,,,27036,10.0,63.0
66,66,20,7,46,2,8,1,6,16,1,R,6.0,6.0,,,,51220,8.0,63.0
67,67,5,2,46,2,8,1,6,16,1,R,7.0,5.0,,,,52818,6.0,63.0
68,68,23,4,46,2,8,1,6,16,1,R,8.0,10.0,,,,56909,4.0,63.0
69,69,17,3,46,2,8,1,6,16,1,R,9.0,9.0,,,,65704,2.0,63.0
70,70,2,3,46,2,8,1,6,16,1,R,10.0,15.0,,,,66561,1.0,63.0
71,71,18,9,46,2,8,1,6,16,1,R,11.0,2.0,,,,67151,0.0,63.0
72,72,24,2,46,2,8,1,6,16,1,R,12.0,20.0,,,,73184,0.0,63.0
73,73,19,1,46,2,8,1,6,16,1,R,13.0,16.0,,,,94773,0.0,63.0
74,74,6,1,46,2,8,1,7,16,2,R,14.0,17.0,,,,,0.0,62.0
75,75,25,4,46,2,8,1,8,16,2,R,15.0,0.0,,,,,0.0,61.0
76,76,15,6,46,2,8,1,7,16,2,R,16.0,18.0,,,,,0.0,61.0
77,77,14,6,46,2,8,1,7,16,2,R,17.0,19.0,,,,,0.0,61.0
78,78,3,8,46,2,8,1,4,16,2,R,18.0,8.0,,,,,0.0,30.0
79,79,21,10,46,2,8,1,4,16,2,R,19.0,12.0,,,,,0.0,30.0
80,80,11,10,46,2,8,1,4,16,2,R,20.0,14.0,,,,,0.0,0.0
81,81,3,8,3,3,19,1,11,8,1,Q,1.0,,78722.0,78458.0,78348.0,0,,
82,82,7,8,3,3,19,1,11,8,1,Q,2.0,,78857.0,77968.0,78355.0,,,
83,83,13,9,3,3,19,1,11,8,1,Q,3.0,,79485.0,78650.0,78746.0,,,
84,84,18,9,3,3,19,1,11,8,1,Q,4.0,,79337.0,78845.0,78890.0,,,
85,85,22,5,3,3,19,1,11,8,1,Q,5.0,,79309.0,78813.0,79039.0,,,
86,86,17,3,3,3,19,1,11,8,1,Q,6.0,,79092.0,78586.0,79042.0,,,
87,87,16,7,3,3,19,1,11,8,1,Q,7.0,,78794.0,78481.0,79116.0,,,
88,88,12,5,3,3,19,1,11,8,1,Q,8.0,,79373.0,78769.0,79306.0,,,
89,89,5,2,3,3,19,1,11,8,1,Q,9.0,,79464.0,79052.0,79475.0,,,
90,90,25,4,3,3,19,1,11,8,1,Q,10.0,,79403.0,78970.0,79659.0,,,
91,91,21,10,3,3,19,1,11,8,1,Q,11.0,,79797.0,79109.0,,,,
92,92,6,1,3,3,19,1,11,8,1,Q,12.0,,79410.0,79216.0,,,,
93,93,2,3,3,3,19,1,11,8,1,Q,13.0,,79728.0,79456.0,,,,
94,94,24,2,3,3,19,1,11,8,1,Q,14.0,,79684.0,79463.0,,,,
95,95,19,1,3,3,19,1,11,8,1,Q,15.0,,79748.0,79812.0,,,,
96,96,20,7,3,3,19,1,11,8,1,Q,16.0,,79839.0,,,,,
97,97,23,4,3,3,19,1,11,8,1,Q,17.0,,79913.0,,,,,
98,98,11,10,3,3,19,1,11,8,1,Q,18.0,,80285.0,,,,,
99,99,15,6,3,3,19,1,11,8,1,Q,19.0,,80452.0,,,,,
100,100,14,6,3,3,19,1,11,8,1,Q,20.0,,80912.0,,,,,
101,101,7,8,47,3,19,1,6,8,1,R,1.0,2.0,,,,0,25.0,66.0
102,102,13,9,47,3,19,1,6,8,1,R,2.0,3.0,,,,29148,18.0,66.0
103,103,3,8,47,3,19,1,6,8,1,R,3.0,1.0,,,,33530,16.0,66.0
104,104,18,9,47,3,19,1,6,8,1,R,4.0,4.0,,,,39735,12.0,66.0
105,105,16,7,47,3,19,1,6,8,1,R,5.0,7.0,,,,51369,10.0,66.0
106,106,12,5,47,3,19,1,6,8,1,R,6.0,8.0,,,,55781,8.0,66.0
107,107,17,3,47,3,19,1,6,8,1,R,7.0,6.0,,,,63749,6.0,66.0
108,108,2,3,47,3,19,1,6,8,1,R,8.0,13.0,,,,1808,4.0,66.0
109,109,20,7,47,3,19,1,6,8,1,R,9.0,16.0,,,,75369,2.0,66.0
110,110,5,2,47,3,19,1,6,8,1,R,10.0,9.0,,,,76463,1.0,66.0
111,111,22,5,47,3,19,1,6,8,1,R,11.0,5.0,,,,78955,0.0,66.0
112,112,6,1,47,3,19,1,7,8,2,R,12.0,12.0,,,,,0.0,65.0
113,113,25,4,47,3,19,1,7,8,2,R,13.0,10.0,,,,,0.0,65.0
114,114,23,4,47,3,19,1,7,8,2,R,14.0,17.0,,,,,0.0,65.0
115,115,24,2,47,3,19,1,7,8,2,R,15.0,14.0,,,,,0.0,65.0
116,116,21,10,47,3,19,1,7,8,2,R,16.0,11.0,,,,,0.0,65.0
117,117,15,6,47,3,19,1,7,8,2,R,17.0,19.0,,,,,0.0,64.0
118,118,11,10,47,3,19,1,7,8,2,R,18.0,18.0,,,,,0.0,64.0
119,119,14,6,47,3,19,1,7,8,2,R,19.0,20.0,,,,,0.0,64.0
120,120,19,1,47,3,19,1,4,8,2,R,20.0,15.0,,,,,0.0,1.0
121,121,7,8,4,4,4,1,11,9,1,Q,1.0,,78245.0,77166.0,76741.0,0,,
122,122,13,9,4,4,4,1,11,9,1,Q,2.0,,78090.0,76922.0,76777.0,,,
123,123,3,8,4,4,4,1,11,9,1,Q,3.0,,78005.0,77142.0,76873.0,,,
124,124,12,5,4,4,4,1,11,9,1,Q,4.0,,78041.0,77717.0,77510.0,,,
125,125,17,3,4,4,4,1,11,9,1,Q,5.0,,78281.0,77743.0,77580.0,,,
126,126,22,5,4,4,4,1,11,9,1,Q,6.0,,78205.0,77656.0,77620.0,,,
127,127,20,7,4,4,4,1,11,9,1,Q,7.0,,78264.0,77719.0,77622.0,,,
128,128,18,9,4,4,4,1,11,9,1,Q,8.0,,78203.0,77669.0,77701.0,,,
129,129,16,7,4,4,4,1,11,9,1,Q,9.0,,77821.0,77696.0,78010.0,,,
130,130,2,3,4,4,4,1,11,9,1,Q,10.0,,78281.0,77966.0,78147.0,,,
131,131,23,4,4,4,4,1,11,9,1,Q,11.0,,78241.0,77974.0,,,,
132,132,5,2,4,4,4,1,11,9,1,Q,12.0,,78190.0,77982.0,,,,
133,133,25,4,4,4,4,1,11,9,1,Q,13.0,,78289.0,78079.0,,,,
134,134,6,1,4,4,4,1,11,9,1,Q,14.0,,78549.0,78356.0,,,,
135,135,21,10,4,4,4,1,11,9,1,Q,15.0,,78445.0,79154.0,,,,
136,136,24,2,4,4,4,1,11,9,1,Q,16.0,,78556.0,,,,,
137,137,19,1,4,4,4,1,11,9,1,Q,17.0,,78917.0,,,,,
138,138,15,6,4,4,4,1,11,9,1,Q,18.0,,79117.0,,,,,
139,139,11,10,4,4,4,1,11,9,1,Q,19.0,,79219.0,,,,,
140,140,14,6,4,4,4,1,11,9,1,Q,20.0,,79807.0,,,,,
141,141,7,8,48,4,4,1,6,12,1,R,1.0,1.0,,,,0,25.0,66.0
142,142,13,9,48,4,4,1,6,12,1,R,2.0,2.0,,,,15841,19.0,66.0
143,143,3,8,48,4,4,1,6,12,1,R,3.0,3.0,,,,26610,15.0,66.0
144,144,12,5,48,4,4,1,6,12,1,R,4.0,4.0,,,,54616,12.0,66.0
145,145,18,9,48,4,4,1,6,12,1,R,5.0,8.0,,,,63671,10.0,66.0
146,146,20,7,48,4,4,1,6,12,1,R,6.0,7.0,,,,73768,8.0,66.0
147,147,22,5,48,4,4,1,6,12,1,R,7.0,6.0,,,,74670,6.0,66.0
148,148,16,7,48,4,4,1,7,12,2,R,8.0,9.0,,,,,4.0,65.0
149,149,17,3,48,4,4,1,7,12,2,R,9.0,5.0,,,,,2.0,65.0
150,150,5,2,48,4,4,1,7,12,2,R,10.0,12.0,,,,,1.0,65.0
151,151,23,4,48,4,4,1,7,12,2,R,11.0,11.0,,,,,0.0,65.0
152,152,19,1,48,4,4,1,7,12,2,R,12.0,17.0,,,,,0.0,65.0
153,153,25,4,48,4,4,1,7,12,2,R,13.0,13.0,,,,,0.0,65.0
154,154,21,10,48,4,4,1,7,12,2,R,14.0,15.0,,,,,0.0,65.0
155,155,6,1,48,4,4,1,7,12,2,R,15.0,14.0,,,,,0.0,65.0
156,156,11,10,48,4,4,1,7,12,2,R,16.0,19.0,,,,,0.0,65.0
157,157,2,3,48,4,4,1,7,12,2,R,17.0,10.0,,,,,0.0,65.0
158,158,15,6,48,4,4,1,7,12,2,R,18.0,18.0,,,,,0.0,64.0
159,159,14,6,48,4,4,1,7,12,2,R,19.0,20.0,,,,,0.0,64.0
160,160,24,2,48,4,4,1,9,12,2,R,20.0,16.0,,,,,0.0,6.0
161,161,12,5,5,5,16,1,11,8,1,Q,1.0,,71113.0,70597.0,70346.0,0,,
162,162,13,9,5,5,16,1,11,8,1,Q,2.0,,71124.0,70650.0,70576.0,,,
163,163,3,8,5,5,16,1,11,8,1,Q,3.0,,70938.0,70695.0,70601.0,,,
164,164,22,5,5,5,16,1,11,8,1,Q,4.0,,71324.0,70806.0,70611.0,,,
165,165,16,7,5,5,16,1,11,8,1,Q,5.0,,71321.0,71031.0,70620.0,,,
166,166,5,2,5,5,16,1,11,8,1,Q,6.0,,71560.0,71179.0,70900.0,,,
167,167,7,8,5,5,16,1,11,8,1,Q,7.0,,71622.0,71116.0,71095.0,,,
168,168,25,4,5,5,16,1,11,8,1,Q,8.0,,72078.0,71309.0,71419.0,,,
169,169,18,9,5,5,16,1,11,8,1,Q,9.0,,71644.0,71019.0,71573.0,,,
170,170,6,1,5,5,16,1,11,8,1,Q,10.0,,71658.0,71409.0,71779.0,,,
171,171,17,3,5,5,16,1,11,8,1,Q,11.0,,71740.0,71486.0,,,,
172,172,20,7,5,5,16,1,11,8,1,Q,12.0,,71747.0,71598.0,,,,
173,173,23,4,5,5,16,1,11,8,1,Q,13.0,,71979.0,71600.0,,,,
174,174,19,1,5,5,16,1,11,8,1,Q,14.0,,71899.0,71642.0,,,,
175,175,21,10,5,5,16,1,11,8,1,Q,15.0,,72016.0,71830.0,,,,
176,176,24,2,5,5,16,1,11,8,1,Q,16.0,,72096.0,,,,,
177,177,2,3,5,5,16,1,11,8,1,Q,17.0,,72205.0,,,,,
178,178,11,10,5,5,16,1,11,8,1,Q,18.0,,72366.0,,,,,
179,179,14,6,5,5,16,1,11,8,1,Q,19.0,,72958.0,,,,,
180,181,13,9,49,5,16,1,6,12,1,R,1.0,2.0,,,,0,25.0,78.0
181,182,22,5,49,5,16,1,6,12,1,R,2.0,4.0,,,,8968,18.0,78.0
182,183,16,7,49,5,16,1,6,12,1,R,3.0,5.0,,,,19427,15.0,78.0
183,184,18,9,49,5,16,1,6,12,1,R,4.0,9.0,,,,20490,12.0,78.0
184,185,25,4,49,5,16,1,6,12,1,R,5.0,8.0,,,,52591,10.0,78.0
185,186,5,2,49,5,16,1,6,12,1,R,6.0,6.0,,,,53896,8.0,78.0
186,187,7,8,49,5,16,1,6,12,1,R,7.0,7.0,,,,68231,7.0,78.0
187,188,23,4,49,5,16,1,7,12,2,R,8.0,13.0,,,,,4.0,77.0
188,189,17,3,49,5,16,1,7,12,2,R,9.0,11.0,,,,,2.0,77.0
189,190,6,1,49,5,16,1,7,12,2,R,10.0,10.0,,,,,1.0,77.0
190,191,19,1,49,5,16,1,7,12,2,R,11.0,14.0,,,,,0.0,77.0
191,192,20,7,49,5,16,1,7,12,2,R,12.0,12.0,,,,,0.0,77.0
192,193,2,3,49,5,16,1,7,12,2,R,13.0,17.0,,,,,0.0,77.0
193,194,21,10,49,5,16,1,7,12,2,R,14.0,15.0,,,,,0.0,77.0
194,195,11,10,49,5,16,1,7,12,2,R,15.0,18.0,,,,,0.0,77.0
195,196,24,2,49,5,16,1,7,12,2,R,16.0,16.0,,,,,0.0,77.0
196,197,14,6,49,5,16,1,7,12,2,R,17.0,19.0,,,,,0.0,75.0
197,198,15,6,49,5,16,1,7,12,2,R,18.0,20.0,,,,,0.0,75.0
198,199,3,8,49,5,16,1,13,12,2,R,19.0,3.0,,,,,0.0,29.0
199,200,12,5,49,5,16,1,14,12,2,R,20.0,1.0,,,,,0.0,0.0
200,201,12,5,6,6,3,1,11,9,1,Q,1.0,,102241.0,101659.0,101218.0,0,,
201,202,7,8,6,6,3,1,11,9,1,Q,2.0,,101545.0,101634.0,101450.0,,,
202,339,15,6,9,9,20,1,11,9,1,Q,19.0,,65427.0,,,,,
203,203,13,9,6,6,3,1,11,9,1,Q,3.0,,101760.0,101625.0,101563.0,,,
204,204,5,2,6,6,3,1,11,9,1,Q,4.0,,102288.0,101932.0,101565.0,,,
205,205,22,5,6,6,3,1,11,9,1,Q,5.0,,102121.0,101740.0,101576.0,,,
206,206,16,7,6,6,3,1,11,9,1,Q,6.0,,102167.0,101813.0,101747.0,,,
207,207,18,9,6,6,3,1,11,9,1,Q,7.0,,101968.0,101630.0,101917.0,,,
208,208,24,2,6,6,3,1,11,9,1,Q,8.0,,102521.0,101654.0,102211.0,,,
209,209,2,3,6,6,3,1,11,9,1,Q,9.0,,102934.0,102195.0,102327.0,,,
210,210,3,8,6,6,3,1,11,9,1,Q,10.0,,102701.0,102106.0,102659.0,,,
211,211,25,4,6,6,3,1,11,9,1,Q,11.0,,102460.0,102224.0,,,,
212,212,17,3,6,6,3,1,11,9,1,Q,12.0,,102426.0,102273.0,,,,
213,213,20,7,6,6,3,1,11,9,1,Q,13.0,,102304.0,102558.0,,,,
214,214,19,1,6,6,3,1,11,9,1,Q,14.0,,102923.0,102587.0,,,,
215,215,21,10,6,6,3,1,11,9,1,Q,15.0,,102728.0,102758.0,,,,
216,216,11,10,6,6,3,1,11,9,1,Q,16.0,,103128.0,,,,,
217,217,15,6,6,6,3,1,11,9,1,Q,17.0,,104158.0,,,,,
218,218,14,6,6,6,3,1,11,9,1,Q,18.0,,104238.0,,,,,
219,219,23,4,6,6,3,1,11,9,3,Q,19.0,,,,,,,
220,220,6,1,6,6,3,1,11,9,3,Q,20.0,,,,,,,
221,221,18,9,50,6,3,1,6,12,1,R,1.0,6.0,,,,0,25.0,51.0
222,222,25,4,50,6,3,1,6,12,1,R,2.0,11.0,,,,1385,18.0,51.0
223,223,5,2,50,6,3,1,6,12,1,R,3.0,4.0,,,,2762,15.0,51.0
224,224,12,5,50,6,3,1,6,12,1,R,4.0,1.0,,,,3828,12.0,51.0
225,225,16,7,50,6,3,1,6,12,1,R,5.0,9.0,,,,4754,10.0,51.0
226,226,2,3,50,6,3,1,6,12,1,R,6.0,8.0,,,,6382,8.0,51.0
227,227,24,2,50,6,3,1,6,12,1,R,7.0,7.0,,,,6624,6.0,51.0
228,228,22,5,50,6,3,1,6,12,1,R,8.0,5.0,,,,7709,4.0,51.0
229,229,20,7,50,6,3,1,6,12,1,R,9.0,13.0,,,,8874,2.0,51.0
230,230,19,1,50,6,3,1,6,12,1,R,10.0,14.0,,,,9576,1.0,51.0
231,231,6,1,50,6,3,1,6,12,1,R,11.0,20.0,,,,10254,0.0,51.0
232,232,3,8,50,6,3,1,6,12,1,R,12.0,10.0,,,,11264,0.0,51.0
233,233,15,6,50,6,3,1,6,12,1,R,13.0,17.0,,,,14241,0.0,51.0
234,234,14,6,50,6,3,1,6,12,1,R,14.0,18.0,,,,14315,0.0,51.0
235,235,7,8,50,6,3,1,6,12,1,R,15.0,2.0,,,,17668,0.0,51.0
236,236,11,10,50,6,3,1,6,12,1,R,16.0,16.0,,,,43379,0.0,51.0
237,237,21,10,50,6,3,1,9,12,2,R,17.0,15.0,,,,,0.0,48.0
238,238,13,9,50,6,3,1,2,12,2,R,18.0,3.0,,,,,0.0,45.0
239,239,23,4,50,6,3,1,2,12,2,R,19.0,19.0,,,,,0.0,29.0
240,240,17,3,50,6,3,1,16,12,2,R,20.0,12.0,,,,,0.0,3.0
241,241,13,9,7,7,18,1,11,1,1,Q,1.0,,91001.0,91080.0,89990.0,0,,
242,242,7,8,7,7,18,1,11,1,1,Q,2.0,,91237.0,90788.0,90248.0,,,
243,243,3,8,7,7,18,1,11,1,1,Q,3.0,,91669.0,90735.0,90376.0,,,
244,244,18,9,7,7,18,1,11,1,1,Q,4.0,,91560.0,90971.0,90445.0,,,
245,245,22,5,7,7,18,1,11,1,1,Q,5.0,,92079.0,91146.0,90840.0,,,
246,246,5,2,7,7,18,1,11,1,1,Q,6.0,,91898.0,91353.0,90868.0,,,
247,247,12,5,7,7,18,1,11,1,1,Q,7.0,,92209.0,91567.0,90987.0,,,
248,248,16,7,7,7,18,1,11,1,1,Q,8.0,,91733.0,91542.0,91252.0,,,
249,249,2,3,7,7,18,1,11,1,1,Q,9.0,,92158.0,91549.0,91340.0,,,
250,250,20,7,7,7,18,1,11,1,1,Q,10.0,,92181.0,91615.0,91382.0,,,
251,251,17,3,7,7,18,1,11,1,1,Q,11.0,,92139.0,91736.0,,,,
252,252,25,4,7,7,18,1,11,1,1,Q,12.0,,92132.0,91767.0,,,,
253,253,6,1,7,7,18,1,11,1,1,Q,13.0,,92722.0,91813.0,,,,
254,254,21,10,7,7,18,1,11,1,1,Q,14.0,,93060.0,92065.0,,,,
255,255,15,6,7,7,18,1,11,1,3,Q,15.0,,92942.0,,,,,
256,256,11,10,7,7,18,1,11,1,1,Q,16.0,,93062.0,,,,,
257,257,19,1,7,7,18,1,11,1,1,Q,17.0,,93354.0,,,,,
258,258,14,6,7,7,18,1,11,1,1,Q,18.0,,93554.0,,,,,
259,259,23,4,7,7,18,1,11,1,3,Q,19.0,,,,,,,
260,260,24,2,7,7,18,1,11,1,3,Q,20.0,,,,,,,
261,261,13,9,51,7,18,1,6,12,1,R,1.0,1.0,,,,0,26.0,53.0
262,262,7,8,51,7,18,1,6,12,1,R,2.0,2.0,,,,2904,18.0,53.0
263,263,18,9,51,7,18,1,6,12,1,R,3.0,4.0,,,,8811,15.0,53.0
264,264,3,8,51,7,18,1,6,12,1,R,4.0,3.0,,,,14618,12.0,53.0
265,265,16,7,51,7,18,1,6,12,1,R,5.0,8.0,,,,64032,10.0,53.0
266,266,20,7,51,7,18,1,6,12,1,R,6.0,10.0,,,,75857,8.0,53.0
267,267,5,2,51,7,18,1,6,12,1,R,7.0,6.0,,,,76596,6.0,53.0
268,268,2,3,51,7,18,1,6,12,1,R,8.0,9.0,,,,77695,4.0,53.0
269,269,25,4,51,7,18,1,6,12,1,R,9.0,12.0,,,,79666,2.0,53.0
270,270,23,4,51,7,18,1,6,12,1,R,10.0,19.0,,,,91946,1.0,53.0
271,271,22,5,51,7,18,1,6,12,1,R,11.0,5.0,,,,99337,0.0,53.0
272,272,21,10,51,7,18,1,7,12,2,R,12.0,14.0,,,,,0.0,52.0
273,273,24,2,51,7,18,1,7,12,2,R,13.0,0.0,,,,,0.0,52.0
274,274,17,3,51,7,18,1,7,12,2,R,14.0,11.0,,,,,0.0,52.0
275,275,6,1,51,7,18,1,7,12,2,R,15.0,13.0,,,,,0.0,52.0
276,276,12,5,51,7,18,1,7,12,2,R,16.0,7.0,,,,,0.0,52.0
277,277,19,1,51,7,18,1,7,12,2,R,17.0,17.0,,,,,0.0,52.0
278,278,11,10,51,7,18,1,7,12,2,R,18.0,16.0,,,,,0.0,52.0
279,279,15,6,51,7,18,1,7,12,2,R,19.0,15.0,,,,,0.0,52.0
280,280,14,6,51,7,18,1,7,12,2,R,20.0,18.0,,,,,0.0,52.0
281,281,13,9,8,8,20,1,11,9,1,Q,1.0,,64489.0,64433.0,63841.0,0,,
282,282,3,8,8,8,20,1,11,9,1,Q,2.0,,64537.0,64443.0,64035.0,,,
283,283,7,8,8,8,20,1,11,9,1,Q,3.0,,64672.0,64512.0,64067.0,,,
284,284,16,7,8,8,20,1,11,9,1,Q,4.0,,64584.0,64298.0,64120.0,,,
285,285,18,9,8,8,20,1,11,9,1,Q,5.0,,64638.0,64197.0,64168.0,,,
286,286,5,2,8,8,20,1,11,9,1,Q,6.0,,64765.0,64429.0,64236.0,,,
287,287,12,5,8,8,20,1,11,9,1,Q,7.0,,64745.0,64646.0,64472.0,,,
288,288,24,2,8,8,20,1,11,9,1,Q,8.0,,64608.0,64631.0,64514.0,,,
289,289,2,3,8,8,20,1,11,9,1,Q,9.0,,64971.0,64582.0,64574.0,,,
290,290,23,4,8,8,20,1,11,9,1,Q,10.0,,64821.0,64663.0,64708.0,,,
291,291,21,10,8,8,20,1,11,9,1,Q,11.0,,65033.0,64671.0,,,,
292,292,22,5,8,8,20,1,11,9,1,Q,12.0,,64859.0,64800.0,,,,
293,293,20,7,8,8,20,1,11,9,1,Q,13.0,,65142.0,64808.0,,,,
294,294,25,4,8,8,20,1,11,9,1,Q,14.0,,65051.0,64875.0,,,,
295,295,6,1,8,8,20,1,11,9,1,Q,15.0,,65092.0,64913.0,,,,
296,296,11,10,8,8,20,1,11,9,1,Q,16.0,,65175.0,,,,,
297,297,17,3,8,8,20,1,11,9,1,Q,17.0,,65217.0,,,,,
298,298,19,1,8,8,20,1,11,9,1,Q,18.0,,65429.0,,,,,
299,299,15,6,8,8,20,1,11,9,1,Q,19.0,,66041.0,,,,,
300,300,14,6,8,8,20,1,11,9,1,Q,20.0,,66192.0,,,,,
301,301,13,9,52,8,20,1,6,9,1,R,1.0,1.0,,,,0,25.0,71.0
302,302,7,8,52,8,20,1,6,9,1,R,2.0,2.0,,,,35743,19.0,71.0
303,303,3,8,52,8,20,1,6,9,1,R,3.0,5.0,,,,46907,15.0,71.0
304,304,18,9,52,8,20,1,6,9,1,R,4.0,4.0,,,,47434,12.0,71.0
305,305,16,7,52,8,20,1,7,9,2,R,5.0,3.0,,,,,10.0,70.0
306,306,22,5,52,8,20,1,7,9,2,R,6.0,12.0,,,,,8.0,70.0
307,307,12,5,52,8,20,1,7,9,2,R,7.0,7.0,,,,,6.0,70.0
308,308,23,4,52,8,20,1,7,9,2,R,8.0,9.0,,,,,4.0,70.0
309,309,2,3,52,8,20,1,7,9,2,R,9.0,8.0,,,,,2.0,70.0
310,310,24,2,52,8,20,1,7,9,2,R,10.0,11.0,,,,,1.0,70.0
311,311,19,1,52,8,20,1,7,9,2,R,11.0,18.0,,,,,0.0,70.0
312,312,25,4,52,8,20,1,7,9,2,R,12.0,14.0,,,,,0.0,70.0
313,313,20,7,52,8,20,1,7,9,2,R,13.0,13.0,,,,,0.0,70.0
314,314,17,3,52,8,20,1,7,9,2,R,14.0,17.0,,,,,0.0,70.0
315,315,6,1,52,8,20,1,7,9,2,R,15.0,15.0,,,,,0.0,70.0
316,316,15,6,52,8,20,1,7,9,2,R,16.0,19.0,,,,,0.0,69.0
317,317,11,10,52,8,20,1,7,9,2,R,17.0,16.0,,,,,0.0,68.0
318,318,14,6,52,8,20,1,7,9,2,R,18.0,20.0,,,,,0.0,68.0
319,319,21,10,52,8,20,1,16,9,2,R,19.0,10.0,,,,,0.0,36.0
320,320,5,2,52,8,20,1,4,9,2,R,20.0,6.0,,,,,0.0,1.0
321,321,13,9,9,9,20,1,11,9,1,Q,1.0,,64249.0,63927.0,63720.0,0,,
322,322,16,7,9,9,20,1,11,9,1,Q,2.0,,64345.0,64415.0,63768.0,,,
323,323,18,9,9,9,20,1,11,9,1,Q,3.0,,64833.0,64483.0,63990.0,,,
324,324,7,8,9,9,20,1,11,9,1,Q,4.0,,64506.0,64258.0,64014.0,,,
325,325,3,8,9,9,20,1,11,9,1,Q,5.0,,64563.0,64376.0,64049.0,,,
326,326,5,2,9,9,20,1,11,9,1,Q,6.0,,64841.0,64412.0,64107.0,,,
327,327,24,2,9,9,20,1,11,9,1,Q,7.0,,64967.0,64518.0,64273.0,,,
328,328,25,4,9,9,20,1,11,9,1,Q,8.0,,64846.0,64493.0,64570.0,,,
329,329,21,10,9,9,20,1,11,9,1,Q,9.0,,64907.0,64553.0,64591.0,,,
330,330,23,4,9,9,20,1,11,9,1,Q,10.0,,64927.0,64547.0,64618.0,,,
331,331,22,5,9,9,20,1,11,9,1,Q,11.0,,64596.0,64559.0,,,,
332,332,12,5,9,9,20,1,11,9,1,Q,12.0,,64906.0,64600.0,,,,
333,333,20,7,9,9,20,1,11,9,1,Q,13.0,,64977.0,64719.0,,,,
334,334,2,3,9,9,20,1,11,9,1,Q,14.0,,64472.0,64856.0,,,,
335,335,6,1,9,9,20,1,11,9,1,Q,15.0,,64782.0,65083.0,,,,
336,336,19,1,9,9,20,1,11,9,1,Q,16.0,,65009.0,,,,,
337,337,17,3,9,9,20,1,11,9,1,Q,17.0,,65051.0,,,,,
338,338,11,10,9,9,20,1,11,9,1,Q,18.0,,65195.0,,,,,
339,340,14,6,9,9,20,1,11,9,1,Q,20.0,,65951.0,,,,,
340,341,13,9,53,9,20,1,6,20,1,R,1.0,1.0,,,,0,26.0,71.0
341,342,3,8,53,9,20,1,6,20,1,R,2.0,5.0,,,,17973,18.0,71.0
342,343,16,7,53,9,20,1,6,20,1,R,3.0,2.0,,,,20019,15.0,71.0
343,344,7,8,53,9,20,1,6,20,1,R,4.0,4.0,,,,46452,12.0,71.0
344,345,22,5,53,9,20,1,6,20,1,R,5.0,10.0,,,,57144,10.0,71.0
345,346,18,9,53,9,20,1,6,20,1,R,6.0,3.0,,,,57915,8.0,71.0
346,347,20,7,53,9,20,1,6,20,1,R,7.0,13.0,,,,60395,6.0,71.0
347,348,12,5,53,9,20,1,6,20,1,R,8.0,12.0,,,,61195,4.0,71.0
348,349,5,2,53,9,20,1,6,20,1,R,9.0,6.0,,,,61844,2.0,71.0
349,350,2,3,53,9,20,1,7,20,2,R,10.0,14.0,,,,,1.0,70.0
350,351,21,10,53,9,20,1,7,20,2,R,11.0,8.0,,,,,0.0,70.0
351,352,24,2,53,9,20,1,7,20,2,R,12.0,7.0,,,,,0.0,70.0
352,353,23,4,53,9,20,1,7,20,2,R,13.0,9.0,,,,,0.0,70.0
353,354,6,1,53,9,20,1,7,20,2,R,14.0,15.0,,,,,0.0,70.0
354,355,19,1,53,9,20,1,7,20,2,R,15.0,16.0,,,,,0.0,70.0
355,356,11,10,53,9,20,1,7,20,2,R,16.0,18.0,,,,,0.0,70.0
356,357,25,4,53,9,20,1,3,20,2,R,17.0,11.0,,,,,0.0,69.0
357,358,15,6,53,9,20,1,7,20,2,R,18.0,19.0,,,,,0.0,69.0
358,359,14,6,53,9,20,1,7,20,2,R,19.0,20.0,,,,,0.0,69.0
359,360,17,3,53,9,20,1,4,20,2,R,20.0,17.0,,,,,0.0,0.0
360,361,7,8,10,10,21,1,11,12,1,Q,1.0,,86786.0,86023.0,86134.0,0,,
361,362,13,9,10,10,21,1,11,12,1,Q,2.0,,86751.0,86315.0,86209.0,,,
362,363,3,8,10,10,21,1,11,12,1,Q,3.0,,87487.0,86764.0,86328.0,,,
363,364,12,5,10,10,21,1,11,12,1,Q,4.0,,87051.0,86919.0,86828.0,,,
364,365,18,9,10,10,21,1,11,12,1,Q,5.0,,87121.0,87073.0,86844.0,,,
365,366,16,7,10,10,21,1,11,12,1,Q,6.0,,87444.0,87220.0,86897.0,,,
366,367,20,7,10,10,21,1,11,12,1,Q,7.0,,87323.0,87125.0,86899.0,,,
367,368,21,10,10,10,21,1,11,12,1,Q,8.0,,87671.0,87080.0,86971.0,,,
368,369,22,5,10,10,21,1,11,12,1,Q,9.0,,87337.0,86848.0,87007.0,,,
369,370,25,4,10,10,21,1,11,12,1,Q,10.0,,87493.0,87103.0,87179.0,,,
370,371,2,3,10,10,21,1,11,12,1,Q,11.0,,87580.0,87245.0,,,,
371,372,5,2,10,10,21,1,11,12,1,Q,12.0,,87600.0,87273.0,,,,
372,373,17,3,10,10,21,1,11,12,1,Q,13.0,,87415.0,87340.0,,,,
373,374,6,1,10,10,21,1,11,12,1,Q,14.0,,87595.0,87617.0,,,,
374,375,23,4,10,10,21,1,11,12,1,Q,15.0,,88017.0,87665.0,,,,
375,376,24,2,10,10,21,1,11,12,1,Q,16.0,,88043.0,,,,,
376,377,19,1,10,10,21,1,11,12,1,Q,17.0,,88062.0,,,,,
377,378,11,10,10,10,21,1,11,12,1,Q,18.0,,88254.0,,,,,
378,379,15,6,10,10,21,1,11,12,1,Q,19.0,,88738.0,,,,,
379,380,14,6,10,10,21,1,11,12,1,Q,20.0,,89051.0,,,,,
380,381,7,8,54,10,21,1,6,1,1,R,1.0,2.0,,,,0,25.0,52.0
381,382,12,5,54,10,21,1,6,1,1,R,2.0,4.0,,,,3871,18.0,52.0
382,383,3,8,54,10,21,1,6,1,1,R,3.0,3.0,,,,11125,15.0,52.0
383,384,16,7,54,10,21,1,6,1,1,R,4.0,5.0,,,,28573,12.0,52.0
384,385,20,7,54,10,21,1,6,1,1,R,5.0,6.0,,,,42624,10.0,52.0
385,386,22,5,54,10,21,1,6,1,1,R,6.0,10.0,,,,43454,8.0,52.0
386,387,2,3,54,10,21,1,6,1,1,R,7.0,7.0,,,,72093,6.0,52.0
387,388,23,4,54,10,21,1,6,1,1,R,8.0,14.0,,,,74289,4.0,52.0
388,389,17,3,54,10,21,1,6,1,1,R,9.0,9.0,,,,76162,2.0,52.0
389,390,24,2,54,10,21,1,6,1,1,R,10.0,16.0,,,,82065,1.0,52.0
390,391,5,2,54,10,21,1,6,1,1,R,11.0,11.0,,,,85327,0.0,52.0
391,392,21,10,54,10,21,1,7,1,2,R,12.0,12.0,,,,,0.0,51.0
392,393,6,1,54,10,21,1,7,1,2,R,13.0,15.0,,,,,0.0,51.0
393,394,11,10,54,10,21,1,7,1,2,R,14.0,17.0,,,,,0.0,51.0
394,395,19,1,54,10,21,1,7,1,2,R,15.0,13.0,,,,,0.0,51.0
395,396,18,9,54,10,21,1,7,1,2,R,16.0,0.0,,,,,0.0,51.0
396,397,14,6,54,10,21,1,7,1,2,R,17.0,19.0,,,,,0.0,51.0
397,398,15,6,54,10,21,1,7,1,2,R,18.0,18.0,,,,,0.0,51.0
398,399,25,4,54,10,21,1,18,1,2,R,19.0,8.0,,,,,0.0,40.0
399,400,13,9,54,10,21,1,4,1,2,R,20.0,1.0,,,,,0.0,0.0
400,401,7,8,11,11,7,1,11,1,1,Q,1.0,,76424.0,76553.0,75419.0,0,,
401,402,3,8,11,11,7,1,11,1,1,Q,2.0,,76569.0,76702.0,75734.0,,,
402,403,13,9,11,11,7,1,11,1,1,Q,3.0,,76214.0,75650.0,75840.0,,,
403,404,18,9,11,11,7,1,11,1,1,Q,4.0,,77233.0,76443.0,76421.0,,,
404,405,5,2,11,11,7,1,11,1,1,Q,5.0,,76874.0,76394.0,76483.0,,,
405,406,16,7,11,11,7,1,11,1,1,Q,6.0,,77081.0,76385.0,76489.0,,,
406,407,12,5,11,11,7,1,11,1,1,Q,7.0,,77084.0,76574.0,76496.0,,,
407,408,17,3,11,11,7,1,11,1,1,Q,8.0,,77367.0,76766.0,76653.0,,,
408,409,2,3,11,11,7,1,11,1,1,Q,9.0,,77123.0,76541.0,76715.0,,,
409,410,25,4,11,11,7,1,11,1,1,Q,10.0,,77105.0,76794.0,76750.0,,,
410,411,20,7,11,11,7,1,11,1,1,Q,11.0,,77664.0,76871.0,,,,
411,412,23,4,11,11,7,1,11,1,1,Q,12.0,,77038.0,76893.0,,,,
412,413,19,1,11,11,7,1,11,1,1,Q,13.0,,77553.0,77564.0,,,,
413,414,6,1,11,11,7,1,11,1,1,Q,14.0,,77776.0,77583.0,,,,
414,415,22,5,11,11,7,1,11,1,3,Q,15.0,,76649.0,,,,,
415,416,24,2,11,11,7,1,11,1,1,Q,16.0,,77919.0,,,,,
416,417,21,10,11,11,7,1,11,1,1,Q,17.0,,77944.0,,,,,
417,418,11,10,11,11,7,1,11,1,1,Q,18.0,,78036.0,,,,,
418,419,14,6,11,11,7,1,11,1,1,Q,19.0,,78922.0,,,,,
419,420,15,6,11,11,7,1,11,1,3,Q,20.0,,,,,,,
420,421,17,3,55,11,7,1,6,20,1,R,1.0,8.0,,,,0,25.0,70.0
421,422,7,8,55,11,7,1,6,20,1,R,2.0,1.0,,,,2736,18.0,70.0
422,423,22,5,55,11,7,1,6,20,1,R,3.0,15.0,,,,15018,15.0,70.0
423,424,2,3,55,11,7,1,6,20,1,R,4.0,9.0,,,,15651,12.0,70.0
424,425,5,2,55,11,7,1,6,20,1,R,5.0,5.0,,,,63614,11.0,70.0
425,426,24,2,55,11,7,1,6,20,1,R,6.0,16.0,,,,75803,8.0,70.0
426,427,11,10,55,11,7,1,6,20,1,R,7.0,18.0,,,,77910,6.0,70.0
427,428,21,10,55,11,7,1,6,20,1,R,8.0,17.0,,,,79094,4.0,70.0
428,429,13,9,55,11,7,1,6,20,1,R,9.0,3.0,,,,80244,2.0,70.0
429,430,19,1,55,11,7,1,7,20,2,R,10.0,13.0,,,,,1.0,69.0
430,431,20,7,55,11,7,1,7,20,2,R,11.0,11.0,,,,,0.0,69.0
431,432,15,6,55,11,7,1,7,20,2,R,12.0,20.0,,,,,0.0,69.0
432,433,6,1,55,11,7,1,7,20,2,R,13.0,0.0,,,,,0.0,69.0
433,578,6,1,15,15,22,1,11,16,1,Q,18.0,,111023.0,,,,,
434,434,14,6,55,11,7,1,4,20,2,R,14.0,19.0,,,,,0.0,3.0
435,435,16,7,55,11,7,1,4,20,2,R,15.0,6.0,,,,,0.0,2.0
436,436,3,8,55,11,7,1,4,20,2,R,16.0,2.0,,,,,0.0,0.0
437,437,18,9,55,11,7,1,4,20,2,R,17.0,4.0,,,,,0.0,0.0
438,438,12,5,55,11,7,1,4,20,2,R,18.0,7.0,,,,,0.0,0.0
439,439,23,4,55,11,7,1,4,20,2,R,19.0,12.0,,,,,0.0,0.0
440,440,25,4,55,11,7,1,5,20,2,R,20.0,10.0,,,,,0.0,70.0
441,441,13,9,12,12,23,1,11,16,1,Q,1.0,,118717.0,116559.0,119765.0,0,,
442,442,21,10,12,12,23,1,11,16,1,Q,2.0,,119864.0,116950.0,120086.0,,,
443,443,7,8,12,12,23,1,11,16,1,Q,3.0,,119218.0,116229.0,120099.0,,,
444,444,20,7,12,12,23,1,11,16,1,Q,4.0,,121583.0,117127.0,120864.0,,,
445,445,25,4,12,12,23,1,11,16,1,Q,5.0,,120175.0,116814.0,120935.0,,,
446,446,5,2,12,12,23,1,11,16,1,Q,6.0,,120387.0,116440.0,121164.0,,,
447,447,18,9,12,12,23,1,11,16,1,Q,7.0,,119334.0,116886.0,122112.0,,,
448,448,3,8,12,12,23,1,11,16,1,Q,8.0,,119870.0,116295.0,122502.0,,,
449,449,17,3,12,12,23,1,11,16,1,Q,9.0,,121824.0,117354.0,123513.0,,,
450,450,16,7,12,12,23,1,11,16,3,Q,10.0,,118301.0,116025.0,,,,
451,451,12,5,12,12,23,1,11,16,1,Q,11.0,,120728.0,117721.0,,,,
452,452,11,10,12,12,23,1,11,16,1,Q,12.0,,120966.0,118056.0,,,,
453,453,22,5,12,12,23,1,11,16,1,Q,13.0,,121184.0,118137.0,,,,
454,454,2,3,12,12,23,1,11,16,1,Q,14.0,,121653.0,118205.0,,,,
455,455,23,4,12,12,23,1,11,16,1,Q,15.0,,121597.0,118231.0,,,,
456,456,6,1,12,12,23,1,11,16,1,Q,16.0,,122306.0,,,,,
457,457,24,2,12,12,23,1,11,16,1,Q,17.0,,122413.0,,,,,
458,458,15,6,12,12,23,1,11,16,1,Q,18.0,,123973.0,,,,,
459,459,19,1,12,12,23,1,11,16,1,Q,19.0,,124452.0,,,,,
460,460,14,6,12,12,23,1,11,16,1,Q,20.0,,124939.0,,,,,
461,461,13,9,56,12,23,1,6,16,1,R,1.0,1.0,,,,0,12.5,1.0
462,462,21,10,56,12,23,1,6,16,1,R,2.0,2.0,,,,1995,9.0,1.0
463,463,7,8,56,12,23,1,6,16,1,R,3.0,3.0,,,,2601,7.5,1.0
464,464,20,7,56,12,23,1,6,16,1,R,4.0,4.0,,,,4496,6.0,1.0
465,465,25,4,56,12,23,1,6,16,1,R,5.0,5.0,,,,7479,5.0,1.0
466,466,5,2,56,12,23,1,6,16,1,R,6.0,6.0,,,,10177,4.0,1.0
467,467,17,3,56,12,23,1,6,16,1,R,7.0,8.0,,,,11579,3.0,1.0
468,468,12,5,56,12,23,1,6,16,1,R,8.0,9.0,,,,12608,2.0,1.0
469,469,11,10,56,12,23,1,6,16,1,R,9.0,10.0,,,,15485,1.0,1.0
470,470,22,5,56,12,23,1,6,16,1,R,10.0,11.0,,,,16166,0.5,1.0
471,539,10,1,14,14,17,1,11,12,1,Q,19.0,,82530.0,,,,,
472,471,2,3,56,12,23,1,6,16,1,R,11.0,12.0,,,,20590,0.0,1.0
473,472,3,8,56,12,23,1,6,16,1,R,12.0,13.0,,,,22414,0.0,1.0
474,473,6,1,56,12,23,1,6,16,1,R,13.0,14.0,,,,24163,0.0,1.0
475,474,16,7,56,12,23,1,6,16,1,R,14.0,15.0,,,,27110,0.0,1.0
476,475,24,2,56,12,23,1,6,16,1,R,15.0,16.0,,,,28329,0.0,1.0
477,476,15,6,56,12,23,1,6,16,1,R,16.0,17.0,,,,29507,0.0,1.0
478,477,14,6,56,12,23,1,6,16,1,R,17.0,18.0,,,,31993,0.0,1.0
479,478,19,1,56,12,23,1,6,16,1,R,18.0,0.0,,,,36054,0.0,1.0
480,479,18,9,56,12,23,1,6,16,1,R,19.0,0.0,,,,38205,0.0,1.0
481,480,23,4,56,12,23,1,6,16,1,R,20.0,19.0,,,,44108,0.0,1.0
482,481,13,9,13,13,26,1,11,8,1,Q,1.0,,70036.0,69071.0,68885.0,0,,
483,482,7,8,13,13,26,1,11,8,1,Q,2.0,,70114.0,69726.0,68923.0,,,
484,483,3,8,13,13,26,1,11,8,1,Q,3.0,,70219.0,69769.0,69222.0,,,
485,484,5,2,13,13,26,1,11,8,1,Q,4.0,,70274.0,69541.0,69478.0,,,
486,485,12,5,13,13,26,1,11,8,1,Q,5.0,,69829.0,69437.0,69527.0,,,
487,486,22,5,13,13,26,1,11,8,1,Q,6.0,,70022.0,69870.0,69537.0,,,
488,487,6,1,13,13,26,1,11,8,1,Q,7.0,,70050.0,70033.0,69590.0,,,
489,488,17,3,13,13,26,1,11,8,1,Q,8.0,,70179.0,69919.0,69933.0,,,
490,489,2,3,13,13,26,1,11,8,1,Q,9.0,,70435.0,70020.0,69956.0,,,
491,490,20,7,13,13,26,1,11,8,1,Q,10.0,,70255.0,69865.0,70166.0,,,
492,491,21,10,13,13,26,1,11,8,1,Q,11.0,,70382.0,70332.0,,,,
493,492,23,4,13,13,26,1,11,8,1,Q,12.0,,70438.0,70367.0,,,,
494,493,16,7,13,13,26,1,11,8,1,Q,13.0,,70489.0,70406.0,,,,
495,494,11,10,13,13,26,1,11,8,1,Q,14.0,,70093.0,71161.0,,,,
496,495,24,2,13,13,26,1,11,8,1,Q,15.0,,70462.0,71314.0,,,,
497,496,18,9,13,13,26,1,11,8,1,Q,16.0,,70530.0,,,,,
498,497,25,4,13,13,26,1,11,8,1,Q,17.0,,70731.0,,,,,
499,498,10,1,13,13,26,1,11,8,1,Q,18.0,,71301.0,,,,,
500,499,15,6,13,13,26,1,11,8,1,Q,19.0,,71387.0,,,,,
501,500,14,6,13,13,26,1,11,8,1,Q,20.0,,71875.0,,,,,
502,501,13,9,57,13,26,1,6,12,1,R,1.0,1.0,,,,0,25.0,72.0
503,502,7,8,57,13,26,1,6,12,1,R,2.0,2.0,,,,20932,19.0,72.0
504,503,3,8,57,13,26,1,6,12,1,R,3.0,3.0,,,,56460,15.0,72.0
505,504,5,2,57,13,26,1,7,12,2,R,4.0,4.0,,,,,12.0,71.0
506,505,12,5,57,13,26,1,7,12,2,R,5.0,5.0,,,,,10.0,71.0
507,506,2,3,57,13,26,1,7,12,2,R,6.0,9.0,,,,,8.0,71.0
508,507,22,5,57,13,26,1,7,12,2,R,7.0,6.0,,,,,6.0,71.0
509,508,18,9,57,13,26,1,7,12,2,R,8.0,0.0,,,,,4.0,71.0
510,509,17,3,57,13,26,1,7,12,2,R,9.0,8.0,,,,,2.0,71.0
511,510,16,7,57,13,26,1,7,12,2,R,10.0,13.0,,,,,1.0,71.0
512,511,20,7,57,13,26,1,7,12,2,R,11.0,10.0,,,,,0.0,71.0
513,512,23,4,57,13,26,1,7,12,2,R,12.0,12.0,,,,,0.0,70.0
514,513,25,4,57,13,26,1,7,12,2,R,13.0,15.0,,,,,0.0,70.0
515,514,6,1,57,13,26,1,7,12,2,R,14.0,7.0,,,,,0.0,70.0
516,515,10,1,57,13,26,1,7,12,2,R,15.0,16.0,,,,,0.0,70.0
517,516,11,10,57,13,26,1,7,12,2,R,16.0,0.0,,,,,0.0,70.0
518,517,21,10,57,13,26,1,8,12,2,R,17.0,11.0,,,,,0.0,69.0
519,518,15,6,57,13,26,1,7,12,2,R,18.0,17.0,,,,,0.0,69.0
520,519,24,2,57,13,26,1,16,12,2,R,19.0,14.0,,,,,0.0,48.0
521,520,14,6,57,13,26,1,9,12,2,R,20.0,18.0,,,,,0.0,41.0
522,521,3,8,14,14,17,1,11,12,1,Q,1.0,,80685.0,80032.0,79555.0,0,,
523,522,7,8,14,14,17,1,11,12,1,Q,2.0,,80543.0,79936.0,79651.0,,,
524,523,13,9,14,14,17,1,11,12,1,Q,3.0,,81035.0,80229.0,79966.0,,,
525,524,16,7,14,14,17,1,11,12,1,Q,4.0,,80916.0,80059.0,79989.0,,,
526,525,20,7,14,14,17,1,11,12,1,Q,5.0,,81292.0,80435.0,79995.0,,,
527,526,5,2,14,14,17,1,11,12,1,Q,6.0,,81440.0,80556.0,80260.0,,,
528,527,22,5,14,14,17,1,11,12,1,Q,7.0,,81118.0,80750.0,80462.0,,,
529,528,12,5,14,14,17,1,11,12,1,Q,8.0,,81219.0,80767.0,80510.0,,,
530,529,18,9,14,14,17,1,11,12,1,Q,9.0,,81308.0,80882.0,80611.0,,,
531,530,6,1,14,14,17,1,11,12,1,Q,10.0,,81197.0,80726.0,80808.0,,,
532,531,25,4,14,14,17,1,11,12,1,Q,11.0,,81394.0,80913.0,,,,
533,532,23,4,14,14,17,1,11,12,1,Q,12.0,,81415.0,81020.0,,,,
534,533,2,3,14,14,17,1,11,12,1,Q,13.0,,81487.0,81069.0,,,,
535,534,17,3,14,14,17,1,11,12,1,Q,14.0,,81500.0,81103.0,,,,
536,535,21,10,14,14,17,1,11,12,1,Q,15.0,,81890.0,81392.0,,,,
537,536,11,10,14,14,17,1,11,12,1,Q,16.0,,81925.0,,,,,
538,537,24,2,14,14,17,1,11,12,1,Q,17.0,,81973.0,,,,,
539,538,15,6,14,14,17,1,11,12,1,Q,18.0,,82248.0,,,,,
540,540,14,6,14,14,17,1,11,12,1,Q,20.0,,82716.0,,,,,
541,541,20,7,58,14,17,1,6,1,1,R,1.0,2.0,,,,0,26.0,53.0
542,542,16,7,58,14,17,1,6,1,1,R,2.0,3.0,,,,1747,18.0,53.0
543,543,3,8,58,14,17,1,6,1,1,R,3.0,19.0,,,,4921,15.0,53.0
544,544,12,5,58,14,17,1,6,1,1,R,4.0,5.0,,,,7309,12.0,53.0
545,545,18,9,58,14,17,1,6,1,1,R,5.0,8.0,,,,8723,10.0,53.0
546,546,22,5,58,14,17,1,6,1,1,R,6.0,6.0,,,,10535,8.0,53.0
547,547,23,4,58,14,17,1,6,1,1,R,7.0,9.0,,,,15804,6.0,53.0
548,548,2,3,58,14,17,1,6,1,1,R,8.0,10.0,,,,17201,4.0,53.0
549,549,21,10,58,14,17,1,6,1,1,R,9.0,14.0,,,,19742,2.0,53.0
550,550,17,3,58,14,17,1,6,1,1,R,10.0,12.0,,,,20868,1.0,53.0
551,551,11,10,58,14,17,1,6,1,1,R,11.0,13.0,,,,23743,0.0,53.0
552,552,25,4,58,14,17,1,6,1,1,R,12.0,11.0,,,,24621,0.0,53.0
553,553,6,1,58,14,17,1,6,1,1,R,13.0,7.0,,,,27216,0.0,53.0
554,554,10,1,58,14,17,1,6,1,1,R,14.0,17.0,,,,29769,0.0,53.0
555,555,15,6,58,14,17,1,6,1,1,R,15.0,18.0,,,,51088,0.0,53.0
556,556,14,6,58,14,17,1,16,1,2,R,16.0,16.0,,,,,0.0,41.0
557,557,7,8,58,14,17,1,4,1,2,R,17.0,4.0,,,,,0.0,25.0
558,558,13,9,58,14,17,1,4,1,2,R,18.0,1.0,,,,,0.0,25.0
559,559,5,2,58,14,17,1,9,1,2,R,19.0,0.0,,,,,0.0,3.0
560,560,24,2,58,14,17,1,10,1,2,R,20.0,0.0,,,,,0.0,0.0
561,561,16,7,15,15,22,1,11,16,1,Q,1.0,,107238.0,105827.0,101993.0,0,,
562,562,22,5,15,15,22,1,11,16,1,Q,2.0,,107924.0,106521.0,102510.0,,,
563,563,21,10,15,15,22,1,11,16,1,Q,3.0,,108303.0,106435.0,102983.0,,,
564,564,7,8,15,15,22,1,11,16,1,Q,4.0,,105992.0,105129.0,104050.0,,,
565,565,20,7,15,15,22,1,11,16,1,Q,5.0,,108345.0,106361.0,104156.0,,,
566,566,2,3,15,15,22,1,11,16,1,Q,6.0,,107877.0,105514.0,104204.0,,,
567,567,3,8,15,15,22,1,11,16,1,Q,7.0,,106396.0,105306.0,104710.0,,,
568,568,23,4,15,15,22,1,11,16,1,Q,8.0,,108322.0,106360.0,104956.0,,,
569,569,18,9,15,15,22,1,11,16,1,Q,9.0,,106455.0,105834.0,105337.0,,,
570,570,17,3,15,15,22,1,11,16,1,Q,10.0,,108099.0,106070.0,105865.0,,,
571,571,25,4,15,15,22,1,11,16,1,Q,11.0,,107205.0,106573.0,,,,
572,572,5,2,15,15,22,1,11,16,1,Q,12.0,,107828.0,106641.0,,,,
573,573,24,2,15,15,22,1,11,16,1,Q,13.0,,108854.0,106751.0,,,,
574,574,11,10,15,15,22,1,11,16,3,Q,14.0,,108252.0,,,,,
575,575,12,5,15,15,22,1,11,16,3,Q,15.0,,108470.0,,,,,
576,576,19,1,15,15,22,1,11,16,1,Q,16.0,,109586.0,,,,,
577,577,15,6,15,15,22,1,11,16,1,Q,17.0,,109830.0,,,,,
578,579,14,6,15,15,22,1,11,16,1,Q,19.0,,113764.0,,,,,
579,580,13,9,15,15,22,1,11,16,3,Q,20.0,,,,,,,
580,581,7,8,59,15,22,1,6,16,1,R,1.0,4.0,,,,0,25.0,53.0
581,582,13,9,59,15,22,1,6,16,1,R,2.0,20.0,,,,53271,18.0,53.0
582,583,22,5,59,15,22,1,6,16,1,R,3.0,2.0,,,,62475,15.0,53.0
583,584,20,7,59,15,22,1,6,16,1,R,4.0,5.0,,,,65607,12.0,53.0
584,585,3,8,59,15,22,1,6,16,1,R,5.0,16.0,,,,67533,10.0,53.0
585,586,2,3,59,15,22,1,6,16,1,R,6.0,6.0,,,,81321,8.0,53.0
586,587,16,7,59,15,22,1,6,16,1,R,7.0,1.0,,,,87224,7.0,53.0
587,588,19,1,59,15,22,1,6,16,1,R,8.0,13.0,,,,88955,4.0,53.0
588,589,18,9,59,15,22,1,6,16,1,R,9.0,8.0,,,,90076,2.0,53.0
589,590,21,10,59,15,22,1,6,16,1,R,10.0,3.0,,,,100551,1.0,53.0
590,591,23,4,59,15,22,1,6,16,1,R,11.0,7.0,,,,106198,0.0,53.0
591,592,25,4,59,15,22,1,7,16,2,R,12.0,10.0,,,,,0.0,52.0
592,593,5,2,59,15,22,1,7,16,2,R,13.0,11.0,,,,,0.0,52.0
593,594,17,3,59,15,22,1,7,16,2,R,14.0,9.0,,,,,0.0,52.0
594,595,12,5,59,15,22,1,7,16,2,R,15.0,19.0,,,,,0.0,52.0
595,596,6,1,59,15,22,1,7,16,2,R,16.0,17.0,,,,,0.0,52.0
596,597,24,2,59,15,22,1,7,16,2,R,17.0,12.0,,,,,0.0,52.0
597,598,14,6,59,15,22,1,7,16,2,R,18.0,15.0,,,,,0.0,51.0
598,599,11,10,59,15,22,1,1,16,2,R,19.0,18.0,,,,,0.0,47.0
599,600,15,6,59,15,22,1,9,16,2,R,20.0,14.0,,,,,0.0,32.0
600,601,7,8,16,16,10,1,11,16,1,Q,1.0,,84585.0,83082.0,82868.0,0,,
601,602,3,8,16,16,10,1,11,16,1,Q,2.0,,85047.0,83579.0,82998.0,,,
602,603,13,9,16,16,10,1,11,16,1,Q,3.0,,84592.0,83732.0,83196.0,,,
603,604,12,5,16,16,10,1,11,16,1,Q,4.0,,84869.0,84015.0,83265.0,,,
604,605,5,2,16,16,10,1,11,16,1,Q,5.0,,84704.0,83817.0,83326.0,,,
605,606,2,3,16,16,10,1,11,16,1,Q,6.0,,85174.0,83914.0,83477.0,,,
606,607,18,9,16,16,10,1,11,16,1,Q,7.0,,84963.0,83961.0,83706.0,,,
607,608,16,7,16,16,10,1,11,16,1,Q,8.0,,85138.0,84642.0,83954.0,,,
608,609,23,4,16,16,10,1,11,16,1,Q,9.0,,85511.0,84601.0,84305.0,,,
609,610,24,2,16,16,10,1,11,16,1,Q,10.0,,85409.0,84054.0,84368.0,,,
610,611,25,4,16,16,10,1,11,16,1,Q,11.0,,85787.0,84795.0,,,,
611,612,17,3,16,16,10,1,11,16,1,Q,12.0,,85422.0,84842.0,,,,
612,613,21,10,16,16,10,1,11,16,1,Q,13.0,,85417.0,85007.0,,,,
613,614,15,6,16,16,10,1,11,16,1,Q,14.0,,85555.0,85200.0,,,,
614,615,22,5,16,16,10,1,11,16,3,Q,15.0,,85177.0,,,,,
615,616,20,7,16,16,10,1,11,16,1,Q,16.0,,85881.0,,,,,
616,617,11,10,16,16,10,1,11,16,1,Q,17.0,,86086.0,,,,,
617,618,6,1,16,16,10,1,11,16,1,Q,18.0,,86430.0,,,,,
618,619,19,1,16,16,10,1,11,16,1,Q,19.0,,87525.0,,,,,
619,620,14,6,16,16,10,1,11,16,1,Q,20.0,,88449.0,,,,,
620,621,3,8,60,16,10,1,6,6,1,R,1.0,1.0,,,,0,26.0,58.0
621,622,13,9,60,16,10,1,6,6,1,R,2.0,2.0,,,,14584,18.0,58.0
622,623,18,9,60,16,10,1,6,6,1,R,3.0,6.0,,,,33471,15.0,58.0
623,624,12,5,60,16,10,1,6,6,1,R,4.0,3.0,,,,37814,12.0,58.0
624,625,7,8,60,16,10,1,6,6,1,R,5.0,11.0,,,,41812,10.0,58.0
625,626,5,2,60,16,10,1,6,6,1,R,6.0,4.0,,,,44292,8.0,58.0
626,627,16,7,60,16,10,1,6,6,1,R,7.0,7.0,,,,47213,6.0,58.0
627,628,22,5,60,16,10,1,6,6,1,R,8.0,19.0,,,,51526,4.0,58.0
628,629,23,4,60,16,10,1,6,6,1,R,9.0,8.0,,,,82018,2.0,58.0
629,630,17,3,60,16,10,1,7,6,2,R,10.0,12.0,,,,,1.0,57.0
630,631,6,1,60,16,10,1,7,6,2,R,11.0,16.0,,,,,0.0,57.0
631,632,19,1,60,16,10,1,7,6,2,R,12.0,17.0,,,,,0.0,57.0
632,633,20,7,60,16,10,1,7,6,2,R,13.0,20.0,,,,,0.0,57.0
633,634,24,2,60,16,10,1,7,6,2,R,14.0,9.0,,,,,0.0,57.0
634,635,21,10,60,16,10,1,7,6,2,R,15.0,13.0,,,,,0.0,57.0
635,636,2,3,60,16,10,1,7,6,2,R,16.0,5.0,,,,,0.0,57.0
636,637,11,10,60,16,10,1,7,6,2,R,17.0,15.0,,,,,0.0,57.0
637,638,25,4,60,16,10,1,7,6,2,R,18.0,10.0,,,,,0.0,57.0
638,639,15,6,60,16,10,1,7,6,2,R,19.0,14.0,,,,,0.0,56.0
639,640,14,6,60,16,10,1,7,6,2,R,20.0,18.0,,,,,0.0,56.0
640,641,13,9,17,17,5,1,11,15,1,Q,1.0,,94352.0,93464.0,92910.0,0,,
641,642,7,8,17,17,5,1,11,15,1,Q,2.0,,94579.0,93797.0,93119.0,,,
642,643,18,9,17,17,5,1,11,15,1,Q,3.0,,94369.0,94178.0,93134.0,,,
643,644,3,8,17,17,5,1,11,15,1,Q,4.0,,94590.0,93959.0,93475.0,,,
644,645,12,5,17,17,5,1,11,15,1,Q,5.0,,94153.0,93928.0,93606.0,,,
645,646,22,5,17,17,5,1,11,15,1,Q,6.0,,94558.0,94126.0,93792.0,,,
646,647,20,7,17,17,5,1,11,15,1,Q,7.0,,94407.0,94643.0,93808.0,,,
647,648,16,7,17,17,5,1,11,15,1,Q,8.0,,94551.0,93880.0,93887.0,,,
648,649,5,2,17,17,5,1,11,15,1,Q,9.0,,94567.0,94583.0,94118.0,,,
649,650,24,2,17,17,5,1,11,15,1,Q,10.0,,95360.0,95137.0,94918.0,,,
650,651,17,3,17,17,5,1,11,15,1,Q,11.0,,95747.0,95377.0,,,,
651,652,25,4,17,17,5,1,11,15,1,Q,12.0,,95281.0,95500.0,,,,
652,653,6,1,17,17,5,1,11,15,1,Q,13.0,,95920.0,95794.0,,,,
653,654,2,3,17,17,5,1,11,15,1,Q,14.0,,95756.0,104549.0,,,,
654,655,21,10,17,17,5,1,11,15,3,Q,15.0,,95746.0,,,,,
655,656,23,4,17,17,5,1,11,15,1,Q,16.0,,95983.0,,,,,
656,657,11,10,17,17,5,1,11,15,1,Q,17.0,,95995.0,,,,,
657,658,19,1,17,17,5,1,11,15,1,Q,18.0,,96311.0,,,,,
658,659,15,6,17,17,5,1,11,15,1,Q,19.0,,96499.0,,,,,
659,660,14,6,17,17,5,1,11,15,1,Q,20.0,,96796.0,,,,,
660,661,13,9,61,17,5,1,6,4,1,R,1.0,1.0,,,,0,25.0,56.0
661,662,7,8,61,17,5,1,6,4,1,R,2.0,2.0,,,,1333,19.0,56.0
662,663,18,9,61,17,5,1,6,4,1,R,3.0,3.0,,,,42223,15.0,56.0
663,664,12,5,61,17,5,1,6,4,1,R,4.0,4.0,,,,52246,12.0,56.0
664,665,20,7,61,17,5,1,6,4,1,R,5.0,6.0,,,,76854,10.0,56.0
665,666,3,8,61,17,5,1,6,4,1,R,6.0,9.0,,,,80128,8.0,56.0
666,667,22,5,61,17,5,1,6,4,1,R,7.0,5.0,,,,83545,6.0,56.0
667,668,16,7,61,17,5,1,6,4,1,R,8.0,7.0,,,,84395,4.0,56.0
668,669,24,2,61,17,5,1,7,4,2,R,9.0,10.0,,,,,2.0,55.0
669,670,25,4,61,17,5,1,7,4,2,R,10.0,18.0,,,,,1.0,55.0
670,671,6,1,61,17,5,1,7,4,2,R,11.0,12.0,,,,,0.0,55.0
671,672,23,4,61,17,5,1,7,4,2,R,12.0,13.0,,,,,0.0,55.0
672,673,19,1,61,17,5,1,7,4,2,R,13.0,15.0,,,,,0.0,55.0
673,674,21,10,61,17,5,1,7,4,2,R,14.0,20.0,,,,,0.0,55.0
674,675,11,10,61,17,5,1,7,4,2,R,15.0,14.0,,,,,0.0,55.0
675,676,15,6,61,17,5,1,7,4,2,R,16.0,16.0,,,,,0.0,54.0
676,677,14,6,61,17,5,1,7,4,2,R,17.0,17.0,,,,,0.0,54.0
677,678,2,3,61,17,5,1,13,4,2,R,18.0,19.0,,,,,0.0,49.0
678,679,17,3,61,17,5,1,13,4,2,R,19.0,11.0,,,,,0.0,40.0
679,680,5,2,61,17,5,1,9,4,2,R,20.0,8.0,,,,,0.0,14.0
680,681,3,8,18,18,14,1,11,9,1,Q,1.0,,76727.0,76864.0,75875.0,0,,
681,682,7,8,18,18,14,1,11,9,1,Q,2.0,,77207.0,76474.0,76020.0,,,
682,683,13,9,18,18,14,1,11,9,1,Q,3.0,,76788.0,76483.0,76225.0,,,
683,684,18,9,18,18,14,1,11,9,1,Q,4.0,,77003.0,77055.0,76342.0,,,
684,685,5,2,18,18,14,1,11,9,1,Q,5.0,,76908.0,76955.0,76456.0,,,
685,686,22,5,18,18,14,1,11,9,1,Q,6.0,,77517.0,77248.0,76761.0,,,
686,687,20,7,18,18,14,1,11,9,1,Q,7.0,,77719.0,77092.0,76763.0,,,
687,688,12,5,18,18,14,1,11,9,1,Q,8.0,,76748.0,77034.0,76837.0,,,
688,689,24,2,18,18,14,1,11,9,1,Q,9.0,,77330.0,76701.0,77158.0,,,
689,690,16,7,18,18,14,1,11,9,1,Q,10.0,,77569.0,77473.0,96830.0,,,
690,691,25,4,18,18,14,1,11,9,1,Q,11.0,,77502.0,77746.0,,,,
691,692,19,1,18,18,14,1,11,9,1,Q,12.0,,77606.0,77958.0,,,,
692,693,21,10,18,18,14,1,11,9,1,Q,13.0,,77958.0,78172.0,,,,
693,694,6,1,18,18,14,1,11,9,1,Q,14.0,,77897.0,78290.0,,,,
694,695,17,3,18,18,14,1,11,9,1,Q,15.0,,78126.0,78405.0,,,,
695,696,2,3,18,18,14,1,11,9,1,Q,16.0,,78452.0,,,,,
696,697,11,10,18,18,14,1,11,9,1,Q,17.0,,78756.0,,,,,
697,698,15,6,18,18,14,1,11,9,1,Q,18.0,,78858.0,,,,,
698,699,14,6,18,18,14,1,11,9,1,Q,19.0,,79303.0,,,,,
699,700,23,4,18,18,14,1,11,9,1,Q,20.0,,80873.0,,,,,
700,701,13,9,62,18,14,1,6,9,1,R,1.0,3.0,,,,0,25.0,71.0
701,702,7,8,62,18,14,1,6,9,1,R,2.0,2.0,,,,16555,18.0,71.0
702,703,18,9,62,18,14,1,6,9,1,R,3.0,4.0,,,,17752,15.0,71.0
703,704,5,2,62,18,14,1,6,9,1,R,4.0,5.0,,,,63845,12.0,71.0
704,705,12,5,62,18,14,1,6,9,1,R,5.0,8.0,,,,81037,10.0,71.0
705,706,22,5,62,18,14,1,7,9,2,R,6.0,6.0,,,,,8.0,70.0
706,707,25,4,62,18,14,1,7,9,2,R,7.0,9.0,,,,,6.0,70.0
707,708,19,1,62,18,14,1,7,9,2,R,8.0,10.0,,,,,4.0,70.0
708,709,2,3,62,18,14,1,7,9,2,R,9.0,12.0,,,,,2.0,70.0
709,710,16,7,62,18,14,1,7,9,2,R,10.0,18.0,,,,,1.0,70.0
710,711,6,1,62,18,14,1,7,9,2,R,11.0,11.0,,,,,0.0,70.0
711,712,20,7,62,18,14,1,7,9,2,R,12.0,7.0,,,,,0.0,70.0
712,713,17,3,62,18,14,1,7,9,2,R,13.0,19.0,,,,,0.0,70.0
713,714,23,4,62,18,14,1,7,9,2,R,14.0,20.0,,,,,0.0,69.0
714,715,3,8,62,18,14,1,7,9,2,R,15.0,1.0,,,,,0.0,69.0
715,716,21,10,62,18,14,1,7,9,2,R,16.0,16.0,,,,,0.0,69.0
716,717,11,10,62,18,14,1,7,9,2,R,17.0,13.0,,,,,0.0,69.0
717,718,14,6,62,18,14,1,7,9,2,R,18.0,15.0,,,,,0.0,68.0
718,719,15,6,62,18,14,1,4,9,2,R,19.0,14.0,,,,,0.0,0.0
719,720,24,2,62,18,14,1,4,9,2,R,20.0,17.0,,,,,0.0,0.0
720,721,7,8,19,19,9,1,11,6,1,Q,1.0,,68733.0,68068.0,67934.0,0,,
721,722,13,9,19,19,9,1,11,6,1,Q,2.0,,69329.0,68499.0,68372.0,,,
722,723,3,8,19,19,9,1,11,6,1,Q,3.0,,69040.0,68426.0,68469.0,,,
723,724,18,9,19,19,9,1,11,6,1,Q,4.0,,69172.0,68973.0,68483.0,,,
724,725,5,2,19,19,9,1,11,6,1,Q,5.0,,69347.0,68903.0,68777.0,,,
725,726,22,5,19,19,9,1,11,6,1,Q,6.0,,69046.0,69031.0,68826.0,,,
726,727,12,5,19,19,9,1,11,6,1,Q,7.0,,69155.0,68859.0,68960.0,,,
727,728,16,7,19,19,9,1,11,6,1,Q,8.0,,69365.0,69030.0,68980.0,,,
728,729,20,7,19,19,9,1,11,6,1,Q,9.0,,69374.0,69093.0,69039.0,,,
729,730,2,3,19,19,9,1,11,6,1,Q,10.0,,69391.0,69137.0,69113.0,,,
730,731,17,3,19,19,9,1,11,6,1,Q,11.0,,69430.0,69189.0,,,,
731,732,25,4,19,19,9,1,11,6,1,Q,12.0,,69451.0,69399.0,,,,
732,733,24,2,19,19,9,1,11,6,1,Q,13.0,,69350.0,69483.0,,,,
733,734,19,1,19,19,9,1,11,6,1,Q,14.0,,69598.0,69503.0,,,,
734,735,6,1,19,19,9,1,11,6,1,Q,15.0,,69342.0,70227.0,,,,
735,736,23,4,19,19,9,1,11,6,1,Q,16.0,,69663.0,,,,,
736,737,11,10,19,19,9,1,11,6,1,Q,17.0,,69897.0,,,,,
737,738,21,10,19,19,9,1,11,6,1,Q,18.0,,69953.0,,,,,
738,739,15,6,19,19,9,1,11,6,1,Q,19.0,,70329.0,,,,,
739,740,14,6,19,19,9,1,11,6,1,Q,20.0,,70589.0,,,,,
740,741,7,8,63,19,9,1,6,9,1,R,1.0,10.0,,,,0,25.0,71.0
741,1539,1,10,39,39,13,2,11,10,1,Q,19.0,,116985.0,,,,,
742,742,13,9,63,19,9,1,6,9,1,R,2.0,2.0,,,,10496,18.0,71.0
743,743,3,8,63,19,9,1,6,9,1,R,3.0,1.0,,,,13576,15.0,71.0
744,744,18,9,63,19,9,1,6,9,1,R,4.0,4.0,,,,39940,13.0,71.0
745,745,12,5,63,19,9,1,6,9,1,R,5.0,6.0,,,,49517,10.0,71.0
746,746,22,5,63,19,9,1,6,9,1,R,6.0,3.0,,,,51820,8.0,71.0
747,747,5,2,63,19,9,1,7,9,2,R,7.0,7.0,,,,,6.0,70.0
748,748,17,3,63,19,9,1,7,9,2,R,8.0,8.0,,,,,4.0,70.0
749,749,2,3,63,19,9,1,7,9,2,R,9.0,12.0,,,,,2.0,70.0
750,750,16,7,63,19,9,1,7,9,2,R,10.0,5.0,,,,,1.0,70.0
751,751,25,4,63,19,9,1,7,9,2,R,11.0,9.0,,,,,0.0,70.0
752,752,19,1,63,19,9,1,7,9,2,R,12.0,0.0,,,,,0.0,70.0
753,753,21,10,63,19,9,1,7,9,2,R,13.0,17.0,,,,,0.0,70.0
754,754,6,1,63,19,9,1,7,9,2,R,14.0,13.0,,,,,0.0,70.0
755,755,24,2,63,19,9,1,7,9,2,R,15.0,15.0,,,,,0.0,70.0
756,756,11,10,63,19,9,1,7,9,2,R,16.0,16.0,,,,,0.0,70.0
757,757,14,6,63,19,9,1,7,9,2,R,17.0,19.0,,,,,0.0,69.0
758,758,15,6,63,19,9,1,7,9,2,R,18.0,18.0,,,,,0.0,69.0
759,759,20,7,63,19,9,1,13,9,2,R,19.0,11.0,,,,,0.0,49.0
760,760,23,4,63,19,9,1,4,9,2,R,20.0,14.0,,,,,0.0,47.0
761,761,7,8,20,20,12,1,11,10,1,Q,1.0,,81901.0,81682.0,80827.0,0,,
762,762,13,9,20,20,12,1,11,10,1,Q,2.0,,81996.0,81984.0,81282.0,,,
763,763,3,8,20,20,12,1,11,10,1,Q,3.0,,82016.0,81991.0,81478.0,,,
764,764,5,2,20,20,12,1,11,10,1,Q,4.0,,82535.0,81728.0,81640.0,,,
765,765,2,3,20,20,12,1,11,10,1,Q,5.0,,82422.0,81894.0,81670.0,,,
766,766,16,7,20,20,12,1,11,10,1,Q,6.0,,82839.0,82216.0,81731.0,,,
767,767,22,5,20,20,12,1,11,10,1,Q,7.0,,82304.0,82241.0,81840.0,,,
768,768,24,2,20,20,12,1,11,10,1,Q,8.0,,82458.0,82058.0,81881.0,,,
769,769,17,3,20,20,12,1,11,10,1,Q,9.0,,82565.0,82012.0,82028.0,,,
770,770,25,4,20,20,12,1,11,10,1,Q,10.0,,82549.0,82146.0,82785.0,,,
771,771,18,9,20,20,12,1,11,10,1,Q,11.0,,82398.0,82346.0,,,,
772,772,23,4,20,20,12,1,11,10,1,Q,12.0,,82551.0,82460.0,,,,
773,773,12,5,20,20,12,1,11,10,1,Q,13.0,,82742.0,82463.0,,,,
774,774,20,7,20,20,12,1,11,10,1,Q,14.0,,82688.0,82597.0,,,,
775,775,21,10,20,20,12,1,11,10,1,Q,15.0,,82863.0,82756.0,,,,
776,776,19,1,20,20,12,1,11,10,1,Q,16.0,,83156.0,,,,,
777,777,11,10,20,20,12,1,11,10,1,Q,17.0,,83213.0,,,,,
778,778,6,1,20,20,12,1,11,10,1,Q,18.0,,83262.0,,,,,
779,779,15,6,20,20,12,1,11,10,1,Q,19.0,,83407.0,,,,,
780,780,14,6,20,20,12,1,11,10,1,Q,20.0,,85859.0,,,,,
781,781,7,8,64,20,12,1,6,20,1,R,1.0,1.0,,,,0,25.0,57.0
782,782,13,9,64,20,12,1,6,20,1,R,2.0,7.0,,,,25743,19.0,57.0
783,783,2,3,64,20,12,1,6,20,1,R,3.0,3.0,,,,59457,15.0,57.0
784,784,18,9,64,20,12,1,6,20,1,R,4.0,11.0,,,,62306,12.0,57.0
785,785,17,3,64,20,12,1,6,20,1,R,5.0,9.0,,,,80570,10.0,57.0
786,786,23,4,64,20,12,1,6,20,1,R,6.0,12.0,,,,81274,8.0,57.0
787,787,22,5,64,20,12,1,6,20,1,R,7.0,5.0,,,,81911,6.0,57.0
788,788,12,5,64,20,12,1,6,20,1,R,8.0,13.0,,,,83126,4.0,57.0
789,789,16,7,64,20,12,1,7,20,2,R,9.0,4.0,,,,,2.0,56.0
790,790,25,4,64,20,12,1,7,20,2,R,10.0,10.0,,,,,1.0,56.0
791,791,5,2,64,20,12,1,7,20,2,R,11.0,2.0,,,,,0.0,56.0
792,792,20,7,64,20,12,1,7,20,2,R,12.0,14.0,,,,,0.0,56.0
793,793,24,2,64,20,12,1,7,20,2,R,13.0,8.0,,,,,0.0,56.0
794,794,19,1,64,20,12,1,7,20,2,R,14.0,16.0,,,,,0.0,56.0
795,795,6,1,64,20,12,1,7,20,2,R,15.0,18.0,,,,,0.0,56.0
796,796,15,6,64,20,12,1,7,20,2,R,16.0,19.0,,,,,0.0,56.0
797,797,21,10,64,20,12,1,7,20,2,R,17.0,15.0,,,,,0.0,55.0
798,798,14,6,64,20,12,1,7,20,2,R,18.0,20.0,,,,,0.0,55.0
799,799,11,10,64,20,12,1,13,20,2,R,19.0,17.0,,,,,0.0,50.0
800,800,3,8,64,20,12,1,2,20,2,R,20.0,6.0,,,,,0.0,48.0
801,801,7,8,21,21,11,1,11,4,1,Q,1.0,,88466.0,87712.0,87511.0,0,,
802,802,3,8,21,21,11,1,11,4,1,Q,2.0,,88057.0,88054.0,87622.0,,,
803,803,13,9,21,21,11,1,11,4,1,Q,3.0,,88285.0,87953.0,87653.0,,,
804,804,12,5,21,21,11,1,11,4,1,Q,4.0,,88310.0,88459.0,88054.0,,,
805,805,18,9,21,21,11,1,11,4,1,Q,5.0,,88021.0,87946.0,88123.0,,,
806,806,5,2,21,21,11,1,11,4,1,Q,6.0,,88401.0,88314.0,88125.0,,,
807,807,16,7,21,21,11,1,11,4,1,Q,7.0,,88338.0,88344.0,88180.0,,,
808,808,24,2,21,21,11,1,11,4,1,Q,8.0,,88503.0,88222.0,88442.0,,,
809,809,17,3,21,21,11,1,11,4,1,Q,9.0,,88752.0,88574.0,88647.0,,,
810,810,6,1,21,21,11,1,11,4,1,Q,10.0,,88899.0,88616.0,88754.0,,,
811,811,20,7,21,21,11,1,11,4,1,Q,11.0,,88216.0,88668.0,,,,
812,812,19,1,21,21,11,1,11,4,1,Q,12.0,,88856.0,88885.0,,,,
813,813,2,3,21,21,11,1,11,4,1,Q,13.0,,88944.0,88920.0,,,,
814,814,21,10,21,21,11,1,11,4,1,Q,14.0,,88926.0,89054.0,,,,
815,815,22,5,21,21,11,1,11,4,1,Q,15.0,,88237.0,113652.0,,,,
816,816,11,10,21,21,11,1,11,4,1,Q,16.0,,89177.0,,,,,
817,817,25,4,21,21,11,1,11,4,1,Q,17.0,,89198.0,,,,,
818,818,23,4,21,21,11,1,11,4,1,Q,18.0,,89368.0,,,,,
819,819,15,6,21,21,11,1,11,4,1,Q,19.0,,89464.0,,,,,
820,820,14,6,21,21,11,1,11,4,1,Q,20.0,,90473.0,,,,,
821,821,7,8,65,21,11,1,6,4,1,R,1.0,1.0,,,,0,26.0,50.0
822,822,13,9,65,21,11,1,6,4,1,R,2.0,3.0,,,,11825,18.0,50.0
823,823,3,8,65,21,11,1,6,4,1,R,3.0,2.0,,,,27531,15.0,50.0
824,824,17,3,65,21,11,1,6,4,1,R,4.0,9.0,,,,27633,12.0,50.0
825,825,20,7,65,21,11,1,6,4,1,R,5.0,11.0,,,,40121,10.0,50.0
826,826,5,2,65,21,11,1,6,4,1,R,6.0,6.0,,,,41613,8.0,50.0
827,827,12,5,65,21,11,1,6,4,1,R,7.0,4.0,,,,44475,6.0,50.0
828,828,22,5,65,21,11,1,6,4,1,R,8.0,15.0,,,,46606,4.0,50.0
829,829,6,1,65,21,11,1,6,4,1,R,9.0,10.0,,,,58505,2.0,50.0
830,830,16,7,65,21,11,1,6,4,1,R,10.0,7.0,,,,61358,1.0,50.0
831,831,23,4,65,21,11,1,6,4,1,R,11.0,18.0,,,,77212,0.0,50.0
832,832,11,10,65,21,11,1,6,4,1,R,12.0,16.0,,,,83249,0.0,50.0
833,833,2,3,65,21,11,1,7,4,2,R,13.0,13.0,,,,,0.0,49.0
834,834,24,2,65,21,11,1,7,4,2,R,14.0,8.0,,,,,0.0,49.0
835,835,19,1,65,21,11,1,7,4,2,R,15.0,12.0,,,,,0.0,49.0
836,836,25,4,65,21,11,1,4,4,2,R,16.0,17.0,,,,,0.0,44.0
837,837,18,9,65,21,11,1,4,4,2,R,17.0,5.0,,,,,0.0,14.0
838,838,14,6,65,21,11,1,4,4,2,R,18.0,20.0,,,,,0.0,14.0
839,839,21,10,65,21,11,1,4,4,2,R,19.0,14.0,,,,,0.0,14.0
840,840,15,6,65,21,11,1,2,4,2,R,20.0,19.0,,,,,0.0,8.0
841,841,13,9,22,22,25,1,11,10,1,Q,1.0,,83322.0,82800.0,82109.0,0,,
842,842,7,8,22,22,25,1,11,10,1,Q,2.0,,82845.0,83145.0,82480.0,,,
843,843,16,7,22,22,25,1,11,10,1,Q,3.0,,83553.0,83256.0,82931.0,,,
844,844,18,9,22,22,25,1,11,10,1,Q,4.0,,83350.0,83135.0,82947.0,,,
845,845,22,5,22,22,25,1,11,10,1,Q,5.0,,83624.0,83174.0,82992.0,,,
846,846,3,8,22,22,25,1,11,10,1,Q,6.0,,83117.0,83246.0,83036.0,,,
847,847,12,5,22,22,25,1,11,10,1,Q,7.0,,83467.0,83202.0,83122.0,,,
848,848,24,2,22,22,25,1,11,10,1,Q,8.0,,83428.0,83404.0,83220.0,,,
849,849,17,3,22,22,25,1,11,10,1,Q,9.0,,83764.0,83420.0,83389.0,,,
850,850,20,7,22,22,25,1,11,10,1,Q,10.0,,83829.0,83448.0,83409.0,,,
851,851,2,3,22,22,25,1,11,10,1,Q,11.0,,83846.0,83460.0,,,,
852,852,5,2,22,22,25,1,11,10,1,Q,12.0,,83489.0,84043.0,,,,
853,853,23,4,22,22,25,1,11,10,1,Q,13.0,,84061.0,84066.0,,,,
854,854,6,1,22,22,25,1,11,10,1,Q,14.0,,84118.0,84251.0,,,,
855,855,25,4,22,22,25,1,11,10,1,Q,15.0,,84225.0,84305.0,,,,
856,856,11,10,22,22,25,1,11,10,1,Q,16.0,,84338.0,,,,,
857,857,21,10,22,22,25,1,11,10,1,Q,17.0,,84423.0,,,,,
858,858,19,1,22,22,25,1,11,10,1,Q,18.0,,84779.0,,,,,
859,859,15,6,22,22,25,1,11,10,1,Q,19.0,,84906.0,,,,,
860,860,14,6,22,22,25,1,11,10,1,Q,20.0,,85685.0,,,,,
861,861,13,9,66,22,25,1,6,10,1,R,1.0,1.0,,,,0,26.0,58.0
862,862,7,8,66,22,25,1,6,10,1,R,2.0,2.0,,,,2256,18.0,58.0
863,863,22,5,66,22,25,1,6,10,1,R,3.0,5.0,,,,5173,15.0,58.0
864,864,24,2,66,22,25,1,6,10,1,R,4.0,8.0,,,,5692,12.0,58.0
865,865,5,2,66,22,25,1,6,10,1,R,5.0,12.0,,,,6531,10.0,58.0
866,866,3,8,66,22,25,1,6,10,1,R,6.0,6.0,,,,7463,8.0,58.0
867,867,16,7,66,22,25,1,6,10,1,R,7.0,3.0,,,,59200,6.0,58.0
868,868,2,3,66,22,25,1,6,10,1,R,8.0,11.0,,,,61708,4.0,58.0
869,869,17,3,66,22,25,1,6,10,1,R,9.0,9.0,,,,64026,2.0,58.0
870,870,12,5,66,22,25,1,6,10,1,R,10.0,7.0,,,,66057,1.0,58.0
871,871,25,4,66,22,25,1,6,10,1,R,11.0,15.0,,,,67527,0.0,58.0
872,872,20,7,66,22,25,1,7,10,2,R,12.0,10.0,,,,,0.0,57.0
873,873,23,4,66,22,25,1,7,10,2,R,13.0,13.0,,,,,0.0,57.0
874,874,15,6,66,22,25,1,7,10,2,R,14.0,19.0,,,,,0.0,57.0
875,875,18,9,66,22,25,1,15,10,2,R,15.0,4.0,,,,,0.0,55.0
876,876,11,10,66,22,25,1,2,10,2,R,16.0,16.0,,,,,0.0,50.0
877,877,6,1,66,22,25,1,9,10,2,R,17.0,14.0,,,,,0.0,33.0
878,878,21,10,66,22,25,1,9,10,2,R,18.0,17.0,,,,,0.0,26.0
879,879,19,1,66,22,25,1,9,10,2,R,19.0,18.0,,,,,0.0,25.0
880,881,12,5,23,23,2,2,11,6,1,Q,1.0,,91471.0,90932.0,90558.0,0,,
881,882,13,9,23,23,2,2,11,6,1,Q,2.0,,91785.0,90757.0,90681.0,,,
882,883,22,5,23,23,2,2,11,6,1,Q,3.0,,91567.0,90787.0,90687.0,,,
883,884,18,9,23,23,2,2,11,6,1,Q,4.0,,92311.0,91008.0,90921.0,,,
884,885,7,8,23,23,2,2,11,6,1,Q,5.0,,92285.0,91048.0,91238.0,,,
885,886,3,1,23,23,2,2,11,6,1,Q,6.0,,91919.0,91717.0,91560.0,,,
886,887,9,6,23,23,2,2,11,6,1,Q,7.0,,91955.0,91461.0,91808.0,,,
887,888,2,3,23,23,2,2,11,6,1,Q,8.0,,92346.0,91621.0,92195.0,,,
888,889,21,8,23,23,2,2,11,6,1,Q,9.0,,92269.0,91252.0,92216.0,,,
889,890,5,2,23,23,2,2,11,6,1,Q,10.0,,92096.0,91635.0,92338.0,,,
890,891,17,3,23,23,2,2,11,6,1,Q,11.0,,92041.0,91782.0,,,,
891,892,15,6,23,23,2,2,11,6,1,Q,12.0,,92380.0,91998.0,,,,
892,893,16,7,23,23,2,2,11,6,1,Q,13.0,,92239.0,92008.0,,,,
893,894,1,10,23,23,2,2,11,6,1,Q,14.0,,92726.0,92664.0,,,,
894,895,26,1,23,23,2,2,11,6,1,Q,15.0,,92493.0,93543.0,,,,
895,896,24,2,23,23,2,2,11,6,1,Q,16.0,,92750.0,,,,,
896,897,8,4,23,23,2,2,11,6,1,Q,17.0,,92777.0,,,,,
897,898,20,7,23,23,2,2,11,6,1,Q,18.0,,92945.0,,,,,
898,899,23,4,23,23,2,2,11,6,1,Q,19.0,,93032.0,,,,,
899,900,11,10,23,23,2,2,11,6,1,Q,20.0,,93634.0,,,,,
900,901,12,5,67,23,2,2,6,10,1,R,1.0,1.0,,,,0,26.0,57.0
901,902,22,5,67,23,2,2,6,10,1,R,2.0,3.0,,,,5598,18.0,57.0
902,903,7,8,67,23,2,2,6,10,1,R,3.0,5.0,,,,9675,15.0,57.0
903,904,21,8,67,23,2,2,6,10,1,R,4.0,9.0,,,,11211,12.0,57.0
904,905,9,6,67,23,2,2,6,10,1,R,5.0,7.0,,,,14754,10.0,57.0
905,906,3,1,67,23,2,2,6,10,1,R,6.0,6.0,,,,16119,8.0,57.0
906,907,17,3,67,23,2,2,6,10,1,R,7.0,11.0,,,,19423,6.0,57.0
907,908,24,2,67,23,2,2,6,10,1,R,8.0,16.0,,,,20386,4.0,57.0
908,909,2,3,67,23,2,2,6,10,1,R,9.0,8.0,,,,22390,2.0,57.0
909,910,26,1,67,23,2,2,6,10,1,R,10.0,15.0,,,,23064,1.0,57.0
910,911,15,6,67,23,2,2,6,10,1,R,11.0,12.0,,,,32574,0.0,57.0
911,912,23,4,67,23,2,2,6,10,1,R,12.0,19.0,,,,45873,0.0,57.0
912,913,1,10,67,23,2,2,6,10,1,R,13.0,14.0,,,,53932,0.0,57.0
913,914,20,7,67,23,2,2,6,10,1,R,14.0,18.0,,,,54975,0.0,57.0
914,915,16,7,67,23,2,2,6,10,1,R,15.0,13.0,,,,56335,0.0,57.0
915,916,11,10,67,23,2,2,6,10,1,R,16.0,20.0,,,,61795,0.0,57.0
916,917,8,4,67,23,2,2,6,10,1,R,17.0,17.0,,,,63829,0.0,57.0
917,918,18,9,67,23,2,2,8,10,2,R,18.0,4.0,,,,,0.0,56.0
918,919,13,9,67,23,2,2,8,10,2,R,19.0,2.0,,,,,0.0,54.0
919,920,5,2,67,23,2,2,16,10,2,R,20.0,10.0,,,,,0.0,44.0
920,921,18,9,24,24,11,2,11,11,1,Q,1.0,,89705.0,88924.0,88200.0,0,,
921,922,12,5,24,24,11,2,11,11,1,Q,2.0,,89039.0,88780.0,88225.0,,,
922,923,22,5,24,24,11,2,11,11,1,Q,3.0,,88855.0,88686.0,88402.0,,,
923,924,13,9,24,24,11,2,11,11,1,Q,4.0,,88928.0,88945.0,88461.0,,,
924,925,17,3,24,24,11,2,11,11,1,Q,5.0,,90093.0,89584.0,89068.0,,,
925,926,21,8,24,24,11,2,11,11,1,Q,6.0,,89680.0,89618.0,89104.0,,,
926,927,2,3,24,24,11,2,11,11,1,Q,7.0,,89978.0,89295.0,89147.0,,,
927,928,3,1,24,24,11,2,11,11,1,Q,8.0,,89683.0,89404.0,89183.0,,,
928,929,5,2,24,24,11,2,11,11,1,Q,9.0,,89891.0,89418.0,89254.0,,,
929,930,9,6,24,24,11,2,11,11,1,Q,10.0,,89831.0,89546.0,89588.0,,,
930,931,16,7,24,24,11,2,11,11,1,Q,11.0,,89957.0,89651.0,,,,
931,932,20,7,24,24,11,2,11,11,1,Q,12.0,,90009.0,89773.0,,,,
932,933,26,1,24,24,11,2,11,11,1,Q,13.0,,89978.0,89819.0,,,,
933,934,15,6,24,24,11,2,11,11,1,Q,14.0,,90167.0,89920.0,,,,
934,935,23,4,24,24,11,2,11,11,1,Q,15.0,,90256.0,91009.0,,,,
935,936,7,8,24,24,11,2,11,11,1,Q,16.0,,90343.0,,,,,
936,937,1,10,24,24,11,2,11,11,1,Q,17.0,,90492.0,,,,,
937,938,8,4,24,24,11,2,11,11,1,Q,18.0,,90543.0,,,,,
938,939,11,10,24,24,11,2,11,11,1,Q,19.0,,91817.0,,,,,
939,940,24,2,24,24,11,2,11,11,3,Q,20.0,,,,,,,
940,941,13,9,68,24,11,2,6,11,1,R,1.0,4.0,,,,0,25.0,50.0
941,942,12,5,68,24,11,2,6,11,1,R,2.0,2.0,,,,549,19.0,50.0
942,943,22,5,68,24,11,2,6,11,1,R,3.0,3.0,,,,8097,15.0,50.0
943,944,18,9,68,24,11,2,6,11,1,R,4.0,1.0,,,,10800,12.0,50.0
944,945,21,8,68,24,11,2,6,11,1,R,5.0,6.0,,,,32732,10.0,50.0
945,946,17,3,68,24,11,2,6,11,1,R,6.0,5.0,,,,56017,8.0,50.0
946,947,16,7,68,24,11,2,6,11,1,R,7.0,11.0,,,,56124,6.0,50.0
947,948,5,2,68,24,11,2,6,11,1,R,8.0,9.0,,,,62946,4.0,50.0
948,949,9,6,68,24,11,2,6,11,1,R,9.0,10.0,,,,64308,2.0,50.0
949,950,7,8,68,24,11,2,6,11,1,R,10.0,15.0,,,,73948,1.0,50.0
950,951,26,1,68,24,11,2,6,11,1,R,11.0,12.0,,,,82215,0.0,50.0
951,952,8,4,68,24,11,2,6,11,1,R,12.0,17.0,,,,91742,0.0,50.0
952,953,23,4,68,24,11,2,7,11,2,R,13.0,13.0,,,,,0.0,49.0
953,954,1,10,68,24,11,2,3,11,2,R,14.0,16.0,,,,,0.0,47.0
954,955,3,1,68,24,11,2,13,11,2,R,15.0,8.0,,,,,0.0,36.0
955,956,2,3,68,24,11,2,9,11,2,R,16.0,7.0,,,,,0.0,35.0
956,957,20,7,68,24,11,2,9,11,2,R,17.0,14.0,,,,,0.0,35.0
957,958,11,10,68,24,11,2,2,11,2,R,18.0,18.0,,,,,0.0,14.0
958,959,24,2,68,24,11,2,16,11,2,R,19.0,19.0,,,,,0.0,0.0
959,961,12,5,25,25,1,2,11,10,1,Q,1.0,,78881.0,78606.0,77868.0,0,,
960,962,13,9,25,25,1,2,11,10,1,Q,2.0,,78580.0,78611.0,78154.0,,,
961,963,18,9,25,25,1,2,11,10,1,Q,3.0,,78834.0,78340.0,78240.0,,,
962,964,16,7,25,25,1,2,11,10,1,Q,4.0,,79280.0,79066.0,78703.0,,,
963,965,7,8,25,25,1,2,11,10,1,Q,5.0,,79401.0,79106.0,78825.0,,,
964,966,21,8,25,25,1,2,11,10,1,Q,6.0,,79405.0,79076.0,78933.0,,,
965,967,20,7,25,25,1,2,11,10,1,Q,7.0,,79665.0,79130.0,79032.0,,,
966,968,17,3,25,25,1,2,11,10,1,Q,8.0,,79605.0,79136.0,79061.0,,,
967,969,22,5,25,25,1,2,11,10,1,Q,9.0,,78983.0,78469.0,79408.0,,,
968,970,2,3,25,25,1,2,11,10,3,Q,10.0,,79192.0,78815.0,,,,
969,971,5,2,25,25,1,2,11,10,1,Q,11.0,,79580.0,79226.0,,,,
970,972,3,1,25,25,1,2,11,10,1,Q,12.0,,79251.0,79410.0,,,,
971,973,24,2,25,25,1,2,11,10,1,Q,13.0,,79742.0,79424.0,,,,
972,974,26,1,25,25,1,2,11,10,1,Q,14.0,,79910.0,80155.0,,,,
973,975,15,6,25,25,1,2,11,10,1,Q,15.0,,80104.0,80465.0,,,,
974,976,1,10,25,25,1,2,11,10,1,Q,16.0,,80135.0,,,,,
975,977,9,6,25,25,1,2,11,10,1,Q,17.0,,80254.0,,,,,
976,978,25,4,25,25,1,2,11,10,1,Q,18.0,,81149.0,,,,,
977,979,11,10,25,25,1,2,11,10,1,Q,19.0,,81372.0,,,,,
978,980,23,4,25,25,1,2,11,10,3,Q,20.0,,,,,,,
979,981,12,5,69,25,1,2,6,12,1,R,1.0,1.0,,,,0,26.0,58.0
980,982,18,9,69,25,1,2,6,12,1,R,2.0,3.0,,,,20524,18.0,58.0
981,983,21,8,69,25,1,2,6,12,1,R,3.0,6.0,,,,25593,15.0,58.0
982,984,7,8,69,25,1,2,6,12,1,R,4.0,5.0,,,,28543,12.0,58.0
983,985,16,7,69,25,1,2,6,12,1,R,5.0,4.0,,,,53303,10.0,58.0
984,986,20,7,69,25,1,2,6,12,1,R,6.0,7.0,,,,53737,8.0,58.0
985,987,17,3,69,25,1,2,6,12,1,R,7.0,8.0,,,,61683,6.0,58.0
986,988,3,1,69,25,1,2,6,12,1,R,8.0,12.0,,,,68439,4.0,58.0
987,989,5,2,69,25,1,2,6,12,1,R,9.0,11.0,,,,76221,2.0,58.0
988,990,1,10,69,25,1,2,6,12,1,R,10.0,20.0,,,,79382,1.0,58.0
989,991,26,1,69,25,1,2,6,12,1,R,11.0,14.0,,,,81695,0.0,58.0
990,992,23,4,69,25,1,2,6,12,1,R,12.0,19.0,,,,88598,0.0,58.0
991,993,15,6,69,25,1,2,7,12,2,R,13.0,15.0,,,,,0.0,57.0
992,994,9,6,69,25,1,2,7,12,2,R,14.0,16.0,,,,,0.0,57.0
993,995,24,2,69,25,1,2,7,12,2,R,15.0,13.0,,,,,0.0,57.0
994,996,11,10,69,25,1,2,7,12,2,R,16.0,18.0,,,,,0.0,57.0
995,997,2,3,69,25,1,2,7,12,2,R,17.0,10.0,,,,,0.0,57.0
996,998,13,9,69,25,1,2,9,12,2,R,18.0,2.0,,,,,0.0,38.0
997,999,25,4,69,25,1,2,2,12,2,R,19.0,17.0,,,,,0.0,22.0
998,1000,22,5,69,25,1,2,2,12,2,R,20.0,9.0,,,,,0.0,1.0
999,1001,13,9,26,26,8,2,11,17,1,Q,1.0,,79295.0,78793.0,87999.0,0,,
1000,1002,12,5,26,26,8,2,11,17,1,Q,2.0,,78796.0,79584.0,88778.0,,,
1001,1003,16,7,26,26,8,2,11,17,1,Q,3.0,,80168.0,79294.0,89131.0,,,
1002,1004,9,6,26,26,8,2,11,17,1,Q,4.0,,80147.0,79902.0,89164.0,,,
1003,1005,2,3,26,26,8,2,11,17,1,Q,5.0,,80198.0,79595.0,89202.0,,,
1004,1006,20,7,26,26,8,2,11,17,1,Q,6.0,,79980.0,80031.0,89742.0,,,
1005,1007,18,9,26,26,8,2,11,17,1,Q,7.0,,79773.0,79296.0,89808.0,,,
1006,1008,3,1,26,26,8,2,11,17,1,Q,8.0,,80419.0,80192.0,90439.0,,,
1007,1009,25,4,26,26,8,2,11,17,1,Q,9.0,,80364.0,79957.0,91062.0,,,
1008,1010,22,5,26,26,8,2,11,17,3,Q,10.0,,79305.0,78990.0,,,,
1009,1011,21,8,26,26,8,2,11,17,1,Q,11.0,,80383.0,80757.0,,,,
1010,1012,15,6,26,26,8,2,11,17,1,Q,12.0,,80422.0,80916.0,,,,
1011,1013,7,8,26,26,8,2,11,17,1,Q,13.0,,80470.0,81138.0,,,,
1012,1014,26,1,26,26,8,2,11,17,1,Q,14.0,,79730.0,81434.0,,,,
1013,1015,23,4,26,26,8,2,11,17,1,Q,15.0,,80342.0,88119.0,,,,
1014,1016,24,2,26,26,8,2,11,17,1,Q,16.0,,80474.0,,,,,
1015,1017,5,2,26,26,8,2,11,17,1,Q,17.0,,80732.0,,,,,
1016,1018,11,10,26,26,8,2,11,17,1,Q,18.0,,81971.0,,,,,
1017,1019,17,3,26,26,8,2,11,17,1,Q,19.0,,82338.0,,,,,
1018,1020,1,10,26,26,8,2,11,17,3,Q,20.0,,,,,,,
1019,1021,13,9,70,26,8,2,6,6,1,R,1.0,1.0,,,,0,26.0,63.0
1020,1022,18,9,70,26,8,2,6,6,1,R,2.0,3.0,,,,16527,18.0,63.0
1021,1023,16,7,70,26,8,2,6,6,1,R,3.0,5.0,,,,34834,15.0,63.0
1022,1024,21,8,70,26,8,2,6,6,1,R,4.0,11.0,,,,42506,12.0,63.0
1023,1025,3,1,70,26,8,2,6,6,1,R,5.0,7.0,,,,43181,10.0,63.0
1024,1026,12,5,70,26,8,2,6,6,1,R,6.0,2.0,,,,56072,8.0,63.0
1025,1027,24,2,70,26,8,2,6,6,1,R,7.0,12.0,,,,61110,6.0,63.0
1026,1028,25,4,70,26,8,2,6,6,1,R,8.0,13.0,,,,70892,4.0,63.0
1027,1029,9,6,70,26,8,2,6,6,1,R,9.0,8.0,,,,75260,2.0,63.0
1028,1030,23,4,70,26,8,2,7,6,2,R,10.0,15.0,,,,,1.0,62.0
1029,1031,1,10,70,26,8,2,7,6,2,R,11.0,18.0,,,,,0.0,62.0
1030,1032,5,2,70,26,8,2,7,6,2,R,12.0,17.0,,,,,0.0,62.0
1031,1033,7,8,70,26,8,2,7,6,2,R,13.0,14.0,,,,,0.0,62.0
1032,1034,17,3,70,26,8,2,7,6,2,R,14.0,16.0,,,,,0.0,62.0
1033,1035,26,1,70,26,8,2,7,6,2,R,15.0,0.0,,,,,0.0,62.0
1034,1036,11,10,70,26,8,2,7,6,2,R,16.0,19.0,,,,,0.0,62.0
1035,1037,15,6,70,26,8,2,7,6,2,R,17.0,10.0,,,,,0.0,62.0
1036,1038,20,7,70,26,8,2,7,6,2,R,18.0,6.0,,,,,0.0,62.0
1037,1039,2,3,70,26,8,2,4,6,2,R,19.0,9.0,,,,,0.0,6.0
1038,1040,22,5,70,26,8,2,4,6,2,R,20.0,4.0,,,,,0.0,0.0
1039,1041,12,5,27,27,15,2,11,1,1,Q,1.0,,89474.0,89130.0,88796.0,0,,
1040,1042,22,5,27,27,15,2,11,1,1,Q,2.0,,90079.0,89729.0,88986.0,,,
1041,1043,13,9,27,27,15,2,11,1,1,Q,3.0,,89836.0,89202.0,88991.0,,,
1042,1044,18,9,27,27,15,2,11,1,1,Q,4.0,,90055.0,89673.0,89036.0,,,
1043,1045,3,1,27,27,15,2,11,1,1,Q,5.0,,90845.0,89751.0,89475.0,,,
1044,1046,7,8,27,27,15,2,11,1,1,Q,6.0,,90388.0,89797.0,89625.0,,,
1045,1047,5,2,27,27,15,2,11,1,1,Q,7.0,,90779.0,90128.0,89690.0,,,
1046,1048,16,7,27,27,15,2,11,1,1,Q,8.0,,90761.0,89634.0,89750.0,,,
1047,1049,24,2,27,27,15,2,11,1,1,Q,9.0,,90485.0,90031.0,89932.0,,,
1048,1050,23,4,27,27,15,2,11,1,1,Q,10.0,,90441.0,89996.0,90676.0,,,
1049,1051,2,3,27,27,15,2,11,1,1,Q,11.0,,90407.0,90160.0,,,,
1050,1052,21,8,27,27,15,2,11,1,1,Q,12.0,,90490.0,90173.0,,,,
1051,1053,25,4,27,27,15,2,11,1,1,Q,13.0,,90677.0,90214.0,,,,
1052,1054,20,7,27,27,15,2,11,1,1,Q,14.0,,90583.0,90310.0,,,,
1053,1055,15,6,27,27,15,2,11,1,1,Q,15.0,,90645.0,90423.0,,,,
1054,1056,9,6,27,27,15,2,11,1,1,Q,16.0,,90975.0,,,,,
1055,1057,26,1,27,27,15,2,11,1,1,Q,17.0,,91020.0,,,,,
1056,1058,1,10,27,27,15,2,11,1,1,Q,18.0,,91266.0,,,,,
1057,1059,11,10,27,27,15,2,11,1,1,Q,19.0,,91325.0,,,,,
1058,1060,17,3,27,27,15,2,11,1,3,Q,20.0,,,,,,,
1059,1061,13,9,71,27,15,2,6,14,1,R,1.0,3.0,,,,0,26.0,57.0
1060,1062,12,5,71,27,15,2,6,14,1,R,2.0,1.0,,,,3786,18.0,57.0
1061,1063,22,5,71,27,15,2,6,14,1,R,3.0,2.0,,,,8229,15.0,57.0
1062,1064,18,9,71,27,15,2,6,14,1,R,4.0,4.0,,,,10638,12.0,57.0
1063,1065,21,8,71,27,15,2,6,14,1,R,5.0,12.0,,,,18582,10.0,57.0
1064,1066,7,8,71,27,15,2,6,14,1,R,6.0,6.0,,,,21368,8.0,57.0
1065,1067,3,1,71,27,15,2,6,14,1,R,7.0,5.0,,,,25073,6.0,57.0
1066,1068,17,3,71,27,15,2,6,14,1,R,8.0,20.0,,,,28386,4.0,57.0
1067,1069,1,10,71,27,15,2,6,14,1,R,9.0,18.0,,,,32365,2.0,57.0
1068,1070,23,4,71,27,15,2,6,14,1,R,10.0,0.0,,,,37026,1.0,57.0
1069,1071,2,3,71,27,15,2,6,14,1,R,11.0,11.0,,,,37128,0.0,57.0
1070,1072,24,2,71,27,15,2,6,14,1,R,12.0,9.0,,,,40146,0.0,57.0
1071,1073,20,7,71,27,15,2,6,14,1,R,13.0,14.0,,,,40902,0.0,57.0
1072,1074,11,10,71,27,15,2,6,14,1,R,14.0,19.0,,,,49936,0.0,57.0
1073,1540,11,10,39,39,13,2,11,10,1,Q,20.0,,117532.0,,,,,
1074,1075,15,6,71,27,15,2,6,14,1,R,15.0,15.0,,,,73305,0.0,57.0
1075,1076,9,6,71,27,15,2,12,14,2,R,16.0,16.0,,,,,0.0,56.0
1076,1077,25,4,71,27,15,2,3,14,2,R,17.0,0.0,,,,,0.0,54.0
1077,1078,5,2,71,27,15,2,9,14,2,R,18.0,7.0,,,,,0.0,45.0
1078,1079,16,7,71,27,15,2,4,14,2,R,19.0,8.0,,,,,0.0,39.0
1079,1080,26,1,71,27,15,2,9,14,2,R,20.0,17.0,,,,,0.0,6.0
1080,1081,12,5,28,28,4,2,11,2,1,Q,1.0,,79861.0,79969.0,78750.0,0,,
1081,1082,13,9,28,28,4,2,11,2,1,Q,2.0,,80091.0,79219.0,79073.0,,,
1082,1083,22,5,28,28,4,2,11,2,1,Q,3.0,,79892.0,79453.0,79166.0,,,
1083,1084,21,8,28,28,4,2,11,2,1,Q,4.0,,80218.0,79470.0,79393.0,,,
1084,1085,18,9,28,28,4,2,11,2,1,Q,5.0,,80447.0,79830.0,79420.0,,,
1085,1086,7,8,28,28,4,2,11,2,1,Q,6.0,,80252.0,79794.0,79512.0,,,
1086,1087,3,1,28,28,4,2,11,2,1,Q,7.0,,80355.0,80053.0,79608.0,,,
1087,1088,9,6,28,28,4,2,11,2,1,Q,8.0,,80227.0,79810.0,79682.0,,,
1088,1089,20,7,28,28,4,2,11,2,1,Q,9.0,,80549.0,80287.0,80297.0,,,
1089,1090,15,6,28,28,4,2,11,2,1,Q,10.0,,80683.0,80436.0,80368.0,,,
1090,1091,16,7,28,28,4,2,11,2,1,Q,11.0,,80838.0,80471.0,,,,
1091,1092,17,3,28,28,4,2,11,2,1,Q,12.0,,80880.0,80638.0,,,,
1092,1093,24,2,28,28,4,2,11,2,1,Q,13.0,,80707.0,80639.0,,,,
1093,1094,5,2,28,28,4,2,11,2,1,Q,14.0,,80719.0,80861.0,,,,
1094,1095,26,1,28,28,4,2,11,2,1,Q,15.0,,80476.0,81094.0,,,,
1095,1096,25,4,28,28,4,2,11,2,1,Q,16.0,,80954.0,,,,,
1096,1097,2,3,28,28,4,2,11,2,1,Q,17.0,,81043.0,,,,,
1097,1098,23,4,28,28,4,2,11,2,1,Q,18.0,,81418.0,,,,,
1098,1099,1,10,28,28,4,2,11,2,1,Q,19.0,,81645.0,,,,,
1099,1100,11,10,28,28,4,2,11,2,1,Q,20.0,,81915.0,,,,,
1100,1101,13,9,72,28,4,2,6,2,1,R,1.0,2.0,,,,0,25.0,66.0
1101,1102,18,9,72,28,4,2,6,2,1,R,2.0,5.0,,,,13072,19.0,66.0
1102,1103,21,8,72,28,4,2,6,2,1,R,3.0,4.0,,,,32927,15.0,66.0
1103,1104,22,5,72,28,4,2,6,2,1,R,4.0,3.0,,,,45208,12.0,66.0
1104,1105,7,8,72,28,4,2,6,2,1,R,5.0,6.0,,,,54534,10.0,66.0
1105,1106,3,1,72,28,4,2,6,2,1,R,6.0,7.0,,,,59976,8.0,66.0
1106,1107,17,3,72,28,4,2,6,2,1,R,7.0,12.0,,,,75397,6.0,66.0
1107,1108,16,7,72,28,4,2,6,2,1,R,8.0,11.0,,,,83235,4.0,66.0
1108,1109,2,3,72,28,4,2,7,2,2,R,9.0,20.0,,,,,2.0,65.0
1109,1110,24,2,72,28,4,2,7,2,2,R,10.0,13.0,,,,,1.0,65.0
1110,1111,25,4,72,28,4,2,7,2,2,R,11.0,16.0,,,,,0.0,65.0
1111,1112,20,7,72,28,4,2,7,2,2,R,12.0,9.0,,,,,0.0,65.0
1112,1113,5,2,72,28,4,2,7,2,2,R,13.0,14.0,,,,,0.0,65.0
1113,1114,15,6,72,28,4,2,7,2,2,R,14.0,10.0,,,,,0.0,65.0
1114,1115,23,4,72,28,4,2,7,2,2,R,15.0,17.0,,,,,0.0,65.0
1115,1116,11,10,72,28,4,2,7,2,2,R,16.0,19.0,,,,,0.0,64.0
1116,1117,9,6,72,28,4,2,7,2,2,R,17.0,8.0,,,,,0.0,64.0
1117,1118,1,10,72,28,4,2,7,2,2,R,18.0,18.0,,,,,0.0,64.0
1118,1119,26,1,72,28,4,2,13,2,2,R,19.0,15.0,,,,,0.0,28.0
1119,1120,12,5,72,28,4,2,16,2,2,R,20.0,1.0,,,,,0.0,27.0
1120,1121,12,5,29,29,16,2,11,9,1,Q,1.0,,72569.0,71864.0,71376.0,0,,
1121,1122,22,5,29,29,16,2,11,9,1,Q,2.0,,72616.0,72074.0,71601.0,,,
1122,1123,18,9,29,29,16,2,11,9,1,Q,3.0,,73004.0,71954.0,71629.0,,,
1123,1124,13,9,29,29,16,2,11,9,1,Q,4.0,,72993.0,72117.0,71666.0,,,
1124,1125,16,7,29,29,16,2,11,9,1,Q,5.0,,72927.0,72266.0,71849.0,,,
1125,1126,21,8,29,29,16,2,11,9,1,Q,6.0,,72787.0,72617.0,72112.0,,,
1126,1127,2,3,29,29,16,2,11,9,1,Q,7.0,,73394.0,72688.0,72247.0,,,
1127,1128,7,8,29,29,16,2,11,9,1,Q,8.0,,73444.0,72595.0,72560.0,,,
1128,1129,25,4,29,29,16,2,11,9,1,Q,9.0,,73313.0,72613.0,72732.0,,,
1129,1130,17,3,29,29,16,2,11,9,1,Q,10.0,,72848.0,72528.0,73047.0,,,
1130,1131,24,2,29,29,16,2,11,9,1,Q,11.0,,73110.0,72797.0,,,,
1131,1132,3,1,29,29,16,2,11,9,1,Q,12.0,,73541.0,72909.0,,,,
1132,1133,9,6,29,29,16,2,11,9,1,Q,13.0,,73069.0,72921.0,,,,
1133,1134,20,7,29,29,16,2,11,9,1,Q,14.0,,73338.0,72964.0,,,,
1134,1135,15,6,29,29,16,2,11,9,1,Q,15.0,,73469.0,73081.0,,,,
1135,1136,1,10,29,29,16,2,11,9,1,Q,16.0,,73611.0,,,,,
1136,1137,5,2,29,29,16,2,11,9,1,Q,17.0,,73660.0,,,,,
1137,1138,23,4,29,29,16,2,11,9,1,Q,18.0,,73678.0,,,,,
1138,1139,11,10,29,29,16,2,11,9,1,Q,19.0,,74403.0,,,,,
1139,1140,26,1,29,29,16,2,11,9,1,Q,20.0,,75606.0,,,,,
1140,1141,18,9,73,29,16,2,6,20,1,R,1.0,3.0,,,,0,25.0,64.0
1141,1142,22,5,73,29,16,2,6,20,1,R,2.0,2.0,,,,1154,18.0,64.0
1142,1738,3,1,44,44,25,2,11,4,1,Q,18.0,,85892.0,,,,,
1143,1143,13,9,73,29,16,2,6,20,1,R,3.0,4.0,,,,1491,15.0,64.0
1144,1144,12,5,73,29,16,2,6,20,1,R,4.0,1.0,,,,2922,12.0,64.0
1145,1145,21,8,73,29,16,2,6,20,1,R,5.0,6.0,,,,11968,10.0,64.0
1146,1146,16,7,73,29,16,2,6,20,1,R,6.0,5.0,,,,12231,9.0,64.0
1147,1147,2,3,73,29,16,2,6,20,1,R,7.0,7.0,,,,46358,6.0,64.0
1148,1148,7,8,73,29,16,2,6,20,1,R,8.0,8.0,,,,50388,4.0,64.0
1149,1149,3,1,73,29,16,2,6,20,1,R,9.0,12.0,,,,52525,2.0,64.0
1150,1150,25,4,73,29,16,2,6,20,1,R,10.0,9.0,,,,53536,1.0,64.0
1151,1291,1,10,33,33,20,2,11,8,1,Q,11.0,,66516.0,66230.0,,,,
1152,1151,5,2,73,29,16,2,6,20,1,R,11.0,17.0,,,,54289,0.0,64.0
1153,1152,17,3,73,29,16,2,6,20,1,R,12.0,10.0,,,,55644,0.0,64.0
1154,1153,20,7,73,29,16,2,6,20,1,R,13.0,14.0,,,,57635,0.0,64.0
1155,1154,23,4,73,29,16,2,6,20,1,R,14.0,18.0,,,,60802,0.0,64.0
1156,1155,11,10,73,29,16,2,7,20,2,R,15.0,19.0,,,,,0.0,63.0
1157,1156,26,1,73,29,16,2,7,20,2,R,16.0,20.0,,,,,0.0,63.0
1158,1157,24,2,73,29,16,2,7,20,2,R,17.0,11.0,,,,,0.0,63.0
1159,1158,1,10,73,29,16,2,13,20,2,R,18.0,16.0,,,,,0.0,48.0
1160,1159,15,6,73,29,16,2,2,20,2,R,19.0,15.0,,,,,0.0,24.0
1161,1160,9,6,73,29,16,2,9,20,2,R,20.0,13.0,,,,,0.0,19.0
1162,1161,12,5,30,30,3,2,11,12,1,Q,1.0,,102865.0,102046.0,101359.0,0,,
1163,1162,18,9,30,30,3,2,11,12,1,Q,2.0,,102733.0,101955.0,101641.0,,,
1164,1163,13,9,30,30,3,2,11,12,1,Q,3.0,,102722.0,102227.0,101706.0,,,
1165,1164,22,5,30,30,3,2,11,12,1,Q,4.0,,102957.0,102088.0,101814.0,,,
1166,1165,21,8,30,30,3,2,11,12,1,Q,5.0,,103754.0,103281.0,102712.0,,,
1167,1166,5,2,30,30,3,2,11,12,1,Q,6.0,,103268.0,103129.0,102845.0,,,
1168,1167,7,8,30,30,3,2,11,12,1,Q,7.0,,103939.0,103182.0,102924.0,,,
1169,1168,24,2,30,30,3,2,11,12,1,Q,8.0,,103595.0,103376.0,103056.0,,,
1170,1169,25,4,30,30,3,2,11,12,1,Q,9.0,,103279.0,103268.0,103091.0,,,
1171,1170,2,3,30,30,3,2,11,12,1,Q,10.0,,104083.0,103360.0,103173.0,,,
1172,1171,16,7,30,30,3,2,11,12,1,Q,11.0,,104237.0,103398.0,,,,
1173,1172,20,7,30,30,3,2,11,12,1,Q,12.0,,104437.0,103574.0,,,,
1174,1173,17,3,30,30,3,2,11,12,1,Q,13.0,,103903.0,103585.0,,,,
1175,1174,26,1,30,30,3,2,11,12,1,Q,14.0,,103777.0,103790.0,,,,
1176,1175,3,1,30,30,3,2,11,12,1,Q,15.0,,104478.0,104444.0,,,,
1177,1176,9,6,30,30,3,2,11,12,1,Q,16.0,,104643.0,,,,,
1178,1177,1,10,30,30,3,2,11,12,1,Q,17.0,,104719.0,,,,,
1179,1178,11,10,30,30,3,2,11,12,1,Q,18.0,,105367.0,,,,,
1180,1179,23,4,30,30,3,2,11,12,1,Q,19.0,,105371.0,,,,,
1181,1180,15,6,30,30,3,2,11,12,1,Q,20.0,,105775.0,,,,,
1182,1181,13,9,74,30,3,2,6,9,1,R,1.0,3.0,,,,0,25.0,51.0
1183,1182,18,9,74,30,3,2,6,9,1,R,2.0,2.0,,,,20823,19.0,51.0
1184,1183,21,8,74,30,3,2,6,9,1,R,3.0,5.0,,,,45995,15.0,51.0
1185,1184,7,8,74,30,3,2,6,9,1,R,4.0,7.0,,,,71679,12.0,51.0
1186,1185,5,2,74,30,3,2,6,9,1,R,5.0,6.0,,,,77299,10.0,51.0
1187,1186,25,4,74,30,3,2,6,9,1,R,6.0,9.0,,,,84099,8.0,51.0
1188,1187,2,3,74,30,3,2,6,9,1,R,7.0,10.0,,,,88596,6.0,51.0
1189,1188,20,7,74,30,3,2,6,9,1,R,8.0,12.0,,,,92207,4.0,51.0
1190,1189,16,7,74,30,3,2,6,9,1,R,9.0,11.0,,,,92556,2.0,51.0
1191,1190,17,3,74,30,3,2,6,9,1,R,10.0,13.0,,,,108184,1.0,51.0
1192,1191,3,1,74,30,3,2,7,9,2,R,11.0,15.0,,,,,0.0,50.0
1193,1192,1,10,74,30,3,2,7,9,2,R,12.0,17.0,,,,,0.0,50.0
1194,1193,24,2,74,30,3,2,7,9,2,R,13.0,8.0,,,,,0.0,50.0
1195,1194,15,6,74,30,3,2,7,9,2,R,14.0,20.0,,,,,0.0,50.0
1196,1195,11,10,74,30,3,2,7,9,2,R,15.0,18.0,,,,,0.0,50.0
1197,1196,23,4,74,30,3,2,12,9,2,R,16.0,19.0,,,,,0.0,46.0
1198,1197,9,6,74,30,3,2,16,9,2,R,17.0,16.0,,,,,0.0,31.0
1199,1198,26,1,74,30,3,2,9,9,2,R,18.0,14.0,,,,,0.0,23.0
1200,1199,12,5,74,30,3,2,16,9,2,R,19.0,1.0,,,,,0.0,21.0
1201,1200,22,5,74,30,3,2,9,9,2,R,20.0,4.0,,,,,0.0,8.0
1202,1201,13,9,31,31,6,2,11,16,1,Q,1.0,,92219.0,83746.0,81299.0,0,,
1203,1202,2,3,31,31,6,2,11,16,1,Q,2.0,,92277.0,84848.0,81944.0,,,
1204,1203,22,5,31,31,6,2,11,16,1,Q,3.0,,92781.0,85197.0,82096.0,,,
1205,1204,7,8,31,31,6,2,11,16,1,Q,4.0,,93841.0,85543.0,82891.0,,,
1206,1205,9,6,31,31,6,2,11,16,1,Q,5.0,,92957.0,86254.0,82960.0,,,
1207,1206,15,6,31,31,6,2,11,16,1,Q,6.0,,93707.0,85684.0,83356.0,,,
1208,1207,17,3,31,31,6,2,11,16,1,Q,7.0,,93012.0,86135.0,83529.0,,,
1209,1208,21,8,31,31,6,2,11,16,1,Q,8.0,,93160.0,84950.0,83557.0,,,
1210,1209,20,7,31,31,6,2,11,16,1,Q,9.0,,93636.0,86375.0,83749.0,,,
1211,1210,26,1,31,31,6,2,11,16,1,Q,10.0,,93692.0,86116.0,84030.0,,,
1212,1211,3,1,31,31,6,2,11,16,1,Q,11.0,,93689.0,86788.0,,,,
1213,1212,1,10,31,31,6,2,11,16,1,Q,12.0,,94047.0,86858.0,,,,
1214,1213,18,9,31,31,6,2,11,16,1,Q,13.0,,93929.0,93127.0,,,,
1215,1214,16,7,31,31,6,2,11,16,3,Q,14.0,,94066.0,,,,,
1216,1215,12,5,31,31,6,2,11,16,3,Q,15.0,,93008.0,,,,,
1217,1216,5,2,31,31,6,2,11,16,1,Q,16.0,,94492.0,,,,,
1218,1217,25,4,31,31,6,2,11,16,1,Q,17.0,,94512.0,,,,,
1219,1218,23,4,31,31,6,2,11,16,1,Q,18.0,,95532.0,,,,,
1220,1219,11,10,31,31,6,2,11,16,1,Q,19.0,,95660.0,,,,,
1221,1220,24,2,31,31,6,2,11,16,1,Q,20.0,,96575.0,,,,,
1222,1221,13,9,75,31,6,2,6,13,1,R,1.0,1.0,,,,0,25.0,70.0
1223,1222,22,5,75,31,6,2,6,13,1,R,2.0,3.0,,,,993,19.0,70.0
1224,1223,7,8,75,31,6,2,6,13,1,R,3.0,4.0,,,,7006,15.0,70.0
1225,1224,21,8,75,31,6,2,6,13,1,R,4.0,8.0,,,,12313,12.0,70.0
1226,1225,12,5,75,31,6,2,6,13,1,R,5.0,19.0,,,,15168,10.0,70.0
1227,1226,17,3,75,31,6,2,6,13,1,R,6.0,7.0,,,,23890,8.0,70.0
1228,1227,3,1,75,31,6,2,6,13,1,R,7.0,11.0,,,,25247,6.0,70.0
1229,1228,26,1,75,31,6,2,6,13,1,R,8.0,10.0,,,,26952,4.0,70.0
1230,1229,2,3,75,31,6,2,6,13,1,R,9.0,2.0,,,,29945,2.0,70.0
1231,1230,23,4,75,31,6,2,6,13,1,R,10.0,17.0,,,,38222,1.0,70.0
1232,1231,20,7,75,31,6,2,6,13,1,R,11.0,9.0,,,,43047,0.0,70.0
1233,1232,25,4,75,31,6,2,6,13,1,R,12.0,16.0,,,,44245,0.0,70.0
1234,1233,1,10,75,31,6,2,6,13,1,R,13.0,12.0,,,,44893,0.0,70.0
1235,1234,5,2,75,31,6,2,6,13,1,R,14.0,15.0,,,,45183,0.0,70.0
1236,1235,16,7,75,31,6,2,6,13,1,R,15.0,14.0,,,,52145,0.0,70.0
1237,1236,11,10,75,31,6,2,6,13,1,R,16.0,18.0,,,,59978,0.0,70.0
1238,1237,9,6,75,31,6,2,6,13,1,R,17.0,5.0,,,,68180,0.0,70.0
1239,1238,24,2,75,31,6,2,2,13,2,R,18.0,20.0,,,,,0.0,47.0
1240,1239,15,6,75,31,6,2,16,13,2,R,19.0,6.0,,,,,0.0,18.0
1241,1240,18,9,75,31,6,2,9,13,2,R,20.0,13.0,,,,,0.0,7.0
1242,1241,22,5,32,32,21,2,11,17,1,Q,1.0,,100190.0,101602.0,100983.0,0,,
1243,1242,13,9,32,32,21,2,11,17,1,Q,2.0,,99129.0,100655.0,101055.0,,,
1244,1243,12,5,32,32,21,2,11,17,1,Q,3.0,,99846.0,101247.0,101298.0,,,
1245,1244,18,9,32,32,21,2,11,17,1,Q,4.0,,100521.0,102513.0,101616.0,,,
1246,1245,7,8,32,32,21,2,11,17,1,Q,5.0,,100428.0,101062.0,101995.0,,,
1247,1246,16,7,32,32,21,2,11,17,1,Q,6.0,,101515.0,101821.0,102084.0,,,
1248,1247,2,3,32,32,21,2,11,17,1,Q,7.0,,101598.0,102209.0,102116.0,,,
1249,1248,21,8,32,32,21,2,11,17,1,Q,8.0,,100028.0,101725.0,102161.0,,,
1250,1249,26,1,32,32,21,2,11,17,1,Q,9.0,,100791.0,102640.0,102719.0,,,
1251,1250,11,10,32,32,21,2,11,17,1,Q,10.0,,101998.0,103273.0,123095.0,,,
1252,1251,5,2,32,32,21,2,11,17,1,Q,11.0,,101680.0,103702.0,,,,
1253,1252,3,1,32,32,21,2,11,17,1,Q,12.0,,101396.0,104232.0,,,,
1254,1253,24,2,32,32,21,2,11,17,1,Q,13.0,,101893.0,104311.0,,,,
1255,1254,20,7,32,32,21,2,11,17,1,Q,14.0,,101933.0,104355.0,,,,
1256,1255,17,3,32,32,21,2,11,17,1,Q,15.0,,101730.0,105190.0,,,,
1257,1256,1,10,32,32,21,2,11,17,1,Q,16.0,,102078.0,,,,,
1258,1257,9,6,32,32,21,2,11,17,1,Q,17.0,,102159.0,,,,,
1259,1258,25,4,32,32,21,2,11,17,1,Q,18.0,,102666.0,,,,,
1260,1259,15,6,32,32,21,2,11,17,1,Q,19.0,,102708.0,,,,,
1261,1260,23,4,32,32,21,2,11,17,1,Q,20.0,,103430.0,,,,,
1262,1261,22,5,76,32,21,2,6,18,1,R,1.0,1.0,,,,0,25.0,52.0
1263,1262,18,9,76,32,21,2,6,18,1,R,2.0,4.0,,,,3779,18.0,52.0
1264,1263,7,8,76,32,21,2,6,18,1,R,3.0,5.0,,,,6225,16.0,52.0
1265,1264,12,5,76,32,21,2,6,18,1,R,4.0,3.0,,,,8546,12.0,52.0
1266,1265,2,3,76,32,21,2,6,18,1,R,5.0,7.0,,,,9571,10.0,52.0
1267,1266,16,7,76,32,21,2,6,18,1,R,6.0,6.0,,,,11943,8.0,52.0
1268,1267,13,9,76,32,21,2,6,18,1,R,7.0,2.0,,,,18777,6.0,52.0
1269,1268,15,6,76,32,21,2,6,18,1,R,8.0,19.0,,,,18995,4.0,52.0
1270,1269,25,4,76,32,21,2,6,18,1,R,9.0,18.0,,,,22356,2.0,52.0
1271,1270,9,6,76,32,21,2,6,18,1,R,10.0,17.0,,,,24590,1.0,52.0
1272,1271,23,4,76,32,21,2,6,18,1,R,11.0,20.0,,,,26147,0.0,52.0
1273,1272,11,10,76,32,21,2,6,18,1,R,12.0,10.0,,,,32511,0.0,52.0
1274,1273,20,7,76,32,21,2,6,18,1,R,13.0,14.0,,,,32817,0.0,52.0
1275,1274,24,2,76,32,21,2,6,18,1,R,14.0,13.0,,,,40910,0.0,52.0
1276,1275,17,3,76,32,21,2,9,18,2,R,15.0,15.0,,,,,0.0,37.0
1277,1276,5,2,76,32,21,2,4,18,2,R,16.0,11.0,,,,,0.0,26.0
1278,1277,3,1,76,32,21,2,9,18,2,R,17.0,12.0,,,,,0.0,20.0
1279,1278,21,8,76,32,21,2,4,18,2,R,18.0,8.0,,,,,0.0,0.0
1280,1279,26,1,76,32,21,2,4,18,2,R,19.0,9.0,,,,,0.0,0.0
1281,1280,1,10,76,32,21,2,4,18,2,R,20.0,16.0,,,,,0.0,0.0
1282,1281,13,9,33,33,20,2,11,8,1,Q,1.0,,65852.0,65374.0,64984.0,0,,
1283,1282,12,5,33,33,20,2,11,8,1,Q,2.0,,65419.0,65287.0,65013.0,,,
1284,1283,22,5,33,33,20,2,11,8,1,Q,3.0,,65660.0,65576.0,65066.0,,,
1285,1284,21,8,33,33,20,2,11,8,1,Q,4.0,,66235.0,65697.0,65431.0,,,
1286,1285,17,3,33,33,20,2,11,8,1,Q,5.0,,66468.0,65993.0,65726.0,,,
1287,1286,9,6,33,33,20,2,11,8,1,Q,6.0,,66366.0,65894.0,65879.0,,,
1288,1287,15,6,33,33,20,2,11,8,1,Q,7.0,,66405.0,66151.0,66011.0,,,
1289,1288,2,3,33,33,20,2,11,8,1,Q,8.0,,66016.0,66082.0,66103.0,,,
1290,1289,7,8,33,33,20,2,11,8,1,Q,9.0,,66079.0,65475.0,73151.0,,,
1291,1290,5,2,33,33,20,2,11,8,3,Q,10.0,,66589.0,66160.0,,,,
1292,1292,3,1,33,33,20,2,11,8,1,Q,12.0,,66442.0,66319.0,,,,
1293,1293,18,9,33,33,20,2,11,8,1,Q,13.0,,66143.0,66458.0,,,,
1294,1294,24,2,33,33,20,2,11,8,1,Q,14.0,,66463.0,66851.0,,,,
1295,1295,16,7,33,33,20,2,11,8,1,Q,15.0,,66330.0,85847.0,,,,
1296,1296,20,7,33,33,20,2,11,8,1,Q,16.0,,66613.0,,,,,
1297,1297,23,4,33,33,20,2,11,8,1,Q,17.0,,66847.0,,,,,
1298,1298,26,1,33,33,20,2,11,8,1,Q,18.0,,66901.0,,,,,
1299,1299,11,10,33,33,20,2,11,8,1,Q,19.0,,67003.0,,,,,
1300,1300,25,4,33,33,20,2,11,8,1,Q,20.0,,67083.0,,,,,
1301,1301,12,5,77,33,20,2,6,12,1,R,1.0,2.0,,,,0,25.0,71.0
1302,1302,13,9,77,33,20,2,6,12,1,R,2.0,1.0,,,,1532,19.0,71.0
1303,1303,7,8,77,33,20,2,6,12,1,R,3.0,8.0,,,,41217,15.0,71.0
1304,1304,21,8,77,33,20,2,6,12,1,R,4.0,4.0,,,,58972,12.0,71.0
1305,1305,17,3,77,33,20,2,6,12,1,R,5.0,6.0,,,,68436,10.0,71.0
1306,1306,15,6,77,33,20,2,7,12,2,R,6.0,9.0,,,,,8.0,70.0
1307,1307,16,7,77,33,20,2,7,12,2,R,7.0,10.0,,,,,6.0,70.0
1308,1308,9,6,77,33,20,2,7,12,2,R,8.0,7.0,,,,,4.0,70.0
1309,1309,20,7,77,33,20,2,7,12,2,R,9.0,11.0,,,,,2.0,70.0
1310,1310,2,3,77,33,20,2,7,12,2,R,10.0,19.0,,,,,1.0,70.0
1311,1311,3,1,77,33,20,2,7,12,2,R,11.0,0.0,,,,,0.0,70.0
1312,1312,1,10,77,33,20,2,7,12,2,R,12.0,15.0,,,,,0.0,70.0
1313,1313,23,4,77,33,20,2,7,12,2,R,13.0,12.0,,,,,0.0,70.0
1314,1314,26,1,77,33,20,2,7,12,2,R,14.0,13.0,,,,,0.0,70.0
1315,1315,5,2,77,33,20,2,7,12,2,R,15.0,14.0,,,,,0.0,70.0
1316,1316,24,2,77,33,20,2,7,12,2,R,16.0,16.0,,,,,0.0,70.0
1317,1317,25,4,77,33,20,2,7,12,2,R,17.0,18.0,,,,,0.0,70.0
1318,1318,22,5,77,33,20,2,16,12,2,R,18.0,3.0,,,,,0.0,56.0
1319,1319,11,10,77,33,20,2,13,12,2,R,19.0,17.0,,,,,0.0,48.0
1320,1320,18,9,77,33,20,2,4,12,2,R,20.0,5.0,,,,,0.0,24.0
1321,1321,12,5,34,34,18,2,11,1,1,Q,1.0,,91727.0,91216.0,90872.0,0,,
1322,1322,13,9,34,34,18,2,11,1,1,Q,2.0,,91891.0,91990.0,91176.0,,,
1323,1323,18,9,34,34,18,2,11,1,1,Q,3.0,,92354.0,92120.0,91335.0,,,
1324,1324,7,8,34,34,18,2,11,1,1,Q,4.0,,93041.0,92274.0,91765.0,,,
1325,1325,16,7,34,34,18,2,11,1,1,Q,5.0,,92672.0,92777.0,92032.0,,,
1326,1326,21,8,34,34,18,2,11,1,1,Q,6.0,,93109.0,92633.0,92131.0,,,
1327,1327,2,3,34,34,18,2,11,1,1,Q,7.0,,92819.0,92631.0,92552.0,,,
1328,1328,24,2,34,34,18,2,11,1,1,Q,8.0,,93394.0,92836.0,92780.0,,,
1329,1329,22,5,34,34,18,2,11,1,3,Q,9.0,,92297.0,91081.0,,,,
1330,1330,9,6,34,34,18,2,11,1,3,Q,10.0,,92756.0,92649.0,,,,
1331,1331,20,7,34,34,18,2,11,1,1,Q,11.0,,93404.0,92922.0,,,,
1332,1332,17,3,34,34,18,2,11,1,1,Q,12.0,,93346.0,93048.0,,,,
1333,1333,3,1,34,34,18,2,11,1,1,Q,13.0,,93034.0,93052.0,,,,
1334,1334,25,4,34,34,18,2,11,1,1,Q,14.0,,93285.0,93276.0,,,,
1335,1335,1,10,34,34,18,2,11,1,1,Q,15.0,,93423.0,93307.0,,,,
1336,1336,5,2,34,34,18,2,11,1,1,Q,16.0,,93439.0,,,,,
1337,1337,23,4,34,34,18,2,11,1,1,Q,17.0,,93439.0,,,,,
1338,1338,26,1,34,34,18,2,11,1,1,Q,18.0,,93674.0,,,,,
1339,1339,15,6,34,34,18,2,11,1,1,Q,19.0,,93701.0,,,,,
1340,1340,11,10,34,34,18,2,11,1,1,Q,20.0,,93794.0,,,,,
1341,1405,17,3,36,36,23,2,11,6,1,Q,5.0,,106039.0,105475.0,105180.0,,,
1342,1341,13,9,78,34,18,2,6,1,1,R,1.0,2.0,,,,0,25.0,53.0
1343,1342,7,8,78,34,18,2,6,1,1,R,2.0,4.0,,,,10587,18.0,53.0
1344,1343,21,8,78,34,18,2,6,1,1,R,3.0,6.0,,,,16495,15.0,53.0
1345,1344,18,9,78,34,18,2,6,1,1,R,4.0,3.0,,,,17310,12.0,53.0
1346,1345,22,5,78,34,18,2,6,1,1,R,5.0,19.0,,,,28872,11.0,53.0
1347,1346,2,3,78,34,18,2,6,1,1,R,6.0,7.0,,,,42879,8.0,53.0
1348,1347,16,7,78,34,18,2,6,1,1,R,7.0,5.0,,,,52026,6.0,53.0
1349,1348,17,3,78,34,18,2,6,1,1,R,8.0,10.0,,,,56959,4.0,53.0
1350,1349,20,7,78,34,18,2,6,1,1,R,9.0,9.0,,,,60372,2.0,53.0
1351,1350,23,4,78,34,18,2,6,1,1,R,10.0,15.0,,,,62549,1.0,53.0
1352,1351,25,4,78,34,18,2,6,1,1,R,11.0,12.0,,,,64494,0.0,53.0
1353,1352,5,2,78,34,18,2,6,1,1,R,12.0,14.0,,,,65448,0.0,53.0
1354,1353,1,10,78,34,18,2,6,1,1,R,13.0,13.0,,,,68565,0.0,53.0
1355,1354,3,1,78,34,18,2,6,1,1,R,14.0,11.0,,,,76666,0.0,53.0
1356,1355,15,6,78,34,18,2,6,1,1,R,15.0,17.0,,,,80394,0.0,53.0
1357,1356,26,1,78,34,18,2,7,1,2,R,16.0,16.0,,,,,0.0,47.0
1358,1357,11,10,78,34,18,2,4,1,2,R,17.0,18.0,,,,,0.0,40.0
1359,1358,9,6,78,34,18,2,4,1,2,R,18.0,20.0,,,,,0.0,37.0
1360,1359,12,5,78,34,18,2,2,1,2,R,19.0,1.0,,,,,0.0,17.0
1361,1360,24,2,78,34,18,2,13,1,2,R,20.0,8.0,,,,,0.0,17.0
1362,1361,21,8,35,35,7,2,11,11,1,Q,1.0,,78407.0,78154.0,77377.0,0,,
1363,1362,22,5,35,35,7,2,11,11,1,Q,2.0,,78434.0,77946.0,77421.0,,,
1364,1363,12,5,35,35,7,2,11,11,1,Q,3.0,,78806.0,77768.0,77567.0,,,
1365,1364,16,7,35,35,7,2,11,11,1,Q,4.0,,78653.0,78121.0,77769.0,,,
1366,1365,17,3,35,35,7,2,11,11,1,Q,5.0,,78866.0,78216.0,78018.0,,,
1367,1366,2,3,35,35,7,2,11,11,1,Q,6.0,,78716.0,77904.0,78078.0,,,
1368,1367,7,8,35,35,7,2,11,11,1,Q,7.0,,78374.0,78035.0,78142.0,,,
1369,1368,3,1,35,35,7,2,11,11,1,Q,8.0,,78935.0,78445.0,78157.0,,,
1370,1369,20,7,35,35,7,2,11,11,1,Q,9.0,,78775.0,78198.0,78379.0,,,
1371,1370,13,9,35,35,7,2,11,11,1,Q,10.0,,78509.0,77703.0,78823.0,,,
1372,1371,18,9,35,35,7,2,11,11,1,Q,11.0,,79118.0,78516.0,,,,
1373,1372,26,1,35,35,7,2,11,11,1,Q,12.0,,78973.0,78573.0,,,,
1374,1373,9,6,35,35,7,2,11,11,1,Q,13.0,,78993.0,78825.0,,,,
1375,1374,23,4,35,35,7,2,11,11,1,Q,14.0,,79205.0,79137.0,,,,
1376,1375,15,6,35,35,7,2,11,11,1,Q,15.0,,79164.0,79202.0,,,,
1377,1376,24,2,35,35,7,2,11,11,1,Q,16.0,,79240.0,,,,,
1378,1377,1,10,35,35,7,2,11,11,1,Q,17.0,,79256.0,,,,,
1379,1378,25,4,35,35,7,2,11,11,1,Q,18.0,,79273.0,,,,,
1380,1379,5,2,35,35,7,2,11,11,1,Q,19.0,,79527.0,,,,,
1381,1380,11,10,35,35,7,2,11,11,1,Q,20.0,,79570.0,,,,,
1382,1381,13,9,79,35,7,2,6,17,1,R,1.0,10.0,,,,0,25.0,70.0
1383,1382,7,8,79,35,7,2,6,17,1,R,2.0,7.0,,,,7834,19.0,70.0
1384,1383,21,8,79,35,7,2,6,17,1,R,3.0,1.0,,,,12337,15.0,70.0
1385,1384,22,5,79,35,7,2,6,17,1,R,4.0,2.0,,,,14579,12.0,70.0
1386,1385,18,9,79,35,7,2,6,17,1,R,5.0,11.0,,,,15688,10.0,70.0
1387,1386,12,5,79,35,7,2,6,17,1,R,6.0,3.0,,,,16047,8.0,70.0
1388,1387,16,7,79,35,7,2,6,17,1,R,7.0,4.0,,,,78300,6.0,70.0
1389,1388,2,3,79,35,7,2,7,17,2,R,8.0,6.0,,,,,4.0,69.0
1390,1389,17,3,79,35,7,2,7,17,2,R,9.0,5.0,,,,,2.0,69.0
1391,1390,25,4,79,35,7,2,7,17,2,R,10.0,18.0,,,,,1.0,69.0
1392,1391,23,4,79,35,7,2,7,17,2,R,11.0,14.0,,,,,0.0,69.0
1393,1392,5,2,79,35,7,2,7,17,2,R,12.0,0.0,,,,,0.0,69.0
1394,1393,26,1,79,35,7,2,7,17,2,R,13.0,12.0,,,,,0.0,69.0
1395,1394,15,6,79,35,7,2,7,17,2,R,14.0,15.0,,,,,0.0,69.0
1396,1395,20,7,79,35,7,2,7,17,2,R,15.0,9.0,,,,,0.0,69.0
1397,1396,9,6,79,35,7,2,7,17,2,R,16.0,13.0,,,,,0.0,69.0
1398,1397,1,10,79,35,7,2,7,17,2,R,17.0,17.0,,,,,0.0,69.0
1399,1398,11,10,79,35,7,2,7,17,2,R,18.0,19.0,,,,,0.0,69.0
1400,1399,24,2,79,35,7,2,7,17,2,R,19.0,16.0,,,,,0.0,68.0
1401,1400,3,1,79,35,7,2,15,17,2,R,20.0,8.0,,,,,0.0,65.0
1402,1401,13,9,36,36,23,2,11,6,1,Q,1.0,,104581.0,104723.0,103665.0,0,,
1403,1402,22,5,36,36,23,2,11,6,1,Q,2.0,,105050.0,105418.0,104297.0,,,
1404,1403,18,9,36,36,23,2,11,6,1,Q,3.0,,105377.0,104794.0,104462.0,,,
1405,1404,12,5,36,36,23,2,11,6,1,Q,4.0,,105572.0,104551.0,104553.0,,,
1406,1406,2,3,36,36,23,2,11,6,1,Q,6.0,,106075.0,105552.0,105368.0,,,
1407,1407,7,8,36,36,23,2,11,6,1,Q,7.0,,105736.0,105420.0,105503.0,,,
1408,1408,21,8,36,36,23,2,11,6,1,Q,8.0,,105650.0,105461.0,105776.0,,,
1409,1409,1,10,36,36,23,2,11,6,1,Q,9.0,,105672.0,105675.0,105837.0,,,
1410,1410,16,7,36,36,23,2,11,6,1,Q,10.0,,105745.0,105603.0,106178.0,,,
1411,1411,20,7,36,36,23,2,11,6,1,Q,11.0,,106212.0,105767.0,,,,
1412,1412,5,2,36,36,23,2,11,6,1,Q,12.0,,106183.0,105827.0,,,,
1413,1413,26,1,36,36,23,2,11,6,1,Q,13.0,,106178.0,106085.0,,,,
1414,1414,23,4,36,36,23,2,11,6,1,Q,14.0,,106256.0,106611.0,,,,
1415,1415,15,6,36,36,23,2,11,6,1,Q,15.0,,106342.0,107718.0,,,,
1416,1416,25,4,36,36,23,2,11,6,1,Q,16.0,,106344.0,,,,,
1417,1417,11,10,36,36,23,2,11,6,1,Q,17.0,,106401.0,,,,,
1418,1418,9,6,36,36,23,2,11,6,1,Q,18.0,,106557.0,,,,,
1419,1419,24,2,36,36,23,2,11,6,1,Q,19.0,,106692.0,,,,,
1420,1420,3,1,36,36,23,2,11,6,1,Q,20.0,,107866.0,,,,,
1421,1421,13,9,80,36,23,2,6,12,1,R,1.0,14.0,,,,0,26.0,44.0
1422,1422,18,9,80,36,23,2,6,12,1,R,2.0,2.0,,,,17841,18.0,44.0
1423,1423,22,5,80,36,23,2,6,12,1,R,3.0,1.0,,,,26886,15.0,44.0
1424,1424,21,8,80,36,23,2,6,12,1,R,4.0,5.0,,,,29140,12.0,44.0
1425,1425,2,3,80,36,23,2,6,12,1,R,5.0,3.0,,,,73256,10.0,44.0
1426,1426,12,5,80,36,23,2,6,12,1,R,6.0,15.0,,,,74936,8.0,44.0
1427,1427,17,3,80,36,23,2,6,12,1,R,7.0,16.0,,,,75640,6.0,44.0
1428,1428,25,4,80,36,23,2,6,12,1,R,8.0,10.0,,,,78107,4.0,44.0
1429,1429,5,2,80,36,23,2,6,12,1,R,9.0,0.0,,,,92181,2.0,44.0
1430,1430,1,10,80,36,23,2,6,12,1,R,10.0,6.0,,,,101900,1.0,44.0
1431,1431,23,4,80,36,23,2,6,12,1,R,11.0,9.0,,,,103078,0.0,44.0
1432,1432,16,7,80,36,23,2,6,12,1,R,12.0,17.0,,,,104739,0.0,44.0
1433,1433,24,2,80,36,23,2,6,12,1,R,13.0,0.0,,,,105217,0.0,44.0
1434,1434,26,1,80,36,23,2,6,12,1,R,14.0,18.0,,,,106252,0.0,44.0
1435,1435,20,7,80,36,23,2,6,12,1,R,15.0,7.0,,,,107163,0.0,44.0
1436,1436,9,6,80,36,23,2,7,12,2,R,16.0,12.0,,,,,0.0,43.0
1437,1437,15,6,80,36,23,2,7,12,2,R,17.0,19.0,,,,,0.0,43.0
1438,1438,11,10,80,36,23,2,7,12,2,R,18.0,11.0,,,,,0.0,43.0
1439,1439,3,1,80,36,23,2,2,12,2,R,19.0,13.0,,,,,0.0,1.0
1440,1440,7,8,80,36,23,2,4,12,2,R,20.0,4.0,,,,,0.0,0.0
1441,1441,13,9,37,37,26,2,11,12,1,Q,1.0,,71317.0,70927.0,70342.0,0,,
1442,1442,12,5,37,37,26,2,11,12,1,Q,2.0,,71443.0,70988.0,70363.0,,,
1443,1443,22,5,37,37,26,2,11,12,1,Q,3.0,,71767.0,70814.0,70434.0,,,
1444,1444,7,8,37,37,26,2,11,12,1,Q,4.0,,71331.0,71075.0,70648.0,,,
1445,1445,18,9,37,37,26,2,11,12,1,Q,5.0,,71641.0,71314.0,71077.0,,,
1446,1446,21,8,37,37,26,2,11,12,1,Q,6.0,,71561.0,70824.0,71147.0,,,
1447,1447,16,7,37,37,26,2,11,12,1,Q,7.0,,71556.0,71116.0,71174.0,,,
1448,1448,15,6,37,37,26,2,11,12,1,Q,8.0,,71741.0,71420.0,71442.0,,,
1449,1449,24,2,37,37,26,2,11,12,1,Q,9.0,,71427.0,71428.0,72556.0,,,
1450,1450,23,4,37,37,26,2,11,12,3,Q,10.0,,71568.0,71416.0,,,,
1451,1451,5,2,37,37,26,2,11,12,1,Q,11.0,,71705.0,71512.0,,,,
1452,1452,17,3,37,37,26,2,11,12,1,Q,12.0,,71748.0,71605.0,,,,
1453,1453,2,3,37,37,26,2,11,12,1,Q,13.0,,71667.0,71613.0,,,,
1454,1454,26,1,37,37,26,2,11,12,1,Q,14.0,,71826.0,71704.0,,,,
1455,1455,1,10,37,37,26,2,11,12,1,Q,15.0,,71695.0,71802.0,,,,
1456,1456,3,1,37,37,26,2,11,12,1,Q,16.0,,71961.0,,,,,
1457,1457,20,7,37,37,26,2,11,12,1,Q,17.0,,72081.0,,,,,
1458,1458,9,6,37,37,26,2,11,12,1,Q,18.0,,72319.0,,,,,
1459,1459,25,4,37,37,26,2,11,12,1,Q,19.0,,72391.0,,,,,
1460,1460,11,10,37,37,26,2,11,12,1,Q,20.0,,73353.0,,,,,
1461,1461,13,9,81,37,26,2,6,12,1,R,1.0,1.0,,,,0,26.0,72.0
1462,1462,21,8,81,37,26,2,6,12,1,R,2.0,6.0,,,,4071,18.0,72.0
1463,1463,12,5,81,37,26,2,6,12,1,R,3.0,2.0,,,,10929,15.0,72.0
1464,1464,7,8,81,37,26,2,6,12,1,R,4.0,4.0,,,,13016,12.0,72.0
1465,1465,18,9,81,37,26,2,6,12,1,R,5.0,5.0,,,,18168,10.0,72.0
1466,1466,2,3,81,37,26,2,6,12,1,R,6.0,13.0,,,,18754,8.0,72.0
1467,1467,16,7,81,37,26,2,6,12,1,R,7.0,7.0,,,,19306,6.0,72.0
1468,1468,22,5,81,37,26,2,6,12,1,R,8.0,3.0,,,,20916,4.0,72.0
1469,1469,17,3,81,37,26,2,6,12,1,R,9.0,12.0,,,,21117,2.0,72.0
1470,1470,23,4,81,37,26,2,6,12,1,R,10.0,10.0,,,,22459,1.0,72.0
1471,1471,5,2,81,37,26,2,6,12,1,R,11.0,11.0,,,,27009,0.0,72.0
1472,1472,1,10,81,37,26,2,6,12,1,R,12.0,15.0,,,,30390,0.0,72.0
1473,1473,15,6,81,37,26,2,6,12,1,R,13.0,8.0,,,,32995,0.0,72.0
1474,1474,25,4,81,37,26,2,6,12,1,R,14.0,19.0,,,,36007,0.0,72.0
1475,1475,9,6,81,37,26,2,6,12,1,R,15.0,18.0,,,,36869,0.0,72.0
1476,1476,26,1,81,37,26,2,6,12,1,R,16.0,14.0,,,,37320,0.0,72.0
1477,1477,20,7,81,37,26,2,6,12,1,R,17.0,17.0,,,,37764,0.0,72.0
1478,1478,11,10,81,37,26,2,7,12,2,R,18.0,20.0,,,,,0.0,71.0
1479,1479,3,1,81,37,26,2,16,12,2,R,19.0,16.0,,,,,0.0,53.0
1480,1480,24,2,81,37,26,2,13,12,2,R,20.0,9.0,,,,,0.0,43.0
1481,1481,12,5,38,38,17,2,11,12,1,Q,1.0,,81280.0,81208.0,80161.0,0,,
1482,1482,13,9,38,38,17,2,11,12,1,Q,2.0,,80922.0,81265.0,80306.0,,,
1483,1483,22,5,38,38,17,2,11,12,1,Q,3.0,,81348.0,80878.0,80429.0,,,
1484,1484,18,9,38,38,17,2,11,12,1,Q,4.0,,81495.0,81358.0,81206.0,,,
1485,1485,7,8,38,38,17,2,11,12,1,Q,5.0,,82048.0,81708.0,81524.0,,,
1486,1486,21,8,38,38,17,2,11,12,1,Q,6.0,,81785.0,81747.0,81542.0,,,
1487,1487,16,7,38,38,17,2,11,12,1,Q,7.0,,82130.0,81831.0,81584.0,,,
1488,1488,20,7,38,38,17,2,11,12,1,Q,8.0,,82139.0,81855.0,81925.0,,,
1489,1489,5,2,38,38,17,2,11,12,1,Q,9.0,,82010.0,82062.0,82648.0,,,
1490,1490,2,3,38,38,17,2,11,12,3,Q,10.0,,82089.0,81861.0,,,,
1491,1491,17,3,38,38,17,2,11,12,1,Q,11.0,,82166.0,82130.0,,,,
1492,1492,3,1,38,38,17,2,11,12,1,Q,12.0,,82254.0,82235.0,,,,
1493,1493,4,10,38,38,17,2,11,12,1,Q,13.0,,82567.0,82471.0,,,,
1494,1494,26,1,38,38,17,2,11,12,1,Q,14.0,,82003.0,82577.0,,,,
1495,1495,24,2,38,38,17,2,11,12,3,Q,15.0,,82020.0,,,,,
1496,1496,11,10,38,38,17,2,11,12,1,Q,16.0,,82587.0,,,,,
1497,1497,25,4,38,38,17,2,11,12,1,Q,17.0,,82636.0,,,,,
1498,1498,23,4,38,38,17,2,11,12,1,Q,18.0,,82748.0,,,,,
1499,1499,9,6,38,38,17,2,11,12,1,Q,19.0,,82908.0,,,,,
1500,1500,15,6,38,38,17,2,11,12,1,Q,20.0,,83005.0,,,,,
1501,1501,13,9,82,38,17,2,6,9,1,R,1.0,7.0,,,,0,25.0,53.0
1502,1502,12,5,82,38,17,2,6,9,1,R,2.0,1.0,,,,2446,18.0,53.0
1503,1503,21,8,82,38,17,2,6,9,1,R,3.0,2.0,,,,3405,15.0,53.0
1504,1504,22,5,82,38,17,2,6,9,1,R,4.0,18.0,,,,5061,12.0,53.0
1505,1505,7,8,82,38,17,2,6,9,1,R,5.0,19.0,,,,5380,10.0,53.0
1506,1506,18,9,82,38,17,2,6,9,1,R,6.0,13.0,,,,6091,9.0,53.0
1507,1507,16,7,82,38,17,2,6,9,1,R,7.0,3.0,,,,6207,6.0,53.0
1508,1508,5,2,82,38,17,2,6,9,1,R,8.0,5.0,,,,6396,4.0,53.0
1509,1509,4,10,82,38,17,2,6,9,1,R,9.0,8.0,,,,7122,2.0,53.0
1510,1510,26,1,82,38,17,2,6,9,1,R,10.0,9.0,,,,7910,1.0,53.0
1511,1511,17,3,82,38,17,2,6,9,1,R,11.0,14.0,,,,8323,0.0,53.0
1512,1512,15,6,82,38,17,2,6,9,1,R,12.0,17.0,,,,8549,0.0,53.0
1513,1513,3,1,82,38,17,2,7,9,2,R,13.0,15.0,,,,,0.0,52.0
1514,1514,24,2,82,38,17,2,7,9,2,R,14.0,20.0,,,,,0.0,52.0
1515,1515,11,10,82,38,17,2,7,9,2,R,15.0,10.0,,,,,0.0,52.0
1516,1516,9,6,82,38,17,2,7,9,2,R,16.0,16.0,,,,,0.0,52.0
1517,1517,20,7,82,38,17,2,9,9,2,R,17.0,4.0,,,,,0.0,45.0
1518,1518,23,4,82,38,17,2,16,9,2,R,18.0,12.0,,,,,0.0,39.0
1519,1519,2,3,82,38,17,2,9,9,2,R,19.0,6.0,,,,,0.0,31.0
1520,1520,25,4,82,38,17,2,16,9,2,R,20.0,11.0,,,,,0.0,10.0
1521,1521,12,5,39,39,13,2,11,10,1,Q,1.0,,114129.0,112343.0,109412.0,0,,
1522,1522,18,9,39,39,13,2,11,10,1,Q,2.0,,114404.0,112818.0,109434.0,,,
1523,1523,7,8,39,39,13,2,11,10,1,Q,3.0,,113161.0,112691.0,109466.0,,,
1524,1524,22,5,39,39,13,2,11,10,1,Q,4.0,,114559.0,113219.0,109583.0,,,
1525,1525,2,3,39,39,13,2,11,10,1,Q,5.0,,115360.0,113127.0,109966.0,,,
1526,1526,16,7,39,39,13,2,11,10,1,Q,6.0,,115914.0,113942.0,110584.0,,,
1527,1527,5,2,39,39,13,2,11,10,1,Q,7.0,,115606.0,113546.0,111211.0,,,
1528,1528,13,9,39,39,13,2,11,10,1,Q,8.0,,113057.0,112723.0,111395.0,,,
1529,1529,9,6,39,39,13,2,11,10,1,Q,9.0,,115103.0,114006.0,111573.0,,,
1530,1530,24,2,39,39,13,2,11,10,1,Q,10.0,,115314.0,113848.0,111983.0,,,
1531,1531,21,8,39,39,13,2,11,10,1,Q,11.0,,114633.0,114012.0,,,,
1532,1532,23,4,39,39,13,2,11,10,1,Q,12.0,,115629.0,114211.0,,,,
1533,1533,15,6,39,39,13,2,11,10,1,Q,13.0,,115736.0,114370.0,,,,
1534,1534,25,4,39,39,13,2,11,10,1,Q,14.0,,115602.0,114380.0,,,,
1535,1535,26,1,39,39,13,2,11,10,1,Q,15.0,,115375.0,115518.0,,,,
1536,1536,3,1,39,39,13,2,11,10,1,Q,16.0,,116083.0,,,,,
1537,1537,20,7,39,39,13,2,11,10,1,Q,17.0,,116226.0,,,,,
1538,1538,17,3,39,39,13,2,11,10,1,Q,18.0,,116337.0,,,,,
1539,1541,18,9,83,39,13,2,6,19,1,R,1.0,2.0,,,,0,25.0,59.0
1540,1542,12,5,83,39,13,2,6,19,1,R,2.0,1.0,,,,2595,18.0,59.0
1541,1543,22,5,83,39,13,2,6,19,1,R,3.0,4.0,,,,10305,15.0,59.0
1542,1544,16,7,83,39,13,2,6,19,1,R,4.0,6.0,,,,21133,12.0,59.0
1543,1545,20,7,83,39,13,2,6,19,1,R,5.0,16.0,,,,53282,10.0,59.0
1544,1546,23,4,83,39,13,2,6,19,1,R,6.0,11.0,,,,56330,8.0,59.0
1545,1547,13,9,83,39,13,2,6,19,1,R,7.0,8.0,,,,58825,6.0,59.0
1546,1548,25,4,83,39,13,2,6,19,1,R,8.0,13.0,,,,60032,4.0,59.0
1547,1549,7,8,83,39,13,2,6,19,1,R,9.0,3.0,,,,61515,2.0,59.0
1548,1550,5,2,83,39,13,2,6,19,1,R,10.0,7.0,,,,69576,1.0,59.0
1549,1551,3,1,83,39,13,2,6,19,1,R,11.0,15.0,,,,88844,0.0,59.0
1550,1552,9,6,83,39,13,2,6,19,1,R,12.0,9.0,,,,92610,0.0,59.0
1551,1553,15,6,83,39,13,2,7,19,2,R,13.0,12.0,,,,,0.0,58.0
1552,1554,21,8,83,39,13,2,7,19,2,R,14.0,0.0,,,,,0.0,57.0
1553,1555,24,2,83,39,13,2,2,19,2,R,15.0,10.0,,,,,0.0,34.0
1554,1556,17,3,83,39,13,2,16,19,2,R,16.0,17.0,,,,,0.0,26.0
1555,1557,1,10,83,39,13,2,4,19,2,R,17.0,18.0,,,,,0.0,25.0
1556,1558,2,3,83,39,13,2,16,19,2,R,18.0,5.0,,,,,0.0,20.0
1557,1559,11,10,83,39,13,2,4,19,2,R,19.0,19.0,,,,,0.0,7.0
1558,1560,26,1,83,39,13,2,4,19,2,R,20.0,14.0,,,,,0.0,6.0
1559,1561,13,9,40,40,24,2,11,7,1,Q,1.0,,90224.0,90346.0,89304.0,0,,
1560,1562,12,5,40,40,24,2,11,7,1,Q,2.0,,90402.0,90486.0,89314.0,,,
1561,1563,22,5,40,40,24,2,11,7,1,Q,3.0,,90336.0,90444.0,89361.0,,,
1562,1564,18,9,40,40,24,2,11,7,1,Q,4.0,,90622.0,89925.0,89709.0,,,
1563,1565,17,3,40,40,24,2,11,7,1,Q,5.0,,90696.0,90357.0,90165.0,,,
1564,1566,7,8,40,40,24,2,11,7,1,Q,6.0,,90906.0,90443.0,90261.0,,,
1565,1567,2,3,40,40,24,2,11,7,1,Q,7.0,,90603.0,90343.0,90322.0,,,
1566,1568,21,8,40,40,24,2,11,7,1,Q,8.0,,90865.0,90465.0,90389.0,,,
1567,1569,25,4,40,40,24,2,11,7,1,Q,9.0,,91256.0,90656.0,90554.0,,,
1568,1570,16,7,40,40,24,2,11,7,1,Q,10.0,,90881.0,90473.0,91003.0,,,
1569,1571,20,7,40,40,24,2,11,7,1,Q,11.0,,90880.0,90659.0,,,,
1570,1572,3,1,40,40,24,2,11,7,1,Q,12.0,,91226.0,90709.0,,,,
1571,1573,24,2,40,40,24,2,11,7,1,Q,13.0,,91130.0,90808.0,,,,
1572,1574,26,1,40,40,24,2,11,7,1,Q,14.0,,90894.0,90953.0,,,,
1573,1575,15,6,40,40,24,2,11,7,1,Q,15.0,,91152.0,91439.0,,,,
1574,1576,1,10,40,40,24,2,11,7,1,Q,16.0,,91311.0,,,,,
1575,1577,5,2,40,40,24,2,11,7,1,Q,17.0,,91322.0,,,,,
1576,1578,9,6,40,40,24,2,11,7,1,Q,18.0,,91352.0,,,,,
1577,1579,23,4,40,40,24,2,11,7,1,Q,19.0,,91419.0,,,,,
1578,1580,11,10,40,40,24,2,11,7,1,Q,20.0,,91511.0,,,,,
1579,1581,13,9,84,40,24,2,6,17,1,R,1.0,1.0,,,,0,25.0,28.0
1580,1582,18,9,84,40,24,2,6,17,1,R,2.0,4.0,,,,27066,18.0,28.0
1581,1583,12,5,84,40,24,2,6,17,1,R,3.0,2.0,,,,31763,15.0,28.0
1582,1584,17,3,84,40,24,2,6,17,1,R,4.0,5.0,,,,39685,12.0,28.0
1583,1585,7,8,84,40,24,2,6,17,1,R,5.0,6.0,,,,40326,10.0,28.0
1584,1586,25,4,84,40,24,2,6,17,1,R,6.0,9.0,,,,46358,8.0,28.0
1585,1587,2,3,84,40,24,2,6,17,1,R,7.0,7.0,,,,46369,6.0,28.0
1586,1588,21,8,84,40,24,2,6,17,1,R,8.0,8.0,,,,47661,4.0,28.0
1587,1589,11,10,84,40,24,2,6,17,1,R,9.0,20.0,,,,70143,2.0,28.0
1588,1590,16,7,84,40,24,2,6,17,1,R,10.0,10.0,,,,70782,1.0,28.0
1589,1591,20,7,84,40,24,2,6,17,1,R,11.0,11.0,,,,72877,0.0,28.0
1590,1592,23,4,84,40,24,2,6,17,1,R,12.0,19.0,,,,73904,0.0,28.0
1591,1593,24,2,84,40,24,2,6,17,1,R,13.0,13.0,,,,75599,0.0,28.0
1592,1594,9,6,84,40,24,2,6,17,1,R,14.0,18.0,,,,86016,0.0,28.0
1593,1595,3,1,84,40,24,2,6,17,1,R,15.0,12.0,,,,86496,0.0,28.0
1594,1596,26,1,84,40,24,2,6,17,1,R,16.0,14.0,,,,87043,0.0,28.0
1595,1597,15,6,84,40,24,2,6,17,1,R,17.0,15.0,,,,92523,0.0,28.0
1596,1598,5,2,84,40,24,2,6,17,1,R,18.0,17.0,,,,108091,0.0,28.0
1597,1599,22,5,84,40,24,2,2,17,2,R,19.0,3.0,,,,,0.0,0.0
1598,1600,1,10,84,40,24,2,9,17,2,R,20.0,16.0,,,,,0.0,0.0
1599,1601,22,5,41,41,5,2,11,3,1,Q,1.0,,95297.0,95590.0,94356.0,0,,
1600,1602,12,5,41,41,5,2,11,3,1,Q,2.0,,95795.0,95246.0,94421.0,,,
1601,1603,13,9,41,41,5,2,11,3,1,Q,3.0,,95864.0,95294.0,94448.0,,,
1602,1604,18,9,41,41,5,2,11,3,1,Q,4.0,,96163.0,95864.0,94645.0,,,
1603,1605,7,8,41,41,5,2,11,3,1,Q,5.0,,96148.0,95732.0,94947.0,,,
1604,1606,21,8,41,41,5,2,11,3,1,Q,6.0,,96195.0,95692.0,94988.0,,,
1605,1607,23,4,41,41,5,2,11,3,1,Q,7.0,,96860.0,96032.0,95598.0,,,
1606,1608,16,7,41,41,5,2,11,3,1,Q,8.0,,96465.0,96341.0,95690.0,,,
1607,1609,2,3,41,41,5,2,11,3,1,Q,9.0,,96446.0,95988.0,95876.0,,,
1608,1610,3,1,41,41,5,2,11,3,1,Q,10.0,,96746.0,96321.0,96319.0,,,
1609,1611,1,10,41,41,5,2,11,3,1,Q,11.0,,96932.0,96368.0,,,,
1610,1612,25,4,41,41,5,2,11,3,1,Q,12.0,,96695.0,96398.0,,,,
1611,1613,5,2,41,41,5,2,11,3,1,Q,13.0,,96577.0,96740.0,,,,
1612,1614,26,1,41,41,5,2,11,3,1,Q,14.0,,96656.0,96970.0,,,,
1613,1615,24,2,41,41,5,2,11,3,1,Q,15.0,,96808.0,97147.0,,,,
1614,1616,9,6,41,41,5,2,11,3,1,Q,16.0,,96949.0,,,,,
1615,1617,20,7,41,41,5,2,11,3,1,Q,17.0,,97046.0,,,,,
1616,1618,17,3,41,41,5,2,11,3,1,Q,18.0,,97068.0,,,,,
1617,1619,15,6,41,41,5,2,11,3,1,Q,19.0,,97111.0,,,,,
1618,1620,11,10,41,41,5,2,11,3,1,Q,20.0,,97244.0,,,,,
1619,1621,13,9,85,41,5,2,6,3,1,R,1.0,2.0,,,,0,25.0,56.0
1620,1622,7,8,85,41,5,2,6,3,1,R,2.0,3.0,,,,5023,18.0,56.0
1621,1623,12,5,85,41,5,2,6,3,1,R,3.0,12.0,,,,7501,15.0,56.0
1622,1624,18,9,85,41,5,2,6,3,1,R,4.0,9.0,,,,8293,12.0,56.0
1623,1625,21,8,85,41,5,2,6,3,1,R,5.0,4.0,,,,44815,11.0,56.0
1624,1626,16,7,85,41,5,2,6,3,1,R,6.0,6.0,,,,53785,8.0,56.0
1625,1627,2,3,85,41,5,2,6,3,1,R,7.0,14.0,,,,55078,6.0,56.0
1626,1628,25,4,85,41,5,2,6,3,1,R,8.0,10.0,,,,65354,4.0,56.0
1627,1629,9,6,85,41,5,2,6,3,1,R,9.0,13.0,,,,65834,2.0,56.0
1628,1630,24,2,85,41,5,2,6,3,1,R,10.0,19.0,,,,70919,1.0,56.0
1629,1631,17,3,85,41,5,2,6,3,1,R,11.0,0.0,,,,72875,0.0,56.0
1630,1632,26,1,85,41,5,2,6,3,1,R,12.0,18.0,,,,76164,0.0,56.0
1631,1633,1,10,85,41,5,2,6,3,1,R,13.0,8.0,,,,80057,0.0,56.0
1632,1634,5,2,85,41,5,2,6,3,1,R,14.0,11.0,,,,81763,0.0,56.0
1633,1635,15,6,85,41,5,2,6,3,1,R,15.0,16.0,,,,84490,0.0,56.0
1634,1636,20,7,85,41,5,2,6,3,1,R,16.0,15.0,,,,90487,0.0,56.0
1635,1637,11,10,85,41,5,2,6,3,1,R,17.0,17.0,,,,103588,0.0,56.0
1636,1638,23,4,85,41,5,2,4,3,2,R,18.0,5.0,,,,,0.0,21.0
1637,1639,3,1,85,41,5,2,2,3,2,R,19.0,7.0,,,,,0.0,16.0
1638,1640,22,5,85,41,5,2,4,3,2,R,20.0,1.0,,,,,0.0,1.0
1639,1641,13,9,42,42,14,2,11,9,1,Q,1.0,,79222.0,78566.0,77775.0,0,,
1640,1642,21,8,42,42,14,2,11,9,1,Q,2.0,,79583.0,78565.0,78079.0,,,
1641,1643,7,8,42,42,14,2,11,9,1,Q,3.0,,79169.0,78552.0,78084.0,,,
1642,1644,18,9,42,42,14,2,11,9,1,Q,4.0,,79706.0,78615.0,78128.0,,,
1643,1645,22,5,42,42,14,2,11,9,1,Q,5.0,,79566.0,78560.0,78351.0,,,
1644,1646,3,1,42,42,14,2,11,9,1,Q,6.0,,79523.0,78762.0,78401.0,,,
1645,1647,12,5,42,42,14,2,11,9,1,Q,7.0,,79505.0,79109.0,78555.0,,,
1646,1648,16,7,42,42,14,2,11,9,1,Q,8.0,,79857.0,79119.0,78721.0,,,
1647,1649,2,3,42,42,14,2,11,9,1,Q,9.0,,80006.0,79272.0,78939.0,,,
1648,1650,17,3,42,42,14,2,11,9,1,Q,10.0,,79945.0,79081.0,79010.0,,,
1649,1651,20,7,42,42,14,2,11,9,1,Q,11.0,,80279.0,79325.0,,,,
1650,1652,26,1,42,42,14,2,11,9,1,Q,12.0,,80283.0,79476.0,,,,
1651,1653,24,2,42,42,14,2,11,9,1,Q,13.0,,79907.0,79589.0,,,,
1652,1654,5,2,42,42,14,2,11,9,1,Q,14.0,,80256.0,79672.0,,,,
1653,1655,9,6,42,42,14,2,11,9,1,Q,15.0,,80293.0,79833.0,,,,
1654,1656,15,6,42,42,14,2,11,9,1,Q,16.0,,80419.0,,,,,
1655,1657,25,4,42,42,14,2,11,9,1,Q,17.0,,80419.0,,,,,
1656,1658,23,4,42,42,14,2,11,9,1,Q,18.0,,80520.0,,,,,
1657,1659,1,10,42,42,14,2,11,9,1,Q,19.0,,80859.0,,,,,
1658,1660,11,10,42,42,14,2,11,9,1,Q,20.0,,81167.0,,,,,
1659,1661,13,9,86,42,14,2,6,12,1,R,1.0,1.0,,,,0,25.0,71.0
1660,1662,7,8,86,42,14,2,6,12,1,R,2.0,3.0,,,,15186,18.0,71.0
1661,1663,18,9,86,42,14,2,6,12,1,R,3.0,4.0,,,,18097,15.0,71.0
1662,1664,21,8,86,42,14,2,6,12,1,R,4.0,2.0,,,,49431,13.0,71.0
1663,1665,22,5,86,42,14,2,6,12,1,R,5.0,5.0,,,,58123,10.0,71.0
1664,1666,12,5,86,42,14,2,6,12,1,R,6.0,7.0,,,,68774,8.0,71.0
1665,1667,20,7,86,42,14,2,7,12,2,R,7.0,11.0,,,,,6.0,70.0
1666,1668,17,3,86,42,14,2,7,12,2,R,8.0,10.0,,,,,4.0,70.0
1667,1669,16,7,86,42,14,2,7,12,2,R,9.0,8.0,,,,,2.0,70.0
1668,1670,3,1,86,42,14,2,7,12,2,R,10.0,6.0,,,,,1.0,70.0
1669,1671,5,2,86,42,14,2,7,12,2,R,11.0,14.0,,,,,0.0,70.0
1670,1672,1,10,86,42,14,2,7,12,2,R,12.0,17.0,,,,,0.0,70.0
1671,1673,26,1,86,42,14,2,7,12,2,R,13.0,12.0,,,,,0.0,70.0
1672,1674,25,4,86,42,14,2,7,12,2,R,14.0,16.0,,,,,0.0,70.0
1673,1675,23,4,86,42,14,2,7,12,2,R,15.0,20.0,,,,,0.0,70.0
1674,1676,15,6,86,42,14,2,7,12,2,R,16.0,15.0,,,,,0.0,70.0
1675,1677,9,6,86,42,14,2,7,12,2,R,17.0,19.0,,,,,0.0,70.0
1676,1678,11,10,86,42,14,2,7,12,2,R,18.0,18.0,,,,,0.0,69.0
1677,1679,2,3,86,42,14,2,15,12,2,R,19.0,9.0,,,,,0.0,63.0
1678,1680,24,2,86,42,14,2,4,12,2,R,20.0,13.0,,,,,0.0,50.0
1679,1681,9,6,43,43,9,2,11,16,1,Q,1.0,,73954.0,71410.0,71674.0,0,,
1680,1682,13,9,43,43,9,2,11,16,1,Q,2.0,,73625.0,70881.0,71877.0,,,
1681,1683,21,8,43,43,9,2,11,16,1,Q,3.0,,74427.0,71318.0,72059.0,,,
1682,1684,16,7,43,43,9,2,11,16,1,Q,4.0,,73106.0,71377.0,72263.0,,,
1683,1685,22,5,43,43,9,2,11,16,1,Q,5.0,,74680.0,70890.0,72357.0,,,
1684,1686,17,3,43,43,9,2,11,16,1,Q,6.0,,74663.0,71587.0,72425.0,,,
1685,1687,2,3,43,43,9,2,11,16,1,Q,7.0,,73542.0,71394.0,72504.0,,,
1686,1688,7,8,43,43,9,2,11,16,1,Q,8.0,,73403.0,71539.0,72611.0,,,
1687,1689,18,9,43,43,9,2,11,16,1,Q,9.0,,73613.0,71456.0,75601.0,,,
1688,1690,12,5,43,43,9,2,11,16,3,Q,10.0,,74486.0,70950.0,,,,
1689,1691,1,10,43,43,9,2,11,16,1,Q,11.0,,74324.0,71631.0,,,,
1690,1692,5,2,43,43,9,2,11,16,1,Q,12.0,,74371.0,71675.0,,,,
1691,1693,25,4,43,43,9,2,11,16,1,Q,13.0,,73597.0,71678.0,,,,
1692,1694,20,7,43,43,9,2,11,16,1,Q,14.0,,74931.0,72140.0,,,,
1693,1695,23,4,43,43,9,2,11,16,1,Q,15.0,,74398.0,72210.0,,,,
1694,1696,11,10,43,43,9,2,11,16,1,Q,16.0,,75095.0,,,,,
1695,1697,26,1,43,43,9,2,11,16,1,Q,17.0,,75197.0,,,,,
1696,1698,3,1,43,43,9,2,11,16,1,Q,18.0,,75486.0,,,,,
1697,1699,24,2,43,43,9,2,11,16,1,Q,19.0,,76264.0,,,,,
1698,1700,15,6,43,43,9,2,11,16,1,Q,20.0,,76361.0,,,,,
1699,1701,21,8,87,43,9,2,6,9,1,R,1.0,1.0,,,,0,26.0,71.0
1700,1702,7,8,87,43,9,2,6,9,1,R,2.0,2.0,,,,1529,18.0,71.0
1701,1703,22,5,87,43,9,2,6,9,1,R,3.0,7.0,,,,4051,15.0,71.0
1702,1704,12,5,87,43,9,2,6,9,1,R,4.0,5.0,,,,8441,12.0,71.0
1703,1705,2,3,87,43,9,2,6,9,1,R,5.0,17.0,,,,9561,10.0,71.0
1704,1706,13,9,87,43,9,2,6,9,1,R,6.0,3.0,,,,10056,8.0,71.0
1705,1707,18,9,87,43,9,2,6,9,1,R,7.0,4.0,,,,14080,6.0,71.0
1706,1708,17,3,87,43,9,2,6,9,1,R,8.0,16.0,,,,18690,4.0,71.0
1707,1709,3,1,87,43,9,2,6,9,1,R,9.0,14.0,,,,22552,2.0,71.0
1708,1710,23,4,87,43,9,2,6,9,1,R,10.0,15.0,,,,23552,1.0,71.0
1709,1711,25,4,87,43,9,2,6,9,1,R,11.0,9.0,,,,26183,0.0,71.0
1710,1712,26,1,87,43,9,2,6,9,1,R,12.0,13.0,,,,29325,0.0,71.0
1711,1713,15,6,87,43,9,2,6,9,1,R,13.0,12.0,,,,29899,0.0,71.0
1712,1714,5,2,87,43,9,2,6,9,1,R,14.0,10.0,,,,31867,0.0,71.0
1713,1715,1,10,87,43,9,2,6,9,1,R,15.0,19.0,,,,36016,0.0,71.0
1714,1716,11,10,87,43,9,2,6,9,1,R,16.0,18.0,,,,37038,0.0,71.0
1715,1717,24,2,87,43,9,2,7,9,2,R,17.0,0.0,,,,,0.0,70.0
1716,1718,16,7,87,43,9,2,9,9,2,R,18.0,6.0,,,,,0.0,50.0
1717,1719,9,6,87,43,9,2,4,9,2,R,19.0,8.0,,,,,0.0,0.0
1718,1720,20,7,87,43,9,2,4,9,2,R,20.0,11.0,,,,,0.0,0.0
1719,1721,13,9,44,44,25,2,11,4,1,Q,1.0,,84754.0,84622.0,83824.0,0,,
1720,1722,18,9,44,44,25,2,11,4,1,Q,2.0,,84820.0,84419.0,84052.0,,,
1721,1723,12,5,44,44,25,2,11,4,1,Q,3.0,,85211.0,84517.0,84092.0,,,
1722,1724,22,5,44,44,25,2,11,4,1,Q,4.0,,85090.0,84521.0,84242.0,,,
1723,1725,7,8,44,44,25,2,11,4,1,Q,5.0,,85594.0,84774.0,84508.0,,,
1724,1726,21,8,44,44,25,2,11,4,1,Q,6.0,,85545.0,84940.0,84511.0,,,
1725,1727,16,7,44,44,25,2,11,4,1,Q,7.0,,85387.0,84903.0,84769.0,,,
1726,1728,17,3,44,44,25,2,11,4,1,Q,8.0,,85735.0,85007.0,84830.0,,,
1727,1729,25,4,44,44,25,2,11,4,1,Q,9.0,,85523.0,84974.0,84961.0,,,
1728,1730,20,7,44,44,25,2,11,4,1,Q,10.0,,85766.0,85068.0,85045.0,,,
1729,1731,2,3,44,44,25,2,11,4,1,Q,11.0,,85782.0,85096.0,,,,
1730,1732,24,2,44,44,25,2,11,4,1,Q,12.0,,85630.0,85219.0,,,,
1731,1733,15,6,44,44,25,2,11,4,1,Q,13.0,,85711.0,85225.0,,,,
1732,1734,23,4,44,44,25,2,11,4,1,Q,14.0,,85741.0,85359.0,,,,
1733,1735,26,1,44,44,25,2,11,4,1,Q,15.0,,85594.0,85408.0,,,,
1734,1736,9,6,44,44,25,2,11,4,1,Q,16.0,,85834.0,,,,,
1735,1737,5,2,44,44,25,2,11,4,1,Q,17.0,,85859.0,,,,,
1736,1739,1,10,44,44,25,2,11,4,1,Q,19.0,,86028.0,,,,,
1737,1740,11,10,44,44,25,2,11,4,1,Q,20.0,,86054.0,,,,,
1738,1741,13,9,88,44,25,2,6,5,1,R,1.0,1.0,,,,0,25.0,58.0
1739,1742,12,5,88,44,25,2,6,5,1,R,2.0,3.0,,,,8771,18.0,58.0
1740,1743,18,9,88,44,25,2,6,5,1,R,3.0,2.0,,,,10093,15.0,58.0
1741,1744,22,5,88,44,25,2,6,5,1,R,4.0,4.0,,,,24892,12.0,58.0
1742,1745,21,8,88,44,25,2,6,5,1,R,5.0,6.0,,,,35888,10.0,58.0
1743,1746,16,7,88,44,25,2,6,5,1,R,6.0,7.0,,,,56234,9.0,58.0
1744,1747,17,3,88,44,25,2,6,5,1,R,7.0,8.0,,,,57240,6.0,58.0
1745,1748,23,4,88,44,25,2,6,5,1,R,8.0,14.0,,,,76931,4.0,58.0
1746,1749,20,7,88,44,25,2,6,5,1,R,9.0,13.0,,,,83268,2.0,58.0
1747,1750,25,4,88,44,25,2,6,5,1,R,10.0,9.0,,,,83898,1.0,58.0
1748,1751,24,2,88,44,25,2,6,5,1,R,11.0,11.0,,,,89371,0.0,58.0
1749,1752,26,1,88,44,25,2,7,5,2,R,12.0,15.0,,,,,0.0,57.0
1750,1753,1,10,88,44,25,2,7,5,2,R,13.0,19.0,,,,,0.0,57.0
1751,1754,5,2,88,44,25,2,7,5,2,R,14.0,17.0,,,,,0.0,57.0
1752,1755,3,1,88,44,25,2,7,5,2,R,15.0,18.0,,,,,0.0,57.0
1753,1756,15,6,88,44,25,2,7,5,2,R,16.0,12.0,,,,,0.0,57.0
1754,1757,9,6,88,44,25,2,7,5,2,R,17.0,16.0,,,,,0.0,57.0
1755,1758,7,8,88,44,25,2,8,5,2,R,18.0,5.0,,,,,0.0,55.0
1756,1759,11,10,88,44,25,2,3,5,2,R,19.0,20.0,,,,,0.0,55.0
1757,1760,2,3,88,44,25,2,9,5,2,R,20.0,10.0,,,,,0.0,27.0
