result_id,session_id,driver_id,team_id,position,classified_position,grid_position,q1_ms,q2_ms,q3_ms,time_ms,status,points,laps,has_qualifying_information_issue,has_race_context_information_issue
1,1,max_verstappen,red_bull,1.0,,,90499.0,90318.0,88997.0,,,,,False,False
2,1,hamilton,mercedes,2.0,,,90617.0,90085.0,89385.0,,,,,False,False
3,1,bottas,mercedes,3.0,,,91200.0,90186.0,89586.0,,,,,False,False
4,1,leclerc,ferrari,4.0,,,90691.0,90010.0,89678.0,,,,,False,False
5,1,gasly,alphatauri,5.0,,,90848.0,90513.0,89809.0,,,,,False,False
6,1,ricciardo,mclaren,6.0,,,90795.0,90222.0,89927.0,,,,,False,False
7,1,norris,mclaren,7.0,,,90902.0,90099.0,89974.0,,,,,False,False
8,1,sainz,ferrari,8.0,,,91653.0,90009.0,90215.0,,,,,False,False
9,1,alonso,alpine,9.0,,,90863.0,90595.0,90249.0,,,,,False,False
10,1,stroll,aston_martin,10.0,,,91261.0,90624.0,90601.0,,,,,False,False
11,1,perez,red_bull,11.0,,,91165.0,90659.0,,,,,,False,False
12,1,giovinazzi,alfa,12.0,,,90998.0,90708.0,,,,,,False,False
13,1,tsunoda,alphatauri,13.0,,,90607.0,91203.0,,,,,,False,False
14,1,raikkonen,alfa,14.0,,,91547.0,91238.0,,,,,,False,False
15,1,russell,williams,15.0,,,91316.0,93430.0,,,,,,False,False
16,1,ocon,alpine,16.0,,,91724.0,,,,,,,False,False
17,1,latifi,williams,17.0,,,91936.0,,,,,,,False,False
18,1,vettel,aston_martin,18.0,,,92056.0,,,,,,,False,False
19,1,mick_schumacher,haas,19.0,,,92449.0,,,,,,,False,False
20,1,mazepin,haas,20.0,,,93273.0,,,,,,,False,False
21,2,hamilton,mercedes,1.0,1,2.0,,,,5523897.0,Finished,25.0,56.0,False,False
22,2,max_verstappen,red_bull,2.0,2,1.0,,,,745.0,Finished,18.0,56.0,False,False
23,2,bottas,mercedes,3.0,3,3.0,,,,37383.0,Finished,16.0,56.0,False,False
24,2,norris,mclaren,4.0,4,7.0,,,,46466.0,Finished,12.0,56.0,False,False
25,2,perez,red_bull,5.0,5,0.0,,,,52047.0,Finished,10.0,56.0,False,False
26,2,leclerc,ferrari,6.0,6,4.0,,,,59090.0,Finished,8.0,56.0,False,False
27,2,ricciardo,mclaren,7.0,7,6.0,,,,66004.0,Finished,6.0,56.0,False,False
28,2,sainz,ferrari,8.0,8,8.0,,,,67100.0,Finished,4.0,56.0,False,False
29,2,tsunoda,alphatauri,9.0,9,13.0,,,,85692.0,Finished,2.0,56.0,False,False
30,2,stroll,aston_martin,10.0,10,10.0,,,,86713.0,Finished,1.0,56.0,False,False
31,2,raikkonen,alfa,11.0,11,14.0,,,,88864.0,Finished,0.0,56.0,False,False
32,2,giovinazzi,alfa,12.0,12,12.0,,,,,+1 Lap,0.0,55.0,False,True
33,2,ocon,alpine,13.0,13,16.0,,,,,+1 Lap,0.0,55.0,False,True
34,2,russell,williams,14.0,14,15.0,,,,,+1 Lap,0.0,55.0,False,True
35,2,vettel,aston_martin,15.0,15,20.0,,,,,+1 Lap,0.0,55.0,False,True
36,2,mick_schumacher,haas,16.0,16,18.0,,,,,+1 Lap,0.0,55.0,False,True
37,2,gasly,alphatauri,17.0,17,5.0,,,,,Retired,0.0,52.0,False,True
38,2,latifi,williams,18.0,18,17.0,,,,,Retired,0.0,51.0,False,True
39,2,alonso,alpine,19.0,R,9.0,,,,,Brakes,0.0,32.0,False,True
40,2,mazepin,haas,20.0,R,19.0,,,,,Accident,0.0,0.0,False,True
41,3,hamilton,mercedes,1.0,,,74823.0,74817.0,74411.0,,,,,False,False
42,3,perez,red_bull,2.0,,,75395.0,74716.0,74446.0,,,,,False,False
43,3,max_verstappen,red_bull,3.0,,,75109.0,74884.0,74498.0,,,,,False,False
44,3,leclerc,ferrari,4.0,,,75413.0,74808.0,74740.0,,,,,False,False
45,3,gasly,alphatauri,5.0,,,75548.0,74927.0,74790.0,,,,,False,False
46,3,ricciardo,mclaren,6.0,,,75669.0,75033.0,74826.0,,,,,False,False
47,3,norris,mclaren,7.0,,,75009.0,74718.0,74875.0,,,,,False,False
48,3,bottas,mercedes,8.0,,,74672.0,74905.0,74898.0,,,,,False,False
49,3,ocon,alpine,9.0,,,75385.0,75117.0,75210.0,,,,,False,False
50,3,stroll,aston_martin,10.0,,,75522.0,75138.0,,,,,,True,False
51,3,sainz,ferrari,11.0,,,75406.0,75199.0,,,,,,False,False
52,3,russell,williams,12.0,,,75826.0,75261.0,,,,,,False,False
53,3,vettel,aston_martin,13.0,,,75459.0,75394.0,,,,,,False,False
54,3,latifi,williams,14.0,,,75653.0,75593.0,,,,,,False,False
55,3,alonso,alpine,15.0,,,75832.0,75593.0,,,,,,False,False
56,3,raikkonen,alfa,16.0,,,75974.0,,,,,,,False,False
57,3,giovinazzi,alfa,17.0,,,76122.0,,,,,,,False,False
58,3,mick_schumacher,haas,18.0,,,76279.0,,,,,,,False,False
59,3,mazepin,haas,19.0,,,76797.0,,,,,,,False,False
60,3,tsunoda,alphatauri,20.0,,,,,,,,,,True,False
61,4,max_verstappen,red_bull,1.0,1,3.0,,,,7354598.0,Finished,25.0,63.0,False,False
62,4,hamilton,mercedes,2.0,2,1.0,,,,22000.0,Finished,19.0,63.0,False,False
63,4,norris,mclaren,3.0,3,7.0,,,,23702.0,Finished,15.0,63.0,False,False
64,4,leclerc,ferrari,4.0,4,4.0,,,,25579.0,Finished,12.0,63.0,False,False
65,4,sainz,ferrari,5.0,5,11.0,,,,27036.0,Finished,10.0,63.0,False,False
66,4,ricciardo,mclaren,6.0,6,6.0,,,,51220.0,Finished,8.0,63.0,False,False
67,4,gasly,alphatauri,7.0,7,5.0,,,,52818.0,Finished,6.0,63.0,False,False
68,4,stroll,aston_martin,8.0,8,10.0,,,,56909.0,Finished,4.0,63.0,False,False
69,4,ocon,alpine,9.0,9,9.0,,,,65704.0,Finished,2.0,63.0,False,False
70,4,alonso,alpine,10.0,10,15.0,,,,66561.0,Finished,1.0,63.0,False,False
71,4,perez,red_bull,11.0,11,2.0,,,,67151.0,Finished,0.0,63.0,False,False
72,4,tsunoda,alphatauri,12.0,12,20.0,,,,73184.0,Finished,0.0,63.0,False,False
73,4,raikkonen,alfa,13.0,13,16.0,,,,94773.0,Finished,0.0,63.0,False,False
74,4,giovinazzi,alfa,14.0,14,17.0,,,,,+1 Lap,0.0,62.0,False,True
75,4,vettel,aston_martin,15.0,15,0.0,,,,,Gearbox,0.0,61.0,False,True
76,4,mick_schumacher,haas,16.0,16,18.0,,,,,+2 Laps,0.0,61.0,False,True
77,4,mazepin,haas,17.0,17,19.0,,,,,+2 Laps,0.0,61.0,False,True
78,4,bottas,mercedes,18.0,R,8.0,,,,,Collision,0.0,30.0,False,True
79,4,russell,williams,19.0,R,12.0,,,,,Collision,0.0,30.0,False,True
80,4,latifi,williams,20.0,R,14.0,,,,,Collision,0.0,0.0,False,True
81,5,bottas,mercedes,1.0,,,78722.0,78458.0,78348.0,,,,,False,False
82,5,hamilton,mercedes,2.0,,,78857.0,77968.0,78355.0,,,,,False,False
83,5,max_verstappen,red_bull,3.0,,,79485.0,78650.0,78746.0,,,,,False,False
84,5,perez,red_bull,4.0,,,79337.0,78845.0,78890.0,,,,,False,False
85,5,sainz,ferrari,5.0,,,79309.0,78813.0,79039.0,,,,,False,False
86,5,ocon,alpine,6.0,,,79092.0,78586.0,79042.0,,,,,False,False
87,5,norris,mclaren,7.0,,,78794.0,78481.0,79116.0,,,,,False,False
88,5,leclerc,ferrari,8.0,,,79373.0,78769.0,79306.0,,,,,False,False
89,5,gasly,alphatauri,9.0,,,79464.0,79052.0,79475.0,,,,,False,False
90,5,vettel,aston_martin,10.0,,,79403.0,78970.0,79659.0,,,,,False,False
91,5,russell,williams,11.0,,,79797.0,79109.0,,,,,,False,False
92,5,giovinazzi,alfa,12.0,,,79410.0,79216.0,,,,,,False,False
93,5,alonso,alpine,13.0,,,79728.0,79456.0,,,,,,False,False
94,5,tsunoda,alphatauri,14.0,,,79684.0,79463.0,,,,,,False,False
95,5,raikkonen,alfa,15.0,,,79748.0,79812.0,,,,,,False,False
96,5,ricciardo,mclaren,16.0,,,79839.0,,,,,,,False,False
97,5,stroll,aston_martin,17.0,,,79913.0,,,,,,,False,False
98,5,latifi,williams,18.0,,,80285.0,,,,,,,False,False
99,5,mick_schumacher,haas,19.0,,,80452.0,,,,,,,False,False
100,5,mazepin,haas,20.0,,,80912.0,,,,,,,False,False
101,6,hamilton,mercedes,1.0,1,2.0,,,,5671421.0,Finished,25.0,66.0,False,False
102,6,max_verstappen,red_bull,2.0,2,3.0,,,,29148.0,Finished,18.0,66.0,False,False
103,6,bottas,mercedes,3.0,3,1.0,,,,33530.0,Finished,16.0,66.0,False,False
104,6,perez,red_bull,4.0,4,4.0,,,,39735.0,Finished,12.0,66.0,False,False
105,6,norris,mclaren,5.0,5,7.0,,,,51369.0,Finished,10.0,66.0,False,False
106,6,leclerc,ferrari,6.0,6,8.0,,,,55781.0,Finished,8.0,66.0,False,False
107,6,ocon,alpine,7.0,7,6.0,,,,63749.0,Finished,6.0,66.0,False,False
108,6,alonso,alpine,8.0,8,13.0,,,,1808.0,Finished,4.0,66.0,False,False
109,6,ricciardo,mclaren,9.0,9,16.0,,,,75369.0,Finished,2.0,66.0,False,False
110,6,gasly,alphatauri,10.0,10,9.0,,,,76463.0,Finished,1.0,66.0,False,False
111,6,sainz,ferrari,11.0,11,5.0,,,,78955.0,Finished,0.0,66.0,False,False
112,6,giovinazzi,alfa,12.0,12,12.0,,,,,+1 Lap,0.0,65.0,False,True
113,6,vettel,aston_martin,13.0,13,10.0,,,,,+1 Lap,0.0,65.0,False,True
114,6,stroll,aston_martin,14.0,14,17.0,,,,,+1 Lap,0.0,65.0,False,True
115,6,tsunoda,alphatauri,15.0,15,14.0,,,,,+1 Lap,0.0,65.0,False,True
116,6,russell,williams,16.0,16,11.0,,,,,+1 Lap,0.0,65.0,False,True
117,6,mick_schumacher,haas,17.0,17,19.0,,,,,+2 Laps,0.0,64.0,False,True
118,6,latifi,williams,18.0,18,18.0,,,,,+2 Laps,0.0,64.0,False,True
119,6,mazepin,haas,19.0,19,20.0,,,,,+2 Laps,0.0,64.0,False,True
120,6,raikkonen,alfa,20.0,R,15.0,,,,,Collision damage,0.0,1.0,False,True
121,7,hamilton,mercedes,1.0,,,78245.0,77166.0,76741.0,,,,,False,False
122,7,max_verstappen,red_bull,2.0,,,78090.0,76922.0,76777.0,,,,,False,False
123,7,bottas,mercedes,3.0,,,78005.0,77142.0,76873.0,,,,,False,False
124,7,leclerc,ferrari,4.0,,,78041.0,77717.0,77510.0,,,,,False,False
125,7,ocon,alpine,5.0,,,78281.0,77743.0,77580.0,,,,,False,False
126,7,sainz,ferrari,6.0,,,78205.0,77656.0,77620.0,,,,,False,False
127,7,ricciardo,mclaren,7.0,,,78264.0,77719.0,77622.0,,,,,False,False
128,7,perez,red_bull,8.0,,,78203.0,77669.0,77701.0,,,,,False,False
129,7,norris,mclaren,9.0,,,77821.0,77696.0,78010.0,,,,,False,False
130,7,alonso,alpine,10.0,,,78281.0,77966.0,78147.0,,,,,False,False
131,7,stroll,aston_martin,11.0,,,78241.0,77974.0,,,,,,False,False
132,7,gasly,alphatauri,12.0,,,78190.0,77982.0,,,,,,False,False
133,7,vettel,aston_martin,13.0,,,78289.0,78079.0,,,,,,False,False
134,7,giovinazzi,alfa,14.0,,,78549.0,78356.0,,,,,,False,False
135,7,russell,williams,15.0,,,78445.0,79154.0,,,,,,False,False
136,7,tsunoda,alphatauri,16.0,,,78556.0,,,,,,,False,False
137,7,raikkonen,alfa,17.0,,,78917.0,,,,,,,False,False
138,7,mick_schumacher,haas,18.0,,,79117.0,,,,,,,False,False
139,7,latifi,williams,19.0,,,79219.0,,,,,,,False,False
140,7,mazepin,haas,20.0,,,79807.0,,,,,,,False,False
141,8,hamilton,mercedes,1.0,1,1.0,,,,5587680.0,Finished,25.0,66.0,False,False
142,8,max_verstappen,red_bull,2.0,2,2.0,,,,15841.0,Finished,19.0,66.0,False,False
143,8,bottas,mercedes,3.0,3,3.0,,,,26610.0,Finished,15.0,66.0,False,False
144,8,leclerc,ferrari,4.0,4,4.0,,,,54616.0,Finished,12.0,66.0,False,False
145,8,perez,red_bull,5.0,5,8.0,,,,63671.0,Finished,10.0,66.0,False,False
146,8,ricciardo,mclaren,6.0,6,7.0,,,,73768.0,Finished,8.0,66.0,False,False
147,8,sainz,ferrari,7.0,7,6.0,,,,74670.0,Finished,6.0,66.0,False,False
148,8,norris,mclaren,8.0,8,9.0,,,,,+1 Lap,4.0,65.0,False,True
149,8,ocon,alpine,9.0,9,5.0,,,,,+1 Lap,2.0,65.0,False,True
150,8,gasly,alphatauri,10.0,10,12.0,,,,,+1 Lap,1.0,65.0,False,True
151,8,stroll,aston_martin,11.0,11,11.0,,,,,+1 Lap,0.0,65.0,False,True
152,8,raikkonen,alfa,12.0,12,17.0,,,,,+1 Lap,0.0,65.0,False,True
153,8,vettel,aston_martin,13.0,13,13.0,,,,,+1 Lap,0.0,65.0,False,True
154,8,russell,williams,14.0,14,15.0,,,,,+1 Lap,0.0,65.0,False,True
155,8,giovinazzi,alfa,15.0,15,14.0,,,,,+1 Lap,0.0,65.0,False,True
156,8,latifi,williams,16.0,16,19.0,,,,,+1 Lap,0.0,65.0,False,True
157,8,alonso,alpine,17.0,17,10.0,,,,,+1 Lap,0.0,65.0,False,True
158,8,mick_schumacher,haas,18.0,18,18.0,,,,,+2 Laps,0.0,64.0,False,True
159,8,mazepin,haas,19.0,19,20.0,,,,,+2 Laps,0.0,64.0,False,True
160,8,tsunoda,alphatauri,20.0,R,16.0,,,,,Electrical,0.0,6.0,False,True
161,9,leclerc,ferrari,1.0,,,71113.0,70597.0,70346.0,,,,,False,False
162,9,max_verstappen,red_bull,2.0,,,71124.0,70650.0,70576.0,,,,,False,False
163,9,bottas,mercedes,3.0,,,70938.0,70695.0,70601.0,,,,,False,False
164,9,sainz,ferrari,4.0,,,71324.0,70806.0,70611.0,,,,,False,False
165,9,norris,mclaren,5.0,,,71321.0,71031.0,70620.0,,,,,False,False
166,9,gasly,alphatauri,6.0,,,71560.0,71179.0,70900.0,,,,,False,False
167,9,hamilton,mercedes,7.0,,,71622.0,71116.0,71095.0,,,,,False,False
168,9,vettel,aston_martin,8.0,,,72078.0,71309.0,71419.0,,,,,False,False
169,9,perez,red_bull,9.0,,,71644.0,71019.0,71573.0,,,,,False,False
170,9,giovinazzi,alfa,10.0,,,71658.0,71409.0,71779.0,,,,,False,False
171,9,ocon,alpine,11.0,,,71740.0,71486.0,,,,,,False,False
172,9,ricciardo,mclaren,12.0,,,71747.0,71598.0,,,,,,False,False
173,9,stroll,aston_martin,13.0,,,71979.0,71600.0,,,,,,False,False
174,9,raikkonen,alfa,14.0,,,71899.0,71642.0,,,,,,False,False
175,9,russell,williams,15.0,,,72016.0,71830.0,,,,,,False,False
176,9,tsunoda,alphatauri,16.0,,,72096.0,,,,,,,False,False
177,9,alonso,alpine,17.0,,,72205.0,,,,,,,False,False
178,9,latifi,williams,18.0,,,72366.0,,,,,,,False,False
179,9,mazepin,haas,19.0,,,72958.0,,,,,,,False,False
181,10,max_verstappen,red_bull,1.0,1,2.0,,,,5936820.0,Finished,25.0,78.0,False,False
182,10,sainz,ferrari,2.0,2,4.0,,,,8968.0,Finished,18.0,78.0,False,False
183,10,norris,mclaren,3.0,3,5.0,,,,19427.0,Finished,15.0,78.0,False,False
184,10,perez,red_bull,4.0,4,9.0,,,,20490.0,Finished,12.0,78.0,False,False
185,10,vettel,aston_martin,5.0,5,8.0,,,,52591.0,Finished,10.0,78.0,False,False
186,10,gasly,alphatauri,6.0,6,6.0,,,,53896.0,Finished,8.0,78.0,False,False
187,10,hamilton,mercedes,7.0,7,7.0,,,,68231.0,Finished,7.0,78.0,False,False
188,10,stroll,aston_martin,8.0,8,13.0,,,,,+1 Lap,4.0,77.0,False,True
189,10,ocon,alpine,9.0,9,11.0,,,,,+1 Lap,2.0,77.0,False,True
190,10,giovinazzi,alfa,10.0,10,10.0,,,,,+1 Lap,1.0,77.0,False,True
191,10,raikkonen,alfa,11.0,11,14.0,,,,,+1 Lap,0.0,77.0,False,True
192,10,ricciardo,mclaren,12.0,12,12.0,,,,,+1 Lap,0.0,77.0,False,True
193,10,alonso,alpine,13.0,13,17.0,,,,,+1 Lap,0.0,77.0,False,True
194,10,russell,williams,14.0,14,15.0,,,,,+1 Lap,0.0,77.0,False,True
195,10,latifi,williams,15.0,15,18.0,,,,,+1 Lap,0.0,77.0,False,True
196,10,tsunoda,alphatauri,16.0,16,16.0,,,,,+1 Lap,0.0,77.0,False,True
197,10,mazepin,haas,17.0,17,19.0,,,,,+3 Laps,0.0,75.0,False,True
198,10,mick_schumacher,haas,18.0,18,20.0,,,,,+3 Laps,0.0,75.0,False,True
199,10,bottas,mercedes,19.0,R,3.0,,,,,Wheel nut,0.0,29.0,False,True
200,10,leclerc,ferrari,20.0,W,1.0,,,,,Driveshaft,0.0,0.0,False,True
201,11,leclerc,ferrari,1.0,,,102241.0,101659.0,101218.0,,,,,False,False
202,11,hamilton,mercedes,2.0,,,101545.0,101634.0,101450.0,,,,,False,False
203,11,max_verstappen,red_bull,3.0,,,101760.0,101625.0,101563.0,,,,,False,False
204,11,gasly,alphatauri,4.0,,,102288.0,101932.0,101565.0,,,,,False,False
205,11,sainz,ferrari,5.0,,,102121.0,101740.0,101576.0,,,,,False,False
206,11,norris,mclaren,6.0,,,102167.0,101813.0,101747.0,,,,,False,False
207,11,perez,red_bull,7.0,,,101968.0,101630.0,101917.0,,,,,False,False
208,11,tsunoda,alphatauri,8.0,,,102521.0,101654.0,102211.0,,,,,False,False
209,11,alonso,alpine,9.0,,,102934.0,102195.0,102327.0,,,,,False,False
210,11,bottas,mercedes,10.0,,,102701.0,102106.0,102659.0,,,,,False,False
211,11,vettel,aston_martin,11.0,,,102460.0,102224.0,,,,,,False,False
212,11,ocon,alpine,12.0,,,102426.0,102273.0,,,,,,False,False
213,11,ricciardo,mclaren,13.0,,,102304.0,102558.0,,,,,,False,False
214,11,raikkonen,alfa,14.0,,,102923.0,102587.0,,,,,,False,False
215,11,russell,williams,15.0,,,102728.0,102758.0,,,,,,False,False
216,11,latifi,williams,16.0,,,103128.0,,,,,,,False,False
217,11,mick_schumacher,haas,17.0,,,104158.0,,,,,,,False,False
218,11,mazepin,haas,18.0,,,104238.0,,,,,,,False,False
219,11,stroll,aston_martin,19.0,,,,,,,,,,True,False
220,11,giovinazzi,alfa,20.0,,,,,,,,,,True,False
221,12,perez,red_bull,1.0,1,6.0,,,,8016410.0,Finished,25.0,51.0,False,False
222,12,vettel,aston_martin,2.0,2,11.0,,,,1385.0,Finished,18.0,51.0,False,False
223,12,gasly,alphatauri,3.0,3,4.0,,,,2762.0,Finished,15.0,51.0,False,False
224,12,leclerc,ferrari,4.0,4,1.0,,,,3828.0,Finished,12.0,51.0,False,False
225,12,norris,mclaren,5.0,5,9.0,,,,4754.0,Finished,10.0,51.0,False,False
226,12,alonso,alpine,6.0,6,8.0,,,,6382.0,Finished,8.0,51.0,False,False
227,12,tsunoda,alphatauri,7.0,7,7.0,,,,6624.0,Finished,6.0,51.0,False,False
228,12,sainz,ferrari,8.0,8,5.0,,,,7709.0,Finished,4.0,51.0,False,False
229,12,ricciardo,mclaren,9.0,9,13.0,,,,8874.0,Finished,2.0,51.0,False,False
230,12,raikkonen,alfa,10.0,10,14.0,,,,9576.0,Finished,1.0,51.0,False,False
231,12,giovinazzi,alfa,11.0,11,20.0,,,,10254.0,Finished,0.0,51.0,False,False
232,12,bottas,mercedes,12.0,12,10.0,,,,11264.0,Finished,0.0,51.0,False,False
233,12,mick_schumacher,haas,13.0,13,17.0,,,,14241.0,Finished,0.0,51.0,False,False
234,12,mazepin,haas,14.0,14,18.0,,,,14315.0,Finished,0.0,51.0,False,False
235,12,hamilton,mercedes,15.0,15,2.0,,,,17668.0,Finished,0.0,51.0,False,False
236,12,latifi,williams,16.0,16,16.0,,,,43379.0,Finished,0.0,51.0,False,False
237,12,russell,williams,17.0,R,15.0,,,,,Gearbox,0.0,48.0,False,True
238,12,max_verstappen,red_bull,18.0,R,3.0,,,,,Accident,0.0,45.0,False,True
239,12,stroll,aston_martin,19.0,R,19.0,,,,,Accident,0.0,29.0,False,True
240,12,ocon,alpine,20.0,R,12.0,,,,,Turbo,0.0,3.0,False,True
241,13,max_verstappen,red_bull,1.0,,,91001.0,91080.0,89990.0,,,,,False,False
242,13,hamilton,mercedes,2.0,,,91237.0,90788.0,90248.0,,,,,False,False
243,13,bottas,mercedes,3.0,,,91669.0,90735.0,90376.0,,,,,False,False
244,13,perez,red_bull,4.0,,,91560.0,90971.0,90445.0,,,,,False,False
245,13,sainz,ferrari,5.0,,,92079.0,91146.0,90840.0,,,,,False,False
246,13,gasly,alphatauri,6.0,,,91898.0,91353.0,90868.0,,,,,False,False
247,13,leclerc,ferrari,7.0,,,92209.0,91567.0,90987.0,,,,,False,False
248,13,norris,mclaren,8.0,,,91733.0,91542.0,91252.0,,,,,False,False
249,13,alonso,alpine,9.0,,,92158.0,91549.0,91340.0,,,,,False,False
250,13,ricciardo,mclaren,10.0,,,92181.0,91615.0,91382.0,,,,,False,False
251,13,ocon,alpine,11.0,,,92139.0,91736.0,,,,,,False,False
252,13,vettel,aston_martin,12.0,,,92132.0,91767.0,,,,,,False,False
253,13,giovinazzi,alfa,13.0,,,92722.0,91813.0,,,,,,False,False
254,13,russell,williams,14.0,,,93060.0,92065.0,,,,,,False,False
255,13,mick_schumacher,haas,15.0,,,92942.0,,,,,,,True,False
256,13,latifi,williams,16.0,,,93062.0,,,,,,,False,False
257,13,raikkonen,alfa,17.0,,,93354.0,,,,,,,False,False
258,13,mazepin,haas,18.0,,,93554.0,,,,,,,False,False
259,13,stroll,aston_martin,19.0,,,,,,,,,,True,False
260,13,tsunoda,alphatauri,20.0,,,,,,,,,,True,False
261,14,max_verstappen,red_bull,1.0,1,1.0,,,,5245770.0,Finished,26.0,53.0,False,False
262,14,hamilton,mercedes,2.0,2,2.0,,,,2904.0,Finished,18.0,53.0,False,False
263,14,perez,red_bull,3.0,3,4.0,,,,8811.0,Finished,15.0,53.0,False,False
264,14,bottas,mercedes,4.0,4,3.0,,,,14618.0,Finished,12.0,53.0,False,False
265,14,norris,mclaren,5.0,5,8.0,,,,64032.0,Finished,10.0,53.0,False,False
266,14,ricciardo,mclaren,6.0,6,10.0,,,,75857.0,Finished,8.0,53.0,False,False
267,14,gasly,alphatauri,7.0,7,6.0,,,,76596.0,Finished,6.0,53.0,False,False
268,14,alonso,alpine,8.0,8,9.0,,,,77695.0,Finished,4.0,53.0,False,False
269,14,vettel,aston_martin,9.0,9,12.0,,,,79666.0,Finished,2.0,53.0,False,False
270,14,stroll,aston_martin,10.0,10,19.0,,,,91946.0,Finished,1.0,53.0,False,False
271,14,sainz,ferrari,11.0,11,5.0,,,,99337.0,Finished,0.0,53.0,False,False
272,14,russell,williams,12.0,12,14.0,,,,,+1 Lap,0.0,52.0,False,True
273,14,tsunoda,alphatauri,13.0,13,0.0,,,,,+1 Lap,0.0,52.0,False,True
274,14,ocon,alpine,14.0,14,11.0,,,,,+1 Lap,0.0,52.0,False,True
275,14,giovinazzi,alfa,15.0,15,13.0,,,,,+1 Lap,0.0,52.0,False,True
276,14,leclerc,ferrari,16.0,16,7.0,,,,,+1 Lap,0.0,52.0,False,True
277,14,raikkonen,alfa,17.0,17,17.0,,,,,+1 Lap,0.0,52.0,False,True
278,14,latifi,williams,18.0,18,16.0,,,,,+1 Lap,0.0,52.0,False,True
279,14,mick_schumacher,haas,19.0,19,15.0,,,,,+1 Lap,0.0,52.0,False,True
280,14,mazepin,haas,20.0,20,18.0,,,,,+1 Lap,0.0,52.0,False,True
281,15,max_verstappen,red_bull,1.0,,,64489.0,64433.0,63841.0,,,,,False,False
282,15,bottas,mercedes,2.0,,,64537.0,64443.0,64035.0,,,,,False,False
283,15,hamilton,mercedes,3.0,,,64672.0,64512.0,64067.0,,,,,False,False
284,15,norris,mclaren,4.0,,,64584.0,64298.0,64120.0,,,,,False,False
285,15,perez,red_bull,5.0,,,64638.0,64197.0,64168.0,,,,,False,False
286,15,gasly,alphatauri,6.0,,,64765.0,64429.0,64236.0,,,,,False,False
287,15,leclerc,ferrari,7.0,,,64745.0,64646.0,64472.0,,,,,False,False
288,15,tsunoda,alphatauri,8.0,,,64608.0,64631.0,64514.0,,,,,False,False
289,15,alonso,alpine,9.0,,,64971.0,64582.0,64574.0,,,,,False,False
290,15,stroll,aston_martin,10.0,,,64821.0,64663.0,64708.0,,,,,False,False
291,15,russell,williams,11.0,,,65033.0,64671.0,,,,,,False,False
292,15,sainz,ferrari,12.0,,,64859.0,64800.0,,,,,,False,False
293,15,ricciardo,mclaren,13.0,,,65142.0,64808.0,,,,,,False,False
294,15,vettel,aston_martin,14.0,,,65051.0,64875.0,,,,,,False,False
295,15,giovinazzi,alfa,15.0,,,65092.0,64913.0,,,,,,False,False
296,15,latifi,williams,16.0,,,65175.0,,,,,,,False,False
297,15,ocon,alpine,17.0,,,65217.0,,,,,,,False,False
298,15,raikkonen,alfa,18.0,,,65429.0,,,,,,,False,False
299,15,mick_schumacher,haas,19.0,,,66041.0,,,,,,,False,False
300,15,mazepin,haas,20.0,,,66192.0,,,,,,,False,False
301,16,max_verstappen,red_bull,1.0,1,1.0,,,,4938925.0,Finished,25.0,71.0,False,False
302,16,hamilton,mercedes,2.0,2,2.0,,,,35743.0,Finished,19.0,71.0,False,False
303,16,bottas,mercedes,3.0,3,5.0,,,,46907.0,Finished,15.0,71.0,False,False
304,16,perez,red_bull,4.0,4,4.0,,,,47434.0,Finished,12.0,71.0,False,False
305,16,norris,mclaren,5.0,5,3.0,,,,,+1 Lap,10.0,70.0,False,True
306,16,sainz,ferrari,6.0,6,12.0,,,,,+1 Lap,8.0,70.0,False,True
307,16,leclerc,ferrari,7.0,7,7.0,,,,,+1 Lap,6.0,70.0,False,True
308,16,stroll,aston_martin,8.0,8,9.0,,,,,+1 Lap,4.0,70.0,False,True
309,16,alonso,alpine,9.0,9,8.0,,,,,+1 Lap,2.0,70.0,False,True
310,16,tsunoda,alphatauri,10.0,10,11.0,,,,,+1 Lap,1.0,70.0,False,True
311,16,raikkonen,alfa,11.0,11,18.0,,,,,+1 Lap,0.0,70.0,False,True
312,16,vettel,aston_martin,12.0,12,14.0,,,,,+1 Lap,0.0,70.0,False,True
313,16,ricciardo,mclaren,13.0,13,13.0,,,,,+1 Lap,0.0,70.0,False,True
314,16,ocon,alpine,14.0,14,17.0,,,,,+1 Lap,0.0,70.0,False,True
315,16,giovinazzi,alfa,15.0,15,15.0,,,,,+1 Lap,0.0,70.0,False,True
316,16,mick_schumacher,haas,16.0,16,19.0,,,,,+2 Laps,0.0,69.0,False,True
317,16,latifi,williams,17.0,17,16.0,,,,,+3 Laps,0.0,68.0,False,True
318,16,mazepin,haas,18.0,18,20.0,,,,,+3 Laps,0.0,68.0,False,True
319,16,russell,williams,19.0,R,10.0,,,,,Engine,0.0,36.0,False,True
320,16,gasly,alphatauri,20.0,R,6.0,,,,,Collision,0.0,1.0,False,True
321,17,max_verstappen,red_bull,1.0,,,64249.0,63927.0,63720.0,,,,,False,False
322,17,norris,mclaren,2.0,,,64345.0,64415.0,63768.0,,,,,False,False
323,17,perez,red_bull,3.0,,,64833.0,64483.0,63990.0,,,,,False,False
324,17,hamilton,mercedes,4.0,,,64506.0,64258.0,64014.0,,,,,False,False
325,17,bottas,mercedes,5.0,,,64563.0,64376.0,64049.0,,,,,False,False
326,17,gasly,alphatauri,6.0,,,64841.0,64412.0,64107.0,,,,,False,False
327,17,tsunoda,alphatauri,7.0,,,64967.0,64518.0,64273.0,,,,,False,False
328,17,vettel,aston_martin,8.0,,,64846.0,64493.0,64570.0,,,,,False,False
329,17,russell,williams,9.0,,,64907.0,64553.0,64591.0,,,,,False,False
330,17,stroll,aston_martin,10.0,,,64927.0,64547.0,64618.0,,,,,False,False
331,17,sainz,ferrari,11.0,,,64596.0,64559.0,,,,,,False,False
332,17,leclerc,ferrari,12.0,,,64906.0,64600.0,,,,,,False,False
333,17,ricciardo,mclaren,13.0,,,64977.0,64719.0,,,,,,False,False
334,17,alonso,alpine,14.0,,,64472.0,64856.0,,,,,,False,False
335,17,giovinazzi,alfa,15.0,,,64782.0,65083.0,,,,,,False,False
336,17,raikkonen,alfa,16.0,,,65009.0,,,,,,,False,False
337,17,ocon,alpine,17.0,,,65051.0,,,,,,,False,False
338,17,latifi,williams,18.0,,,65195.0,,,,,,,False,False
339,17,mick_schumacher,haas,19.0,,,65427.0,,,,,,,False,False
340,17,mazepin,haas,20.0,,,65951.0,,,,,,,False,False
341,18,max_verstappen,red_bull,1.0,1,1.0,,,,5034543.0,Finished,26.0,71.0,False,False
342,18,bottas,mercedes,2.0,2,5.0,,,,17973.0,Finished,18.0,71.0,False,False
343,18,norris,mclaren,3.0,3,2.0,,,,20019.0,Finished,15.0,71.0,False,False
344,18,hamilton,mercedes,4.0,4,4.0,,,,46452.0,Finished,12.0,71.0,False,False
345,18,sainz,ferrari,5.0,5,10.0,,,,57144.0,Finished,10.0,71.0,False,False
346,18,perez,red_bull,6.0,6,3.0,,,,57915.0,Finished,8.0,71.0,False,False
347,18,ricciardo,mclaren,7.0,7,13.0,,,,60395.0,Finished,6.0,71.0,False,False
348,18,leclerc,ferrari,8.0,8,12.0,,,,61195.0,Finished,4.0,71.0,False,False
349,18,gasly,alphatauri,9.0,9,6.0,,,,61844.0,Finished,2.0,71.0,False,False
350,18,alonso,alpine,10.0,10,14.0,,,,,+1 Lap,1.0,70.0,False,True
351,18,russell,williams,11.0,11,8.0,,,,,+1 Lap,0.0,70.0,False,True
352,18,tsunoda,alphatauri,12.0,12,7.0,,,,,+1 Lap,0.0,70.0,False,True
353,18,stroll,aston_martin,13.0,13,9.0,,,,,+1 Lap,0.0,70.0,False,True
354,18,giovinazzi,alfa,14.0,14,15.0,,,,,+1 Lap,0.0,70.0,False,True
355,18,raikkonen,alfa,15.0,15,16.0,,,,,+1 Lap,0.0,70.0,False,True
356,18,latifi,williams,16.0,16,18.0,,,,,+1 Lap,0.0,70.0,False,True
357,18,vettel,aston_martin,17.0,17,11.0,,,,,Collision,0.0,69.0,False,True
358,18,mick_schumacher,haas,18.0,18,19.0,,,,,+2 Laps,0.0,69.0,False,True
359,18,mazepin,haas,19.0,19,20.0,,,,,+2 Laps,0.0,69.0,False,True
360,18,ocon,alpine,20.0,R,17.0,,,,,Collision,0.0,0.0,False,True
361,19,hamilton,mercedes,1.0,,,86786.0,86023.0,86134.0,,,,,False,False
362,19,max_verstappen,red_bull,2.0,,,86751.0,86315.0,86209.0,,,,,False,False
363,19,bottas,mercedes,3.0,,,87487.0,86764.0,86328.0,,,,,False,False
364,19,leclerc,ferrari,4.0,,,87051.0,86919.0,86828.0,,,,,False,False
365,19,perez,red_bull,5.0,,,87121.0,87073.0,86844.0,,,,,False,False
366,19,norris,mclaren,6.0,,,87444.0,87220.0,86897.0,,,,,False,False
367,19,ricciardo,mclaren,7.0,,,87323.0,87125.0,86899.0,,,,,False,False
368,19,russell,williams,8.0,,,87671.0,87080.0,86971.0,,,,,False,False
369,19,sainz,ferrari,9.0,,,87337.0,86848.0,87007.0,,,,,False,False
370,19,vettel,aston_martin,10.0,,,87493.0,87103.0,87179.0,,,,,False,False
371,19,alonso,alpine,11.0,,,87580.0,87245.0,,,,,,False,False
372,19,gasly,alphatauri,12.0,,,87600.0,87273.0,,,,,,False,False
373,19,ocon,alpine,13.0,,,87415.0,87340.0,,,,,,False,False
374,19,giovinazzi,alfa,14.0,,,87595.0,87617.0,,,,,,False,False
375,19,stroll,aston_martin,15.0,,,88017.0,87665.0,,,,,,False,False
376,19,tsunoda,alphatauri,16.0,,,88043.0,,,,,,,False,False
377,19,raikkonen,alfa,17.0,,,88062.0,,,,,,,False,False
378,19,latifi,williams,18.0,,,88254.0,,,,,,,False,False
379,19,mick_schumacher,haas,19.0,,,88738.0,,,,,,,False,False
380,19,mazepin,haas,20.0,,,89051.0,,,,,,,False,False
381,20,hamilton,mercedes,1.0,1,2.0,,,,7103284.0,Finished,25.0,52.0,False,False
382,20,leclerc,ferrari,2.0,2,4.0,,,,3871.0,Finished,18.0,52.0,False,False
383,20,bottas,mercedes,3.0,3,3.0,,,,11125.0,Finished,15.0,52.0,False,False
384,20,norris,mclaren,4.0,4,5.0,,,,28573.0,Finished,12.0,52.0,False,False
385,20,ricciardo,mclaren,5.0,5,6.0,,,,42624.0,Finished,10.0,52.0,False,False
386,20,sainz,ferrari,6.0,6,10.0,,,,43454.0,Finished,8.0,52.0,False,False
387,20,alonso,alpine,7.0,7,7.0,,,,72093.0,Finished,6.0,52.0,False,False
388,20,stroll,aston_martin,8.0,8,14.0,,,,74289.0,Finished,4.0,52.0,False,False
389,20,ocon,alpine,9.0,9,9.0,,,,76162.0,Finished,2.0,52.0,False,False
390,20,tsunoda,alphatauri,10.0,10,16.0,,,,82065.0,Finished,1.0,52.0,False,False
391,20,gasly,alphatauri,11.0,11,11.0,,,,85327.0,Finished,0.0,52.0,False,False
392,20,russell,williams,12.0,12,12.0,,,,,+1 Lap,0.0,51.0,False,True
393,20,giovinazzi,alfa,13.0,13,15.0,,,,,+1 Lap,0.0,51.0,False,True
394,20,latifi,williams,14.0,14,17.0,,,,,+1 Lap,0.0,51.0,False,True
395,20,raikkonen,alfa,15.0,15,13.0,,,,,+1 Lap,0.0,51.0,False,True
396,20,perez,red_bull,16.0,16,0.0,,,,,+1 Lap,0.0,51.0,False,True
397,20,mazepin,haas,17.0,17,19.0,,,,,+1 Lap,0.0,51.0,False,True
398,20,mick_schumacher,haas,18.0,18,18.0,,,,,+1 Lap,0.0,51.0,False,True
399,20,vettel,aston_martin,19.0,R,8.0,,,,,Retired,0.0,40.0,False,True
400,20,max_verstappen,red_bull,20.0,R,1.0,,,,,Collision,0.0,0.0,False,True
401,21,hamilton,mercedes,1.0,,,76424.0,76553.0,75419.0,,,,,False,False
402,21,bottas,mercedes,2.0,,,76569.0,76702.0,75734.0,,,,,False,False
403,21,max_verstappen,red_bull,3.0,,,76214.0,75650.0,75840.0,,,,,False,False
404,21,perez,red_bull,4.0,,,77233.0,76443.0,76421.0,,,,,False,False
405,21,gasly,alphatauri,5.0,,,76874.0,76394.0,76483.0,,,,,False,False
406,21,norris,mclaren,6.0,,,77081.0,76385.0,76489.0,,,,,False,False
407,21,leclerc,ferrari,7.0,,,77084.0,76574.0,76496.0,,,,,False,False
408,21,ocon,alpine,8.0,,,77367.0,76766.0,76653.0,,,,,False,False
409,21,alonso,alpine,9.0,,,77123.0,76541.0,76715.0,,,,,False,False
410,21,vettel,aston_martin,10.0,,,77105.0,76794.0,76750.0,,,,,False,False
411,21,ricciardo,mclaren,11.0,,,77664.0,76871.0,,,,,,False,False
412,21,stroll,aston_martin,12.0,,,77038.0,76893.0,,,,,,False,False
413,21,raikkonen,alfa,13.0,,,77553.0,77564.0,,,,,,False,False
414,21,giovinazzi,alfa,14.0,,,77776.0,77583.0,,,,,,False,False
415,21,sainz,ferrari,15.0,,,76649.0,,,,,,,True,False
416,21,tsunoda,alphatauri,16.0,,,77919.0,,,,,,,False,False
417,21,russell,williams,17.0,,,77944.0,,,,,,,False,False
418,21,latifi,williams,18.0,,,78036.0,,,,,,,False,False
419,21,mazepin,haas,19.0,,,78922.0,,,,,,,False,False
420,21,mick_schumacher,haas,20.0,,,,,,,,,,True,False
421,22,ocon,alpine,1.0,1,8.0,,,,7483199.0,Finished,25.0,70.0,False,False
422,22,hamilton,mercedes,2.0,2,1.0,,,,2736.0,Finished,18.0,70.0,False,False
423,22,sainz,ferrari,3.0,3,15.0,,,,15018.0,Finished,15.0,70.0,False,False
424,22,alonso,alpine,4.0,4,9.0,,,,15651.0,Finished,12.0,70.0,False,False
425,22,gasly,alphatauri,5.0,5,5.0,,,,63614.0,Finished,11.0,70.0,False,False
426,22,tsunoda,alphatauri,6.0,6,16.0,,,,75803.0,Finished,8.0,70.0,False,False
427,22,latifi,williams,7.0,7,18.0,,,,77910.0,Finished,6.0,70.0,False,False
428,22,russell,williams,8.0,8,17.0,,,,79094.0,Finished,4.0,70.0,False,False
429,22,max_verstappen,red_bull,9.0,9,3.0,,,,80244.0,Finished,2.0,70.0,False,False
430,22,raikkonen,alfa,10.0,10,13.0,,,,,+1 Lap,1.0,69.0,False,True
431,22,ricciardo,mclaren,11.0,11,11.0,,,,,+1 Lap,0.0,69.0,False,True
432,22,mick_schumacher,haas,12.0,12,20.0,,,,,+1 Lap,0.0,69.0,False,True
433,22,giovinazzi,alfa,13.0,13,0.0,,,,,+1 Lap,0.0,69.0,False,True
578,29,giovinazzi,alfa,18.0,,,111023.0,,,,,,,False,False
434,22,mazepin,haas,14.0,R,19.0,,,,,Collision,0.0,3.0,False,True
435,22,norris,mclaren,15.0,R,6.0,,,,,Collision,0.0,2.0,False,True
436,22,bottas,mercedes,16.0,R,2.0,,,,,Collision,0.0,0.0,False,True
437,22,perez,red_bull,17.0,R,4.0,,,,,Collision,0.0,0.0,False,True
438,22,leclerc,ferrari,18.0,R,7.0,,,,,Collision,0.0,0.0,False,True
439,22,stroll,aston_martin,19.0,R,12.0,,,,,Collision,0.0,0.0,False,True
440,22,vettel,aston_martin,20.0,D,10.0,,,,,Disqualified,0.0,70.0,False,True
441,23,max_verstappen,red_bull,1.0,,,118717.0,116559.0,119765.0,,,,,False,False
442,23,russell,williams,2.0,,,119864.0,116950.0,120086.0,,,,,False,False
443,23,hamilton,mercedes,3.0,,,119218.0,116229.0,120099.0,,,,,False,False
444,23,ricciardo,mclaren,4.0,,,121583.0,117127.0,120864.0,,,,,False,False
445,23,vettel,aston_martin,5.0,,,120175.0,116814.0,120935.0,,,,,False,False
446,23,gasly,alphatauri,6.0,,,120387.0,116440.0,121164.0,,,,,False,False
447,23,perez,red_bull,7.0,,,119334.0,116886.0,122112.0,,,,,False,False
448,23,bottas,mercedes,8.0,,,119870.0,116295.0,122502.0,,,,,False,False
449,23,ocon,alpine,9.0,,,121824.0,117354.0,123513.0,,,,,False,False
450,23,norris,mclaren,10.0,,,118301.0,116025.0,,,,,,True,False
451,23,leclerc,ferrari,11.0,,,120728.0,117721.0,,,,,,False,False
452,23,latifi,williams,12.0,,,120966.0,118056.0,,,,,,False,False
453,23,sainz,ferrari,13.0,,,121184.0,118137.0,,,,,,False,False
454,23,alonso,alpine,14.0,,,121653.0,118205.0,,,,,,False,False
455,23,stroll,aston_martin,15.0,,,121597.0,118231.0,,,,,,False,False
456,23,giovinazzi,alfa,16.0,,,122306.0,,,,,,,False,False
457,23,tsunoda,alphatauri,17.0,,,122413.0,,,,,,,False,False
458,23,mick_schumacher,haas,18.0,,,123973.0,,,,,,,False,False
459,23,raikkonen,alfa,19.0,,,124452.0,,,,,,,False,False
460,23,mazepin,haas,20.0,,,124939.0,,,,,,,False,False
461,24,max_verstappen,red_bull,1.0,1,1.0,,,,207071.0,Finished,12.5,1.0,False,False
462,24,russell,williams,2.0,2,2.0,,,,1995.0,Finished,9.0,1.0,False,False
463,24,hamilton,mercedes,3.0,3,3.0,,,,2601.0,Finished,7.5,1.0,False,False
464,24,ricciardo,mclaren,4.0,4,4.0,,,,4496.0,Finished,6.0,1.0,False,False
465,24,vettel,aston_martin,5.0,5,5.0,,,,7479.0,Finished,5.0,1.0,False,False
466,24,gasly,alphatauri,6.0,6,6.0,,,,10177.0,Finished,4.0,1.0,False,False
467,24,ocon,alpine,7.0,7,8.0,,,,11579.0,Finished,3.0,1.0,False,False
468,24,leclerc,ferrari,8.0,8,9.0,,,,12608.0,Finished,2.0,1.0,False,False
469,24,latifi,williams,9.0,9,10.0,,,,15485.0,Finished,1.0,1.0,False,False
470,24,sainz,ferrari,10.0,10,11.0,,,,16166.0,Finished,0.5,1.0,False,False
471,24,alonso,alpine,11.0,11,12.0,,,,20590.0,Finished,0.0,1.0,False,False
472,24,bottas,mercedes,12.0,12,13.0,,,,22414.0,Finished,0.0,1.0,False,False
473,24,giovinazzi,alfa,13.0,13,14.0,,,,24163.0,Finished,0.0,1.0,False,False
474,24,norris,mclaren,14.0,14,15.0,,,,27110.0,Finished,0.0,1.0,False,False
475,24,tsunoda,alphatauri,15.0,15,16.0,,,,28329.0,Finished,0.0,1.0,False,False
476,24,mick_schumacher,haas,16.0,16,17.0,,,,29507.0,Finished,0.0,1.0,False,False
477,24,mazepin,haas,17.0,17,18.0,,,,31993.0,Finished,0.0,1.0,False,False
478,24,raikkonen,alfa,18.0,18,0.0,,,,36054.0,Finished,0.0,1.0,False,False
479,24,perez,red_bull,19.0,19,0.0,,,,38205.0,Finished,0.0,1.0,False,False
480,24,stroll,aston_martin,20.0,20,19.0,,,,44108.0,Finished,0.0,1.0,False,False
481,25,max_verstappen,red_bull,1.0,,,70036.0,69071.0,68885.0,,,,,False,False
482,25,hamilton,mercedes,2.0,,,70114.0,69726.0,68923.0,,,,,False,False
483,25,bottas,mercedes,3.0,,,70219.0,69769.0,69222.0,,,,,False,False
484,25,gasly,alphatauri,4.0,,,70274.0,69541.0,69478.0,,,,,False,False
485,25,leclerc,ferrari,5.0,,,69829.0,69437.0,69527.0,,,,,False,False
486,25,sainz,ferrari,6.0,,,70022.0,69870.0,69537.0,,,,,False,False
487,25,giovinazzi,alfa,7.0,,,70050.0,70033.0,69590.0,,,,,False,False
488,25,ocon,alpine,8.0,,,70179.0,69919.0,69933.0,,,,,False,False
489,25,alonso,alpine,9.0,,,70435.0,70020.0,69956.0,,,,,False,False
490,25,ricciardo,mclaren,10.0,,,70255.0,69865.0,70166.0,,,,,False,False
491,25,russell,williams,11.0,,,70382.0,70332.0,,,,,,False,False
492,25,stroll,aston_martin,12.0,,,70438.0,70367.0,,,,,,False,False
493,25,norris,mclaren,13.0,,,70489.0,70406.0,,,,,,False,False
494,25,latifi,williams,14.0,,,70093.0,71161.0,,,,,,False,False
495,25,tsunoda,alphatauri,15.0,,,70462.0,71314.0,,,,,,False,False
496,25,perez,red_bull,16.0,,,70530.0,,,,,,,False,False
497,25,vettel,aston_martin,17.0,,,70731.0,,,,,,,False,False
498,25,kubica,alfa,18.0,,,71301.0,,,,,,,False,False
499,25,mick_schumacher,haas,19.0,,,71387.0,,,,,,,False,False
500,25,mazepin,haas,20.0,,,71875.0,,,,,,,False,False
501,26,max_verstappen,red_bull,1.0,1,1.0,,,,5405395.0,Finished,25.0,72.0,False,False
502,26,hamilton,mercedes,2.0,2,2.0,,,,20932.0,Finished,19.0,72.0,False,False
503,26,bottas,mercedes,3.0,3,3.0,,,,56460.0,Finished,15.0,72.0,False,False
504,26,gasly,alphatauri,4.0,4,4.0,,,,,+1 Lap,12.0,71.0,False,True
505,26,leclerc,ferrari,5.0,5,5.0,,,,,+1 Lap,10.0,71.0,False,True
506,26,alonso,alpine,6.0,6,9.0,,,,,+1 Lap,8.0,71.0,False,True
507,26,sainz,ferrari,7.0,7,6.0,,,,,+1 Lap,6.0,71.0,False,True
508,26,perez,red_bull,8.0,8,0.0,,,,,+1 Lap,4.0,71.0,False,True
509,26,ocon,alpine,9.0,9,8.0,,,,,+1 Lap,2.0,71.0,False,True
510,26,norris,mclaren,10.0,10,13.0,,,,,+1 Lap,1.0,71.0,False,True
511,26,ricciardo,mclaren,11.0,11,10.0,,,,,+1 Lap,0.0,71.0,False,True
512,26,stroll,aston_martin,12.0,12,12.0,,,,,+2 Laps,0.0,70.0,False,True
513,26,vettel,aston_martin,13.0,13,15.0,,,,,+2 Laps,0.0,70.0,False,True
514,26,giovinazzi,alfa,14.0,14,7.0,,,,,+2 Laps,0.0,70.0,False,True
515,26,kubica,alfa,15.0,15,16.0,,,,,+2 Laps,0.0,70.0,False,True
516,26,latifi,williams,16.0,16,0.0,,,,,+2 Laps,0.0,70.0,False,True
517,26,russell,williams,17.0,17,11.0,,,,,Gearbox,0.0,69.0,False,True
518,26,mick_schumacher,haas,18.0,18,17.0,,,,,+3 Laps,0.0,69.0,False,True
519,26,tsunoda,alphatauri,19.0,R,14.0,,,,,Power Unit,0.0,48.0,False,True
520,26,mazepin,haas,20.0,R,18.0,,,,,Hydraulics,0.0,41.0,False,True
521,27,bottas,mercedes,1.0,,,80685.0,80032.0,79555.0,,,,,False,False
522,27,hamilton,mercedes,2.0,,,80543.0,79936.0,79651.0,,,,,False,False
523,27,max_verstappen,red_bull,3.0,,,81035.0,80229.0,79966.0,,,,,False,False
524,27,norris,mclaren,4.0,,,80916.0,80059.0,79989.0,,,,,False,False
525,27,ricciardo,mclaren,5.0,,,81292.0,80435.0,79995.0,,,,,False,False
526,27,gasly,alphatauri,6.0,,,81440.0,80556.0,80260.0,,,,,False,False
527,27,sainz,ferrari,7.0,,,81118.0,80750.0,80462.0,,,,,False,False
528,27,leclerc,ferrari,8.0,,,81219.0,80767.0,80510.0,,,,,False,False
529,27,perez,red_bull,9.0,,,81308.0,80882.0,80611.0,,,,,False,False
530,27,giovinazzi,alfa,10.0,,,81197.0,80726.0,80808.0,,,,,False,False
531,27,vettel,aston_martin,11.0,,,81394.0,80913.0,,,,,,False,False
532,27,stroll,aston_martin,12.0,,,81415.0,81020.0,,,,,,False,False
533,27,alonso,alpine,13.0,,,81487.0,81069.0,,,,,,False,False
534,27,ocon,alpine,14.0,,,81500.0,81103.0,,,,,,False,False
535,27,russell,williams,15.0,,,81890.0,81392.0,,,,,,False,False
536,27,latifi,williams,16.0,,,81925.0,,,,,,,False,False
537,27,tsunoda,alphatauri,17.0,,,81973.0,,,,,,,False,False
538,27,mick_schumacher,haas,18.0,,,82248.0,,,,,,,False,False
539,27,kubica,alfa,19.0,,,82530.0,,,,,,,False,False
540,27,mazepin,haas,20.0,,,82716.0,,,,,,,False,False
541,28,ricciardo,mclaren,1.0,1,2.0,,,,4914365.0,Finished,26.0,53.0,False,False
542,28,norris,mclaren,2.0,2,3.0,,,,1747.0,Finished,18.0,53.0,False,False
543,28,bottas,mercedes,3.0,3,19.0,,,,4921.0,Finished,15.0,53.0,False,False
544,28,leclerc,ferrari,4.0,4,5.0,,,,7309.0,Finished,12.0,53.0,False,False
545,28,perez,red_bull,5.0,5,8.0,,,,8723.0,Finished,10.0,53.0,False,False
546,28,sainz,ferrari,6.0,6,6.0,,,,10535.0,Finished,8.0,53.0,False,False
547,28,stroll,aston_martin,7.0,7,9.0,,,,15804.0,Finished,6.0,53.0,False,False
548,28,alonso,alpine,8.0,8,10.0,,,,17201.0,Finished,4.0,53.0,False,False
549,28,russell,williams,9.0,9,14.0,,,,19742.0,Finished,2.0,53.0,False,False
550,28,ocon,alpine,10.0,10,12.0,,,,20868.0,Finished,1.0,53.0,False,False
551,28,latifi,williams,11.0,11,13.0,,,,23743.0,Finished,0.0,53.0,False,False
552,28,vettel,aston_martin,12.0,12,11.0,,,,24621.0,Finished,0.0,53.0,False,False
553,28,giovinazzi,alfa,13.0,13,7.0,,,,27216.0,Finished,0.0,53.0,False,False
554,28,kubica,alfa,14.0,14,17.0,,,,29769.0,Finished,0.0,53.0,False,False
555,28,mick_schumacher,haas,15.0,15,18.0,,,,51088.0,Finished,0.0,53.0,False,False
556,28,mazepin,haas,16.0,R,16.0,,,,,Power Unit,0.0,41.0,False,True
557,28,hamilton,mercedes,17.0,R,4.0,,,,,Collision,0.0,25.0,False,True
558,28,max_verstappen,red_bull,18.0,R,1.0,,,,,Collision,0.0,25.0,False,True
559,28,gasly,alphatauri,19.0,R,0.0,,,,,Suspension,0.0,3.0,False,True
560,28,tsunoda,alphatauri,20.0,W,0.0,,,,,Brakes,0.0,0.0,False,True
561,29,norris,mclaren,1.0,,,107238.0,105827.0,101993.0,,,,,False,False
562,29,sainz,ferrari,2.0,,,107924.0,106521.0,102510.0,,,,,False,False
563,29,russell,williams,3.0,,,108303.0,106435.0,102983.0,,,,,False,False
564,29,hamilton,mercedes,4.0,,,105992.0,105129.0,104050.0,,,,,False,False
565,29,ricciardo,mclaren,5.0,,,108345.0,106361.0,104156.0,,,,,False,False
566,29,alonso,alpine,6.0,,,107877.0,105514.0,104204.0,,,,,False,False
567,29,bottas,mercedes,7.0,,,106396.0,105306.0,104710.0,,,,,False,False
568,29,stroll,aston_martin,8.0,,,108322.0,106360.0,104956.0,,,,,False,False
569,29,perez,red_bull,9.0,,,106455.0,105834.0,105337.0,,,,,False,False
570,29,ocon,alpine,10.0,,,108099.0,106070.0,105865.0,,,,,False,False
571,29,vettel,aston_martin,11.0,,,107205.0,106573.0,,,,,,False,False
572,29,gasly,alphatauri,12.0,,,107828.0,106641.0,,,,,,False,False
573,29,tsunoda,alphatauri,13.0,,,108854.0,106751.0,,,,,,False,False
574,29,latifi,williams,14.0,,,108252.0,,,,,,,True,False
575,29,leclerc,ferrari,15.0,,,108470.0,,,,,,,True,False
576,29,raikkonen,alfa,16.0,,,109586.0,,,,,,,False,False
577,29,mick_schumacher,haas,17.0,,,109830.0,,,,,,,False,False
579,29,mazepin,haas,19.0,,,113764.0,,,,,,,False,False
580,29,max_verstappen,red_bull,20.0,,,,,,,,,,True,False
581,30,hamilton,mercedes,1.0,1,4.0,,,,5441001.0,Finished,25.0,53.0,False,False
582,30,max_verstappen,red_bull,2.0,2,20.0,,,,53271.0,Finished,18.0,53.0,False,False
583,30,sainz,ferrari,3.0,3,2.0,,,,62475.0,Finished,15.0,53.0,False,False
584,30,ricciardo,mclaren,4.0,4,5.0,,,,65607.0,Finished,12.0,53.0,False,False
585,30,bottas,mercedes,5.0,5,16.0,,,,67533.0,Finished,10.0,53.0,False,False
586,30,alonso,alpine,6.0,6,6.0,,,,81321.0,Finished,8.0,53.0,False,False
587,30,norris,mclaren,7.0,7,1.0,,,,87224.0,Finished,7.0,53.0,False,False
588,30,raikkonen,alfa,8.0,8,13.0,,,,88955.0,Finished,4.0,53.0,False,False
589,30,perez,red_bull,9.0,9,8.0,,,,90076.0,Finished,2.0,53.0,False,False
590,30,russell,williams,10.0,10,3.0,,,,100551.0,Finished,1.0,53.0,False,False
591,30,stroll,aston_martin,11.0,11,7.0,,,,106198.0,Finished,0.0,53.0,False,False
592,30,vettel,aston_martin,12.0,12,10.0,,,,,+1 Lap,0.0,52.0,False,True
593,30,gasly,alphatauri,13.0,13,11.0,,,,,+1 Lap,0.0,52.0,False,True
594,30,ocon,alpine,14.0,14,9.0,,,,,+1 Lap,0.0,52.0,False,True
595,30,leclerc,ferrari,15.0,15,19.0,,,,,+1 Lap,0.0,52.0,False,True
596,30,giovinazzi,alfa,16.0,16,17.0,,,,,+1 Lap,0.0,52.0,False,True
597,30,tsunoda,alphatauri,17.0,17,12.0,,,,,+1 Lap,0.0,52.0,False,True
598,30,mazepin,haas,18.0,18,15.0,,,,,+2 Laps,0.0,51.0,False,True
599,30,latifi,williams,19.0,19,18.0,,,,,Accident,0.0,47.0,False,True
600,30,mick_schumacher,haas,20.0,R,14.0,,,,,Oil leak,0.0,32.0,False,True
601,31,hamilton,mercedes,1.0,,,84585.0,83082.0,82868.0,,,,,False,False
602,31,bottas,mercedes,2.0,,,85047.0,83579.0,82998.0,,,,,False,False
603,31,max_verstappen,red_bull,3.0,,,84592.0,83732.0,83196.0,,,,,False,False
604,31,leclerc,ferrari,4.0,,,84869.0,84015.0,83265.0,,,,,False,False
605,31,gasly,alphatauri,5.0,,,84704.0,83817.0,83326.0,,,,,False,False
606,31,alonso,alpine,6.0,,,85174.0,83914.0,83477.0,,,,,False,False
607,31,perez,red_bull,7.0,,,84963.0,83961.0,83706.0,,,,,False,False
608,31,norris,mclaren,8.0,,,85138.0,84642.0,83954.0,,,,,False,False
609,31,stroll,aston_martin,9.0,,,85511.0,84601.0,84305.0,,,,,False,False
610,31,tsunoda,alphatauri,10.0,,,85409.0,84054.0,84368.0,,,,,False,False
611,31,vettel,aston_martin,11.0,,,85787.0,84795.0,,,,,,False,False
612,31,ocon,alpine,12.0,,,85422.0,84842.0,,,,,,False,False
613,31,russell,williams,13.0,,,85417.0,85007.0,,,,,,False,False
614,31,mick_schumacher,haas,14.0,,,85555.0,85200.0,,,,,,False,False
615,31,sainz,ferrari,15.0,,,85177.0,,,,,,,True,False
616,31,ricciardo,mclaren,16.0,,,85881.0,,,,,,,False,False
617,31,latifi,williams,17.0,,,86086.0,,,,,,,False,False
618,31,giovinazzi,alfa,18.0,,,86430.0,,,,,,,False,False
619,31,raikkonen,alfa,19.0,,,87525.0,,,,,,,False,False
620,31,mazepin,haas,20.0,,,88449.0,,,,,,,False,False
621,32,bottas,mercedes,1.0,1,1.0,,,,5464103.0,Finished,26.0,58.0,False,False
622,32,max_verstappen,red_bull,2.0,2,2.0,,,,14584.0,Finished,18.0,58.0,False,False
623,32,perez,red_bull,3.0,3,6.0,,,,33471.0,Finished,15.0,58.0,False,False
624,32,leclerc,ferrari,4.0,4,3.0,,,,37814.0,Finished,12.0,58.0,False,False
625,32,hamilton,mercedes,5.0,5,11.0,,,,41812.0,Finished,10.0,58.0,False,False
626,32,gasly,alphatauri,6.0,6,4.0,,,,44292.0,Finished,8.0,58.0,False,False
627,32,norris,mclaren,7.0,7,7.0,,,,47213.0,Finished,6.0,58.0,False,False
628,32,sainz,ferrari,8.0,8,19.0,,,,51526.0,Finished,4.0,58.0,False,False
629,32,stroll,aston_martin,9.0,9,8.0,,,,82018.0,Finished,2.0,58.0,False,False
630,32,ocon,alpine,10.0,10,12.0,,,,,+1 Lap,1.0,57.0,False,True
631,32,giovinazzi,alfa,11.0,11,16.0,,,,,+1 Lap,0.0,57.0,False,True
632,32,raikkonen,alfa,12.0,12,17.0,,,,,+1 Lap,0.0,57.0,False,True
633,32,ricciardo,mclaren,13.0,13,20.0,,,,,+1 Lap,0.0,57.0,False,True
634,32,tsunoda,alphatauri,14.0,14,9.0,,,,,+1 Lap,0.0,57.0,False,True
635,32,russell,williams,15.0,15,13.0,,,,,+1 Lap,0.0,57.0,False,True
636,32,alonso,alpine,16.0,16,5.0,,,,,+1 Lap,0.0,57.0,False,True
637,32,latifi,williams,17.0,17,15.0,,,,,+1 Lap,0.0,57.0,False,True
638,32,vettel,aston_martin,18.0,18,10.0,,,,,+1 Lap,0.0,57.0,False,True
639,32,mick_schumacher,haas,19.0,19,14.0,,,,,+2 Laps,0.0,56.0,False,True
640,32,mazepin,haas,20.0,20,18.0,,,,,+2 Laps,0.0,56.0,False,True
641,33,max_verstappen,red_bull,1.0,,,94352.0,93464.0,92910.0,,,,,False,False
642,33,hamilton,mercedes,2.0,,,94579.0,93797.0,93119.0,,,,,False,False
643,33,perez,red_bull,3.0,,,94369.0,94178.0,93134.0,,,,,False,False
644,33,bottas,mercedes,4.0,,,94590.0,93959.0,93475.0,,,,,False,False
645,33,leclerc,ferrari,5.0,,,94153.0,93928.0,93606.0,,,,,False,False
646,33,sainz,ferrari,6.0,,,94558.0,94126.0,93792.0,,,,,False,False
647,33,ricciardo,mclaren,7.0,,,94407.0,94643.0,93808.0,,,,,False,False
648,33,norris,mclaren,8.0,,,94551.0,93880.0,93887.0,,,,,False,False
649,33,gasly,alphatauri,9.0,,,94567.0,94583.0,94118.0,,,,,False,False
650,33,tsunoda,alphatauri,10.0,,,95360.0,95137.0,94918.0,,,,,False,False
651,33,ocon,alpine,11.0,,,95747.0,95377.0,,,,,,False,False
652,33,vettel,aston_martin,12.0,,,95281.0,95500.0,,,,,,False,False
653,33,giovinazzi,alfa,13.0,,,95920.0,95794.0,,,,,,False,False
654,33,alonso,alpine,14.0,,,95756.0,104549.0,,,,,,False,False
655,33,russell,williams,15.0,,,95746.0,,,,,,,True,False
656,33,stroll,aston_martin,16.0,,,95983.0,,,,,,,False,False
657,33,latifi,williams,17.0,,,95995.0,,,,,,,False,False
658,33,raikkonen,alfa,18.0,,,96311.0,,,,,,,False,False
659,33,mick_schumacher,haas,19.0,,,96499.0,,,,,,,False,False
660,33,mazepin,haas,20.0,,,96796.0,,,,,,,False,False
661,34,max_verstappen,red_bull,1.0,1,1.0,,,,5676552.0,Finished,25.0,56.0,False,False
662,34,hamilton,mercedes,2.0,2,2.0,,,,1333.0,Finished,19.0,56.0,False,False
663,34,perez,red_bull,3.0,3,3.0,,,,42223.0,Finished,15.0,56.0,False,False
664,34,leclerc,ferrari,4.0,4,4.0,,,,52246.0,Finished,12.0,56.0,False,False
665,34,ricciardo,mclaren,5.0,5,6.0,,,,76854.0,Finished,10.0,56.0,False,False
666,34,bottas,mercedes,6.0,6,9.0,,,,80128.0,Finished,8.0,56.0,False,False
667,34,sainz,ferrari,7.0,7,5.0,,,,83545.0,Finished,6.0,56.0,False,False
668,34,norris,mclaren,8.0,8,7.0,,,,84395.0,Finished,4.0,56.0,False,False
669,34,tsunoda,alphatauri,9.0,9,10.0,,,,,+1 Lap,2.0,55.0,False,True
670,34,vettel,aston_martin,10.0,10,18.0,,,,,+1 Lap,1.0,55.0,False,True
671,34,giovinazzi,alfa,11.0,11,12.0,,,,,+1 Lap,0.0,55.0,False,True
672,34,stroll,aston_martin,12.0,12,13.0,,,,,+1 Lap,0.0,55.0,False,True
673,34,raikkonen,alfa,13.0,13,15.0,,,,,+1 Lap,0.0,55.0,False,True
674,34,russell,williams,14.0,14,20.0,,,,,+1 Lap,0.0,55.0,False,True
675,34,latifi,williams,15.0,15,14.0,,,,,+1 Lap,0.0,55.0,False,True
676,34,mick_schumacher,haas,16.0,16,16.0,,,,,+2 Laps,0.0,54.0,False,True
677,34,mazepin,haas,17.0,17,17.0,,,,,+2 Laps,0.0,54.0,False,True
678,34,alonso,alpine,18.0,R,19.0,,,,,Rear wing,0.0,49.0,False,True
679,34,ocon,alpine,19.0,R,11.0,,,,,Mechanical,0.0,40.0,False,True
680,34,gasly,alphatauri,20.0,R,8.0,,,,,Suspension,0.0,14.0,False,True
681,35,bottas,mercedes,1.0,,,76727.0,76864.0,75875.0,,,,,False,False
682,35,hamilton,mercedes,2.0,,,77207.0,76474.0,76020.0,,,,,False,False
683,35,max_verstappen,red_bull,3.0,,,76788.0,76483.0,76225.0,,,,,False,False
684,35,perez,red_bull,4.0,,,77003.0,77055.0,76342.0,,,,,False,False
685,35,gasly,alphatauri,5.0,,,76908.0,76955.0,76456.0,,,,,False,False
686,35,sainz,ferrari,6.0,,,77517.0,77248.0,76761.0,,,,,False,False
687,35,ricciardo,mclaren,7.0,,,77719.0,77092.0,76763.0,,,,,False,False
688,35,leclerc,ferrari,8.0,,,76748.0,77034.0,76837.0,,,,,False,False
689,35,tsunoda,alphatauri,9.0,,,77330.0,76701.0,77158.0,,,,,False,False
690,35,norris,mclaren,10.0,,,77569.0,77473.0,96830.0,,,,,False,False
691,35,vettel,aston_martin,11.0,,,77502.0,77746.0,,,,,,False,False
692,35,raikkonen,alfa,12.0,,,77606.0,77958.0,,,,,,False,False
693,35,russell,williams,13.0,,,77958.0,78172.0,,,,,,False,False
694,35,giovinazzi,alfa,14.0,,,77897.0,78290.0,,,,,,False,False
695,35,ocon,alpine,15.0,,,78126.0,78405.0,,,,,,False,False
696,35,alonso,alpine,16.0,,,78452.0,,,,,,,False,False
697,35,latifi,williams,17.0,,,78756.0,,,,,,,False,False
698,35,mick_schumacher,haas,18.0,,,78858.0,,,,,,,False,False
699,35,mazepin,haas,19.0,,,79303.0,,,,,,,False,False
700,35,stroll,aston_martin,20.0,,,80873.0,,,,,,,False,False
701,36,max_verstappen,red_bull,1.0,1,3.0,,,,5919086.0,Finished,25.0,71.0,False,False
702,36,hamilton,mercedes,2.0,2,2.0,,,,16555.0,Finished,18.0,71.0,False,False
703,36,perez,red_bull,3.0,3,4.0,,,,17752.0,Finished,15.0,71.0,False,False
704,36,gasly,alphatauri,4.0,4,5.0,,,,63845.0,Finished,12.0,71.0,False,False
705,36,leclerc,ferrari,5.0,5,8.0,,,,81037.0,Finished,10.0,71.0,False,False
706,36,sainz,ferrari,6.0,6,6.0,,,,,+1 Lap,8.0,70.0,False,True
707,36,vettel,aston_martin,7.0,7,9.0,,,,,+1 Lap,6.0,70.0,False,True
708,36,raikkonen,alfa,8.0,8,10.0,,,,,+1 Lap,4.0,70.0,False,True
709,36,alonso,alpine,9.0,9,12.0,,,,,+1 Lap,2.0,70.0,False,True
710,36,norris,mclaren,10.0,10,18.0,,,,,+1 Lap,1.0,70.0,False,True
711,36,giovinazzi,alfa,11.0,11,11.0,,,,,+1 Lap,0.0,70.0,False,True
712,36,ricciardo,mclaren,12.0,12,7.0,,,,,+1 Lap,0.0,70.0,False,True
713,36,ocon,alpine,13.0,13,19.0,,,,,+1 Lap,0.0,70.0,False,True
714,36,stroll,aston_martin,14.0,14,20.0,,,,,+2 Laps,0.0,69.0,False,True
715,36,bottas,mercedes,15.0,15,1.0,,,,,+2 Laps,0.0,69.0,False,True
716,36,russell,williams,16.0,16,16.0,,,,,+2 Laps,0.0,69.0,False,True
717,36,latifi,williams,17.0,17,13.0,,,,,+2 Laps,0.0,69.0,False,True
718,36,mazepin,haas,18.0,18,15.0,,,,,+3 Laps,0.0,68.0,False,True
719,36,mick_schumacher,haas,19.0,R,14.0,,,,,Collision,0.0,0.0,False,True
720,36,tsunoda,alphatauri,20.0,R,17.0,,,,,Collision,0.0,0.0,False,True
721,37,hamilton,mercedes,1.0,,,68733.0,68068.0,67934.0,,,,,False,False
722,37,max_verstappen,red_bull,2.0,,,69329.0,68499.0,68372.0,,,,,False,False
723,37,bottas,mercedes,3.0,,,69040.0,68426.0,68469.0,,,,,False,False
724,37,perez,red_bull,4.0,,,69172.0,68973.0,68483.0,,,,,False,False
725,37,gasly,alphatauri,5.0,,,69347.0,68903.0,68777.0,,,,,False,False
726,37,sainz,ferrari,6.0,,,69046.0,69031.0,68826.0,,,,,False,False
727,37,leclerc,ferrari,7.0,,,69155.0,68859.0,68960.0,,,,,False,False
728,37,norris,mclaren,8.0,,,69365.0,69030.0,68980.0,,,,,False,False
729,37,ricciardo,mclaren,9.0,,,69374.0,69093.0,69039.0,,,,,False,False
730,37,alonso,alpine,10.0,,,69391.0,69137.0,69113.0,,,,,False,False
731,37,ocon,alpine,11.0,,,69430.0,69189.0,,,,,,False,False
732,37,vettel,aston_martin,12.0,,,69451.0,69399.0,,,,,,False,False
733,37,tsunoda,alphatauri,13.0,,,69350.0,69483.0,,,,,,False,False
734,37,raikkonen,alfa,14.0,,,69598.0,69503.0,,,,,,False,False
735,37,giovinazzi,alfa,15.0,,,69342.0,70227.0,,,,,,False,False
736,37,stroll,aston_martin,16.0,,,69663.0,,,,,,,False,False
737,37,latifi,williams,17.0,,,69897.0,,,,,,,False,False
738,37,russell,williams,18.0,,,69953.0,,,,,,,False,False
739,37,mick_schumacher,haas,19.0,,,70329.0,,,,,,,False,False
740,37,mazepin,haas,20.0,,,70589.0,,,,,,,False,False
741,38,hamilton,mercedes,1.0,1,10.0,,,,5542851.0,Finished,25.0,71.0,False,False
742,38,max_verstappen,red_bull,2.0,2,2.0,,,,10496.0,Finished,18.0,71.0,False,False
743,38,bottas,mercedes,3.0,3,1.0,,,,13576.0,Finished,15.0,71.0,False,False
744,38,perez,red_bull,4.0,4,4.0,,,,39940.0,Finished,13.0,71.0,False,False
745,38,leclerc,ferrari,5.0,5,6.0,,,,49517.0,Finished,10.0,71.0,False,False
746,38,sainz,ferrari,6.0,6,3.0,,,,51820.0,Finished,8.0,71.0,False,False
747,38,gasly,alphatauri,7.0,7,7.0,,,,,+1 Lap,6.0,70.0,False,True
748,38,ocon,alpine,8.0,8,8.0,,,,,+1 Lap,4.0,70.0,False,True
749,38,alonso,alpine,9.0,9,12.0,,,,,+1 Lap,2.0,70.0,False,True
750,38,norris,mclaren,10.0,10,5.0,,,,,+1 Lap,1.0,70.0,False,True
751,38,vettel,aston_martin,11.0,11,9.0,,,,,+1 Lap,0.0,70.0,False,True
752,38,raikkonen,alfa,12.0,12,0.0,,,,,+1 Lap,0.0,70.0,False,True
753,38,russell,williams,13.0,13,17.0,,,,,+1 Lap,0.0,70.0,False,True
754,38,giovinazzi,alfa,14.0,14,13.0,,,,,+1 Lap,0.0,70.0,False,True
755,38,tsunoda,alphatauri,15.0,15,15.0,,,,,+1 Lap,0.0,70.0,False,True
756,38,latifi,williams,16.0,16,16.0,,,,,+1 Lap,0.0,70.0,False,True
757,38,mazepin,haas,17.0,17,19.0,,,,,+2 Laps,0.0,69.0,False,True
758,38,mick_schumacher,haas,18.0,18,18.0,,,,,+2 Laps,0.0,69.0,False,True
759,38,ricciardo,mclaren,19.0,R,11.0,,,,,Power loss,0.0,49.0,False,True
760,38,stroll,aston_martin,20.0,R,14.0,,,,,Collision damage,0.0,47.0,False,True
761,39,hamilton,mercedes,1.0,,,81901.0,81682.0,80827.0,,,,,False,False
762,39,max_verstappen,red_bull,2.0,,,81996.0,81984.0,81282.0,,,,,False,False
763,39,bottas,mercedes,3.0,,,82016.0,81991.0,81478.0,,,,,False,False
764,39,gasly,alphatauri,4.0,,,82535.0,81728.0,81640.0,,,,,False,False
765,39,alonso,alpine,5.0,,,82422.0,81894.0,81670.0,,,,,False,False
766,39,norris,mclaren,6.0,,,82839.0,82216.0,81731.0,,,,,False,False
767,39,sainz,ferrari,7.0,,,82304.0,82241.0,81840.0,,,,,False,False
768,39,tsunoda,alphatauri,8.0,,,82458.0,82058.0,81881.0,,,,,False,False
769,39,ocon,alpine,9.0,,,82565.0,82012.0,82028.0,,,,,False,False
770,39,vettel,aston_martin,10.0,,,82549.0,82146.0,82785.0,,,,,False,False
771,39,perez,red_bull,11.0,,,82398.0,82346.0,,,,,,False,False
772,39,stroll,aston_martin,12.0,,,82551.0,82460.0,,,,,,False,False
773,39,leclerc,ferrari,13.0,,,82742.0,82463.0,,,,,,False,False
774,39,ricciardo,mclaren,14.0,,,82688.0,82597.0,,,,,,False,False
775,39,russell,williams,15.0,,,82863.0,82756.0,,,,,,False,False
776,39,raikkonen,alfa,16.0,,,83156.0,,,,,,,False,False
777,39,latifi,williams,17.0,,,83213.0,,,,,,,False,False
778,39,giovinazzi,alfa,18.0,,,83262.0,,,,,,,False,False
779,39,mick_schumacher,haas,19.0,,,83407.0,,,,,,,False,False
780,39,mazepin,haas,20.0,,,85859.0,,,,,,,False,False
781,40,hamilton,mercedes,1.0,1,1.0,,,,5068471.0,Finished,25.0,57.0,False,False
782,40,max_verstappen,red_bull,2.0,2,7.0,,,,25743.0,Finished,19.0,57.0,False,False
783,40,alonso,alpine,3.0,3,3.0,,,,59457.0,Finished,15.0,57.0,False,False
784,40,perez,red_bull,4.0,4,11.0,,,,62306.0,Finished,12.0,57.0,False,False
785,40,ocon,alpine,5.0,5,9.0,,,,80570.0,Finished,10.0,57.0,False,False
786,40,stroll,aston_martin,6.0,6,12.0,,,,81274.0,Finished,8.0,57.0,False,False
787,40,sainz,ferrari,7.0,7,5.0,,,,81911.0,Finished,6.0,57.0,False,False
788,40,leclerc,ferrari,8.0,8,13.0,,,,83126.0,Finished,4.0,57.0,False,False
789,40,norris,mclaren,9.0,9,4.0,,,,,+1 Lap,2.0,56.0,False,True
790,40,vettel,aston_martin,10.0,10,10.0,,,,,+1 Lap,1.0,56.0,False,True
791,40,gasly,alphatauri,11.0,11,2.0,,,,,+1 Lap,0.0,56.0,False,True
792,40,ricciardo,mclaren,12.0,12,14.0,,,,,+1 Lap,0.0,56.0,False,True
793,40,tsunoda,alphatauri,13.0,13,8.0,,,,,+1 Lap,0.0,56.0,False,True
794,40,raikkonen,alfa,14.0,14,16.0,,,,,+1 Lap,0.0,56.0,False,True
795,40,giovinazzi,alfa,15.0,15,18.0,,,,,+1 Lap,0.0,56.0,False,True
796,40,mick_schumacher,haas,16.0,16,19.0,,,,,+1 Lap,0.0,56.0,False,True
797,40,russell,williams,17.0,17,15.0,,,,,+2 Laps,0.0,55.0,False,True
798,40,mazepin,haas,18.0,18,20.0,,,,,+2 Laps,0.0,55.0,False,True
799,40,latifi,williams,19.0,R,17.0,,,,,Puncture,0.0,50.0,False,True
800,40,bottas,mercedes,20.0,R,6.0,,,,,Damage,0.0,48.0,False,True
801,41,hamilton,mercedes,1.0,,,88466.0,87712.0,87511.0,,,,,False,False
802,41,bottas,mercedes,2.0,,,88057.0,88054.0,87622.0,,,,,False,False
803,41,max_verstappen,red_bull,3.0,,,88285.0,87953.0,87653.0,,,,,False,False
804,41,leclerc,ferrari,4.0,,,88310.0,88459.0,88054.0,,,,,False,False
805,41,perez,red_bull,5.0,,,88021.0,87946.0,88123.0,,,,,False,False
806,41,gasly,alphatauri,6.0,,,88401.0,88314.0,88125.0,,,,,False,False
807,41,norris,mclaren,7.0,,,88338.0,88344.0,88180.0,,,,,False,False
808,41,tsunoda,alphatauri,8.0,,,88503.0,88222.0,88442.0,,,,,False,False
809,41,ocon,alpine,9.0,,,88752.0,88574.0,88647.0,,,,,False,False
810,41,giovinazzi,alfa,10.0,,,88899.0,88616.0,88754.0,,,,,False,False
811,41,ricciardo,mclaren,11.0,,,88216.0,88668.0,,,,,,False,False
812,41,raikkonen,alfa,12.0,,,88856.0,88885.0,,,,,,False,False
813,41,alonso,alpine,13.0,,,88944.0,88920.0,,,,,,False,False
814,41,russell,williams,14.0,,,88926.0,89054.0,,,,,,False,False
815,41,sainz,ferrari,15.0,,,88237.0,113652.0,,,,,,False,False
816,41,latifi,williams,16.0,,,89177.0,,,,,,,False,False
817,41,vettel,aston_martin,17.0,,,89198.0,,,,,,,False,False
818,41,stroll,aston_martin,18.0,,,89368.0,,,,,,,False,False
819,41,mick_schumacher,haas,19.0,,,89464.0,,,,,,,False,False
820,41,mazepin,haas,20.0,,,90473.0,,,,,,,False,False
821,42,hamilton,mercedes,1.0,1,1.0,,,,7575118.0,Finished,26.0,50.0,False,False
822,42,max_verstappen,red_bull,2.0,2,3.0,,,,11825.0,Finished,18.0,50.0,False,False
823,42,bottas,mercedes,3.0,3,2.0,,,,27531.0,Finished,15.0,50.0,False,False
824,42,ocon,alpine,4.0,4,9.0,,,,27633.0,Finished,12.0,50.0,False,False
825,42,ricciardo,mclaren,5.0,5,11.0,,,,40121.0,Finished,10.0,50.0,False,False
826,42,gasly,alphatauri,6.0,6,6.0,,,,41613.0,Finished,8.0,50.0,False,False
827,42,leclerc,ferrari,7.0,7,4.0,,,,44475.0,Finished,6.0,50.0,False,False
828,42,sainz,ferrari,8.0,8,15.0,,,,46606.0,Finished,4.0,50.0,False,False
829,42,giovinazzi,alfa,9.0,9,10.0,,,,58505.0,Finished,2.0,50.0,False,False
830,42,norris,mclaren,10.0,10,7.0,,,,61358.0,Finished,1.0,50.0,False,False
831,42,stroll,aston_martin,11.0,11,18.0,,,,77212.0,Finished,0.0,50.0,False,False
832,42,latifi,williams,12.0,12,16.0,,,,83249.0,Finished,0.0,50.0,False,False
833,42,alonso,alpine,13.0,13,13.0,,,,,+1 Lap,0.0,49.0,False,True
834,42,tsunoda,alphatauri,14.0,14,8.0,,,,,+1 Lap,0.0,49.0,False,True
835,42,raikkonen,alfa,15.0,15,12.0,,,,,+1 Lap,0.0,49.0,False,True
836,42,vettel,aston_martin,16.0,R,17.0,,,,,Collision damage,0.0,44.0,False,True
837,42,perez,red_bull,17.0,R,5.0,,,,,Collision,0.0,14.0,False,True
838,42,mazepin,haas,18.0,R,20.0,,,,,Collision,0.0,14.0,False,True
839,42,russell,williams,19.0,R,14.0,,,,,Collision,0.0,14.0,False,True
840,42,mick_schumacher,haas,20.0,R,19.0,,,,,Accident,0.0,8.0,False,True
841,43,max_verstappen,red_bull,1.0,,,83322.0,82800.0,82109.0,,,,,False,False
842,43,hamilton,mercedes,2.0,,,82845.0,83145.0,82480.0,,,,,False,False
843,43,norris,mclaren,3.0,,,83553.0,83256.0,82931.0,,,,,False,False
844,43,perez,red_bull,4.0,,,83350.0,83135.0,82947.0,,,,,False,False
845,43,sainz,ferrari,5.0,,,83624.0,83174.0,82992.0,,,,,False,False
846,43,bottas,mercedes,6.0,,,83117.0,83246.0,83036.0,,,,,False,False
847,43,leclerc,ferrari,7.0,,,83467.0,83202.0,83122.0,,,,,False,False
848,43,tsunoda,alphatauri,8.0,,,83428.0,83404.0,83220.0,,,,,False,False
849,43,ocon,alpine,9.0,,,83764.0,83420.0,83389.0,,,,,False,False
850,43,ricciardo,mclaren,10.0,,,83829.0,83448.0,83409.0,,,,,False,False
851,43,alonso,alpine,11.0,,,83846.0,83460.0,,,,,,False,False
852,43,gasly,alphatauri,12.0,,,83489.0,84043.0,,,,,,False,False
853,43,stroll,aston_martin,13.0,,,84061.0,84066.0,,,,,,False,False
854,43,giovinazzi,alfa,14.0,,,84118.0,84251.0,,,,,,False,False
855,43,vettel,aston_martin,15.0,,,84225.0,84305.0,,,,,,False,False
856,43,latifi,williams,16.0,,,84338.0,,,,,,,False,False
857,43,russell,williams,17.0,,,84423.0,,,,,,,False,False
858,43,raikkonen,alfa,18.0,,,84779.0,,,,,,,False,False
859,43,mick_schumacher,haas,19.0,,,84906.0,,,,,,,False,False
860,43,mazepin,haas,20.0,,,85685.0,,,,,,,False,False
861,44,max_verstappen,red_bull,1.0,1,1.0,,,,5417345.0,Finished,26.0,58.0,False,False
862,44,hamilton,mercedes,2.0,2,2.0,,,,2256.0,Finished,18.0,58.0,False,False
863,44,sainz,ferrari,3.0,3,5.0,,,,5173.0,Finished,15.0,58.0,False,False
864,44,tsunoda,alphatauri,4.0,4,8.0,,,,5692.0,Finished,12.0,58.0,False,False
865,44,gasly,alphatauri,5.0,5,12.0,,,,6531.0,Finished,10.0,58.0,False,False
866,44,bottas,mercedes,6.0,6,6.0,,,,7463.0,Finished,8.0,58.0,False,False
867,44,norris,mclaren,7.0,7,3.0,,,,59200.0,Finished,6.0,58.0,False,False
868,44,alonso,alpine,8.0,8,11.0,,,,61708.0,Finished,4.0,58.0,False,False
869,44,ocon,alpine,9.0,9,9.0,,,,64026.0,Finished,2.0,58.0,False,False
870,44,leclerc,ferrari,10.0,10,7.0,,,,66057.0,Finished,1.0,58.0,False,False
871,44,vettel,aston_martin,11.0,11,15.0,,,,67527.0,Finished,0.0,58.0,False,False
872,44,ricciardo,mclaren,12.0,12,10.0,,,,,+1 Lap,0.0,57.0,False,True
873,44,stroll,aston_martin,13.0,13,13.0,,,,,+1 Lap,0.0,57.0,False,True
874,44,mick_schumacher,haas,14.0,14,19.0,,,,,+1 Lap,0.0,57.0,False,True
875,44,perez,red_bull,15.0,15,4.0,,,,,Engine,0.0,55.0,False,True
876,44,latifi,williams,16.0,R,16.0,,,,,Accident,0.0,50.0,False,True
877,44,giovinazzi,alfa,17.0,R,14.0,,,,,Gearbox,0.0,33.0,False,True
878,44,russell,williams,18.0,R,17.0,,,,,Gearbox,0.0,26.0,False,True
879,44,raikkonen,alfa,19.0,R,18.0,,,,,Brakes,0.0,25.0,False,True
881,45,leclerc,ferrari,1.0,,,91471.0,90932.0,90558.0,,,,,False,False
882,45,max_verstappen,red_bull,2.0,,,91785.0,90757.0,90681.0,,,,,False,False
883,45,sainz,ferrari,3.0,,,91567.0,90787.0,90687.0,,,,,False,False
884,45,perez,red_bull,4.0,,,92311.0,91008.0,90921.0,,,,,False,False
885,45,hamilton,mercedes,5.0,,,92285.0,91048.0,91238.0,,,,,False,False
886,45,bottas,alfa,6.0,,,91919.0,91717.0,91560.0,,,,,False,False
887,45,kevin_magnussen,haas,7.0,,,91955.0,91461.0,91808.0,,,,,False,False
888,45,alonso,alpine,8.0,,,92346.0,91621.0,92195.0,,,,,False,False
889,45,russell,mercedes,9.0,,,92269.0,91252.0,92216.0,,,,,False,False
890,45,gasly,alphatauri,10.0,,,92096.0,91635.0,92338.0,,,,,False,False
891,45,ocon,alpine,11.0,,,92041.0,91782.0,,,,,,False,False
892,45,mick_schumacher,haas,12.0,,,92380.0,91998.0,,,,,,False,False
893,45,norris,mclaren,13.0,,,92239.0,92008.0,,,,,,False,False
894,45,albon,williams,14.0,,,92726.0,92664.0,,,,,,False,False
895,45,zhou,alfa,15.0,,,92493.0,93543.0,,,,,,False,False
896,45,tsunoda,alphatauri,16.0,,,92750.0,,,,,,,False,False
897,45,hulkenberg,aston_martin,17.0,,,92777.0,,,,,,,False,False
898,45,ricciardo,mclaren,18.0,,,92945.0,,,,,,,False,False
899,45,stroll,aston_martin,19.0,,,93032.0,,,,,,,False,False
900,45,latifi,williams,20.0,,,93634.0,,,,,,,False,False
901,46,leclerc,ferrari,1.0,1,1.0,,,,5853584.0,Finished,26.0,57.0,False,False
902,46,sainz,ferrari,2.0,2,3.0,,,,5598.0,Finished,18.0,57.0,False,False
903,46,hamilton,mercedes,3.0,3,5.0,,,,9675.0,Finished,15.0,57.0,False,False
904,46,russell,mercedes,4.0,4,9.0,,,,11211.0,Finished,12.0,57.0,False,False
905,46,kevin_magnussen,haas,5.0,5,7.0,,,,14754.0,Finished,10.0,57.0,False,False
906,46,bottas,alfa,6.0,6,6.0,,,,16119.0,Finished,8.0,57.0,False,False
907,46,ocon,alpine,7.0,7,11.0,,,,19423.0,Finished,6.0,57.0,False,False
908,46,tsunoda,alphatauri,8.0,8,16.0,,,,20386.0,Finished,4.0,57.0,False,False
909,46,alonso,alpine,9.0,9,8.0,,,,22390.0,Finished,2.0,57.0,False,False
910,46,zhou,alfa,10.0,10,15.0,,,,23064.0,Finished,1.0,57.0,False,False
911,46,mick_schumacher,haas,11.0,11,12.0,,,,32574.0,Finished,0.0,57.0,False,False
912,46,stroll,aston_martin,12.0,12,19.0,,,,45873.0,Finished,0.0,57.0,False,False
913,46,albon,williams,13.0,13,14.0,,,,53932.0,Finished,0.0,57.0,False,False
914,46,ricciardo,mclaren,14.0,14,18.0,,,,54975.0,Finished,0.0,57.0,False,False
915,46,norris,mclaren,15.0,15,13.0,,,,56335.0,Finished,0.0,57.0,False,False
916,46,latifi,williams,16.0,16,20.0,,,,61795.0,Finished,0.0,57.0,False,False
917,46,hulkenberg,aston_martin,17.0,17,17.0,,,,63829.0,Finished,0.0,57.0,False,False
918,46,perez,red_bull,18.0,18,4.0,,,,,Fuel pressure,0.0,56.0,False,True
919,46,max_verstappen,red_bull,19.0,19,2.0,,,,,Fuel pressure,0.0,54.0,False,True
920,46,gasly,alphatauri,20.0,R,10.0,,,,,Power Unit,0.0,44.0,False,True
921,47,perez,red_bull,1.0,,,89705.0,88924.0,88200.0,,,,,False,False
922,47,leclerc,ferrari,2.0,,,89039.0,88780.0,88225.0,,,,,False,False
923,47,sainz,ferrari,3.0,,,88855.0,88686.0,88402.0,,,,,False,False
924,47,max_verstappen,red_bull,4.0,,,88928.0,88945.0,88461.0,,,,,False,False
925,47,ocon,alpine,5.0,,,90093.0,89584.0,89068.0,,,,,False,False
926,47,russell,mercedes,6.0,,,89680.0,89618.0,89104.0,,,,,False,False
927,47,alonso,alpine,7.0,,,89978.0,89295.0,89147.0,,,,,False,False
928,47,bottas,alfa,8.0,,,89683.0,89404.0,89183.0,,,,,False,False
929,47,gasly,alphatauri,9.0,,,89891.0,89418.0,89254.0,,,,,False,False
930,47,kevin_magnussen,haas,10.0,,,89831.0,89546.0,89588.0,,,,,False,False
931,47,norris,mclaren,11.0,,,89957.0,89651.0,,,,,,False,False
932,47,ricciardo,mclaren,12.0,,,90009.0,89773.0,,,,,,False,False
933,47,zhou,alfa,13.0,,,89978.0,89819.0,,,,,,False,False
934,47,mick_schumacher,haas,14.0,,,90167.0,89920.0,,,,,,False,False
935,47,stroll,aston_martin,15.0,,,90256.0,91009.0,,,,,,False,False
936,47,hamilton,mercedes,16.0,,,90343.0,,,,,,,False,False
937,47,albon,williams,17.0,,,90492.0,,,,,,,False,False
938,47,hulkenberg,aston_martin,18.0,,,90543.0,,,,,,,False,False
939,47,latifi,williams,19.0,,,91817.0,,,,,,,False,False
940,47,tsunoda,alphatauri,20.0,,,,,,,,,,True,False
941,48,max_verstappen,red_bull,1.0,1,4.0,,,,5059293.0,Finished,25.0,50.0,False,False
942,48,leclerc,ferrari,2.0,2,2.0,,,,549.0,Finished,19.0,50.0,False,False
943,48,sainz,ferrari,3.0,3,3.0,,,,8097.0,Finished,15.0,50.0,False,False
944,48,perez,red_bull,4.0,4,1.0,,,,10800.0,Finished,12.0,50.0,False,False
945,48,russell,mercedes,5.0,5,6.0,,,,32732.0,Finished,10.0,50.0,False,False
946,48,ocon,alpine,6.0,6,5.0,,,,56017.0,Finished,8.0,50.0,False,False
947,48,norris,mclaren,7.0,7,11.0,,,,56124.0,Finished,6.0,50.0,False,False
948,48,gasly,alphatauri,8.0,8,9.0,,,,62946.0,Finished,4.0,50.0,False,False
949,48,kevin_magnussen,haas,9.0,9,10.0,,,,64308.0,Finished,2.0,50.0,False,False
950,48,hamilton,mercedes,10.0,10,15.0,,,,73948.0,Finished,1.0,50.0,False,False
951,48,zhou,alfa,11.0,11,12.0,,,,82215.0,Finished,0.0,50.0,False,False
952,48,hulkenberg,aston_martin,12.0,12,17.0,,,,91742.0,Finished,0.0,50.0,False,False
953,48,stroll,aston_martin,13.0,13,13.0,,,,,+1 Lap,0.0,49.0,False,True
954,48,albon,williams,14.0,14,16.0,,,,,Collision damage,0.0,47.0,False,True
955,48,bottas,alfa,15.0,R,8.0,,,,,Cooling system,0.0,36.0,False,True
956,48,alonso,alpine,16.0,R,7.0,,,,,Water pump,0.0,35.0,False,True
957,48,ricciardo,mclaren,17.0,R,14.0,,,,,Gearbox,0.0,35.0,False,True
958,48,latifi,williams,18.0,R,18.0,,,,,Accident,0.0,14.0,False,True
959,48,tsunoda,alphatauri,19.0,R,19.0,,,,,Power Unit,0.0,0.0,False,True
961,49,leclerc,ferrari,1.0,,,78881.0,78606.0,77868.0,,,,,False,False
962,49,max_verstappen,red_bull,2.0,,,78580.0,78611.0,78154.0,,,,,False,False
963,49,perez,red_bull,3.0,,,78834.0,78340.0,78240.0,,,,,False,False
964,49,norris,mclaren,4.0,,,79280.0,79066.0,78703.0,,,,,False,False
965,49,hamilton,mercedes,5.0,,,79401.0,79106.0,78825.0,,,,,False,False
966,49,russell,mercedes,6.0,,,79405.0,79076.0,78933.0,,,,,False,False
967,49,ricciardo,mclaren,7.0,,,79665.0,79130.0,79032.0,,,,,False,False
968,49,ocon,alpine,8.0,,,79605.0,79136.0,79061.0,,,,,False,False
969,49,sainz,ferrari,9.0,,,78983.0,78469.0,79408.0,,,,,False,False
970,49,alonso,alpine,10.0,,,79192.0,78815.0,,,,,,True,False
971,49,gasly,alphatauri,11.0,,,79580.0,79226.0,,,,,,False,False
972,49,bottas,alfa,12.0,,,79251.0,79410.0,,,,,,False,False
973,49,tsunoda,alphatauri,13.0,,,79742.0,79424.0,,,,,,False,False
974,49,zhou,alfa,14.0,,,79910.0,80155.0,,,,,,False,False
975,49,mick_schumacher,haas,15.0,,,80104.0,80465.0,,,,,,False,False
976,49,albon,williams,16.0,,,80135.0,,,,,,,False,False
977,49,kevin_magnussen,haas,17.0,,,80254.0,,,,,,,False,False
978,49,vettel,aston_martin,18.0,,,81149.0,,,,,,,False,False
979,49,latifi,williams,19.0,,,81372.0,,,,,,,False,False
980,49,stroll,aston_martin,20.0,,,,,,,,,,True,False
981,50,leclerc,ferrari,1.0,1,1.0,,,,5266548.0,Finished,26.0,58.0,False,False
982,50,perez,red_bull,2.0,2,3.0,,,,20524.0,Finished,18.0,58.0,False,False
983,50,russell,mercedes,3.0,3,6.0,,,,25593.0,Finished,15.0,58.0,False,False
984,50,hamilton,mercedes,4.0,4,5.0,,,,28543.0,Finished,12.0,58.0,False,False
985,50,norris,mclaren,5.0,5,4.0,,,,53303.0,Finished,10.0,58.0,False,False
986,50,ricciardo,mclaren,6.0,6,7.0,,,,53737.0,Finished,8.0,58.0,False,False
987,50,ocon,alpine,7.0,7,8.0,,,,61683.0,Finished,6.0,58.0,False,False
988,50,bottas,alfa,8.0,8,12.0,,,,68439.0,Finished,4.0,58.0,False,False
989,50,gasly,alphatauri,9.0,9,11.0,,,,76221.0,Finished,2.0,58.0,False,False
990,50,albon,williams,10.0,10,20.0,,,,79382.0,Finished,1.0,58.0,False,False
991,50,zhou,alfa,11.0,11,14.0,,,,81695.0,Finished,0.0,58.0,False,False
992,50,stroll,aston_martin,12.0,12,19.0,,,,88598.0,Finished,0.0,58.0,False,False
993,50,mick_schumacher,haas,13.0,13,15.0,,,,,+1 Lap,0.0,57.0,False,True
994,50,kevin_magnussen,haas,14.0,14,16.0,,,,,+1 Lap,0.0,57.0,False,True
995,50,tsunoda,alphatauri,15.0,15,13.0,,,,,+1 Lap,0.0,57.0,False,True
996,50,latifi,williams,16.0,16,18.0,,,,,+1 Lap,0.0,57.0,False,True
997,50,alonso,alpine,17.0,17,10.0,,,,,+1 Lap,0.0,57.0,False,True
998,50,max_verstappen,red_bull,18.0,R,2.0,,,,,Fuel leak,0.0,38.0,False,True
999,50,vettel,aston_martin,19.0,R,17.0,,,,,Accident,0.0,22.0,False,True
1000,50,sainz,ferrari,20.0,R,9.0,,,,,Spun off,0.0,1.0,False,True
1001,51,max_verstappen,red_bull,1.0,,,79295.0,78793.0,87999.0,,,,,False,False
1002,51,leclerc,ferrari,2.0,,,78796.0,79584.0,88778.0,,,,,False,False
1003,51,norris,mclaren,3.0,,,80168.0,79294.0,89131.0,,,,,False,False
1004,51,kevin_magnussen,haas,4.0,,,80147.0,79902.0,89164.0,,,,,False,False
1005,51,alonso,alpine,5.0,,,80198.0,79595.0,89202.0,,,,,False,False
1006,51,ricciardo,mclaren,6.0,,,79980.0,80031.0,89742.0,,,,,False,False
1007,51,perez,red_bull,7.0,,,79773.0,79296.0,89808.0,,,,,False,False
1008,51,bottas,alfa,8.0,,,80419.0,80192.0,90439.0,,,,,False,False
1009,51,vettel,aston_martin,9.0,,,80364.0,79957.0,91062.0,,,,,False,False
1010,51,sainz,ferrari,10.0,,,79305.0,78990.0,,,,,,True,False
1011,51,russell,mercedes,11.0,,,80383.0,80757.0,,,,,,False,False
1012,51,mick_schumacher,haas,12.0,,,80422.0,80916.0,,,,,,False,False
1013,51,hamilton,mercedes,13.0,,,80470.0,81138.0,,,,,,False,False
1014,51,zhou,alfa,14.0,,,79730.0,81434.0,,,,,,False,False
1015,51,stroll,aston_martin,15.0,,,80342.0,88119.0,,,,,,False,False
1016,51,tsunoda,alphatauri,16.0,,,80474.0,,,,,,,False,False
1017,51,gasly,alphatauri,17.0,,,80732.0,,,,,,,False,False
1018,51,latifi,williams,18.0,,,81971.0,,,,,,,False,False
1019,51,ocon,alpine,19.0,,,82338.0,,,,,,,False,False
1020,51,albon,williams,20.0,,,,,,,,,,True,False
1021,52,max_verstappen,red_bull,1.0,1,1.0,,,,5527986.0,Finished,26.0,63.0,False,False
1022,52,perez,red_bull,2.0,2,3.0,,,,16527.0,Finished,18.0,63.0,False,False
1023,52,norris,mclaren,3.0,3,5.0,,,,34834.0,Finished,15.0,63.0,False,False
1024,52,russell,mercedes,4.0,4,11.0,,,,42506.0,Finished,12.0,63.0,False,False
1025,52,bottas,alfa,5.0,5,7.0,,,,43181.0,Finished,10.0,63.0,False,False
1026,52,leclerc,ferrari,6.0,6,2.0,,,,56072.0,Finished,8.0,63.0,False,False
1027,52,tsunoda,alphatauri,7.0,7,12.0,,,,61110.0,Finished,6.0,63.0,False,False
1028,52,vettel,aston_martin,8.0,8,13.0,,,,70892.0,Finished,4.0,63.0,False,False
1029,52,kevin_magnussen,haas,9.0,9,8.0,,,,75260.0,Finished,2.0,63.0,False,False
1030,52,stroll,aston_martin,10.0,10,15.0,,,,,+1 Lap,1.0,62.0,False,True
1031,52,albon,williams,11.0,11,18.0,,,,,+1 Lap,0.0,62.0,False,True
1032,52,gasly,alphatauri,12.0,12,17.0,,,,,+1 Lap,0.0,62.0,False,True
1033,52,hamilton,mercedes,13.0,13,14.0,,,,,+1 Lap,0.0,62.0,False,True
1034,52,ocon,alpine,14.0,14,16.0,,,,,+1 Lap,0.0,62.0,False,True
1035,52,zhou,alfa,15.0,15,0.0,,,,,+1 Lap,0.0,62.0,False,True
1036,52,latifi,williams,16.0,16,19.0,,,,,+1 Lap,0.0,62.0,False,True
1037,52,mick_schumacher,haas,17.0,17,10.0,,,,,+1 Lap,0.0,62.0,False,True
1038,52,ricciardo,mclaren,18.0,18,6.0,,,,,+1 Lap,0.0,62.0,False,True
1039,52,alonso,alpine,19.0,R,9.0,,,,,Collision damage,0.0,6.0,False,True
1040,52,sainz,ferrari,20.0,R,4.0,,,,,Collision,0.0,0.0,False,True
1041,53,leclerc,ferrari,1.0,,,89474.0,89130.0,88796.0,,,,,False,False
1042,53,sainz,ferrari,2.0,,,90079.0,89729.0,88986.0,,,,,False,False
1043,53,max_verstappen,red_bull,3.0,,,89836.0,89202.0,88991.0,,,,,False,False
1044,53,perez,red_bull,4.0,,,90055.0,89673.0,89036.0,,,,,False,False
1045,53,bottas,alfa,5.0,,,90845.0,89751.0,89475.0,,,,,False,False
1046,53,hamilton,mercedes,6.0,,,90388.0,89797.0,89625.0,,,,,False,False
1047,53,gasly,alphatauri,7.0,,,90779.0,90128.0,89690.0,,,,,False,False
1048,53,norris,mclaren,8.0,,,90761.0,89634.0,89750.0,,,,,False,False
1049,53,tsunoda,alphatauri,9.0,,,90485.0,90031.0,89932.0,,,,,False,False
1050,53,stroll,aston_martin,10.0,,,90441.0,89996.0,90676.0,,,,,False,False
1051,53,alonso,alpine,11.0,,,90407.0,90160.0,,,,,,False,False
1052,53,russell,mercedes,12.0,,,90490.0,90173.0,,,,,,False,False
1053,53,vettel,aston_martin,13.0,,,90677.0,90214.0,,,,,,False,False
1054,53,ricciardo,mclaren,14.0,,,90583.0,90310.0,,,,,,False,False
1055,53,mick_schumacher,haas,15.0,,,90645.0,90423.0,,,,,,False,False
1056,53,kevin_magnussen,haas,16.0,,,90975.0,,,,,,,False,False
1057,53,zhou,alfa,17.0,,,91020.0,,,,,,,False,False
1058,53,albon,williams,18.0,,,91266.0,,,,,,,False,False
1059,53,latifi,williams,19.0,,,91325.0,,,,,,,False,False
1060,53,ocon,alpine,20.0,,,,,,,,,,True,False
1061,54,max_verstappen,red_bull,1.0,1,3.0,,,,5664258.0,Finished,26.0,57.0,False,False
1062,54,leclerc,ferrari,2.0,2,1.0,,,,3786.0,Finished,18.0,57.0,False,False
1063,54,sainz,ferrari,3.0,3,2.0,,,,8229.0,Finished,15.0,57.0,False,False
1064,54,perez,red_bull,4.0,4,4.0,,,,10638.0,Finished,12.0,57.0,False,False
1065,54,russell,mercedes,5.0,5,12.0,,,,18582.0,Finished,10.0,57.0,False,False
1066,54,hamilton,mercedes,6.0,6,6.0,,,,21368.0,Finished,8.0,57.0,False,False
1067,54,bottas,alfa,7.0,7,5.0,,,,25073.0,Finished,6.0,57.0,False,False
1068,54,ocon,alpine,8.0,8,20.0,,,,28386.0,Finished,4.0,57.0,False,False
1069,54,albon,williams,9.0,9,18.0,,,,32365.0,Finished,2.0,57.0,False,False
1070,54,stroll,aston_martin,10.0,10,0.0,,,,37026.0,Finished,1.0,57.0,False,False
1071,54,alonso,alpine,11.0,11,11.0,,,,37128.0,Finished,0.0,57.0,False,False
1072,54,tsunoda,alphatauri,12.0,12,9.0,,,,40146.0,Finished,0.0,57.0,False,False
1073,54,ricciardo,mclaren,13.0,13,14.0,,,,40902.0,Finished,0.0,57.0,False,False
1074,54,latifi,williams,14.0,14,19.0,,,,49936.0,Finished,0.0,57.0,False,False
1075,54,mick_schumacher,haas,15.0,15,15.0,,,,73305.0,Finished,0.0,57.0,False,False
1076,54,kevin_magnussen,haas,16.0,16,16.0,,,,,Front wing,0.0,56.0,False,True
1077,54,vettel,aston_martin,17.0,17,0.0,,,,,Collision,0.0,54.0,False,True
1078,54,gasly,alphatauri,18.0,R,7.0,,,,,Suspension,0.0,45.0,False,True
1079,54,norris,mclaren,19.0,R,8.0,,,,,Collision,0.0,39.0,False,True
1080,54,zhou,alfa,20.0,R,17.0,,,,,Water leak,0.0,6.0,False,True
1081,55,leclerc,ferrari,1.0,,,79861.0,79969.0,78750.0,,,,,False,False
1082,55,max_verstappen,red_bull,2.0,,,80091.0,79219.0,79073.0,,,,,False,False
1083,55,sainz,ferrari,3.0,,,79892.0,79453.0,79166.0,,,,,False,False
1084,55,russell,mercedes,4.0,,,80218.0,79470.0,79393.0,,,,,False,False
1085,55,perez,red_bull,5.0,,,80447.0,79830.0,79420.0,,,,,False,False
1086,55,hamilton,mercedes,6.0,,,80252.0,79794.0,79512.0,,,,,False,False
1087,55,bottas,alfa,7.0,,,80355.0,80053.0,79608.0,,,,,False,False
1088,55,kevin_magnussen,haas,8.0,,,80227.0,79810.0,79682.0,,,,,False,False
1089,55,ricciardo,mclaren,9.0,,,80549.0,80287.0,80297.0,,,,,False,False
1090,55,mick_schumacher,haas,10.0,,,80683.0,80436.0,80368.0,,,,,False,False
1091,55,norris,mclaren,11.0,,,80838.0,80471.0,,,,,,False,False
1092,55,ocon,alpine,12.0,,,80880.0,80638.0,,,,,,False,False
1093,55,tsunoda,alphatauri,13.0,,,80707.0,80639.0,,,,,,False,False
1094,55,gasly,alphatauri,14.0,,,80719.0,80861.0,,,,,,False,False
1095,55,zhou,alfa,15.0,,,80476.0,81094.0,,,,,,False,False
1096,55,vettel,aston_martin,16.0,,,80954.0,,,,,,,False,False
1097,55,alonso,alpine,17.0,,,81043.0,,,,,,,False,False
1098,55,stroll,aston_martin,18.0,,,81418.0,,,,,,,False,False
1099,55,albon,williams,19.0,,,81645.0,,,,,,,False,False
1100,55,latifi,williams,20.0,,,81915.0,,,,,,,False,False
1101,56,max_verstappen,red_bull,1.0,1,2.0,,,,5840475.0,Finished,25.0,66.0,False,False
1102,56,perez,red_bull,2.0,2,5.0,,,,13072.0,Finished,19.0,66.0,False,False
1103,56,russell,mercedes,3.0,3,4.0,,,,32927.0,Finished,15.0,66.0,False,False
1104,56,sainz,ferrari,4.0,4,3.0,,,,45208.0,Finished,12.0,66.0,False,False
1105,56,hamilton,mercedes,5.0,5,6.0,,,,54534.0,Finished,10.0,66.0,False,False
1106,56,bottas,alfa,6.0,6,7.0,,,,59976.0,Finished,8.0,66.0,False,False
1107,56,ocon,alpine,7.0,7,12.0,,,,75397.0,Finished,6.0,66.0,False,False
1108,56,norris,mclaren,8.0,8,11.0,,,,83235.0,Finished,4.0,66.0,False,False
1109,56,alonso,alpine,9.0,9,20.0,,,,,+1 Lap,2.0,65.0,False,True
1110,56,tsunoda,alphatauri,10.0,10,13.0,,,,,+1 Lap,1.0,65.0,False,True
1111,56,vettel,aston_martin,11.0,11,16.0,,,,,+1 Lap,0.0,65.0,False,True
1112,56,ricciardo,mclaren,12.0,12,9.0,,,,,+1 Lap,0.0,65.0,False,True
1113,56,gasly,alphatauri,13.0,13,14.0,,,,,+1 Lap,0.0,65.0,False,True
1114,56,mick_schumacher,haas,14.0,14,10.0,,,,,+1 Lap,0.0,65.0,False,True
1115,56,stroll,aston_martin,15.0,15,17.0,,,,,+1 Lap,0.0,65.0,False,True
1116,56,latifi,williams,16.0,16,19.0,,,,,+2 Laps,0.0,64.0,False,True
1117,56,kevin_magnussen,haas,17.0,17,8.0,,,,,+2 Laps,0.0,64.0,False,True
1118,56,albon,williams,18.0,18,18.0,,,,,+2 Laps,0.0,64.0,False,True
1119,56,zhou,alfa,19.0,R,15.0,,,,,Power loss,0.0,28.0,False,True
1120,56,leclerc,ferrari,20.0,R,1.0,,,,,Turbo,0.0,27.0,False,True
1121,57,leclerc,ferrari,1.0,,,72569.0,71864.0,71376.0,,,,,False,False
1122,57,sainz,ferrari,2.0,,,72616.0,72074.0,71601.0,,,,,False,False
1123,57,perez,red_bull,3.0,,,73004.0,71954.0,71629.0,,,,,False,False
1124,57,max_verstappen,red_bull,4.0,,,72993.0,72117.0,71666.0,,,,,False,False
1125,57,norris,mclaren,5.0,,,72927.0,72266.0,71849.0,,,,,False,False
1126,57,russell,mercedes,6.0,,,72787.0,72617.0,72112.0,,,,,False,False
1127,57,alonso,alpine,7.0,,,73394.0,72688.0,72247.0,,,,,False,False
1128,57,hamilton,mercedes,8.0,,,73444.0,72595.0,72560.0,,,,,False,False
1129,57,vettel,aston_martin,9.0,,,73313.0,72613.0,72732.0,,,,,False,False
1130,57,ocon,alpine,10.0,,,72848.0,72528.0,73047.0,,,,,False,False
1131,57,tsunoda,alphatauri,11.0,,,73110.0,72797.0,,,,,,False,False
1132,57,bottas,alfa,12.0,,,73541.0,72909.0,,,,,,False,False
1133,57,kevin_magnussen,haas,13.0,,,73069.0,72921.0,,,,,,False,False
1134,57,ricciardo,mclaren,14.0,,,73338.0,72964.0,,,,,,False,False
1135,57,mick_schumacher,haas,15.0,,,73469.0,73081.0,,,,,,False,False
1136,57,albon,williams,16.0,,,73611.0,,,,,,,False,False
1137,57,gasly,alphatauri,17.0,,,73660.0,,,,,,,False,False
1138,57,stroll,aston_martin,18.0,,,73678.0,,,,,,,False,False
1139,57,latifi,williams,19.0,,,74403.0,,,,,,,False,False
1140,57,zhou,alfa,20.0,,,75606.0,,,,,,,False,False
1141,58,perez,red_bull,1.0,1,3.0,,,,6990265.0,Finished,25.0,64.0,False,False
1142,58,sainz,ferrari,2.0,2,2.0,,,,1154.0,Finished,18.0,64.0,False,False
1143,58,max_verstappen,red_bull,3.0,3,4.0,,,,1491.0,Finished,15.0,64.0,False,False
1144,58,leclerc,ferrari,4.0,4,1.0,,,,2922.0,Finished,12.0,64.0,False,False
1145,58,russell,mercedes,5.0,5,6.0,,,,11968.0,Finished,10.0,64.0,False,False
1146,58,norris,mclaren,6.0,6,5.0,,,,12231.0,Finished,9.0,64.0,False,False
1147,58,alonso,alpine,7.0,7,7.0,,,,46358.0,Finished,6.0,64.0,False,False
1148,58,hamilton,mercedes,8.0,8,8.0,,,,50388.0,Finished,4.0,64.0,False,False
1149,58,bottas,alfa,9.0,9,12.0,,,,52525.0,Finished,2.0,64.0,False,False
1150,58,vettel,aston_martin,10.0,10,9.0,,,,53536.0,Finished,1.0,64.0,False,False
1291,65,albon,williams,11.0,,,66516.0,66230.0,,,,,,False,False
1151,58,gasly,alphatauri,11.0,11,17.0,,,,54289.0,Finished,0.0,64.0,False,False
1152,58,ocon,alpine,12.0,12,10.0,,,,55644.0,Finished,0.0,64.0,False,False
1153,58,ricciardo,mclaren,13.0,13,14.0,,,,57635.0,Finished,0.0,64.0,False,False
1154,58,stroll,aston_martin,14.0,14,18.0,,,,60802.0,Finished,0.0,64.0,False,False
1155,58,latifi,williams,15.0,15,19.0,,,,,+1 Lap,0.0,63.0,False,True
1156,58,zhou,alfa,16.0,16,20.0,,,,,+1 Lap,0.0,63.0,False,True
1157,58,tsunoda,alphatauri,17.0,17,11.0,,,,,+1 Lap,0.0,63.0,False,True
1158,58,albon,williams,18.0,R,16.0,,,,,Mechanical,0.0,48.0,False,True
1159,58,mick_schumacher,haas,19.0,R,15.0,,,,,Accident,0.0,24.0,False,True
1160,58,kevin_magnussen,haas,20.0,R,13.0,,,,,Water pressure,0.0,19.0,False,True
1161,59,leclerc,ferrari,1.0,,,102865.0,102046.0,101359.0,,,,,False,False
1162,59,perez,red_bull,2.0,,,102733.0,101955.0,101641.0,,,,,False,False
1163,59,max_verstappen,red_bull,3.0,,,102722.0,102227.0,101706.0,,,,,False,False
1164,59,sainz,ferrari,4.0,,,102957.0,102088.0,101814.0,,,,,False,False
1165,59,russell,mercedes,5.0,,,103754.0,103281.0,102712.0,,,,,False,False
1166,59,gasly,alphatauri,6.0,,,103268.0,103129.0,102845.0,,,,,False,False
1167,59,hamilton,mercedes,7.0,,,103939.0,103182.0,102924.0,,,,,False,False
1168,59,tsunoda,alphatauri,8.0,,,103595.0,103376.0,103056.0,,,,,False,False
1169,59,vettel,aston_martin,9.0,,,103279.0,103268.0,103091.0,,,,,False,False
1170,59,alonso,alpine,10.0,,,104083.0,103360.0,103173.0,,,,,False,False
1171,59,norris,mclaren,11.0,,,104237.0,103398.0,,,,,,False,False
1172,59,ricciardo,mclaren,12.0,,,104437.0,103574.0,,,,,,False,False
1173,59,ocon,alpine,13.0,,,103903.0,103585.0,,,,,,False,False
1174,59,zhou,alfa,14.0,,,103777.0,103790.0,,,,,,False,False
1175,59,bottas,alfa,15.0,,,104478.0,104444.0,,,,,,False,False
1176,59,kevin_magnussen,haas,16.0,,,104643.0,,,,,,,False,False
1177,59,albon,williams,17.0,,,104719.0,,,,,,,False,False
1178,59,latifi,williams,18.0,,,105367.0,,,,,,,False,False
1179,59,stroll,aston_martin,19.0,,,105371.0,,,,,,,False,False
1180,59,mick_schumacher,haas,20.0,,,105775.0,,,,,,,False,False
1181,60,max_verstappen,red_bull,1.0,1,3.0,,,,5645941.0,Finished,25.0,51.0,False,False
1182,60,perez,red_bull,2.0,2,2.0,,,,20823.0,Finished,19.0,51.0,False,False
1183,60,russell,mercedes,3.0,3,5.0,,,,45995.0,Finished,15.0,51.0,False,False
1184,60,hamilton,mercedes,4.0,4,7.0,,,,71679.0,Finished,12.0,51.0,False,False
1185,60,gasly,alphatauri,5.0,5,6.0,,,,77299.0,Finished,10.0,51.0,False,False
1186,60,vettel,aston_martin,6.0,6,9.0,,,,84099.0,Finished,8.0,51.0,False,False
1187,60,alonso,alpine,7.0,7,10.0,,,,88596.0,Finished,6.0,51.0,False,False
1188,60,ricciardo,mclaren,8.0,8,12.0,,,,92207.0,Finished,4.0,51.0,False,False
1189,60,norris,mclaren,9.0,9,11.0,,,,92556.0,Finished,2.0,51.0,False,False
1190,60,ocon,alpine,10.0,10,13.0,,,,108184.0,Finished,1.0,51.0,False,False
1191,60,bottas,alfa,11.0,11,15.0,,,,,+1 Lap,0.0,50.0,False,True
1192,60,albon,williams,12.0,12,17.0,,,,,+1 Lap,0.0,50.0,False,True
1193,60,tsunoda,alphatauri,13.0,13,8.0,,,,,+1 Lap,0.0,50.0,False,True
1194,60,mick_schumacher,haas,14.0,14,20.0,,,,,+1 Lap,0.0,50.0,False,True
1195,60,latifi,williams,15.0,15,18.0,,,,,+1 Lap,0.0,50.0,False,True
1196,60,stroll,aston_martin,16.0,16,19.0,,,,,Vibrations,0.0,46.0,False,True
1197,60,kevin_magnussen,haas,17.0,R,16.0,,,,,Power Unit,0.0,31.0,False,True
1198,60,zhou,alfa,18.0,R,14.0,,,,,Hydraulics,0.0,23.0,False,True
1199,60,leclerc,ferrari,19.0,R,1.0,,,,,Power Unit,0.0,21.0,False,True
1200,60,sainz,ferrari,20.0,R,4.0,,,,,Hydraulics,0.0,8.0,False,True
1201,61,max_verstappen,red_bull,1.0,,,92219.0,83746.0,81299.0,,,,,False,False
1202,61,alonso,alpine,2.0,,,92277.0,84848.0,81944.0,,,,,False,False
1203,61,sainz,ferrari,3.0,,,92781.0,85197.0,82096.0,,,,,False,False
1204,61,hamilton,mercedes,4.0,,,93841.0,85543.0,82891.0,,,,,False,False
1205,61,kevin_magnussen,haas,5.0,,,92957.0,86254.0,82960.0,,,,,False,False
1206,61,mick_schumacher,haas,6.0,,,93707.0,85684.0,83356.0,,,,,False,False
1207,61,ocon,alpine,7.0,,,93012.0,86135.0,83529.0,,,,,False,False
1208,61,russell,mercedes,8.0,,,93160.0,84950.0,83557.0,,,,,False,False
1209,61,ricciardo,mclaren,9.0,,,93636.0,86375.0,83749.0,,,,,False,False
1210,61,zhou,alfa,10.0,,,93692.0,86116.0,84030.0,,,,,False,False
1211,61,bottas,alfa,11.0,,,93689.0,86788.0,,,,,,False,False
1212,61,albon,williams,12.0,,,94047.0,86858.0,,,,,,False,False
1213,61,perez,red_bull,13.0,,,93929.0,93127.0,,,,,,False,False
1214,61,norris,mclaren,14.0,,,94066.0,,,,,,,True,False
1215,61,leclerc,ferrari,15.0,,,93008.0,,,,,,,True,False
1216,61,gasly,alphatauri,16.0,,,94492.0,,,,,,,False,False
1217,61,vettel,aston_martin,17.0,,,94512.0,,,,,,,False,False
1218,61,stroll,aston_martin,18.0,,,95532.0,,,,,,,False,False
1219,61,latifi,williams,19.0,,,95660.0,,,,,,,False,False
1220,61,tsunoda,alphatauri,20.0,,,96575.0,,,,,,,False,False
1221,62,max_verstappen,red_bull,1.0,1,1.0,,,,5781757.0,Finished,25.0,70.0,False,False
1222,62,sainz,ferrari,2.0,2,3.0,,,,993.0,Finished,19.0,70.0,False,False
1223,62,hamilton,mercedes,3.0,3,4.0,,,,7006.0,Finished,15.0,70.0,False,False
1224,62,russell,mercedes,4.0,4,8.0,,,,12313.0,Finished,12.0,70.0,False,False
1225,62,leclerc,ferrari,5.0,5,19.0,,,,15168.0,Finished,10.0,70.0,False,False
1226,62,ocon,alpine,6.0,6,7.0,,,,23890.0,Finished,8.0,70.0,False,False
1227,62,bottas,alfa,7.0,7,11.0,,,,25247.0,Finished,6.0,70.0,False,False
1228,62,zhou,alfa,8.0,8,10.0,,,,26952.0,Finished,4.0,70.0,False,False
1229,62,alonso,alpine,9.0,9,2.0,,,,29945.0,Finished,2.0,70.0,False,False
1230,62,stroll,aston_martin,10.0,10,17.0,,,,38222.0,Finished,1.0,70.0,False,False
1231,62,ricciardo,mclaren,11.0,11,9.0,,,,43047.0,Finished,0.0,70.0,False,False
1232,62,vettel,aston_martin,12.0,12,16.0,,,,44245.0,Finished,0.0,70.0,False,False
1233,62,albon,williams,13.0,13,12.0,,,,44893.0,Finished,0.0,70.0,False,False
1234,62,gasly,alphatauri,14.0,14,15.0,,,,45183.0,Finished,0.0,70.0,False,False
1235,62,norris,mclaren,15.0,15,14.0,,,,52145.0,Finished,0.0,70.0,False,False
1236,62,latifi,williams,16.0,16,18.0,,,,59978.0,Finished,0.0,70.0,False,False
1237,62,kevin_magnussen,haas,17.0,17,5.0,,,,68180.0,Finished,0.0,70.0,False,False
1238,62,tsunoda,alphatauri,18.0,R,20.0,,,,,Accident,0.0,47.0,False,True
1239,62,mick_schumacher,haas,19.0,R,6.0,,,,,Engine,0.0,18.0,False,True
1240,62,perez,red_bull,20.0,R,13.0,,,,,Gearbox,0.0,7.0,False,True
1241,63,sainz,ferrari,1.0,,,100190.0,101602.0,100983.0,,,,,False,False
1242,63,max_verstappen,red_bull,2.0,,,99129.0,100655.0,101055.0,,,,,False,False
1243,63,leclerc,ferrari,3.0,,,99846.0,101247.0,101298.0,,,,,False,False
1244,63,perez,red_bull,4.0,,,100521.0,102513.0,101616.0,,,,,False,False
1245,63,hamilton,mercedes,5.0,,,100428.0,101062.0,101995.0,,,,,False,False
1246,63,norris,mclaren,6.0,,,101515.0,101821.0,102084.0,,,,,False,False
1247,63,alonso,alpine,7.0,,,101598.0,102209.0,102116.0,,,,,False,False
1248,63,russell,mercedes,8.0,,,100028.0,101725.0,102161.0,,,,,False,False
1249,63,zhou,alfa,9.0,,,100791.0,102640.0,102719.0,,,,,False,False
1250,63,latifi,williams,10.0,,,101998.0,103273.0,123095.0,,,,,False,False
1251,63,gasly,alphatauri,11.0,,,101680.0,103702.0,,,,,,False,False
1252,63,bottas,alfa,12.0,,,101396.0,104232.0,,,,,,False,False
1253,63,tsunoda,alphatauri,13.0,,,101893.0,104311.0,,,,,,False,False
1254,63,ricciardo,mclaren,14.0,,,101933.0,104355.0,,,,,,False,False
1255,63,ocon,alpine,15.0,,,101730.0,105190.0,,,,,,False,False
1256,63,albon,williams,16.0,,,102078.0,,,,,,,False,False
1257,63,kevin_magnussen,haas,17.0,,,102159.0,,,,,,,False,False
1258,63,vettel,aston_martin,18.0,,,102666.0,,,,,,,False,False
1259,63,mick_schumacher,haas,19.0,,,102708.0,,,,,,,False,False
1260,63,stroll,aston_martin,20.0,,,103430.0,,,,,,,False,False
1261,64,sainz,ferrari,1.0,1,1.0,,,,8270311.0,Finished,25.0,52.0,False,False
1262,64,perez,red_bull,2.0,2,4.0,,,,3779.0,Finished,18.0,52.0,False,False
1263,64,hamilton,mercedes,3.0,3,5.0,,,,6225.0,Finished,16.0,52.0,False,False
1264,64,leclerc,ferrari,4.0,4,3.0,,,,8546.0,Finished,12.0,52.0,False,False
1265,64,alonso,alpine,5.0,5,7.0,,,,9571.0,Finished,10.0,52.0,False,False
1266,64,norris,mclaren,6.0,6,6.0,,,,11943.0,Finished,8.0,52.0,False,False
1267,64,max_verstappen,red_bull,7.0,7,2.0,,,,18777.0,Finished,6.0,52.0,False,False
1268,64,mick_schumacher,haas,8.0,8,19.0,,,,18995.0,Finished,4.0,52.0,False,False
1269,64,vettel,aston_martin,9.0,9,18.0,,,,22356.0,Finished,2.0,52.0,False,False
1270,64,kevin_magnussen,haas,10.0,10,17.0,,,,24590.0,Finished,1.0,52.0,False,False
1271,64,stroll,aston_martin,11.0,11,20.0,,,,26147.0,Finished,0.0,52.0,False,False
1272,64,latifi,williams,12.0,12,10.0,,,,32511.0,Finished,0.0,52.0,False,False
1273,64,ricciardo,mclaren,13.0,13,14.0,,,,32817.0,Finished,0.0,52.0,False,False
1274,64,tsunoda,alphatauri,14.0,14,13.0,,,,40910.0,Finished,0.0,52.0,False,False
1275,64,ocon,alpine,15.0,R,15.0,,,,,Fuel pump,0.0,37.0,False,True
1276,64,gasly,alphatauri,16.0,R,11.0,,,,,Collision damage,0.0,26.0,False,True
1277,64,bottas,alfa,17.0,R,12.0,,,,,Gearbox,0.0,20.0,False,True
1278,64,russell,mercedes,18.0,R,8.0,,,,,Collision,0.0,0.0,False,True
1279,64,zhou,alfa,19.0,R,9.0,,,,,Collision,0.0,0.0,False,True
1280,64,albon,williams,20.0,R,16.0,,,,,Collision,0.0,0.0,False,True
1281,65,max_verstappen,red_bull,1.0,,,65852.0,65374.0,64984.0,,,,,False,False
1282,65,leclerc,ferrari,2.0,,,65419.0,65287.0,65013.0,,,,,False,False
1283,65,sainz,ferrari,3.0,,,65660.0,65576.0,65066.0,,,,,False,False
1284,65,russell,mercedes,4.0,,,66235.0,65697.0,65431.0,,,,,False,False
1285,65,ocon,alpine,5.0,,,66468.0,65993.0,65726.0,,,,,False,False
1286,65,kevin_magnussen,haas,6.0,,,66366.0,65894.0,65879.0,,,,,False,False
1287,65,mick_schumacher,haas,7.0,,,66405.0,66151.0,66011.0,,,,,False,False
1288,65,alonso,alpine,8.0,,,66016.0,66082.0,66103.0,,,,,False,False
1289,65,hamilton,mercedes,9.0,,,66079.0,65475.0,73151.0,,,,,False,False
1290,65,gasly,alphatauri,10.0,,,66589.0,66160.0,,,,,,True,False
1292,65,bottas,alfa,12.0,,,66442.0,66319.0,,,,,,False,False
1293,65,perez,red_bull,13.0,,,66143.0,66458.0,,,,,,False,False
1294,65,tsunoda,alphatauri,14.0,,,66463.0,66851.0,,,,,,False,False
1295,65,norris,mclaren,15.0,,,66330.0,85847.0,,,,,,False,False
1296,65,ricciardo,mclaren,16.0,,,66613.0,,,,,,,False,False
1297,65,stroll,aston_martin,17.0,,,66847.0,,,,,,,False,False
1298,65,zhou,alfa,18.0,,,66901.0,,,,,,,False,False
1299,65,latifi,williams,19.0,,,67003.0,,,,,,,False,False
1300,65,vettel,aston_martin,20.0,,,67083.0,,,,,,,False,False
1301,66,leclerc,ferrari,1.0,1,2.0,,,,5064312.0,Finished,25.0,71.0,False,False
1302,66,max_verstappen,red_bull,2.0,2,1.0,,,,1532.0,Finished,19.0,71.0,False,False
1303,66,hamilton,mercedes,3.0,3,8.0,,,,41217.0,Finished,15.0,71.0,False,False
1304,66,russell,mercedes,4.0,4,4.0,,,,58972.0,Finished,12.0,71.0,False,False
1305,66,ocon,alpine,5.0,5,6.0,,,,68436.0,Finished,10.0,71.0,False,False
1306,66,mick_schumacher,haas,6.0,6,9.0,,,,,+1 Lap,8.0,70.0,False,True
1307,66,norris,mclaren,7.0,7,10.0,,,,,+1 Lap,6.0,70.0,False,True
1308,66,kevin_magnussen,haas,8.0,8,7.0,,,,,+1 Lap,4.0,70.0,False,True
1309,66,ricciardo,mclaren,9.0,9,11.0,,,,,+1 Lap,2.0,70.0,False,True
1310,66,alonso,alpine,10.0,10,19.0,,,,,+1 Lap,1.0,70.0,False,True
1311,66,bottas,alfa,11.0,11,0.0,,,,,+1 Lap,0.0,70.0,False,True
1312,66,albon,williams,12.0,12,15.0,,,,,+1 Lap,0.0,70.0,False,True
1313,66,stroll,aston_martin,13.0,13,12.0,,,,,+1 Lap,0.0,70.0,False,True
1314,66,zhou,alfa,14.0,14,13.0,,,,,+1 Lap,0.0,70.0,False,True
1315,66,gasly,alphatauri,15.0,15,14.0,,,,,+1 Lap,0.0,70.0,False,True
1316,66,tsunoda,alphatauri,16.0,16,16.0,,,,,+1 Lap,0.0,70.0,False,True
1317,66,vettel,aston_martin,17.0,17,18.0,,,,,+1 Lap,0.0,70.0,False,True
1318,66,sainz,ferrari,18.0,R,3.0,,,,,Power Unit,0.0,56.0,False,True
1319,66,latifi,williams,19.0,R,17.0,,,,,Undertray,0.0,48.0,False,True
1320,66,perez,red_bull,20.0,R,5.0,,,,,Collision damage,0.0,24.0,False,True
1321,67,leclerc,ferrari,1.0,,,91727.0,91216.0,90872.0,,,,,False,False
1322,67,max_verstappen,red_bull,2.0,,,91891.0,91990.0,91176.0,,,,,False,False
1323,67,perez,red_bull,3.0,,,92354.0,92120.0,91335.0,,,,,False,False
1324,67,hamilton,mercedes,4.0,,,93041.0,92274.0,91765.0,,,,,False,False
1325,67,norris,mclaren,5.0,,,92672.0,92777.0,92032.0,,,,,False,False
1326,67,russell,mercedes,6.0,,,93109.0,92633.0,92131.0,,,,,False,False
1327,67,alonso,alpine,7.0,,,92819.0,92631.0,92552.0,,,,,False,False
1328,67,tsunoda,alphatauri,8.0,,,93394.0,92836.0,92780.0,,,,,False,False
1329,67,sainz,ferrari,9.0,,,92297.0,91081.0,,,,,,True,False
1330,67,kevin_magnussen,haas,10.0,,,92756.0,92649.0,,,,,,True,False
1331,67,ricciardo,mclaren,11.0,,,93404.0,92922.0,,,,,,False,False
1332,67,ocon,alpine,12.0,,,93346.0,93048.0,,,,,,False,False
1333,67,bottas,alfa,13.0,,,93034.0,93052.0,,,,,,False,False
1334,67,vettel,aston_martin,14.0,,,93285.0,93276.0,,,,,,False,False
1335,67,albon,williams,15.0,,,93423.0,93307.0,,,,,,False,False
1336,67,gasly,alphatauri,16.0,,,93439.0,,,,,,,False,False
1337,67,stroll,aston_martin,17.0,,,93439.0,,,,,,,False,False
1338,67,zhou,alfa,18.0,,,93674.0,,,,,,,False,False
1339,67,mick_schumacher,haas,19.0,,,93701.0,,,,,,,False,False
1340,67,latifi,williams,20.0,,,93794.0,,,,,,,False,False
1341,68,max_verstappen,red_bull,1.0,1,2.0,,,,5402112.0,Finished,25.0,53.0,False,False
1342,68,hamilton,mercedes,2.0,2,4.0,,,,10587.0,Finished,18.0,53.0,False,False
1343,68,russell,mercedes,3.0,3,6.0,,,,16495.0,Finished,15.0,53.0,False,False
1344,68,perez,red_bull,4.0,4,3.0,,,,17310.0,Finished,12.0,53.0,False,False
1345,68,sainz,ferrari,5.0,5,19.0,,,,28872.0,Finished,11.0,53.0,False,False
1346,68,alonso,alpine,6.0,6,7.0,,,,42879.0,Finished,8.0,53.0,False,False
1347,68,norris,mclaren,7.0,7,5.0,,,,52026.0,Finished,6.0,53.0,False,False
1348,68,ocon,alpine,8.0,8,10.0,,,,56959.0,Finished,4.0,53.0,False,False
1349,68,ricciardo,mclaren,9.0,9,9.0,,,,60372.0,Finished,2.0,53.0,False,False
1350,68,stroll,aston_martin,10.0,10,15.0,,,,62549.0,Finished,1.0,53.0,False,False
1351,68,vettel,aston_martin,11.0,11,12.0,,,,64494.0,Finished,0.0,53.0,False,False
1352,68,gasly,alphatauri,12.0,12,14.0,,,,65448.0,Finished,0.0,53.0,False,False
1353,68,albon,williams,13.0,13,13.0,,,,68565.0,Finished,0.0,53.0,False,False
1354,68,bottas,alfa,14.0,14,11.0,,,,76666.0,Finished,0.0,53.0,False,False
1355,68,mick_schumacher,haas,15.0,15,17.0,,,,80394.0,Finished,0.0,53.0,False,False
1356,68,zhou,alfa,16.0,16,16.0,,,,,+6 Laps,0.0,47.0,False,True
1357,68,latifi,williams,17.0,R,18.0,,,,,Collision damage,0.0,40.0,False,True
1358,68,kevin_magnussen,haas,18.0,R,20.0,,,,,Collision damage,0.0,37.0,False,True
1359,68,leclerc,ferrari,19.0,R,1.0,,,,,Accident,0.0,17.0,False,True
1360,68,tsunoda,alphatauri,20.0,R,8.0,,,,,Undertray,0.0,17.0,False,True
1361,69,russell,mercedes,1.0,,,78407.0,78154.0,77377.0,,,,,False,False
1362,69,sainz,ferrari,2.0,,,78434.0,77946.0,77421.0,,,,,False,False
1363,69,leclerc,ferrari,3.0,,,78806.0,77768.0,77567.0,,,,,False,False
1364,69,norris,mclaren,4.0,,,78653.0,78121.0,77769.0,,,,,False,False
1365,69,ocon,alpine,5.0,,,78866.0,78216.0,78018.0,,,,,False,False
1366,69,alonso,alpine,6.0,,,78716.0,77904.0,78078.0,,,,,False,False
1367,69,hamilton,mercedes,7.0,,,78374.0,78035.0,78142.0,,,,,False,False
1368,69,bottas,alfa,8.0,,,78935.0,78445.0,78157.0,,,,,False,False
1369,69,ricciardo,mclaren,9.0,,,78775.0,78198.0,78379.0,,,,,False,False
1370,69,max_verstappen,red_bull,10.0,,,78509.0,77703.0,78823.0,,,,,False,False
1371,69,perez,red_bull,11.0,,,79118.0,78516.0,,,,,,False,False
1372,69,zhou,alfa,12.0,,,78973.0,78573.0,,,,,,False,False
1373,69,kevin_magnussen,haas,13.0,,,78993.0,78825.0,,,,,,False,False
1374,69,stroll,aston_martin,14.0,,,79205.0,79137.0,,,,,,False,False
1375,69,mick_schumacher,haas,15.0,,,79164.0,79202.0,,,,,,False,False
1376,69,tsunoda,alphatauri,16.0,,,79240.0,,,,,,,False,False
1377,69,albon,williams,17.0,,,79256.0,,,,,,,False,False
1378,69,vettel,aston_martin,18.0,,,79273.0,,,,,,,False,False
1379,69,gasly,alphatauri,19.0,,,79527.0,,,,,,,False,False
1380,69,latifi,williams,20.0,,,79570.0,,,,,,,False,False
1381,70,max_verstappen,red_bull,1.0,1,10.0,,,,5975912.0,Finished,25.0,70.0,False,False
1382,70,hamilton,mercedes,2.0,2,7.0,,,,7834.0,Finished,19.0,70.0,False,False
1383,70,russell,mercedes,3.0,3,1.0,,,,12337.0,Finished,15.0,70.0,False,False
1384,70,sainz,ferrari,4.0,4,2.0,,,,14579.0,Finished,12.0,70.0,False,False
1385,70,perez,red_bull,5.0,5,11.0,,,,15688.0,Finished,10.0,70.0,False,False
1386,70,leclerc,ferrari,6.0,6,3.0,,,,16047.0,Finished,8.0,70.0,False,False
1387,70,norris,mclaren,7.0,7,4.0,,,,78300.0,Finished,6.0,70.0,False,False
1388,70,alonso,alpine,8.0,8,6.0,,,,,+1 Lap,4.0,69.0,False,True
1389,70,ocon,alpine,9.0,9,5.0,,,,,+1 Lap,2.0,69.0,False,True
1390,70,vettel,aston_martin,10.0,10,18.0,,,,,+1 Lap,1.0,69.0,False,True
1391,70,stroll,aston_martin,11.0,11,14.0,,,,,+1 Lap,0.0,69.0,False,True
1392,70,gasly,alphatauri,12.0,12,0.0,,,,,+1 Lap,0.0,69.0,False,True
1393,70,zhou,alfa,13.0,13,12.0,,,,,+1 Lap,0.0,69.0,False,True
1394,70,mick_schumacher,haas,14.0,14,15.0,,,,,+1 Lap,0.0,69.0,False,True
1395,70,ricciardo,mclaren,15.0,15,9.0,,,,,+1 Lap,0.0,69.0,False,True
1396,70,kevin_magnussen,haas,16.0,16,13.0,,,,,+1 Lap,0.0,69.0,False,True
1397,70,albon,williams,17.0,17,17.0,,,,,+1 Lap,0.0,69.0,False,True
1398,70,latifi,williams,18.0,18,19.0,,,,,+1 Lap,0.0,69.0,False,True
1399,70,tsunoda,alphatauri,19.0,19,16.0,,,,,+2 Laps,0.0,68.0,False,True
1400,70,bottas,alfa,20.0,20,8.0,,,,,Power Unit,0.0,65.0,False,True
1401,71,max_verstappen,red_bull,1.0,,,104581.0,104723.0,103665.0,,,,,False,False
1402,71,sainz,ferrari,2.0,,,105050.0,105418.0,104297.0,,,,,False,False
1403,71,perez,red_bull,3.0,,,105377.0,104794.0,104462.0,,,,,False,False
1404,71,leclerc,ferrari,4.0,,,105572.0,104551.0,104553.0,,,,,False,False
1405,71,ocon,alpine,5.0,,,106039.0,105475.0,105180.0,,,,,False,False
1406,71,alonso,alpine,6.0,,,106075.0,105552.0,105368.0,,,,,False,False
1407,71,hamilton,mercedes,7.0,,,105736.0,105420.0,105503.0,,,,,False,False
1408,71,russell,mercedes,8.0,,,105650.0,105461.0,105776.0,,,,,False,False
1409,71,albon,williams,9.0,,,105672.0,105675.0,105837.0,,,,,False,False
1410,71,norris,mclaren,10.0,,,105745.0,105603.0,106178.0,,,,,False,False
1411,71,ricciardo,mclaren,11.0,,,106212.0,105767.0,,,,,,False,False
1412,71,gasly,alphatauri,12.0,,,106183.0,105827.0,,,,,,False,False
1413,71,zhou,alfa,13.0,,,106178.0,106085.0,,,,,,False,False
1414,71,stroll,aston_martin,14.0,,,106256.0,106611.0,,,,,,False,False
1415,71,mick_schumacher,haas,15.0,,,106342.0,107718.0,,,,,,False,False
1416,71,vettel,aston_martin,16.0,,,106344.0,,,,,,,False,False
1417,71,latifi,williams,17.0,,,106401.0,,,,,,,False,False
1418,71,kevin_magnussen,haas,18.0,,,106557.0,,,,,,,False,False
1419,71,tsunoda,alphatauri,19.0,,,106692.0,,,,,,,False,False
1420,71,bottas,alfa,20.0,,,107866.0,,,,,,,False,False
1421,72,max_verstappen,red_bull,1.0,1,14.0,,,,5152894.0,Finished,26.0,44.0,False,False
1422,72,perez,red_bull,2.0,2,2.0,,,,17841.0,Finished,18.0,44.0,False,False
1423,72,sainz,ferrari,3.0,3,1.0,,,,26886.0,Finished,15.0,44.0,False,False
1424,72,russell,mercedes,4.0,4,5.0,,,,29140.0,Finished,12.0,44.0,False,False
1425,72,alonso,alpine,5.0,5,3.0,,,,73256.0,Finished,10.0,44.0,False,False
1426,72,leclerc,ferrari,6.0,6,15.0,,,,74936.0,Finished,8.0,44.0,False,False
1427,72,ocon,alpine,7.0,7,16.0,,,,75640.0,Finished,6.0,44.0,False,False
1428,72,vettel,aston_martin,8.0,8,10.0,,,,78107.0,Finished,4.0,44.0,False,False
1429,72,gasly,alphatauri,9.0,9,0.0,,,,92181.0,Finished,2.0,44.0,False,False
1430,72,albon,williams,10.0,10,6.0,,,,101900.0,Finished,1.0,44.0,False,False
1431,72,stroll,aston_martin,11.0,11,9.0,,,,103078.0,Finished,0.0,44.0,False,False
1432,72,norris,mclaren,12.0,12,17.0,,,,104739.0,Finished,0.0,44.0,False,False
1433,72,tsunoda,alphatauri,13.0,13,0.0,,,,105217.0,Finished,0.0,44.0,False,False
1434,72,zhou,alfa,14.0,14,18.0,,,,106252.0,Finished,0.0,44.0,False,False
1435,72,ricciardo,mclaren,15.0,15,7.0,,,,107163.0,Finished,0.0,44.0,False,False
1436,72,kevin_magnussen,haas,16.0,16,12.0,,,,,+1 Lap,0.0,43.0,False,True
1437,72,mick_schumacher,haas,17.0,17,19.0,,,,,+1 Lap,0.0,43.0,False,True
1438,72,latifi,williams,18.0,18,11.0,,,,,+1 Lap,0.0,43.0,False,True
1439,72,bottas,alfa,19.0,R,13.0,,,,,Accident,0.0,1.0,False,True
1440,72,hamilton,mercedes,20.0,R,4.0,,,,,Collision damage,0.0,0.0,False,True
1441,73,max_verstappen,red_bull,1.0,,,71317.0,70927.0,70342.0,,,,,False,False
1442,73,leclerc,ferrari,2.0,,,71443.0,70988.0,70363.0,,,,,False,False
1443,73,sainz,ferrari,3.0,,,71767.0,70814.0,70434.0,,,,,False,False
1444,73,hamilton,mercedes,4.0,,,71331.0,71075.0,70648.0,,,,,False,False
1445,73,perez,red_bull,5.0,,,71641.0,71314.0,71077.0,,,,,False,False
1446,73,russell,mercedes,6.0,,,71561.0,70824.0,71147.0,,,,,False,False
1447,73,norris,mclaren,7.0,,,71556.0,71116.0,71174.0,,,,,False,False
1448,73,mick_schumacher,haas,8.0,,,71741.0,71420.0,71442.0,,,,,False,False
1449,73,tsunoda,alphatauri,9.0,,,71427.0,71428.0,72556.0,,,,,False,False
1450,73,stroll,aston_martin,10.0,,,71568.0,71416.0,,,,,,True,False
1451,73,gasly,alphatauri,11.0,,,71705.0,71512.0,,,,,,False,False
1452,73,ocon,alpine,12.0,,,71748.0,71605.0,,,,,,False,False
1453,73,alonso,alpine,13.0,,,71667.0,71613.0,,,,,,False,False
1454,73,zhou,alfa,14.0,,,71826.0,71704.0,,,,,,False,False
1455,73,albon,williams,15.0,,,71695.0,71802.0,,,,,,False,False
1456,73,bottas,alfa,16.0,,,71961.0,,,,,,,False,False
1457,73,ricciardo,mclaren,17.0,,,72081.0,,,,,,,False,False
1458,73,kevin_magnussen,haas,18.0,,,72319.0,,,,,,,False,False
1459,73,vettel,aston_martin,19.0,,,72391.0,,,,,,,False,False
1460,73,latifi,williams,20.0,,,73353.0,,,,,,,False,False
1461,74,max_verstappen,red_bull,1.0,1,1.0,,,,5802773.0,Finished,26.0,72.0,False,False
1462,74,russell,mercedes,2.0,2,6.0,,,,4071.0,Finished,18.0,72.0,False,False
1463,74,leclerc,ferrari,3.0,3,2.0,,,,10929.0,Finished,15.0,72.0,False,False
1464,74,hamilton,mercedes,4.0,4,4.0,,,,13016.0,Finished,12.0,72.0,False,False
1465,74,perez,red_bull,5.0,5,5.0,,,,18168.0,Finished,10.0,72.0,False,False
1466,74,alonso,alpine,6.0,6,13.0,,,,18754.0,Finished,8.0,72.0,False,False
1467,74,norris,mclaren,7.0,7,7.0,,,,19306.0,Finished,6.0,72.0,False,False
1468,74,sainz,ferrari,8.0,8,3.0,,,,20916.0,Finished,4.0,72.0,False,False
1469,74,ocon,alpine,9.0,9,12.0,,,,21117.0,Finished,2.0,72.0,False,False
1470,74,stroll,aston_martin,10.0,10,10.0,,,,22459.0,Finished,1.0,72.0,False,False
1471,74,gasly,alphatauri,11.0,11,11.0,,,,27009.0,Finished,0.0,72.0,False,False
1472,74,albon,williams,12.0,12,15.0,,,,30390.0,Finished,0.0,72.0,False,False
1473,74,mick_schumacher,haas,13.0,13,8.0,,,,32995.0,Finished,0.0,72.0,False,False
1474,74,vettel,aston_martin,14.0,14,19.0,,,,36007.0,Finished,0.0,72.0,False,False
1475,74,kevin_magnussen,haas,15.0,15,18.0,,,,36869.0,Finished,0.0,72.0,False,False
1476,74,zhou,alfa,16.0,16,14.0,,,,37320.0,Finished,0.0,72.0,False,False
1477,74,ricciardo,mclaren,17.0,17,17.0,,,,37764.0,Finished,0.0,72.0,False,False
1478,74,latifi,williams,18.0,18,20.0,,,,,+1 Lap,0.0,71.0,False,True
1479,74,bottas,alfa,19.0,R,16.0,,,,,Engine,0.0,53.0,False,True
1480,74,tsunoda,alphatauri,20.0,R,9.0,,,,,Differential,0.0,43.0,False,True
1481,75,leclerc,ferrari,1.0,,,81280.0,81208.0,80161.0,,,,,False,False
1482,75,max_verstappen,red_bull,2.0,,,80922.0,81265.0,80306.0,,,,,False,False
1483,75,sainz,ferrari,3.0,,,81348.0,80878.0,80429.0,,,,,False,False
1484,75,perez,red_bull,4.0,,,81495.0,81358.0,81206.0,,,,,False,False
1485,75,hamilton,mercedes,5.0,,,82048.0,81708.0,81524.0,,,,,False,False
1486,75,russell,mercedes,6.0,,,81785.0,81747.0,81542.0,,,,,False,False
1487,75,norris,mclaren,7.0,,,82130.0,81831.0,81584.0,,,,,False,False
1488,75,ricciardo,mclaren,8.0,,,82139.0,81855.0,81925.0,,,,,False,False
1489,75,gasly,alphatauri,9.0,,,82010.0,82062.0,82648.0,,,,,False,False
1490,75,alonso,alpine,10.0,,,82089.0,81861.0,,,,,,True,False
1491,75,ocon,alpine,11.0,,,82166.0,82130.0,,,,,,False,False
1492,75,bottas,alfa,12.0,,,82254.0,82235.0,,,,,,False,False
1493,75,de_vries,williams,13.0,,,82567.0,82471.0,,,,,,False,False
1494,75,zhou,alfa,14.0,,,82003.0,82577.0,,,,,,False,False
1495,75,tsunoda,alphatauri,15.0,,,82020.0,,,,,,,True,False
1496,75,latifi,williams,16.0,,,82587.0,,,,,,,False,False
1497,75,vettel,aston_martin,17.0,,,82636.0,,,,,,,False,False
1498,75,stroll,aston_martin,18.0,,,82748.0,,,,,,,False,False
1499,75,kevin_magnussen,haas,19.0,,,82908.0,,,,,,,False,False
1500,75,mick_schumacher,haas,20.0,,,83005.0,,,,,,,False,False
1501,76,max_verstappen,red_bull,1.0,1,7.0,,,,4827511.0,Finished,25.0,53.0,False,False
1502,76,leclerc,ferrari,2.0,2,1.0,,,,2446.0,Finished,18.0,53.0,False,False
1503,76,russell,mercedes,3.0,3,2.0,,,,3405.0,Finished,15.0,53.0,False,False
1504,76,sainz,ferrari,4.0,4,18.0,,,,5061.0,Finished,12.0,53.0,False,False
1505,76,hamilton,mercedes,5.0,5,19.0,,,,5380.0,Finished,10.0,53.0,False,False
1506,76,perez,red_bull,6.0,6,13.0,,,,6091.0,Finished,9.0,53.0,False,False
1507,76,norris,mclaren,7.0,7,3.0,,,,6207.0,Finished,6.0,53.0,False,False
1508,76,gasly,alphatauri,8.0,8,5.0,,,,6396.0,Finished,4.0,53.0,False,False
1509,76,de_vries,williams,9.0,9,8.0,,,,7122.0,Finished,2.0,53.0,False,False
1510,76,zhou,alfa,10.0,10,9.0,,,,7910.0,Finished,1.0,53.0,False,False
1511,76,ocon,alpine,11.0,11,14.0,,,,8323.0,Finished,0.0,53.0,False,False
1512,76,mick_schumacher,haas,12.0,12,17.0,,,,8549.0,Finished,0.0,53.0,False,False
1513,76,bottas,alfa,13.0,13,15.0,,,,,+1 Lap,0.0,52.0,False,True
1514,76,tsunoda,alphatauri,14.0,14,20.0,,,,,+1 Lap,0.0,52.0,False,True
1515,76,latifi,williams,15.0,15,10.0,,,,,+1 Lap,0.0,52.0,False,True
1516,76,kevin_magnussen,haas,16.0,16,16.0,,,,,+1 Lap,0.0,52.0,False,True
1517,76,ricciardo,mclaren,17.0,R,4.0,,,,,Oil leak,0.0,45.0,False,True
1518,76,stroll,aston_martin,18.0,R,12.0,,,,,Engine,0.0,39.0,False,True
1519,76,alonso,alpine,19.0,R,6.0,,,,,Water pressure,0.0,31.0,False,True
1520,76,vettel,aston_martin,20.0,R,11.0,,,,,Engine,0.0,10.0,False,True
1521,77,leclerc,ferrari,1.0,,,114129.0,112343.0,109412.0,,,,,False,False
1522,77,perez,red_bull,2.0,,,114404.0,112818.0,109434.0,,,,,False,False
1523,77,hamilton,mercedes,3.0,,,113161.0,112691.0,109466.0,,,,,False,False
1524,77,sainz,ferrari,4.0,,,114559.0,113219.0,109583.0,,,,,False,False
1525,77,alonso,alpine,5.0,,,115360.0,113127.0,109966.0,,,,,False,False
1526,77,norris,mclaren,6.0,,,115914.0,113942.0,110584.0,,,,,False,False
1527,77,gasly,alphatauri,7.0,,,115606.0,113546.0,111211.0,,,,,False,False
1528,77,max_verstappen,red_bull,8.0,,,113057.0,112723.0,111395.0,,,,,False,False
1529,77,kevin_magnussen,haas,9.0,,,115103.0,114006.0,111573.0,,,,,False,False
1530,77,tsunoda,alphatauri,10.0,,,115314.0,113848.0,111983.0,,,,,False,False
1531,77,russell,mercedes,11.0,,,114633.0,114012.0,,,,,,False,False
1532,77,stroll,aston_martin,12.0,,,115629.0,114211.0,,,,,,False,False
1533,77,mick_schumacher,haas,13.0,,,115736.0,114370.0,,,,,,False,False
1534,77,vettel,aston_martin,14.0,,,115602.0,114380.0,,,,,,False,False
1535,77,zhou,alfa,15.0,,,115375.0,115518.0,,,,,,False,False
1536,77,bottas,alfa,16.0,,,116083.0,,,,,,,False,False
1537,77,ricciardo,mclaren,17.0,,,116226.0,,,,,,,False,False
1538,77,ocon,alpine,18.0,,,116337.0,,,,,,,False,False
1539,77,albon,williams,19.0,,,116985.0,,,,,,,False,False
1540,77,latifi,williams,20.0,,,117532.0,,,,,,,False,False
1541,78,perez,red_bull,1.0,1,2.0,,,,7340238.0,Finished,25.0,59.0,False,False
1542,78,leclerc,ferrari,2.0,2,1.0,,,,2595.0,Finished,18.0,59.0,False,False
1543,78,sainz,ferrari,3.0,3,4.0,,,,10305.0,Finished,15.0,59.0,False,False
1544,78,norris,mclaren,4.0,4,6.0,,,,21133.0,Finished,12.0,59.0,False,False
1545,78,ricciardo,mclaren,5.0,5,16.0,,,,53282.0,Finished,10.0,59.0,False,False
1546,78,stroll,aston_martin,6.0,6,11.0,,,,56330.0,Finished,8.0,59.0,False,False
1547,78,max_verstappen,red_bull,7.0,7,8.0,,,,58825.0,Finished,6.0,59.0,False,False
1548,78,vettel,aston_martin,8.0,8,13.0,,,,60032.0,Finished,4.0,59.0,False,False
1549,78,hamilton,mercedes,9.0,9,3.0,,,,61515.0,Finished,2.0,59.0,False,False
1550,78,gasly,alphatauri,10.0,10,7.0,,,,69576.0,Finished,1.0,59.0,False,False
1551,78,bottas,alfa,11.0,11,15.0,,,,88844.0,Finished,0.0,59.0,False,False
1552,78,kevin_magnussen,haas,12.0,12,9.0,,,,92610.0,Finished,0.0,59.0,False,False
1553,78,mick_schumacher,haas,13.0,13,12.0,,,,,+1 Lap,0.0,58.0,False,True
1554,78,russell,mercedes,14.0,14,0.0,,,,,+2 Laps,0.0,57.0,False,True
1555,78,tsunoda,alphatauri,15.0,R,10.0,,,,,Accident,0.0,34.0,False,True
1556,78,ocon,alpine,16.0,R,17.0,,,,,Engine,0.0,26.0,False,True
1557,78,albon,williams,17.0,R,18.0,,,,,Collision damage,0.0,25.0,False,True
1558,78,alonso,alpine,18.0,R,5.0,,,,,Engine,0.0,20.0,False,True
1559,78,latifi,williams,19.0,R,19.0,,,,,Collision damage,0.0,7.0,False,True
1560,78,zhou,alfa,20.0,R,14.0,,,,,Collision,0.0,6.0,False,True
1561,79,max_verstappen,red_bull,1.0,,,90224.0,90346.0,89304.0,,,,,False,False
1562,79,leclerc,ferrari,2.0,,,90402.0,90486.0,89314.0,,,,,False,False
1563,79,sainz,ferrari,3.0,,,90336.0,90444.0,89361.0,,,,,False,False
1564,79,perez,red_bull,4.0,,,90622.0,89925.0,89709.0,,,,,False,False
1565,79,ocon,alpine,5.0,,,90696.0,90357.0,90165.0,,,,,False,False
1566,79,hamilton,mercedes,6.0,,,90906.0,90443.0,90261.0,,,,,False,False
1567,79,alonso,alpine,7.0,,,90603.0,90343.0,90322.0,,,,,False,False
1568,79,russell,mercedes,8.0,,,90865.0,90465.0,90389.0,,,,,False,False
1569,79,vettel,aston_martin,9.0,,,91256.0,90656.0,90554.0,,,,,False,False
1570,79,norris,mclaren,10.0,,,90881.0,90473.0,91003.0,,,,,False,False
1571,79,ricciardo,mclaren,11.0,,,90880.0,90659.0,,,,,,False,False
1572,79,bottas,alfa,12.0,,,91226.0,90709.0,,,,,,False,False
1573,79,tsunoda,alphatauri,13.0,,,91130.0,90808.0,,,,,,False,False
1574,79,zhou,alfa,14.0,,,90894.0,90953.0,,,,,,False,False
1575,79,mick_schumacher,haas,15.0,,,91152.0,91439.0,,,,,,False,False
1576,79,albon,williams,16.0,,,91311.0,,,,,,,False,False
1577,79,gasly,alphatauri,17.0,,,91322.0,,,,,,,False,False
1578,79,kevin_magnussen,haas,18.0,,,91352.0,,,,,,,False,False
1579,79,stroll,aston_martin,19.0,,,91419.0,,,,,,,False,False
1580,79,latifi,williams,20.0,,,91511.0,,,,,,,False,False
1581,80,max_verstappen,red_bull,1.0,1,1.0,,,,10904004.0,Finished,25.0,28.0,False,False
1582,80,perez,red_bull,2.0,2,4.0,,,,27066.0,Finished,18.0,28.0,False,False
1583,80,leclerc,ferrari,3.0,3,2.0,,,,31763.0,Finished,15.0,28.0,False,False
1584,80,ocon,alpine,4.0,4,5.0,,,,39685.0,Finished,12.0,28.0,False,False
1585,80,hamilton,mercedes,5.0,5,6.0,,,,40326.0,Finished,10.0,28.0,False,False
1586,80,vettel,aston_martin,6.0,6,9.0,,,,46358.0,Finished,8.0,28.0,False,False
1587,80,alonso,alpine,7.0,7,7.0,,,,46369.0,Finished,6.0,28.0,False,False
1588,80,russell,mercedes,8.0,8,8.0,,,,47661.0,Finished,4.0,28.0,False,False
1589,80,latifi,williams,9.0,9,20.0,,,,70143.0,Finished,2.0,28.0,False,False
1590,80,norris,mclaren,10.0,10,10.0,,,,70782.0,Finished,1.0,28.0,False,False
1591,80,ricciardo,mclaren,11.0,11,11.0,,,,72877.0,Finished,0.0,28.0,False,False
1592,80,stroll,aston_martin,12.0,12,19.0,,,,73904.0,Finished,0.0,28.0,False,False
1593,80,tsunoda,alphatauri,13.0,13,13.0,,,,75599.0,Finished,0.0,28.0,False,False
1594,80,kevin_magnussen,haas,14.0,14,18.0,,,,86016.0,Finished,0.0,28.0,False,False
1595,80,bottas,alfa,15.0,15,12.0,,,,86496.0,Finished,0.0,28.0,False,False
1596,80,zhou,alfa,16.0,16,14.0,,,,87043.0,Finished,0.0,28.0,False,False
1597,80,mick_schumacher,haas,17.0,17,15.0,,,,92523.0,Finished,0.0,28.0,False,False
1598,80,gasly,alphatauri,18.0,18,17.0,,,,108091.0,Finished,0.0,28.0,False,False
1599,80,sainz,ferrari,19.0,R,3.0,,,,,Accident,0.0,0.0,False,True
1600,80,albon,williams,20.0,R,16.0,,,,,Hydraulics,0.0,0.0,False,True
1601,81,sainz,ferrari,1.0,,,95297.0,95590.0,94356.0,,,,,False,False
1602,81,leclerc,ferrari,2.0,,,95795.0,95246.0,94421.0,,,,,False,False
1603,81,max_verstappen,red_bull,3.0,,,95864.0,95294.0,94448.0,,,,,False,False
1604,81,perez,red_bull,4.0,,,96163.0,95864.0,94645.0,,,,,False,False
1605,81,hamilton,mercedes,5.0,,,96148.0,95732.0,94947.0,,,,,False,False
1606,81,russell,mercedes,6.0,,,96195.0,95692.0,94988.0,,,,,False,False
1607,81,stroll,aston_martin,7.0,,,96860.0,96032.0,95598.0,,,,,False,False
1608,81,norris,mclaren,8.0,,,96465.0,96341.0,95690.0,,,,,False,False
1609,81,alonso,alpine,9.0,,,96446.0,95988.0,95876.0,,,,,False,False
1610,81,bottas,alfa,10.0,,,96746.0,96321.0,96319.0,,,,,False,False
1611,81,albon,williams,11.0,,,96932.0,96368.0,,,,,,False,False
1612,81,vettel,aston_martin,12.0,,,96695.0,96398.0,,,,,,False,False
1613,81,gasly,alphatauri,13.0,,,96577.0,96740.0,,,,,,False,False
1614,81,zhou,alfa,14.0,,,96656.0,96970.0,,,,,,False,False
1615,81,tsunoda,alphatauri,15.0,,,96808.0,97147.0,,,,,,False,False
1616,81,kevin_magnussen,haas,16.0,,,96949.0,,,,,,,False,False
1617,81,ricciardo,mclaren,17.0,,,97046.0,,,,,,,False,False
1618,81,ocon,alpine,18.0,,,97068.0,,,,,,,False,False
1619,81,mick_schumacher,haas,19.0,,,97111.0,,,,,,,False,False
1620,81,latifi,williams,20.0,,,97244.0,,,,,,,False,False
1621,82,max_verstappen,red_bull,1.0,1,2.0,,,,6131687.0,Finished,25.0,56.0,False,False
1622,82,hamilton,mercedes,2.0,2,3.0,,,,5023.0,Finished,18.0,56.0,False,False
1623,82,leclerc,ferrari,3.0,3,12.0,,,,7501.0,Finished,15.0,56.0,False,False
1624,82,perez,red_bull,4.0,4,9.0,,,,8293.0,Finished,12.0,56.0,False,False
1625,82,russell,mercedes,5.0,5,4.0,,,,44815.0,Finished,11.0,56.0,False,False
1626,82,norris,mclaren,6.0,6,6.0,,,,53785.0,Finished,8.0,56.0,False,False
1627,82,alonso,alpine,7.0,7,14.0,,,,55078.0,Finished,6.0,56.0,False,False
1628,82,vettel,aston_martin,8.0,8,10.0,,,,65354.0,Finished,4.0,56.0,False,False
1629,82,kevin_magnussen,haas,9.0,9,13.0,,,,65834.0,Finished,2.0,56.0,False,False
1630,82,tsunoda,alphatauri,10.0,10,19.0,,,,70919.0,Finished,1.0,56.0,False,False
1631,82,ocon,alpine,11.0,11,0.0,,,,72875.0,Finished,0.0,56.0,False,False
1632,82,zhou,alfa,12.0,12,18.0,,,,76164.0,Finished,0.0,56.0,False,False
1633,82,albon,williams,13.0,13,8.0,,,,80057.0,Finished,0.0,56.0,False,False
1634,82,gasly,alphatauri,14.0,14,11.0,,,,81763.0,Finished,0.0,56.0,False,False
1635,82,mick_schumacher,haas,15.0,15,16.0,,,,84490.0,Finished,0.0,56.0,False,False
1636,82,ricciardo,mclaren,16.0,16,15.0,,,,90487.0,Finished,0.0,56.0,False,False
1637,82,latifi,williams,17.0,17,17.0,,,,103588.0,Finished,0.0,56.0,False,False
1638,82,stroll,aston_martin,18.0,R,5.0,,,,,Collision,0.0,21.0,False,True
1639,82,bottas,alfa,19.0,R,7.0,,,,,Spun off,0.0,16.0,False,True
1640,82,sainz,ferrari,20.0,R,1.0,,,,,Collision damage,0.0,1.0,False,True
1641,83,max_verstappen,red_bull,1.0,,,79222.0,78566.0,77775.0,,,,,False,False
1642,83,russell,mercedes,2.0,,,79583.0,78565.0,78079.0,,,,,False,False
1643,83,hamilton,mercedes,3.0,,,79169.0,78552.0,78084.0,,,,,False,False
1644,83,perez,red_bull,4.0,,,79706.0,78615.0,78128.0,,,,,False,False
1645,83,sainz,ferrari,5.0,,,79566.0,78560.0,78351.0,,,,,False,False
1646,83,bottas,alfa,6.0,,,79523.0,78762.0,78401.0,,,,,False,False
1647,83,leclerc,ferrari,7.0,,,79505.0,79109.0,78555.0,,,,,False,False
1648,83,norris,mclaren,8.0,,,79857.0,79119.0,78721.0,,,,,False,False
1649,83,alonso,alpine,9.0,,,80006.0,79272.0,78939.0,,,,,False,False
1650,83,ocon,alpine,10.0,,,79945.0,79081.0,79010.0,,,,,False,False
1651,83,ricciardo,mclaren,11.0,,,80279.0,79325.0,,,,,,False,False
1652,83,zhou,alfa,12.0,,,80283.0,79476.0,,,,,,False,False
1653,83,tsunoda,alphatauri,13.0,,,79907.0,79589.0,,,,,,False,False
1654,83,gasly,alphatauri,14.0,,,80256.0,79672.0,,,,,,False,False
1655,83,kevin_magnussen,haas,15.0,,,80293.0,79833.0,,,,,,False,False
1656,83,mick_schumacher,haas,16.0,,,80419.0,,,,,,,False,False
1657,83,vettel,aston_martin,17.0,,,80419.0,,,,,,,False,False
1658,83,stroll,aston_martin,18.0,,,80520.0,,,,,,,False,False
1659,83,albon,williams,19.0,,,80859.0,,,,,,,False,False
1660,83,latifi,williams,20.0,,,81167.0,,,,,,,False,False
1661,84,max_verstappen,red_bull,1.0,1,1.0,,,,5916729.0,Finished,25.0,71.0,False,False
1662,84,hamilton,mercedes,2.0,2,3.0,,,,15186.0,Finished,18.0,71.0,False,False
1663,84,perez,red_bull,3.0,3,4.0,,,,18097.0,Finished,15.0,71.0,False,False
1664,84,russell,mercedes,4.0,4,2.0,,,,49431.0,Finished,13.0,71.0,False,False
1665,84,sainz,ferrari,5.0,5,5.0,,,,58123.0,Finished,10.0,71.0,False,False
1666,84,leclerc,ferrari,6.0,6,7.0,,,,68774.0,Finished,8.0,71.0,False,False
1667,84,ricciardo,mclaren,7.0,7,11.0,,,,,+1 Lap,6.0,70.0,False,True
1668,84,ocon,alpine,8.0,8,10.0,,,,,+1 Lap,4.0,70.0,False,True
1669,84,norris,mclaren,9.0,9,8.0,,,,,+1 Lap,2.0,70.0,False,True
1670,84,bottas,alfa,10.0,10,6.0,,,,,+1 Lap,1.0,70.0,False,True
1671,84,gasly,alphatauri,11.0,11,14.0,,,,,+1 Lap,0.0,70.0,False,True
1672,84,albon,williams,12.0,12,17.0,,,,,+1 Lap,0.0,70.0,False,True
1673,84,zhou,alfa,13.0,13,12.0,,,,,+1 Lap,0.0,70.0,False,True
1674,84,vettel,aston_martin,14.0,14,16.0,,,,,+1 Lap,0.0,70.0,False,True
1675,84,stroll,aston_martin,15.0,15,20.0,,,,,+1 Lap,0.0,70.0,False,True
1676,84,mick_schumacher,haas,16.0,16,15.0,,,,,+1 Lap,0.0,70.0,False,True
1677,84,kevin_magnussen,haas,17.0,17,19.0,,,,,+1 Lap,0.0,70.0,False,True
1678,84,latifi,williams,18.0,18,18.0,,,,,+2 Laps,0.0,69.0,False,True
1679,84,alonso,alpine,19.0,19,9.0,,,,,Engine,0.0,63.0,False,True
1680,84,tsunoda,alphatauri,20.0,R,13.0,,,,,Collision damage,0.0,50.0,False,True
1681,85,kevin_magnussen,haas,1.0,,,73954.0,71410.0,71674.0,,,,,False,False
1682,85,max_verstappen,red_bull,2.0,,,73625.0,70881.0,71877.0,,,,,False,False
1683,85,russell,mercedes,3.0,,,74427.0,71318.0,72059.0,,,,,False,False
1684,85,norris,mclaren,4.0,,,73106.0,71377.0,72263.0,,,,,False,False
1685,85,sainz,ferrari,5.0,,,74680.0,70890.0,72357.0,,,,,False,False
1686,85,ocon,alpine,6.0,,,74663.0,71587.0,72425.0,,,,,False,False
1687,85,alonso,alpine,7.0,,,73542.0,71394.0,72504.0,,,,,False,False
1688,85,hamilton,mercedes,8.0,,,73403.0,71539.0,72611.0,,,,,False,False
1689,85,perez,red_bull,9.0,,,73613.0,71456.0,75601.0,,,,,False,False
1690,85,leclerc,ferrari,10.0,,,74486.0,70950.0,,,,,,True,False
1691,85,albon,williams,11.0,,,74324.0,71631.0,,,,,,False,False
1692,85,gasly,alphatauri,12.0,,,74371.0,71675.0,,,,,,False,False
1693,85,vettel,aston_martin,13.0,,,73597.0,71678.0,,,,,,False,False
1694,85,ricciardo,mclaren,14.0,,,74931.0,72140.0,,,,,,False,False
1695,85,stroll,aston_martin,15.0,,,74398.0,72210.0,,,,,,False,False
1696,85,latifi,williams,16.0,,,75095.0,,,,,,,False,False
1697,85,zhou,alfa,17.0,,,75197.0,,,,,,,False,False
1698,85,bottas,alfa,18.0,,,75486.0,,,,,,,False,False
1699,85,tsunoda,alphatauri,19.0,,,76264.0,,,,,,,False,False
1700,85,mick_schumacher,haas,20.0,,,76361.0,,,,,,,False,False
1701,86,russell,mercedes,1.0,1,1.0,,,,5914044.0,Finished,26.0,71.0,False,False
1702,86,hamilton,mercedes,2.0,2,2.0,,,,1529.0,Finished,18.0,71.0,False,False
1703,86,sainz,ferrari,3.0,3,7.0,,,,4051.0,Finished,15.0,71.0,False,False
1704,86,leclerc,ferrari,4.0,4,5.0,,,,8441.0,Finished,12.0,71.0,False,False
1705,86,alonso,alpine,5.0,5,17.0,,,,9561.0,Finished,10.0,71.0,False,False
1706,86,max_verstappen,red_bull,6.0,6,3.0,,,,10056.0,Finished,8.0,71.0,False,False
1707,86,perez,red_bull,7.0,7,4.0,,,,14080.0,Finished,6.0,71.0,False,False
1708,86,ocon,alpine,8.0,8,16.0,,,,18690.0,Finished,4.0,71.0,False,False
1709,86,bottas,alfa,9.0,9,14.0,,,,22552.0,Finished,2.0,71.0,False,False
1710,86,stroll,aston_martin,10.0,10,15.0,,,,23552.0,Finished,1.0,71.0,False,False
1711,86,vettel,aston_martin,11.0,11,9.0,,,,26183.0,Finished,0.0,71.0,False,False
1712,86,zhou,alfa,12.0,12,13.0,,,,29325.0,Finished,0.0,71.0,False,False
1713,86,mick_schumacher,haas,13.0,13,12.0,,,,29899.0,Finished,0.0,71.0,False,False
1714,86,gasly,alphatauri,14.0,14,10.0,,,,31867.0,Finished,0.0,71.0,False,False
1715,86,albon,williams,15.0,15,19.0,,,,36016.0,Finished,0.0,71.0,False,False
1716,86,latifi,williams,16.0,16,18.0,,,,37038.0,Finished,0.0,71.0,False,False
1717,86,tsunoda,alphatauri,17.0,17,0.0,,,,,+1 Lap,0.0,70.0,False,True
1718,86,norris,mclaren,18.0,R,6.0,,,,,Gearbox,0.0,50.0,False,True
1719,86,kevin_magnussen,haas,19.0,R,8.0,,,,,Collision,0.0,0.0,False,True
1720,86,ricciardo,mclaren,20.0,R,11.0,,,,,Collision,0.0,0.0,False,True
1721,87,max_verstappen,red_bull,1.0,,,84754.0,84622.0,83824.0,,,,,False,False
1722,87,perez,red_bull,2.0,,,84820.0,84419.0,84052.0,,,,,False,False
1723,87,leclerc,ferrari,3.0,,,85211.0,84517.0,84092.0,,,,,False,False
1724,87,sainz,ferrari,4.0,,,85090.0,84521.0,84242.0,,,,,False,False
1725,87,hamilton,mercedes,5.0,,,85594.0,84774.0,84508.0,,,,,False,False
1726,87,russell,mercedes,6.0,,,85545.0,84940.0,84511.0,,,,,False,False
1727,87,norris,mclaren,7.0,,,85387.0,84903.0,84769.0,,,,,False,False
1728,87,ocon,alpine,8.0,,,85735.0,85007.0,84830.0,,,,,False,False
1729,87,vettel,aston_martin,9.0,,,85523.0,84974.0,84961.0,,,,,False,False
1730,87,ricciardo,mclaren,10.0,,,85766.0,85068.0,85045.0,,,,,False,False
1731,87,alonso,alpine,11.0,,,85782.0,85096.0,,,,,,False,False
1732,87,tsunoda,alphatauri,12.0,,,85630.0,85219.0,,,,,,False,False
1733,87,mick_schumacher,haas,13.0,,,85711.0,85225.0,,,,,,False,False
1734,87,stroll,aston_martin,14.0,,,85741.0,85359.0,,,,,,False,False
1735,87,zhou,alfa,15.0,,,85594.0,85408.0,,,,,,False,False
1736,87,kevin_magnussen,haas,16.0,,,85834.0,,,,,,,False,False
1737,87,gasly,alphatauri,17.0,,,85859.0,,,,,,,False,False
1738,87,bottas,alfa,18.0,,,85892.0,,,,,,,False,False
1739,87,albon,williams,19.0,,,86028.0,,,,,,,False,False
1740,87,latifi,williams,20.0,,,86054.0,,,,,,,False,False
1741,88,max_verstappen,red_bull,1.0,1,1.0,,,,5265914.0,Finished,25.0,58.0,False,False
1742,88,leclerc,ferrari,2.0,2,3.0,,,,8771.0,Finished,18.0,58.0,False,False
1743,88,perez,red_bull,3.0,3,2.0,,,,10093.0,Finished,15.0,58.0,False,False
1744,88,sainz,ferrari,4.0,4,4.0,,,,24892.0,Finished,12.0,58.0,False,False
1745,88,russell,mercedes,5.0,5,6.0,,,,35888.0,Finished,10.0,58.0,False,False
1746,88,norris,mclaren,6.0,6,7.0,,,,56234.0,Finished,9.0,58.0,False,False
1747,88,ocon,alpine,7.0,7,8.0,,,,57240.0,Finished,6.0,58.0,False,False
1748,88,stroll,aston_martin,8.0,8,14.0,,,,76931.0,Finished,4.0,58.0,False,False
1749,88,ricciardo,mclaren,9.0,9,13.0,,,,83268.0,Finished,2.0,58.0,False,False
1750,88,vettel,aston_martin,10.0,10,9.0,,,,83898.0,Finished,1.0,58.0,False,False
1751,88,tsunoda,alphatauri,11.0,11,11.0,,,,89371.0,Finished,0.0,58.0,False,False
1752,88,zhou,alfa,12.0,12,15.0,,,,,+1 Lap,0.0,57.0,False,True
1753,88,albon,williams,13.0,13,19.0,,,,,+1 Lap,0.0,57.0,False,True
1754,88,gasly,alphatauri,14.0,14,17.0,,,,,+1 Lap,0.0,57.0,False,True
1755,88,bottas,alfa,15.0,15,18.0,,,,,+1 Lap,0.0,57.0,False,True
1756,88,mick_schumacher,haas,16.0,16,12.0,,,,,+1 Lap,0.0,57.0,False,True
1757,88,kevin_magnussen,haas,17.0,17,16.0,,,,,+1 Lap,0.0,57.0,False,True
1758,88,hamilton,mercedes,18.0,18,5.0,,,,,Hydraulics,0.0,55.0,False,True
1759,88,latifi,williams,19.0,19,20.0,,,,,Collision damage,0.0,55.0,False,True
1760,88,alonso,alpine,20.0,R,10.0,,,,,Water leak,0.0,27.0,False,True
