weather_id,time_ms,air_temp,humidity,pressure,rainfall,track_temp,wind_direction,wind_speed,session_id
1,38612,30.4,42.3,1008.4,False,35.6,355.0,0.8,1
2,98616,30.4,42.6,1008.4,False,35.6,354.0,0.9,1
3,158613,30.3,42.5,1008.4,False,35.5,359.0,1.0,1
4,218611,30.3,42.3,1008.5,False,35.5,353.0,1.0,1
5,278612,30.3,42.5,1008.5,False,35.6,353.0,1.1,1
6,338612,30.3,42.7,1008.7,False,35.6,352.0,1.2,1
7,398612,30.2,43.0,1008.7,False,35.5,353.0,1.1,1
8,458612,30.2,42.5,1008.8,False,35.5,1.0,0.9,1
9,518613,30.1,42.1,1008.7,False,35.4,0.0,1.0,1
10,578614,30.1,41.9,1008.9,False,35.4,358.0,1.0,1
11,638612,30.2,41.9,1008.9,False,35.4,358.0,0.8,1
12,698620,30.1,42.0,1008.8,False,35.4,355.0,0.9,1
13,758615,30.1,42.4,1009.0,False,35.5,356.0,0.8,1
14,818611,30.1,42.6,1009.1,False,35.2,359.0,0.8,1
15,878613,30.0,42.7,1009.0,False,35.2,2.0,0.7,1
16,938628,30.0,42.4,1009.0,False,35.2,359.0,1.0,1
17,998627,30.0,41.8,1009.1,False,35.2,353.0,0.7,1
18,1058620,30.0,40.7,1009.1,False,34.9,355.0,1.0,1
19,1118619,30.0,40.2,1009.1,False,35.0,359.0,1.2,1
20,1178611,30.0,40.8,1009.2,False,34.9,339.0,1.1,1
21,1238623,30.0,41.3,1009.2,False,34.8,356.0,1.0,1
22,1298614,30.0,41.9,1009.3,False,34.8,350.0,0.9,1
23,1358624,29.9,42.0,1009.3,False,34.8,1.0,0.9,1
24,1418616,29.8,42.1,1009.4,False,34.8,0.0,0.8,1
25,1478617,29.8,42.3,1009.4,False,34.6,352.0,0.9,1
26,1538606,29.8,42.4,1009.6,False,34.6,345.0,0.9,1
27,1598613,29.7,42.3,1009.4,False,34.6,6.0,0.8,1
28,1658610,29.7,42.4,1009.5,False,34.6,351.0,1.0,1
29,1718618,29.6,42.6,1009.5,False,34.7,0.0,0.6,1
30,1778611,29.6,42.4,1009.5,False,34.6,11.0,0.9,1
31,1838613,29.6,42.4,1009.5,False,34.6,351.0,0.9,1
32,1898614,29.6,42.5,1009.6,False,34.3,5.0,1.0,1
33,1958616,29.5,42.6,1009.6,False,34.2,5.0,1.2,1
34,2018612,29.5,42.7,1009.5,False,34.0,3.0,0.8,1
35,2078614,29.5,42.4,1009.6,False,34.0,0.0,1.1,1
36,2138602,29.6,42.1,1009.6,False,34.4,0.0,0.8,1
37,2198615,29.7,41.5,1009.8,False,34.4,5.0,0.9,1
38,2258612,29.7,40.8,1009.7,False,34.4,4.0,0.9,1
39,2318611,29.7,40.4,1009.7,False,34.2,351.0,0.9,1
40,2378611,29.7,41.5,1009.8,False,34.1,10.0,1.0,1
41,2438610,29.5,48.3,1009.8,False,33.9,12.0,1.1,1
42,2498610,29.6,52.5,1010.0,False,33.0,9.0,0.9,1
43,2558610,29.2,56.8,1010.0,False,32.0,4.0,1.3,1
44,2618611,29.1,59.3,1010.0,False,31.7,8.0,1.2,1
45,2678610,28.6,60.6,1010.0,False,31.7,5.0,1.1,1
46,2738612,28.5,61.2,1010.0,False,31.6,5.0,1.1,1
47,2798613,28.0,61.3,1010.0,False,31.7,8.0,0.9,1
48,2858610,27.9,61.0,1010.0,False,32.3,6.0,1.1,1
49,2918619,27.7,60.7,1010.0,False,32.3,12.0,1.2,1
50,2978609,27.6,60.9,1010.1,False,32.3,6.0,1.0,1
51,3038612,27.5,60.1,1010.0,False,32.3,8.0,0.8,1
52,3098611,27.5,58.2,1010.0,False,32.7,353.0,0.9,1
53,3158616,27.5,56.4,1010.0,False,33.1,0.0,1.0,1
54,3218630,27.6,55.0,1010.0,False,32.9,359.0,1.2,1
55,3278632,27.7,53.8,1010.2,False,33.1,353.0,0.9,1
56,3338643,27.7,51.9,1010.1,False,33.2,11.0,1.0,1
57,3398655,27.9,51.8,1010.2,False,33.2,7.0,0.8,1
58,3458655,27.9,51.4,1010.1,False,33.3,6.0,0.7,1
59,3518657,27.9,51.1,1010.2,False,33.3,345.0,0.7,1
60,3578674,28.0,50.8,1010.2,False,33.3,354.0,0.8,1
61,3638672,27.9,50.8,1010.2,False,33.2,2.0,0.7,1
62,3698694,28.0,49.1,1010.1,False,33.1,351.0,1.0,1
63,3758689,28.0,48.9,1010.2,False,33.0,353.0,0.9,1
64,3818703,28.0,48.3,1010.1,False,32.9,1.0,1.0,1
65,3878703,28.0,48.0,1010.1,False,32.8,359.0,1.1,1
66,3938703,28.0,47.5,1010.2,False,32.8,2.0,1.1,1
67,3998705,28.1,47.0,1010.3,False,32.7,6.0,1.2,1
68,4058702,28.1,46.5,1010.3,False,32.6,359.0,1.2,1
69,4118704,28.1,45.9,1010.2,False,32.6,353.0,1.0,1
70,4178730,28.1,45.4,1010.2,False,32.7,353.0,0.9,1
71,4238735,28.2,44.1,1010.4,False,32.8,357.0,1.0,1
72,4298734,28.2,44.5,1010.4,False,32.8,3.0,1.3,1
73,4358732,28.3,44.6,1010.4,False,32.8,0.0,1.0,1
74,4418725,28.3,44.5,1010.5,False,32.8,0.0,1.0,1
75,4478733,28.3,43.6,1010.3,False,32.6,2.0,1.0,1
76,4538732,28.3,43.3,1010.3,False,32.6,5.0,1.1,1
77,4598734,28.4,41.8,1010.4,False,32.6,357.0,1.1,1
78,4658741,28.4,41.1,1010.4,False,32.9,351.0,0.9,1
79,43040,20.9,56.4,1014.8,False,29.9,6.0,1.0,2
80,103040,20.8,56.8,1014.8,False,29.9,8.0,1.1,2
81,163040,20.8,56.8,1014.7,False,30.2,11.0,1.0,2
82,223039,20.8,56.7,1014.8,False,30.2,7.0,1.0,2
83,283041,20.8,56.1,1014.8,False,29.9,0.0,0.9,2
84,343042,20.8,56.2,1014.8,False,29.8,5.0,0.9,2
85,403040,20.7,55.5,1014.8,False,29.8,14.0,1.1,2
86,463041,20.7,56.0,1014.8,False,30.0,13.0,1.0,2
87,523040,20.7,55.9,1014.8,False,30.0,2.0,0.7,2
88,583042,20.7,55.0,1014.8,False,29.7,10.0,0.6,2
89,643039,20.8,54.6,1014.8,False,29.6,8.0,1.0,2
90,703042,20.7,54.9,1014.7,False,29.5,6.0,0.9,2
91,763040,20.7,54.7,1014.8,False,29.5,8.0,0.8,2
92,823039,20.7,54.6,1014.7,False,29.5,13.0,0.8,2
93,883031,20.7,54.6,1014.7,False,29.5,10.0,0.9,2
94,943039,20.6,54.4,1014.8,False,29.6,6.0,0.9,2
95,1003049,20.6,53.7,1014.7,False,29.5,14.0,1.4,2
96,1063049,20.6,53.5,1014.7,False,29.3,12.0,1.1,2
97,1123040,20.6,53.2,1014.8,False,29.3,9.0,0.8,2
98,1183043,20.6,52.9,1014.7,False,29.2,12.0,1.1,2
99,1243042,20.6,52.9,1014.7,False,29.1,359.0,1.2,2
100,1303039,20.6,53.0,1014.7,False,29.1,27.0,1.1,2
101,1363042,20.6,52.8,1014.7,False,29.0,23.0,1.0,2
102,1423040,20.5,53.2,1014.7,False,28.8,10.0,1.1,2
103,1483039,20.5,53.5,1014.6,False,28.8,9.0,1.1,2
104,1543056,20.5,53.4,1014.8,False,28.7,359.0,0.9,2
105,1603039,20.5,53.6,1014.9,False,28.6,358.0,1.1,2
106,1663039,20.5,53.7,1014.7,False,28.6,6.0,1.2,2
107,1723041,20.5,54.1,1014.8,False,28.6,5.0,1.3,2
108,1783039,20.5,54.3,1014.8,False,28.6,12.0,0.9,2
109,1843041,20.5,54.4,1014.7,False,28.5,12.0,0.8,2
110,1903041,20.5,54.7,1014.7,False,28.3,9.0,1.1,2
111,1963043,20.5,54.9,1014.7,False,28.3,11.0,1.0,2
112,2023040,20.4,54.4,1014.8,False,28.5,358.0,1.0,2
113,2083038,20.5,54.4,1014.7,False,28.5,11.0,0.6,2
114,2143047,20.5,54.1,1014.7,False,28.2,6.0,1.0,2
115,2203040,20.5,53.9,1014.6,False,28.1,7.0,1.3,2
116,2263044,20.5,53.7,1014.6,False,28.1,10.0,1.3,2
117,2323046,20.5,53.5,1014.8,False,28.1,9.0,1.0,2
118,2383045,20.5,53.8,1014.8,False,28.1,13.0,1.1,2
119,2443038,20.5,54.3,1014.8,False,28.1,6.0,1.2,2
120,2503058,20.5,54.5,1014.8,False,27.9,8.0,1.0,2
121,2563043,20.5,54.6,1014.8,False,28.0,64.0,1.0,2
122,2623044,20.5,54.6,1014.8,False,28.0,14.0,1.0,2
123,2683038,20.5,54.7,1014.7,False,27.9,13.0,0.9,2
124,2743038,20.5,54.8,1014.8,False,27.9,15.0,0.6,2
125,2803042,20.5,54.7,1014.8,False,27.9,35.0,0.6,2
126,2863039,20.5,54.2,1014.7,False,28.1,8.0,0.8,2
127,2923028,20.5,54.0,1014.8,False,28.0,11.0,1.2,2
128,2983039,20.6,53.9,1014.8,False,27.9,15.0,0.9,2
129,3043040,20.5,54.0,1014.8,False,27.9,11.0,0.8,2
130,3103040,20.5,54.7,1014.8,False,27.8,10.0,0.9,2
131,3163038,20.5,55.0,1014.7,False,27.7,10.0,1.0,2
132,3223038,20.6,55.4,1014.8,False,27.8,18.0,0.9,2
133,3283052,20.5,55.5,1014.8,False,27.6,6.0,0.6,2
134,3343045,20.5,55.2,1014.8,False,27.6,9.0,0.9,2
135,3403065,20.5,55.1,1014.8,False,27.7,14.0,0.7,2
136,3463038,20.5,54.8,1014.8,False,27.7,6.0,1.0,2
137,3523047,20.5,54.6,1014.9,False,27.7,12.0,0.9,2
138,3583039,20.5,54.5,1014.9,False,27.6,0.0,1.1,2
139,3643029,20.5,54.5,1014.9,False,27.5,11.0,0.8,2
140,3703038,20.6,54.1,1014.9,False,27.6,4.0,1.1,2
141,3763040,20.6,54.8,1014.8,False,27.7,0.0,1.2,2
142,3823037,20.5,55.2,1014.9,False,27.7,20.0,0.9,2
143,3883042,20.5,55.3,1014.9,False,27.6,1.0,0.9,2
144,3943036,20.5,54.8,1014.9,False,27.5,346.0,1.0,2
145,4003036,20.5,54.7,1014.9,False,27.7,359.0,0.6,2
146,4063036,20.5,53.8,1015.0,False,27.6,16.0,0.9,2
147,4123037,20.5,53.9,1014.9,False,27.6,13.0,1.0,2
148,4183039,20.4,54.3,1014.9,False,27.0,1.0,0.8,2
149,4243038,20.4,53.7,1014.9,False,27.1,356.0,0.6,2
150,4303039,20.5,53.4,1014.9,False,27.1,356.0,0.7,2
151,4363036,20.5,52.8,1015.0,False,27.3,4.0,0.8,2
152,4423038,20.5,52.7,1015.0,False,27.2,356.0,1.0,2
153,4483034,20.5,53.1,1014.9,False,27.2,9.0,0.9,2
154,4543036,20.5,53.5,1015.0,False,27.2,359.0,1.0,2
155,4603036,20.5,53.7,1014.9,False,27.4,7.0,0.6,2
156,4663039,20.5,53.6,1014.9,False,27.2,17.0,0.7,2
157,4723037,20.5,54.4,1015.0,False,27.1,12.0,0.8,2
158,4783035,20.5,55.2,1014.9,False,27.1,1.0,0.7,2
159,4843037,20.5,55.8,1015.0,False,27.0,11.0,0.6,2
160,4903036,20.5,56.0,1015.1,False,26.9,24.0,1.0,2
161,4963046,20.5,56.0,1015.0,False,27.0,18.0,0.7,2
162,5023038,20.5,56.0,1015.0,False,27.0,6.0,0.9,2
163,5083046,20.5,56.0,1015.1,False,27.0,3.0,0.8,2
164,5143051,20.5,55.6,1015.1,False,27.0,16.0,0.8,2
165,5203047,20.5,55.7,1015.0,False,26.9,6.0,0.5,2
166,5263036,20.5,55.5,1015.0,False,26.9,12.0,0.6,2
167,5323063,20.5,55.3,1015.1,False,27.1,350.0,0.7,2
168,5383037,20.5,54.9,1015.1,False,27.0,14.0,0.8,2
169,5443042,20.5,55.1,1015.1,False,26.9,353.0,0.7,2
170,5503043,20.5,54.8,1015.1,False,26.8,194.0,0.8,2
171,5563039,20.5,54.2,1015.1,False,27.0,4.0,0.5,2
172,5623035,20.5,54.0,1015.1,False,27.0,351.0,0.9,2
173,5683035,20.5,54.3,1015.1,False,26.8,9.0,1.0,2
174,5743036,20.5,54.6,1015.1,False,26.7,16.0,0.8,2
175,5803035,20.5,54.7,1015.1,False,26.7,10.0,0.8,2
176,5863036,20.6,55.1,1015.1,False,26.6,13.0,0.9,2
177,5923045,20.5,55.4,1015.1,False,26.5,5.0,0.9,2
178,5983051,20.5,55.2,1015.1,False,26.5,17.0,0.9,2
179,6043073,20.5,55.5,1015.1,False,26.6,5.0,0.8,2
180,6103068,20.5,55.3,1014.9,False,26.6,8.0,0.6,2
181,6163084,20.5,54.8,1015.0,False,26.6,7.0,1.0,2
182,6223100,20.5,55.1,1015.1,False,26.6,10.0,1.2,2
183,6283117,20.5,55.2,1015.0,False,26.3,351.0,1.0,2
184,6343133,20.4,55.1,1015.0,False,26.3,12.0,1.0,2
185,6403129,20.4,55.1,1015.1,False,26.3,10.0,0.8,2
186,6463128,20.5,54.5,1015.0,False,26.5,15.0,0.9,2
187,6523135,20.5,53.9,1015.0,False,26.5,12.0,1.3,2
188,6583137,20.5,54.2,1015.0,False,26.2,5.0,0.8,2
189,6643129,20.5,54.2,1015.1,False,26.2,359.0,0.8,2
190,6703130,20.5,54.1,1015.1,False,26.4,8.0,0.7,2
191,6763130,20.5,53.9,1014.9,False,26.5,352.0,0.8,2
192,6823139,20.5,53.9,1015.1,False,26.5,0.0,0.6,2
193,6883135,20.5,53.8,1015.1,False,26.4,356.0,0.5,2
194,6943137,20.5,53.8,1015.1,False,26.3,358.0,0.8,2
195,7003137,20.5,53.9,1015.1,False,26.3,11.0,0.8,2
196,7063136,20.5,54.1,1015.0,False,26.3,7.0,1.0,2
197,7123147,20.5,54.3,1015.1,False,26.4,17.0,0.8,2
198,7183145,20.5,54.2,1015.0,False,26.4,357.0,0.8,2
199,7243159,20.5,54.4,1015.1,False,26.3,8.0,1.1,2
200,7303163,20.5,54.7,1015.1,False,26.3,5.0,0.9,2
201,7363160,20.6,54.8,1015.1,False,26.3,8.0,0.8,2
202,7423160,20.5,55.1,1015.1,False,26.1,7.0,0.7,2
203,7483160,20.5,54.9,1015.1,False,26.3,31.0,0.6,2
204,7543165,20.5,54.9,1015.1,False,26.3,17.0,0.6,2
205,7603159,20.5,54.9,1015.1,False,26.1,14.0,0.8,2
206,7663160,20.5,54.8,1015.2,False,26.0,350.0,0.7,2
207,7723160,20.5,54.2,1015.2,False,26.0,1.0,0.6,2
208,7783158,20.6,53.6,1015.2,False,26.1,5.0,0.7,2
209,7843158,20.6,52.6,1015.1,False,26.2,8.0,0.9,2
210,7903162,20.6,52.7,1015.2,False,26.2,21.0,1.0,2
211,7963164,20.6,52.7,1015.1,False,26.1,9.0,0.9,2
212,36701,12.9,50.4,1010.7,False,25.7,252.0,0.4,3
213,96699,12.8,50.5,1010.8,False,25.7,237.0,0.6,3
214,156700,12.6,50.9,1010.8,False,25.2,223.0,0.3,3
215,216720,12.6,52.0,1010.8,False,24.5,259.0,0.5,3
216,276699,12.5,52.1,1010.7,False,24.4,264.0,0.8,3
217,336703,12.4,52.9,1010.8,False,23.8,241.0,0.4,3
218,396702,12.4,52.9,1010.7,False,23.6,229.0,0.3,3
219,456701,12.3,52.9,1010.7,False,23.7,178.0,0.3,3
220,516700,12.3,52.9,1010.7,False,25.4,268.0,0.1,3
221,576703,12.3,52.6,1010.7,False,26.5,295.0,0.6,3
222,636701,12.4,52.3,1010.7,False,27.5,273.0,0.5,3
223,696700,12.7,51.8,1010.6,False,27.6,235.0,0.3,3
224,756702,12.6,51.7,1010.5,False,27.6,196.0,0.3,3
225,816701,12.6,52.7,1010.5,False,27.3,209.0,0.4,3
226,876700,12.7,51.2,1010.5,False,27.3,248.0,0.5,3
227,936700,12.7,51.9,1010.6,False,26.8,262.0,0.5,3
228,996703,12.8,50.8,1010.6,False,26.4,258.0,0.4,3
229,1056704,12.9,51.6,1010.6,False,25.6,356.0,0.4,3
230,1116702,12.8,50.8,1010.6,False,25.5,256.0,0.3,3
231,1176690,12.8,49.7,1010.6,False,25.3,279.0,0.2,3
232,1236700,12.9,48.5,1010.7,False,25.0,243.0,0.1,3
233,1296701,13.0,46.6,1010.6,False,24.9,106.0,0.3,3
234,1356701,13.0,47.0,1010.5,False,24.0,90.0,0.6,3
235,1416702,13.1,45.4,1010.6,False,23.6,211.0,0.3,3
236,1476701,13.0,45.0,1010.5,False,23.1,241.0,0.5,3
237,1536701,13.0,46.0,1010.5,False,22.9,271.0,0.6,3
238,1596702,12.8,47.0,1010.5,False,22.8,246.0,0.3,3
239,1656700,12.8,46.4,1010.5,False,22.8,271.0,0.3,3
240,1716702,12.9,46.1,1010.5,False,24.4,174.0,0.3,3
241,1776699,12.8,46.0,1010.5,False,25.6,0.0,0.1,3
242,1836700,13.2,46.3,1010.5,False,26.3,239.0,0.2,3
243,1896699,13.4,45.8,1010.5,False,26.9,237.0,0.4,3
244,1956701,13.6,44.9,1010.5,False,27.7,121.0,0.3,3
245,2016707,13.7,44.9,1010.5,False,27.0,128.0,0.2,3
246,2076701,13.7,43.9,1010.4,False,26.3,110.0,0.7,3
247,2136700,13.7,43.3,1010.4,False,24.7,29.0,0.5,3
248,2196701,13.8,42.9,1010.4,False,24.1,91.0,0.3,3
249,2256692,13.8,43.0,1010.4,False,23.6,105.0,0.6,3
250,2316700,13.9,41.8,1010.4,False,23.3,79.0,0.6,3
251,2376703,13.8,41.1,1010.3,False,23.1,109.0,0.8,3
252,2436699,13.6,41.0,1010.4,False,22.9,80.0,0.4,3
253,2496700,13.6,40.5,1010.3,False,23.0,108.0,0.5,3
254,2556699,13.7,39.4,1010.4,False,24.9,87.0,0.5,3
255,2616700,13.7,38.9,1010.4,False,25.7,90.0,0.8,3
256,2676700,13.9,38.1,1010.3,False,26.0,76.0,0.9,3
257,2736702,14.1,37.6,1010.2,False,26.3,78.0,0.8,3
258,2796700,14.2,37.2,1010.3,False,26.4,104.0,0.7,3
259,2856703,14.1,37.4,1010.3,False,26.6,114.0,0.6,3
260,2916700,14.1,38.5,1010.3,False,27.5,84.0,0.5,3
261,2976702,14.1,38.0,1010.2,False,28.2,123.0,0.3,3
262,3036708,14.1,39.4,1010.1,False,28.8,78.0,0.2,3
263,3096710,14.0,39.4,1010.2,False,29.1,113.0,0.6,3
264,3156706,13.8,39.3,1010.1,False,29.1,85.0,0.1,3
265,3216705,13.6,40.1,1010.1,False,28.9,0.0,0.1,3
266,3276702,13.6,40.2,1010.1,False,28.6,90.0,0.0,3
267,3336699,13.9,38.5,1010.2,False,28.5,92.0,0.7,3
268,3396703,13.9,37.3,1010.1,False,27.6,43.0,0.8,3
269,3456699,14.2,36.5,1010.2,False,26.7,100.0,0.3,3
270,3516700,14.2,35.9,1010.3,False,26.4,77.0,0.3,3
271,3576700,14.2,35.8,1010.0,False,26.2,68.0,0.6,3
272,3636703,14.2,35.6,1010.1,False,26.6,180.0,0.2,3
273,3696704,14.2,35.6,1010.1,False,27.7,89.0,0.3,3
274,3756701,14.3,35.8,1010.1,False,28.7,100.0,0.4,3
275,3816703,14.4,35.8,1010.1,False,29.1,76.0,0.5,3
276,3876701,14.4,35.4,1010.1,False,28.6,94.0,0.7,3
277,3936701,14.5,35.9,1010.0,False,27.7,85.0,0.6,3
278,3996701,14.5,35.3,1010.1,False,27.9,91.0,0.9,3
279,4056703,14.5,34.8,1010.1,False,27.9,3.0,0.6,3
280,4116702,14.5,35.2,1010.1,False,27.8,0.0,0.3,3
281,4176701,14.3,35.9,1010.0,False,27.3,154.0,0.1,3
282,4236701,14.3,36.0,1010.0,False,27.3,158.0,0.3,3
283,4296702,14.0,36.1,1010.0,False,28.6,235.0,0.2,3
284,4356700,14.1,35.0,1010.0,False,29.3,199.0,0.1,3
285,4416702,14.2,34.9,1010.1,False,29.5,135.0,0.1,3
286,4476701,14.2,35.4,1010.0,False,30.0,33.0,0.3,3
287,4536698,14.3,35.2,1010.0,False,30.6,290.0,0.2,3
288,4596700,14.5,34.9,1009.9,False,30.6,70.0,0.3,3
289,4656698,14.6,34.9,1010.0,False,30.8,213.0,0.3,3
290,4716708,15.0,34.5,1009.9,False,30.6,82.0,0.3,3
291,4776714,14.9,34.6,1009.9,False,30.5,95.0,0.4,3
292,4836734,15.1,34.7,1009.9,False,30.6,98.0,0.6,3
293,4896745,15.0,34.4,1009.9,False,31.3,91.0,0.5,3
294,4956745,15.1,34.4,1009.9,False,31.4,96.0,0.5,3
295,5016784,15.1,34.9,1010.0,False,31.6,89.0,0.6,3
296,5076761,15.0,35.6,1009.9,False,31.5,87.0,0.7,3
297,5136778,14.9,36.0,1010.0,False,30.1,82.0,0.8,3
298,5196790,14.8,35.9,1009.9,False,29.1,70.0,0.9,3
299,5256793,14.8,35.7,1010.0,False,28.7,94.0,0.8,3
300,41291,9.8,68.7,1011.7,True,18.1,61.0,0.2,4
301,101287,9.7,70.0,1011.6,True,18.1,261.0,0.1,4
302,161294,9.6,69.2,1011.6,True,18.0,243.0,0.4,4
303,221289,9.4,68.3,1011.6,True,17.7,250.0,0.4,4
304,281288,9.3,67.9,1011.7,True,17.6,259.0,0.5,4
305,341289,9.3,69.1,1011.6,True,17.6,256.0,0.5,4
306,401296,9.3,69.4,1011.6,True,17.5,248.0,0.4,4
307,461289,9.2,70.6,1011.6,True,17.5,268.0,0.4,4
308,521293,9.2,70.5,1011.6,True,17.5,214.0,0.4,4
309,581290,9.2,70.7,1011.7,True,17.5,237.0,0.2,4
310,641290,9.2,71.8,1011.7,True,17.5,285.0,0.3,4
311,701294,9.3,70.5,1011.6,True,17.6,260.0,0.5,4
312,761305,9.2,71.9,1011.6,True,17.5,241.0,0.3,4
313,821321,9.2,74.0,1011.7,True,17.4,241.0,0.1,4
314,881319,9.2,73.8,1011.6,True,17.4,234.0,0.3,4
315,941321,9.2,74.9,1011.7,True,17.4,260.0,0.2,4
316,1001335,9.2,75.0,1011.6,True,17.4,258.0,0.3,4
317,1061336,9.2,73.1,1011.5,True,17.5,270.0,0.6,4
318,1121352,9.2,74.0,1011.5,True,17.5,244.0,0.2,4
319,1181352,9.2,75.4,1011.5,True,17.4,266.0,0.3,4
320,1241361,9.2,76.2,1011.5,True,17.4,272.0,0.4,4
321,1301350,9.2,74.9,1011.5,True,17.4,271.0,0.5,4
322,1361350,9.3,74.8,1011.5,True,17.5,259.0,0.5,4
323,1421351,9.2,74.6,1011.5,True,17.4,271.0,0.4,4
324,1481352,9.2,73.1,1011.5,True,17.3,273.0,0.4,4
325,1541369,9.3,74.7,1011.5,True,17.5,244.0,0.3,4
326,1601366,9.3,74.3,1011.5,True,17.5,281.0,0.2,4
327,1661381,9.4,76.0,1011.5,True,17.5,248.0,0.2,4
328,1721382,9.4,76.4,1011.5,True,17.7,258.0,0.2,4
329,1781397,9.4,75.5,1011.5,True,17.8,273.0,0.2,4
330,1841414,9.4,74.6,1011.5,True,17.8,0.0,0.1,4
331,1901414,9.4,75.7,1011.5,True,17.7,177.0,0.1,4
332,1961413,9.5,77.1,1011.5,True,17.7,0.0,0.4,4
333,2021418,9.6,75.0,1011.5,True,17.7,178.0,0.1,4
334,2081415,9.6,75.4,1011.5,True,17.3,203.0,0.2,4
335,2141414,9.5,75.7,1011.5,True,17.2,199.0,0.1,4
336,2201414,9.5,74.2,1011.4,True,17.1,226.0,0.3,4
337,2261414,9.4,74.4,1011.5,True,16.9,122.0,0.2,4
338,2321416,9.6,75.6,1011.6,True,16.7,206.0,0.5,4
339,2381413,9.6,76.8,1011.5,True,16.5,91.0,0.3,4
340,2441413,9.8,76.5,1011.5,True,16.5,218.0,0.2,4
341,2501414,9.7,74.8,1011.5,True,16.4,238.0,0.2,4
342,2561413,9.6,75.9,1011.5,True,16.4,197.0,0.3,4
343,2621412,9.7,74.0,1011.5,True,16.4,268.0,0.2,4
344,2681414,9.7,74.7,1011.5,True,16.3,95.0,0.2,4
345,2741411,9.7,74.9,1011.4,True,16.2,288.0,0.4,4
346,2801412,9.7,73.2,1011.5,True,16.2,359.0,0.1,4
347,2861413,9.8,74.3,1011.5,True,16.2,77.0,0.3,4
348,2921433,9.9,72.5,1011.4,True,16.2,0.0,0.1,4
349,2981412,9.9,72.5,1011.5,True,16.2,85.0,0.6,4
350,3041421,10.0,72.2,1011.4,True,16.2,83.0,0.3,4
351,3101403,10.0,71.3,1011.5,True,16.1,99.0,0.7,4
352,3161413,10.0,71.2,1011.3,True,15.7,97.0,0.7,4
353,3221418,10.1,67.7,1011.4,True,15.2,81.0,0.8,4
354,3281413,10.1,69.9,1011.4,True,15.2,99.0,0.8,4
355,3341421,10.2,68.8,1011.3,True,15.0,87.0,0.6,4
356,3401415,10.2,68.2,1011.4,True,14.9,91.0,0.9,4
357,3461413,10.2,69.2,1011.4,True,14.6,89.0,0.9,4
358,3521412,10.3,69.6,1011.5,True,14.5,90.0,0.7,4
359,3581414,10.3,68.5,1011.3,True,14.3,82.0,0.8,4
360,3641412,10.3,68.8,1011.3,True,14.3,103.0,0.8,4
361,3701411,10.4,69.6,1011.3,True,14.1,93.0,0.7,4
362,3761415,10.4,69.1,1011.3,False,14.0,75.0,0.8,4
363,3821411,10.4,69.3,1011.3,False,14.1,67.0,0.8,4
364,3881423,10.4,67.7,1011.1,False,14.0,88.0,0.6,4
365,3941413,10.4,68.8,1011.3,False,13.9,83.0,0.8,4
366,4001414,10.4,68.9,1011.4,False,13.8,89.0,0.9,4
367,4061412,10.5,67.7,1011.6,False,13.9,70.0,0.6,4
368,4121412,10.4,67.3,1011.2,False,13.9,79.0,0.7,4
369,4181414,10.5,68.6,1011.3,False,13.9,78.0,0.9,4
370,4241412,10.6,66.5,1011.3,False,14.1,89.0,0.7,4
371,4301412,10.6,68.1,1011.0,False,14.2,81.0,0.9,4
372,4361412,10.7,68.9,1011.3,False,14.2,85.0,0.7,4
373,4421412,10.7,68.7,1011.4,False,14.4,99.0,0.8,4
374,4481412,10.8,69.2,1011.1,False,14.6,105.0,0.7,4
375,4541409,10.9,68.6,1011.3,False,14.7,92.0,1.0,4
376,4601429,10.9,67.7,1011.2,False,14.9,112.0,1.0,4
377,4661416,11.0,67.7,1011.3,False,15.0,95.0,1.0,4
378,4721412,11.1,67.6,1011.2,False,15.2,102.0,1.0,4
379,4781413,11.1,67.3,1011.1,False,15.3,97.0,1.1,4
380,4841419,11.1,65.9,1011.2,False,15.4,88.0,1.1,4
381,4901415,11.1,65.0,1011.3,False,15.5,84.0,0.8,4
382,4961413,11.1,66.0,1011.3,False,15.5,105.0,0.7,4
383,5021413,11.0,66.1,1011.2,False,15.4,100.0,0.7,4
384,5081415,11.1,66.0,1011.3,False,15.6,91.0,1.0,4
385,5141418,11.1,65.9,1011.2,False,15.7,97.0,0.9,4
386,5201413,11.2,66.0,1011.2,False,15.8,117.0,0.8,4
387,5261411,11.1,66.5,1011.0,False,15.9,155.0,0.5,4
388,5321411,11.2,67.1,1011.2,False,15.9,113.0,0.5,4
389,5381413,11.2,67.3,1011.2,False,16.0,126.0,0.5,4
390,5441412,11.1,67.1,1011.2,False,16.0,229.0,0.4,4
391,5501413,11.0,66.8,1011.2,False,15.9,230.0,0.2,4
392,5561416,11.0,68.2,1011.3,False,15.9,232.0,0.2,4
393,5621414,11.1,69.6,1011.2,False,16.1,234.0,0.2,4
394,5681412,11.1,70.1,1011.2,False,16.3,240.0,0.2,4
395,5741412,11.0,69.6,1011.2,False,16.4,208.0,0.1,4
396,5801412,11.0,70.4,1011.2,False,16.5,88.0,0.1,4
397,5861414,11.0,68.9,1011.2,False,16.6,251.0,0.1,4
398,5921412,11.0,69.7,1011.2,False,16.8,228.0,0.3,4
399,5981416,11.0,68.3,1011.1,False,16.8,238.0,0.3,4
400,6041419,10.9,69.9,1011.2,False,16.8,255.0,0.1,4
401,6101412,10.9,71.1,1011.2,False,17.2,351.0,0.2,4
402,6161412,11.1,71.3,1011.2,False,17.4,245.0,0.1,4
403,6221421,11.1,70.7,1011.2,False,17.5,283.0,0.2,4
404,6281413,11.1,70.5,1011.1,False,17.7,282.0,0.1,4
405,6341419,11.1,68.9,1011.1,False,17.8,251.0,0.5,4
406,6401411,11.0,69.8,1011.1,False,17.8,271.0,0.4,4
407,6461416,10.9,70.6,1011.1,False,17.7,240.0,0.3,4
408,6521416,10.9,70.8,1011.1,False,17.8,275.0,0.3,4
409,6581417,11.0,71.0,1011.0,False,17.8,266.0,0.4,4
410,6641427,11.0,70.9,1011.1,False,17.9,286.0,0.4,4
411,6701414,11.0,71.9,1011.0,False,17.9,263.0,0.3,4
412,6761411,11.1,71.8,1011.0,False,18.0,295.0,0.3,4
413,6821413,11.1,71.3,1011.1,False,18.0,248.0,0.2,4
414,6881412,11.2,71.4,1011.1,False,18.0,241.0,0.1,4
415,6941418,11.3,70.1,1011.0,False,18.3,277.0,0.2,4
416,7001412,11.3,68.3,1011.0,False,18.2,260.0,0.1,4
417,7061404,11.3,69.2,1011.1,False,18.2,268.0,0.3,4
418,7121414,11.2,68.9,1011.0,False,18.2,287.0,0.3,4
419,7181415,11.2,69.1,1011.0,False,18.1,235.0,0.2,4
420,7241413,11.3,69.8,1011.0,False,18.1,114.0,0.3,4
421,7301412,11.5,69.4,1011.2,False,18.2,42.0,0.6,4
422,7361413,11.6,67.9,1011.0,False,18.3,84.0,0.2,4
423,7421413,11.6,67.3,1011.1,False,18.2,297.0,0.5,4
424,7481415,11.5,67.1,1010.7,False,18.0,94.0,0.7,4
425,7541413,11.5,66.9,1011.1,False,17.9,84.0,0.5,4
426,7601415,11.6,66.2,1011.0,False,17.9,91.0,0.9,4
427,7661415,11.6,66.7,1011.0,False,17.9,163.0,0.8,4
428,7721402,11.6,67.0,1011.0,False,17.7,88.0,0.5,4
429,7781414,11.6,67.1,1011.0,False,17.6,88.0,0.7,4
430,7841413,11.6,66.9,1011.0,False,17.6,113.0,0.6,4
431,7901412,11.6,66.6,1010.9,False,17.7,122.0,0.7,4
432,7961412,11.6,66.2,1010.9,False,17.6,107.0,0.8,4
433,8021420,11.7,66.6,1011.0,False,17.5,92.0,0.5,4
434,8081417,11.7,66.3,1011.1,True,17.6,70.0,0.7,4
435,8141413,11.7,66.1,1010.9,True,17.8,80.0,0.5,4
436,8201411,11.8,64.8,1011.0,True,17.8,108.0,0.6,4
437,8261413,11.8,64.8,1011.4,True,17.8,97.0,0.5,4
438,8321413,11.7,64.6,1011.0,False,17.8,92.0,0.5,4
439,8381413,11.7,65.2,1011.1,False,17.8,113.0,0.7,4
440,8441412,11.8,65.9,1011.0,False,17.7,96.0,0.7,4
441,8501412,11.6,65.9,1010.7,False,17.6,80.0,0.9,4
442,8561415,11.6,65.6,1011.0,False,17.6,83.0,0.6,4
443,8621412,11.6,65.8,1011.0,False,17.7,114.0,0.6,4
444,8681411,11.7,66.2,1010.9,False,17.7,118.0,0.5,4
445,8741414,11.7,66.0,1010.9,False,17.7,82.0,0.3,4
446,8801412,11.7,65.8,1010.9,False,17.7,98.0,0.5,4
447,8861413,11.7,65.7,1010.9,False,17.8,87.0,0.8,4
448,8921412,11.7,65.2,1010.9,False,17.6,35.0,0.3,4
449,8981414,11.7,65.5,1010.9,False,17.7,62.0,0.6,4
450,9041436,11.7,64.9,1010.9,False,17.8,320.0,0.3,4
451,9101410,11.7,65.0,1011.0,False,17.8,62.0,0.3,4
452,9161412,11.8,63.2,1010.9,False,17.7,92.0,0.3,4
453,9221412,11.9,64.4,1010.9,False,17.7,107.0,0.9,4
454,9281414,12.0,63.8,1011.0,False,17.8,105.0,0.8,4
455,9341412,12.1,64.0,1010.8,False,17.9,91.0,0.8,4
456,9401414,12.1,63.7,1010.8,False,18.0,80.0,0.7,4
457,9461416,12.1,63.2,1010.9,False,18.5,100.0,0.7,4
458,9521412,12.2,62.6,1011.0,False,18.5,89.0,0.6,4
459,9581413,12.3,62.4,1011.0,False,18.5,90.0,0.7,4
460,9641411,12.3,61.6,1010.9,False,18.6,72.0,0.3,4
461,59470,17.9,43.0,1005.9,False,34.5,358.0,0.9,5
462,119470,17.9,43.4,1005.7,False,34.8,1.0,0.9,5
463,179469,17.9,43.2,1005.7,False,35.9,17.0,0.9,5
464,239474,17.7,43.2,1005.6,False,36.1,8.0,0.5,5
465,299470,17.7,42.0,1005.7,False,36.8,11.0,0.6,5
466,359477,18.1,42.1,1005.7,False,36.8,358.0,0.6,5
467,419470,18.3,41.6,1005.8,False,36.3,43.0,0.8,5
468,479470,18.3,42.4,1005.6,False,36.3,349.0,1.1,5
469,539470,18.5,41.9,1005.8,False,37.1,15.0,0.9,5
470,599471,18.4,41.9,1005.7,False,37.5,350.0,0.8,5
471,659471,18.1,40.8,1005.6,False,37.5,346.0,0.6,5
472,719470,18.1,42.1,1005.9,False,37.5,1.0,0.8,5
473,779470,18.1,42.6,1005.7,False,37.7,353.0,1.0,5
474,839485,18.1,42.2,1005.7,False,38.2,27.0,0.8,5
475,899483,18.2,42.3,1005.7,False,38.2,40.0,0.8,5
476,959487,18.0,42.8,1005.7,False,38.3,357.0,1.0,5
477,1019503,18.1,42.5,1005.8,False,38.4,10.0,0.7,5
478,1079521,18.1,42.4,1005.5,False,38.4,347.0,0.7,5
479,1139520,18.1,43.2,1005.6,False,38.4,31.0,0.8,5
480,1199514,18.0,43.6,1005.6,False,38.4,43.0,0.5,5
481,1259534,18.2,42.6,1005.6,False,38.8,67.0,0.5,5
482,1319545,18.3,41.9,1005.7,False,38.9,31.0,0.8,5
483,1379551,18.4,40.1,1005.7,False,39.1,31.0,0.8,5
484,1439547,18.5,40.6,1005.6,False,39.2,346.0,0.6,5
485,1499546,19.1,39.1,1005.7,False,39.2,10.0,0.9,5
486,1559545,18.9,40.6,1005.7,False,39.1,24.0,1.0,5
487,1619547,19.0,40.3,1005.6,False,38.9,38.0,0.9,5
488,1679555,19.0,38.7,1005.8,False,38.8,25.0,0.8,5
489,1739548,18.4,38.8,1005.7,False,38.8,44.0,0.8,5
490,1799546,18.3,40.3,1005.8,False,38.8,0.0,0.8,5
491,1859552,18.2,41.0,1005.7,False,39.3,29.0,0.8,5
492,1919552,18.1,42.1,1005.7,False,38.9,2.0,1.0,5
493,1979548,18.1,42.0,1005.6,False,38.9,29.0,0.6,5
494,2039553,18.0,41.6,1005.7,False,37.8,19.0,0.7,5
495,2099547,18.0,39.8,1005.6,False,36.9,27.0,0.6,5
496,2159547,18.1,40.1,1005.7,False,37.4,25.0,0.9,5
497,2219548,18.0,40.2,1005.6,False,37.6,8.0,0.8,5
498,2279561,17.9,40.4,1005.7,False,38.0,8.0,0.8,5
499,2339561,18.0,40.6,1005.7,False,37.9,349.0,1.1,5
500,2399564,18.1,40.6,1005.6,False,36.0,355.0,1.0,5
501,2459564,18.1,40.5,1005.5,False,36.0,29.0,1.0,5
502,2519579,18.0,41.3,1005.6,False,36.3,41.0,0.8,5
503,2579603,17.7,41.6,1005.5,False,36.5,17.0,0.9,5
504,2639599,17.6,40.9,1005.7,False,36.5,348.0,0.5,5
505,2699611,17.7,40.6,1005.6,False,36.3,346.0,0.6,5
506,2759610,17.4,41.0,1005.7,False,35.0,20.0,0.8,5
507,2819626,17.6,42.6,1005.5,False,34.2,22.0,0.6,5
508,2879647,17.7,43.3,1005.5,False,34.2,0.0,0.6,5
509,2939649,17.8,43.1,1005.6,False,35.5,322.0,0.2,5
510,2999668,18.0,42.0,1005.6,False,36.2,19.0,0.3,5
511,3059643,18.4,40.9,1005.4,False,37.0,358.0,0.5,5
512,3119660,18.4,41.5,1005.5,False,37.8,1.0,0.6,5
513,3179674,18.4,42.6,1005.5,False,36.6,7.0,0.5,5
514,3239673,18.2,43.4,1005.5,False,35.7,1.0,0.6,5
515,3299664,18.4,43.4,1005.5,False,35.7,353.0,0.6,5
516,3359672,18.4,42.9,1005.4,False,37.1,26.0,0.6,5
517,3419674,18.5,43.5,1005.5,False,37.3,42.0,0.7,5
518,3479672,18.4,43.2,1005.5,False,37.9,13.0,0.7,5
519,3539678,18.3,43.1,1005.4,False,38.1,59.0,0.6,5
520,3599671,18.4,43.1,1005.5,False,38.1,358.0,0.5,5
521,3659674,18.4,42.5,1005.6,False,38.7,346.0,1.0,5
522,3719668,18.1,41.0,1005.5,False,38.7,350.0,1.1,5
523,3779676,17.7,41.6,1005.6,False,35.9,2.0,1.6,5
524,3839670,17.8,40.5,1005.5,False,35.3,20.0,0.9,5
525,3899673,17.7,41.5,1005.6,False,35.3,24.0,0.8,5
526,3959673,17.6,41.7,1005.5,False,35.9,5.0,0.7,5
527,4019671,17.8,41.5,1005.6,False,36.4,0.0,0.8,5
528,4079686,17.9,42.1,1005.5,False,36.7,348.0,0.7,5
529,4139688,18.0,42.2,1005.6,False,36.7,347.0,1.0,5
530,4199673,18.1,42.3,1005.5,False,36.4,348.0,0.6,5
531,4259672,18.0,41.3,1005.5,False,36.4,19.0,0.9,5
532,4319686,17.9,41.6,1005.5,False,37.0,34.0,0.6,5
533,4379673,17.8,41.3,1005.5,False,36.8,359.0,0.8,5
534,4439672,17.8,41.8,1005.6,False,37.0,37.0,0.6,5
535,4499673,17.7,42.4,1005.5,False,37.1,27.0,0.8,5
536,4559677,18.0,41.8,1005.5,False,36.9,27.0,0.8,5
537,4619672,18.0,40.5,1005.4,False,36.7,8.0,1.0,5
538,4679674,18.0,40.5,1005.4,False,36.8,11.0,0.7,5
539,4020,19.5,38.7,1005.4,False,38.5,348.0,0.8,6
540,64020,19.4,38.0,1005.4,False,38.4,341.0,1.1,6
541,124021,19.4,38.6,1005.4,False,38.4,16.0,1.0,6
542,184022,19.2,38.4,1005.4,False,38.4,12.0,1.0,6
543,244020,19.3,38.2,1005.3,False,38.8,358.0,0.8,6
544,304020,19.3,38.5,1005.5,False,38.7,13.0,0.9,6
545,364021,19.5,39.2,1005.5,False,38.7,25.0,0.8,6
546,424017,19.3,39.5,1005.4,False,38.9,353.0,0.4,6
547,484023,19.1,39.7,1005.4,False,39.0,348.0,0.5,6
548,544018,19.2,39.4,1005.4,False,39.4,3.0,0.6,6
549,604021,19.2,38.5,1005.3,False,39.4,10.0,0.8,6
550,664020,19.3,38.1,1005.4,False,39.1,349.0,0.8,6
551,724021,19.3,37.8,1005.3,False,38.7,12.0,1.2,6
552,784019,19.4,37.5,1005.3,False,38.7,3.0,1.0,6
553,844020,19.4,37.5,1005.3,False,38.7,3.0,1.0,6
554,904022,19.4,37.5,1005.3,False,38.7,10.0,0.6,6
555,964019,19.5,37.7,1005.3,False,39.0,4.0,0.5,6
556,1024020,19.5,38.1,1005.2,False,39.2,7.0,0.7,6
557,1084020,19.5,38.6,1005.1,False,39.3,352.0,0.8,6
558,1144019,19.6,38.3,1005.0,False,39.4,343.0,1.0,6
559,1204035,19.6,38.4,1005.1,False,39.6,349.0,0.9,6
560,1264035,19.7,38.4,1005.1,False,39.7,352.0,1.0,6
561,1324035,19.8,37.3,1005.2,False,39.8,350.0,0.8,6
562,1384049,20.0,37.8,1005.0,False,40.3,347.0,1.3,6
563,1444068,19.9,38.3,1005.1,False,40.3,351.0,0.6,6
564,1504066,19.8,38.3,1005.0,False,40.3,346.0,1.1,6
565,1564081,19.8,37.8,1005.1,False,40.3,342.0,1.1,6
566,1624115,19.9,38.0,1005.1,False,40.6,343.0,1.2,6
567,1684117,19.7,39.1,1005.1,False,40.1,353.0,1.0,6
568,1744134,19.6,38.9,1005.1,False,40.1,20.0,0.7,6
569,1804130,19.7,39.0,1005.0,False,40.6,13.0,0.7,6
570,1864146,19.8,39.1,1005.1,False,40.6,346.0,0.9,6
571,1924146,19.7,38.7,1005.0,False,40.5,20.0,1.1,6
572,1984144,19.7,38.9,1005.1,False,40.3,23.0,0.9,6
573,2044143,19.8,39.3,1004.9,False,40.4,1.0,0.6,6
574,2104144,19.9,39.4,1005.1,False,40.5,13.0,0.6,6
575,2164145,19.8,38.4,1005.1,False,40.4,354.0,1.1,6
576,2224145,20.0,38.2,1005.0,False,40.1,8.0,1.0,6
577,2284155,20.0,37.9,1004.9,False,40.0,8.0,1.0,6
578,2344146,19.9,38.1,1005.1,False,39.6,351.0,1.1,6
579,2404145,19.7,39.2,1005.0,False,39.5,8.0,0.6,6
580,2464146,19.7,39.2,1004.9,False,39.8,348.0,0.5,6
581,2524146,19.9,38.6,1005.0,False,40.0,349.0,1.4,6
582,2584143,19.8,39.2,1005.0,False,39.7,5.0,0.8,6
583,2644144,19.7,39.0,1004.9,False,39.7,345.0,0.8,6
584,2704145,19.8,39.2,1005.0,False,39.7,13.0,1.3,6
585,2764146,19.7,38.5,1004.9,False,39.7,6.0,1.0,6
586,2824176,19.8,38.7,1005.0,False,39.7,349.0,1.2,6
587,2884144,19.7,39.2,1004.9,False,39.4,108.0,1.2,6
588,2944136,19.5,39.4,1005.0,False,39.2,4.0,0.5,6
589,3004150,19.4,38.8,1005.0,False,39.2,345.0,0.7,6
590,3064144,19.4,38.0,1005.0,False,39.7,34.0,1.0,6
591,3124143,19.6,38.3,1005.0,False,40.2,14.0,0.8,6
592,3184152,19.5,38.8,1005.1,False,40.5,19.0,0.7,6
593,3244146,19.7,39.1,1005.0,False,40.5,21.0,0.8,6
594,3304145,19.7,39.3,1005.0,False,39.7,350.0,0.8,6
595,3364145,19.4,38.4,1005.0,False,39.7,37.0,0.7,6
596,3424144,19.5,38.7,1004.9,False,39.2,45.0,1.0,6
597,3484150,19.5,39.0,1004.9,False,39.2,339.0,1.0,6
598,3544147,19.5,39.0,1004.9,False,39.2,339.0,1.0,6
599,3604150,19.4,38.5,1004.9,False,39.5,340.0,0.8,6
600,3664145,19.5,38.2,1005.0,False,39.7,347.0,0.8,6
601,3724139,19.7,37.4,1004.9,False,39.9,9.0,0.8,6
602,3784145,19.6,37.4,1004.9,False,39.9,9.0,0.8,6
603,3844144,19.5,38.1,1004.8,False,39.2,24.0,0.7,6
604,3904145,19.4,38.0,1004.8,False,39.5,358.0,0.8,6
605,3964170,19.6,37.7,1004.9,False,39.6,356.0,0.6,6
606,4024143,19.6,37.3,1004.9,False,39.8,19.0,0.7,6
607,4084145,19.5,37.5,1004.8,False,39.8,34.0,0.9,6
608,4144153,19.5,38.0,1004.9,False,39.4,34.0,0.6,6
609,4204153,19.4,38.1,1004.7,False,39.4,85.0,0.3,6
610,4264145,19.3,38.3,1004.7,False,39.5,49.0,0.6,6
611,4324148,19.3,38.3,1004.6,False,39.5,353.0,0.8,6
612,4384148,19.3,38.1,1004.6,False,39.6,343.0,1.2,6
613,4444144,19.4,38.1,1004.6,False,39.6,343.0,1.2,6
614,4504144,19.5,37.8,1004.6,False,39.8,334.0,0.7,6
615,4564143,19.7,36.7,1004.6,False,39.9,353.0,0.2,6
616,4624145,19.8,36.7,1004.7,False,39.9,31.0,0.3,6
617,4684148,19.8,36.7,1004.7,False,39.9,31.0,0.3,6
618,4744148,19.7,37.7,1004.6,False,39.3,34.0,0.8,6
619,4804149,19.6,37.7,1004.6,False,39.3,34.0,0.8,6
620,4864142,19.5,38.1,1004.6,False,39.6,0.0,0.7,6
621,4924143,19.6,38.1,1004.6,False,39.6,0.0,0.7,6
622,4984155,19.6,38.5,1004.5,False,39.4,349.0,0.8,6
623,5044149,19.5,38.5,1004.5,False,39.4,349.0,0.8,6
624,5104146,19.5,38.8,1004.4,False,39.2,7.0,0.5,6
625,5164145,19.6,38.8,1004.4,False,39.2,7.0,0.5,6
626,5224148,19.7,37.6,1004.6,False,40.2,39.0,0.9,6
627,5284145,19.6,38.5,1004.7,False,39.7,40.0,0.9,6
628,5344148,19.5,39.2,1004.7,False,39.6,18.0,1.2,6
629,5404145,19.4,39.2,1004.7,False,39.6,18.0,1.2,6
630,5464144,19.3,39.5,1004.7,False,39.6,0.0,0.6,6
631,5524164,19.4,39.5,1004.7,False,39.6,0.0,0.6,6
632,5584147,19.6,38.1,1004.6,False,39.4,7.0,0.8,6
633,5644143,19.6,38.1,1004.6,False,39.4,7.0,0.8,6
634,5704142,19.6,39.0,1004.5,False,39.7,34.0,1.1,6
635,5764147,19.5,39.0,1004.5,False,39.7,34.0,1.1,6
636,5824143,19.4,40.4,1004.6,False,39.5,46.0,0.8,6
637,5884146,19.4,40.4,1004.6,False,39.5,46.0,0.8,6
638,5944143,19.3,40.2,1004.6,False,39.3,354.0,0.9,6
639,6004525,19.3,40.2,1004.6,False,39.3,354.0,0.9,6
640,6064144,19.4,39.6,1004.6,False,39.0,0.0,0.8,6
641,6124143,19.5,39.1,1004.5,False,39.1,13.0,0.8,6
642,6184149,19.3,40.0,1004.5,False,38.6,4.0,0.8,6
643,6244155,19.1,40.6,1004.5,False,38.6,24.0,0.9,6
644,6304158,19.0,41.1,1004.6,False,38.4,355.0,0.7,6
645,6364160,19.0,40.7,1004.4,False,38.8,6.0,1.0,6
646,6424160,19.1,40.8,1004.5,False,38.9,10.0,0.9,6
647,6484174,19.1,40.8,1004.5,False,38.9,10.0,0.9,6
648,6544194,18.9,41.0,1004.5,False,38.7,4.0,0.9,6
649,6604167,18.8,41.0,1004.5,False,38.7,4.0,0.9,6
650,6664191,18.7,41.7,1004.5,False,38.0,2.0,1.0,6
651,6724191,18.9,41.3,1004.5,False,38.0,12.0,0.7,6
652,6784193,19.1,41.1,1004.5,False,38.4,23.0,0.8,6
653,6844200,19.1,41.1,1004.5,False,38.4,23.0,0.8,6
654,6904189,19.1,41.0,1004.4,False,38.1,22.0,0.8,6
655,6964191,19.0,41.5,1004.5,False,37.8,341.0,0.5,6
656,7024205,19.0,41.4,1004.4,False,37.8,350.0,0.7,6
657,7084222,18.9,41.7,1004.4,False,37.5,349.0,0.6,6
658,7144198,19.0,42.2,1004.4,False,37.2,353.0,0.9,6
659,7204222,19.1,42.5,1004.4,False,37.1,350.0,1.3,6
660,7264238,19.1,42.5,1004.4,False,36.8,7.0,1.1,6
661,7324237,19.2,42.4,1004.4,False,36.9,351.0,0.8,6
662,7384238,19.0,42.5,1004.3,False,36.4,50.0,0.6,6
663,7444236,19.0,42.5,1004.3,False,36.4,50.0,0.6,6
664,7504235,19.0,43.2,1004.4,False,35.8,10.0,0.8,6
665,7564238,18.9,44.2,1004.3,False,35.4,26.0,1.1,6
666,7624251,18.5,44.9,1004.4,False,34.4,31.0,1.0,6
667,7684242,18.3,45.2,1004.5,False,34.0,32.0,1.0,6
668,7744254,18.1,45.5,1004.4,False,33.8,28.0,0.9,6
669,7804275,18.1,45.5,1004.4,False,33.8,28.0,0.9,6
670,7864261,18.1,44.7,1004.2,False,34.0,46.0,0.8,6
671,7924270,18.1,45.2,1004.3,False,34.1,349.0,0.8,6
672,7984269,18.2,44.9,1004.4,False,34.1,13.0,1.0,6
673,27059,25.2,46.2,1002.7,False,44.7,217.0,0.7,7
674,87059,25.2,47.3,1002.8,False,44.6,189.0,0.7,7
675,147076,25.2,47.4,1002.7,False,44.6,221.0,0.6,7
676,207075,25.2,48.2,1002.7,False,44.7,226.0,0.8,7
677,267076,25.3,47.9,1002.7,False,44.7,238.0,0.6,7
678,327075,25.2,49.8,1002.7,False,44.2,164.0,0.4,7
679,387074,25.2,48.1,1002.7,False,45.0,211.0,0.5,7
680,447074,25.5,46.8,1002.6,False,45.1,189.0,0.6,7
681,507075,25.3,47.7,1002.7,False,44.8,197.0,0.8,7
682,567089,25.3,48.1,1002.7,False,44.7,235.0,0.5,7
683,627088,25.4,48.6,1002.7,False,44.5,196.0,0.4,7
684,687106,25.3,47.4,1002.6,False,44.9,205.0,0.5,7
685,747123,25.3,46.2,1002.6,False,44.9,226.0,0.5,7
686,807120,25.2,47.8,1002.7,False,44.9,188.0,0.2,7
687,867123,25.2,47.2,1002.6,False,44.8,219.0,0.3,7
688,927121,25.2,46.1,1002.6,False,45.7,195.0,0.4,7
689,987122,25.2,46.9,1002.6,False,44.7,207.0,0.7,7
690,1047120,25.0,47.2,1002.6,False,44.7,220.0,0.7,7
691,1107137,25.0,47.7,1002.6,False,44.7,232.0,0.7,7
692,1167154,25.3,47.2,1002.6,False,45.2,216.0,0.6,7
693,1227154,25.4,46.6,1002.5,False,45.0,189.0,0.3,7
694,1287155,25.3,46.9,1002.6,False,45.0,221.0,0.5,7
695,1347153,25.3,47.4,1002.6,False,44.7,224.0,0.6,7
696,1407156,25.3,45.9,1002.5,False,45.0,219.0,0.7,7
697,1467155,25.3,45.9,1002.4,False,44.5,210.0,0.7,7
698,1527171,25.2,47.7,1002.5,False,44.2,216.0,0.4,7
699,1587185,25.2,47.7,1002.5,False,44.2,216.0,0.4,7
700,1647199,25.2,47.1,1002.4,False,44.9,198.0,0.5,7
701,1707226,25.2,48.1,1002.4,False,45.1,193.0,0.3,7
702,1767305,25.3,46.0,1002.5,False,45.4,205.0,0.6,7
703,1827248,25.3,46.9,1002.5,False,45.4,195.0,0.6,7
704,1887263,25.2,47.7,1002.6,False,44.9,210.0,0.4,7
705,1947283,25.3,47.6,1002.5,False,44.4,161.0,0.5,7
706,2007278,25.3,47.6,1002.5,False,44.4,161.0,0.5,7
707,2067277,25.5,46.1,1002.4,False,45.4,232.0,0.3,7
708,2127278,25.5,45.9,1002.5,False,45.4,198.0,0.3,7
709,2187281,25.4,45.3,1002.4,False,45.3,199.0,0.3,7
710,2247277,25.6,46.5,1002.5,False,44.8,240.0,0.4,7
711,2307277,25.4,46.6,1002.4,False,44.8,177.0,0.6,7
712,2367277,25.2,47.0,1002.5,False,45.0,196.0,0.6,7
713,2427277,25.1,47.0,1002.5,False,45.0,196.0,0.6,7
714,2487278,25.1,48.7,1002.4,False,44.5,201.0,0.7,7
715,2547280,25.0,48.7,1002.4,False,44.5,201.0,0.7,7
716,2607294,25.0,48.6,1002.5,False,44.4,236.0,0.4,7
717,2667285,24.9,48.6,1002.5,False,44.4,236.0,0.4,7
718,2727291,24.9,47.1,1002.5,False,44.9,206.0,0.5,7
719,2787284,25.1,47.1,1002.5,False,44.9,206.0,0.5,7
720,2847294,25.1,48.2,1002.4,False,44.9,227.0,0.6,7
721,2907309,25.2,48.2,1002.4,False,44.9,227.0,0.6,7
722,2967327,25.2,48.0,1002.4,False,44.5,242.0,0.7,7
723,3027324,25.1,48.0,1002.4,False,44.5,242.0,0.7,7
724,3087324,25.0,46.0,1002.5,False,44.5,221.0,1.0,7
725,3147325,24.9,46.0,1002.5,False,44.5,221.0,1.0,7
726,3207330,25.1,47.9,1002.4,False,43.7,210.0,0.6,7
727,3267324,25.1,46.9,1002.5,False,43.7,232.0,0.8,7
728,3327356,25.3,47.4,1002.4,False,43.8,195.0,0.8,7
729,3387372,25.2,48.3,1002.5,False,44.5,172.0,0.6,7
730,3447373,24.9,48.3,1002.5,False,44.5,172.0,0.6,7
731,3507376,24.9,47.2,1002.3,False,44.9,119.0,0.7,7
732,3567375,24.8,47.2,1002.3,False,44.9,119.0,0.7,7
733,3627373,24.8,46.4,1002.4,False,44.9,202.0,0.5,7
734,3687371,25.0,46.4,1002.4,False,44.9,202.0,0.5,7
735,3747372,25.0,48.1,1002.4,False,44.1,181.0,0.7,7
736,3807371,24.9,48.1,1002.4,False,44.1,181.0,0.7,7
737,3867379,24.9,49.3,1002.3,False,44.2,226.0,0.4,7
738,3927387,24.7,49.3,1002.3,False,44.2,226.0,0.4,7
739,3987401,24.7,47.2,1002.4,False,44.5,191.0,0.6,7
740,4047403,24.8,47.2,1002.4,False,44.5,191.0,0.6,7
741,4107405,24.8,48.1,1002.4,False,44.7,216.0,0.7,7
742,4167402,24.9,48.1,1002.4,False,44.7,216.0,0.7,7
743,4227403,24.9,48.4,1002.3,False,44.1,199.0,0.7,7
744,4287403,24.9,48.4,1002.3,False,44.1,199.0,0.7,7
745,4347402,24.9,48.4,1002.3,False,44.1,197.0,0.4,7
746,4407408,24.6,48.4,1002.3,False,44.1,197.0,0.4,7
747,4467405,24.6,47.9,1002.3,False,44.2,204.0,0.8,7
748,4527402,24.6,47.9,1002.3,False,44.2,204.0,0.8,7
749,4587402,24.6,48.5,1002.3,False,44.1,219.0,0.2,7
750,4647403,24.5,48.5,1002.3,False,44.1,219.0,0.2,7
751,4707403,24.5,48.1,1002.2,False,44.2,238.0,0.4,7
752,4767403,24.7,48.1,1002.2,False,44.2,238.0,0.4,7
753,4827403,24.8,47.0,1002.2,False,45.0,196.0,0.3,7
754,4887403,24.9,47.0,1002.2,False,45.0,196.0,0.3,7
755,4947401,25.0,48.6,1002.2,False,44.0,221.0,0.5,7
756,5007401,25.0,48.6,1002.2,False,44.0,221.0,0.5,7
757,5067410,24.9,49.2,1002.2,False,43.7,208.0,0.5,7
758,5127403,25.0,49.2,1002.2,False,43.7,208.0,0.5,7
759,5187401,25.0,49.5,1002.2,False,44.0,211.0,0.7,7
760,5247404,24.9,49.5,1002.2,False,44.0,211.0,0.7,7
761,31507,22.3,55.0,994.5,False,34.1,252.0,0.2,8
762,91508,22.1,55.9,994.8,False,33.6,272.0,0.5,8
763,151507,22.1,56.9,995.0,False,33.3,209.0,0.4,8
764,211505,21.9,57.2,995.1,False,32.9,243.0,0.4,8
765,271511,21.9,57.4,995.2,False,32.8,212.0,0.4,8
766,331508,21.8,57.0,995.2,False,32.8,248.0,0.2,8
767,391507,21.8,57.1,995.2,False,33.0,22.0,0.2,8
768,451509,21.6,57.0,995.2,False,33.0,81.0,0.3,8
769,511523,21.6,58.1,995.1,False,32.9,12.0,0.1,8
770,571538,21.8,56.9,995.0,False,32.9,3.0,0.2,8
771,631552,21.8,56.9,994.9,False,33.0,108.0,0.2,8
772,691554,21.7,56.7,994.9,False,33.0,40.0,0.2,8
773,751554,21.7,56.5,994.9,False,32.8,48.0,0.2,8
774,811569,21.7,56.3,994.9,False,32.8,43.0,0.4,8
775,871588,21.6,56.2,994.7,False,32.5,60.0,0.4,8
776,931608,21.6,56.6,994.6,False,32.2,56.0,0.5,8
777,991617,21.6,56.3,994.5,False,32.2,40.0,0.3,8
778,1051641,21.6,56.2,994.3,False,32.2,18.0,0.3,8
779,1111631,21.6,56.5,994.2,False,32.2,57.0,0.2,8
780,1171632,21.6,56.7,994.2,False,31.9,38.0,0.4,8
781,1231634,21.4,55.9,994.1,False,31.9,19.0,0.8,8
782,1291633,21.4,57.2,994.1,False,31.8,43.0,0.5,8
783,1351645,21.3,57.9,994.1,False,31.4,51.0,0.5,8
784,1411629,21.3,57.9,994.2,False,31.3,51.0,0.4,8
785,1471634,21.3,57.9,994.3,False,31.3,82.0,0.4,8
786,1531632,21.3,57.9,994.4,False,31.6,64.0,0.3,8
787,1591647,21.4,57.3,994.5,False,31.6,137.0,0.1,8
788,1651663,21.4,58.1,994.6,False,31.4,123.0,0.1,8
789,1711679,21.3,57.7,994.5,False,31.4,29.0,0.1,8
790,1771677,21.3,57.7,994.4,False,31.2,51.0,0.1,8
791,1831679,21.4,57.9,994.5,False,31.2,0.0,0.1,8
792,1891679,21.5,57.9,994.5,False,31.5,0.0,0.0,8
793,1951679,21.4,57.9,994.4,False,31.5,296.0,0.0,8
794,2011696,21.4,57.8,994.3,False,31.7,25.0,0.2,8
795,2071710,21.5,57.7,994.4,False,31.7,233.0,0.1,8
796,2131728,21.5,58.6,994.5,False,31.6,84.0,0.3,8
797,2191727,21.7,58.0,994.8,False,31.6,233.0,0.2,8
798,2251725,21.7,57.9,994.8,False,31.8,172.0,0.4,8
799,2311726,21.8,58.0,995.0,False,31.7,116.0,0.2,8
800,2371753,21.8,58.5,994.8,False,31.6,71.0,0.5,8
801,2431742,21.8,57.9,994.8,False,31.6,61.0,0.3,8
802,2491742,21.8,58.4,994.6,False,31.0,41.0,0.2,8
803,2551742,21.7,58.1,994.4,False,31.4,57.0,0.5,8
804,2611761,21.7,58.1,994.5,False,30.8,173.0,0.5,8
805,2671782,21.6,58.2,994.4,False,30.7,66.0,0.7,8
806,2731756,21.7,58.1,994.4,False,31.0,52.0,0.6,8
807,2791759,21.7,57.4,994.2,False,31.0,71.0,0.6,8
808,2851757,21.7,57.5,994.0,False,31.3,58.0,0.5,8
809,2911757,21.8,57.7,994.1,False,31.3,103.0,0.6,8
810,2971757,21.8,57.7,993.9,False,31.4,61.0,0.3,8
811,3031757,21.9,57.3,993.8,False,31.6,135.0,0.2,8
812,3091767,21.9,57.7,993.8,False,31.8,41.0,0.5,8
813,3151757,21.9,57.1,993.6,False,32.2,78.0,0.4,8
814,3211757,22.0,57.7,993.7,False,32.5,92.0,0.4,8
815,3271756,22.0,57.0,993.9,False,32.7,70.0,0.6,8
816,3331756,22.3,56.4,993.9,False,32.7,58.0,0.5,8
817,3391759,22.3,55.9,993.8,False,32.7,73.0,0.4,8
818,3451755,22.3,56.0,993.7,False,32.4,78.0,0.3,8
819,3511758,22.3,56.6,993.7,False,32.4,338.0,0.3,8
820,3571766,22.3,55.9,993.6,False,32.4,69.0,0.7,8
821,3631771,22.3,57.5,993.7,False,32.2,69.0,0.5,8
822,3691787,22.3,57.0,993.5,False,31.9,20.0,0.7,8
823,3751803,22.4,57.1,993.7,False,32.2,61.0,0.5,8
824,3811802,22.4,57.4,993.7,False,32.2,74.0,0.6,8
825,3871804,22.4,58.1,993.7,False,32.1,113.0,0.7,8
826,3931804,22.3,57.6,993.6,False,31.8,55.0,0.5,8
827,3991805,22.3,57.4,993.5,False,31.9,56.0,0.6,8
828,4051819,22.2,57.4,993.5,False,31.9,56.0,0.6,8
829,4111804,22.2,57.4,993.5,False,31.9,56.0,0.6,8
830,4171804,22.0,57.4,993.5,False,31.9,56.0,0.6,8
831,4231811,22.1,57.4,993.5,False,31.9,56.0,0.6,8
832,4291820,22.3,56.8,993.6,False,32.8,73.0,0.3,8
833,4351834,22.4,56.3,993.5,False,32.6,9.0,0.2,8
834,4411851,22.5,58.4,993.7,False,32.9,66.0,0.1,8
835,4471850,22.6,57.1,993.6,False,33.2,41.0,0.3,8
836,4531861,22.7,57.1,993.6,False,33.8,16.0,0.3,8
837,4591850,22.7,56.9,993.7,False,34.0,184.0,0.4,8
838,4651867,22.7,56.6,993.6,False,34.4,75.0,0.4,8
839,4711864,22.9,55.8,993.6,False,34.6,42.0,0.2,8
840,4771881,22.9,54.2,993.5,False,34.7,28.0,0.6,8
841,4831882,22.6,56.5,993.5,False,34.4,35.0,0.4,8
842,4891885,22.6,57.6,993.4,False,33.2,57.0,0.4,8
843,4951881,22.8,56.7,993.4,False,33.3,3.0,0.5,8
844,5011885,22.8,56.7,993.3,False,33.6,67.0,0.3,8
845,5071884,22.7,57.0,993.4,False,33.6,32.0,0.8,8
846,5131898,22.6,58.1,993.3,False,33.5,34.0,0.5,8
847,5191920,22.6,58.0,993.2,False,32.7,66.0,0.4,8
848,5251926,22.6,58.1,993.2,False,32.9,99.0,0.3,8
849,5311929,22.6,57.8,993.2,False,33.2,73.0,0.5,8
850,5371928,22.5,57.9,993.2,False,33.2,64.0,0.7,8
851,5431937,22.5,57.5,993.2,False,33.0,68.0,0.7,8
852,5491942,22.5,58.1,992.9,False,33.0,69.0,0.6,8
853,5551942,22.5,58.2,993.0,False,33.0,52.0,0.8,8
854,5611961,22.4,58.4,993.0,False,32.5,52.0,0.7,8
855,5671978,22.4,58.6,992.9,False,32.5,52.0,0.6,8
856,5731977,22.4,59.2,993.0,False,32.5,39.0,0.5,8
857,5791974,22.4,58.9,993.0,False,32.8,58.0,0.7,8
858,5851980,22.4,58.8,992.9,False,32.6,60.0,0.6,8
859,5912005,22.4,59.5,992.9,False,32.5,70.0,0.8,8
860,5972009,22.3,58.9,992.9,False,32.6,41.0,0.8,8
861,6032004,22.3,59.2,992.8,False,32.5,60.0,0.5,8
862,6092008,22.3,59.4,992.8,False,32.5,59.0,0.7,8
863,6152006,22.3,59.0,992.9,False,32.6,66.0,0.6,8
864,6212006,22.5,58.8,992.8,False,32.7,54.0,0.8,8
865,6272022,22.4,58.8,992.8,False,32.9,24.0,0.9,8
866,6332046,22.2,60.2,992.7,False,32.9,45.0,0.8,8
867,6392051,22.2,61.1,992.6,False,33.0,52.0,0.8,8
868,6452044,22.3,60.1,992.6,False,33.2,55.0,0.7,8
869,6512059,22.4,59.9,992.4,False,33.2,22.0,0.7,8
870,6572088,22.4,59.9,992.3,False,33.5,54.0,0.7,8
871,6632101,22.5,59.8,992.3,False,34.0,44.0,0.8,8
872,6692101,22.6,58.7,992.2,False,35.2,58.0,0.6,8
873,6752098,22.7,59.3,992.2,False,35.4,62.0,0.8,8
874,6812099,22.7,58.5,992.2,False,35.4,57.0,0.8,8
875,6872115,22.7,58.5,992.1,False,36.0,76.0,0.5,8
876,6932139,22.7,58.4,992.0,False,36.2,67.0,0.5,8
877,6992131,23.0,58.1,992.1,False,36.1,71.0,0.4,8
878,7052142,23.0,58.0,992.0,False,36.1,62.0,0.7,8
879,7112130,23.2,57.2,992.0,False,35.8,38.0,0.8,8
880,7172133,23.2,57.3,991.8,False,35.8,52.0,0.5,8
881,7232131,23.1,56.3,991.8,False,35.8,54.0,0.5,8
882,7292133,23.1,57.0,991.7,False,35.8,96.0,0.6,8
883,7352132,23.2,57.3,991.6,False,36.1,50.0,0.5,8
884,7412129,23.2,56.8,991.6,False,36.1,25.0,0.6,8
885,7472132,23.2,56.7,991.6,False,35.9,58.0,0.3,8
886,7532131,23.2,56.2,991.6,False,35.9,53.0,0.5,8
887,7592133,23.3,56.6,991.6,False,35.6,43.0,0.4,8
888,7652131,23.3,56.2,991.5,False,35.4,127.0,0.4,8
889,7712129,23.5,56.2,991.6,False,35.5,32.0,0.4,8
890,7772134,23.5,55.2,991.5,False,35.5,64.0,0.4,8
891,20091,18.8,72.4,1013.2,False,34.4,300.0,0.1,9
892,80093,18.7,73.2,1013.3,False,33.9,277.0,0.3,9
893,140110,18.6,74.1,1013.2,False,33.9,313.0,0.3,9
894,200091,18.6,74.6,1013.2,False,33.7,307.0,0.3,9
895,260100,18.6,75.8,1013.1,False,33.7,311.0,0.2,9
896,320122,18.9,74.6,1013.1,False,33.7,331.0,0.4,9
897,380139,18.9,74.5,1013.1,False,34.1,319.0,0.3,9
898,440138,18.9,73.8,1013.1,False,34.5,331.0,0.2,9
899,500140,19.0,71.8,1013.0,False,35.1,347.0,0.2,9
900,560140,19.0,69.7,1013.0,False,35.0,160.0,0.2,9
901,620141,18.9,71.3,1013.0,False,34.9,185.0,0.3,9
902,680139,18.8,71.6,1013.0,False,35.0,212.0,0.1,9
903,740140,18.8,71.9,1013.1,False,35.0,171.0,0.1,9
904,800155,18.9,72.2,1013.0,False,34.7,202.0,0.1,9
905,860170,18.9,72.3,1013.1,False,34.4,198.0,0.1,9
906,920200,18.8,71.4,1013.1,False,34.3,47.0,0.1,9
907,980171,18.7,72.8,1013.0,False,33.7,270.0,0.0,9
908,1040185,18.8,72.7,1013.1,False,33.7,315.0,0.2,9
909,1100191,18.7,73.4,1013.0,False,33.4,119.0,0.1,9
910,1160204,18.7,74.0,1013.1,False,33.4,338.0,0.1,9
911,1220200,18.5,73.7,1013.0,False,33.4,137.0,0.2,9
912,1280204,18.6,72.6,1012.9,False,33.5,224.0,0.2,9
913,1340217,18.7,72.2,1012.9,False,34.5,0.0,0.2,9
914,1400215,19.0,70.2,1012.9,False,34.7,163.0,0.4,9
915,1460217,19.2,68.1,1013.0,False,35.4,215.0,0.2,9
916,1520222,19.2,66.9,1013.1,False,35.4,162.0,0.2,9
917,1580237,19.5,66.6,1013.1,False,35.3,209.0,0.3,9
918,1640219,19.5,66.5,1013.0,False,35.2,196.0,0.1,9
919,1700220,19.4,67.3,1013.1,False,34.5,169.0,0.3,9
920,1760218,19.2,68.8,1013.1,False,34.1,183.0,0.1,9
921,1820232,19.2,69.1,1013.0,False,33.1,352.0,0.2,9
922,1880237,19.4,68.6,1013.0,False,33.1,207.0,0.3,9
923,1940236,19.2,69.0,1012.9,False,32.7,298.0,0.2,9
924,2000232,19.2,70.8,1012.9,False,31.7,0.0,0.3,9
925,2060247,19.1,70.2,1012.9,False,31.5,358.0,0.1,9
926,2120264,18.9,70.3,1012.9,False,32.4,171.0,0.2,9
927,2180257,18.9,70.8,1012.9,False,31.6,309.0,0.2,9
928,2240265,19.0,71.5,1012.9,False,31.9,339.0,0.1,9
929,2300262,18.9,71.7,1013.0,False,32.2,317.0,0.4,9
930,2360263,18.8,72.4,1013.0,False,32.3,320.0,0.4,9
931,2420261,18.7,73.5,1013.0,False,32.6,325.0,0.3,9
932,2480280,18.7,74.5,1013.0,False,32.7,316.0,0.4,9
933,2540305,18.6,74.1,1012.9,False,33.2,305.0,0.5,9
934,2600316,18.6,75.3,1012.9,False,33.2,182.0,0.4,9
935,2660324,18.6,74.6,1012.9,False,33.1,229.0,0.2,9
936,2720325,18.6,74.6,1013.0,False,33.1,184.0,0.2,9
937,2780324,18.7,73.4,1012.9,False,32.6,240.0,0.3,9
938,2840326,18.8,71.6,1013.0,False,32.7,161.0,0.2,9
939,2900324,18.8,70.8,1013.0,False,32.6,177.0,0.5,9
940,2960327,18.9,70.1,1013.1,False,32.6,278.0,0.2,9
941,3020325,18.9,70.8,1013.2,False,32.5,330.0,0.1,9
942,3080342,18.7,72.0,1013.2,False,32.7,75.0,0.0,9
943,3140341,18.7,72.7,1013.2,False,32.9,113.0,0.1,9
944,3200341,18.6,74.0,1013.1,False,33.4,288.0,0.2,9
945,3260343,18.6,74.5,1013.0,False,33.3,202.0,0.4,9
946,3320344,18.6,72.9,1013.1,False,32.9,7.0,0.3,9
947,3380342,18.8,74.0,1013.1,False,32.9,98.0,0.1,9
948,3440341,18.9,72.1,1013.0,False,32.7,175.0,0.3,9
949,3500342,18.9,70.5,1013.0,False,32.7,0.0,0.2,9
950,3560339,18.7,71.0,1013.1,False,32.0,312.0,0.1,9
951,3620340,18.6,72.7,1013.0,False,31.2,172.0,0.2,9
952,3680340,18.5,73.8,1013.1,False,31.0,28.0,0.3,9
953,3740339,18.3,74.4,1013.1,False,31.0,306.0,0.1,9
954,3800357,18.2,75.0,1013.1,False,30.6,326.0,0.2,9
955,3860340,18.3,75.2,1013.1,False,30.6,330.0,0.2,9
956,3920346,18.3,74.8,1013.1,False,30.5,304.0,0.3,9
957,3980339,18.3,75.6,1013.1,False,30.5,202.0,0.2,9
958,4040340,18.3,74.7,1013.1,False,30.5,0.0,0.1,9
959,4100346,18.4,73.6,1013.0,False,30.6,0.0,0.3,9
960,4160345,18.4,73.2,1013.0,False,30.7,232.0,0.2,9
961,4220348,18.4,72.4,1012.9,False,30.7,315.0,0.2,9
962,4280359,18.5,71.7,1013.0,False,30.7,323.0,0.1,9
963,4340350,18.5,71.7,1013.0,False,30.3,158.0,0.4,9
964,4400341,18.4,72.6,1012.9,False,29.4,177.0,0.3,9
965,4460340,18.3,73.4,1012.8,False,29.3,73.0,0.2,9
966,4520341,18.2,75.0,1012.9,False,29.1,0.0,0.1,9
967,4580341,18.2,74.9,1013.0,False,29.1,339.0,0.2,9
968,4640344,18.2,75.0,1012.9,False,29.1,327.0,0.3,9
969,25218,20.7,61.3,1015.0,False,36.9,329.0,0.1,10
970,85220,20.7,61.4,1015.0,False,36.8,0.0,0.1,10
971,145225,20.6,62.3,1015.0,False,36.8,307.0,0.1,10
972,205234,20.5,63.2,1015.1,False,36.1,258.0,0.1,10
973,265234,20.5,63.3,1015.0,False,36.4,285.0,0.2,10
974,325250,20.5,63.9,1015.1,False,36.6,190.0,0.2,10
975,385257,20.4,65.1,1015.1,False,36.9,182.0,0.2,10
976,445264,20.4,65.1,1015.2,False,38.4,219.0,0.1,10
977,505268,20.4,65.8,1015.1,False,38.8,274.0,0.1,10
978,565269,20.5,64.8,1015.1,False,39.2,306.0,0.2,10
979,625282,20.6,64.8,1015.2,False,39.6,239.0,0.2,10
980,685296,20.5,65.2,1015.2,False,40.0,175.0,0.1,10
981,745297,20.5,65.4,1015.2,False,40.2,240.0,0.2,10
982,805299,20.5,66.1,1015.2,False,40.2,293.0,0.1,10
983,865295,20.4,66.1,1015.2,False,40.9,0.0,0.1,10
984,925294,20.5,64.3,1015.1,False,40.9,334.0,0.0,10
985,985314,20.7,65.1,1015.3,False,39.9,316.0,0.1,10
986,1045315,20.6,64.5,1015.3,False,40.4,298.0,0.4,10
987,1105311,20.6,64.9,1015.3,False,40.9,266.0,0.1,10
988,1165328,20.6,64.4,1015.4,False,40.9,314.0,0.1,10
989,1225346,20.7,64.4,1015.4,False,40.9,314.0,0.1,10
990,1285342,20.7,63.5,1015.4,False,41.5,311.0,0.1,10
991,1345345,20.8,62.5,1015.4,False,41.5,286.0,0.2,10
992,1405343,20.8,62.8,1015.4,False,42.3,288.0,0.1,10
993,1465345,20.9,63.3,1015.4,False,42.3,298.0,0.3,10
994,1525343,20.9,63.3,1015.6,False,42.2,307.0,0.2,10
995,1585344,20.9,63.1,1015.5,False,42.2,313.0,0.3,10
996,1645346,20.9,62.3,1015.5,False,42.7,198.0,0.2,10
997,1705355,21.1,61.9,1015.5,False,42.7,309.0,0.2,10
998,1765347,21.0,63.5,1015.6,False,42.7,312.0,0.2,10
999,1825344,21.0,62.4,1015.5,False,42.9,348.0,0.2,10
1000,1885342,20.9,61.8,1015.5,False,43.2,312.0,0.1,10
1001,1945342,20.8,61.5,1015.6,False,43.2,325.0,0.2,10
1002,2005360,20.8,60.4,1015.6,False,43.4,311.0,0.3,10
1003,2065374,20.8,61.8,1015.5,False,43.4,329.0,0.2,10
1004,2125392,20.8,61.5,1015.6,False,42.9,0.0,0.1,10
1005,2185424,20.8,61.5,1015.5,False,42.9,0.0,0.4,10
1006,2245425,21.0,60.4,1015.5,False,42.7,151.0,0.3,10
1007,2305421,21.2,60.2,1015.5,False,42.7,284.0,0.3,10
1008,2365421,21.2,59.9,1015.5,False,42.7,35.0,0.5,10
1009,2425422,21.3,58.9,1015.4,False,42.7,287.0,0.2,10
1010,2485420,21.4,58.4,1015.5,False,42.7,158.0,0.3,10
1011,2545419,21.4,57.9,1015.5,False,42.7,187.0,0.4,10
1012,2605437,21.4,58.5,1015.5,False,42.6,218.0,0.5,10
1013,2665438,21.3,58.2,1015.5,False,42.0,243.0,0.3,10
1014,2725452,21.4,58.0,1015.6,False,42.2,168.0,0.4,10
1015,2785454,21.3,57.2,1015.6,False,42.2,173.0,0.3,10
1016,2845467,21.3,57.3,1015.6,False,42.0,294.0,0.4,10
1017,2905469,21.3,58.3,1015.5,False,42.0,184.0,0.5,10
1018,2965468,21.3,58.9,1015.6,False,41.3,150.0,0.4,10
1019,3025472,21.3,58.8,1015.6,False,41.1,173.0,0.4,10
1020,3085472,21.2,58.6,1015.8,False,40.8,190.0,0.5,10
1021,3145470,21.2,59.2,1015.7,False,40.8,306.0,0.4,10
1022,3205481,21.1,59.1,1015.6,False,40.0,191.0,0.4,10
1023,3265471,21.0,59.8,1015.7,False,39.6,171.0,0.4,10
1024,3325468,21.0,59.0,1015.6,False,39.6,171.0,0.3,10
1025,3385467,21.0,59.3,1015.7,False,39.9,170.0,0.4,10
1026,3445486,21.1,59.3,1015.5,False,40.4,131.0,0.4,10
1027,3505501,21.1,59.5,1015.7,False,40.4,166.0,0.3,10
1028,3565499,21.3,59.9,1015.7,False,40.3,184.0,0.3,10
1029,3625518,21.3,59.7,1015.7,False,40.0,166.0,0.4,10
1030,3685522,21.2,58.8,1015.8,False,40.5,165.0,0.4,10
1031,3745522,21.3,58.2,1015.8,False,40.0,142.0,0.3,10
1032,3805534,21.4,58.8,1015.9,False,40.5,175.0,0.3,10
1033,3865545,21.5,59.3,1015.8,False,40.0,199.0,0.3,10
1034,3925547,21.3,59.0,1015.8,False,39.6,183.0,0.3,10
1035,3985543,21.0,59.5,1015.9,False,39.4,185.0,0.4,10
1036,4045544,21.0,60.0,1015.8,False,38.0,154.0,0.4,10
1037,4105545,20.9,60.0,1015.8,False,37.8,217.0,0.5,10
1038,4165545,21.0,60.6,1015.7,False,37.3,173.0,0.4,10
1039,4225544,20.8,60.7,1015.7,False,36.7,173.0,0.3,10
1040,4285545,20.6,60.5,1015.7,False,36.3,170.0,0.3,10
1041,4345547,20.7,61.4,1015.7,False,35.9,289.0,0.3,10
1042,4405544,20.6,61.7,1015.7,False,35.5,183.0,0.3,10
1043,4465554,20.4,62.8,1015.5,False,35.4,109.0,0.3,10
1044,4525545,20.3,63.3,1015.8,False,35.3,184.0,0.3,10
1045,4585546,20.4,63.5,1015.8,False,35.3,203.0,0.2,10
1046,4645547,20.4,63.0,1015.7,False,35.0,160.0,0.4,10
1047,4705546,20.4,62.5,1015.7,False,35.0,189.0,0.3,10
1048,4765545,20.5,62.9,1015.6,False,35.0,173.0,0.3,10
1049,4825545,20.4,63.0,1015.6,False,34.5,199.0,0.3,10
1050,4885545,20.3,63.3,1015.5,False,34.9,278.0,0.4,10
1051,4945546,20.3,64.2,1015.5,False,34.3,162.0,0.4,10
1052,5005544,20.3,63.7,1015.4,False,34.3,160.0,0.3,10
1053,5065575,20.4,63.5,1015.5,False,34.5,188.0,0.5,10
1054,5125547,20.4,63.4,1015.5,False,34.8,173.0,0.5,10
1055,5185545,20.4,63.0,1015.5,False,34.7,161.0,0.5,10
1056,5245545,20.4,62.9,1015.3,False,34.5,170.0,0.5,10
1057,5305547,20.5,62.1,1015.5,False,34.5,167.0,0.5,10
1058,5365547,20.4,62.1,1015.4,False,34.4,316.0,0.4,10
1059,5425564,20.4,62.9,1015.5,False,34.3,178.0,0.5,10
1060,5485559,20.6,61.6,1015.5,False,34.3,172.0,0.3,10
1061,5545581,20.6,61.9,1015.6,False,34.6,195.0,0.4,10
1062,5605592,20.5,61.9,1015.5,False,34.3,177.0,0.3,10
1063,5665592,20.4,63.2,1015.6,False,34.3,271.0,0.3,10
1064,5725592,20.4,62.7,1015.6,False,34.2,206.0,0.4,10
1065,5785591,20.4,62.5,1015.6,False,34.1,156.0,0.3,10
1066,5845593,20.4,61.7,1015.5,False,33.9,161.0,0.5,10
1067,5905606,20.4,61.3,1015.5,False,33.8,205.0,0.4,10
1068,5965607,20.4,61.5,1015.6,False,33.9,165.0,0.3,10
1069,6025623,20.5,61.4,1015.7,False,33.9,212.0,0.4,10
1070,6085638,20.4,61.9,1015.7,False,33.6,172.0,0.3,10
1071,6145638,20.4,62.0,1015.7,False,33.6,129.0,0.4,10
1072,6205653,20.4,61.9,1015.7,False,33.7,179.0,0.4,10
1073,6265669,20.4,61.6,1015.6,False,33.8,183.0,0.5,10
1074,6325676,20.4,61.3,1015.7,False,33.8,164.0,0.4,10
1075,6385668,20.4,61.6,1015.8,False,33.6,172.0,0.5,10
1076,6445669,20.4,61.5,1015.9,False,33.4,168.0,0.2,10
1077,6505669,20.3,61.4,1015.8,False,33.0,199.0,0.4,10
1078,6565669,20.4,61.3,1015.8,False,33.0,0.0,0.4,10
1079,6625694,20.4,61.7,1015.9,False,33.4,182.0,0.4,10
1080,6685671,20.5,62.3,1015.8,False,33.8,238.0,0.4,10
1081,6745669,20.6,61.5,1015.8,False,34.1,165.0,0.3,10
1082,6805671,20.7,61.6,1015.7,False,34.4,184.0,0.4,10
1083,6865677,20.8,61.1,1015.8,False,34.8,173.0,0.3,10
1084,6925669,20.9,61.0,1015.7,False,34.8,171.0,0.3,10
1085,6985686,20.9,60.7,1015.6,False,34.0,270.0,0.3,10
1086,7045672,20.9,59.6,1015.8,False,34.0,188.0,0.4,10
1087,7105671,20.8,60.1,1015.7,False,34.0,167.0,0.3,10
1088,7165680,20.8,59.8,1015.7,False,34.2,181.0,0.5,10
1089,7225675,20.7,60.4,1015.8,False,33.7,175.0,0.4,10
1090,7285670,20.7,59.6,1015.7,False,34.2,201.0,0.2,10
1091,7345667,20.7,60.1,1015.8,False,34.2,160.0,0.3,10
1092,7405668,20.7,60.2,1015.8,False,34.3,161.0,0.4,10
1093,7465669,20.8,60.0,1015.8,False,34.0,162.0,0.4,10
1094,7525673,20.8,60.1,1015.7,False,34.0,167.0,0.5,10
1095,7585670,20.8,60.1,1015.8,False,33.8,162.0,0.3,10
1096,7645670,20.8,60.6,1015.7,False,33.6,190.0,0.5,10
1097,7705671,20.9,60.0,1015.9,False,33.6,161.0,0.3,10
1098,7765670,21.0,59.1,1015.9,False,33.9,176.0,0.3,10
1099,7825668,20.9,58.9,1015.8,False,33.4,161.0,0.4,10
1100,7885671,20.9,59.0,1015.8,False,34.0,170.0,0.5,10
1101,7945670,20.9,59.5,1015.9,False,34.4,157.0,0.6,10
1102,8005683,21.0,59.2,1015.8,False,34.4,161.0,0.2,10
1103,8065669,21.1,58.5,1015.9,False,34.3,197.0,0.4,10
1104,60318,27.0,44.2,1013.5,False,50.7,300.0,0.3,11
1105,120319,26.9,45.1,1013.5,False,51.4,148.0,0.3,11
1106,180318,26.7,44.3,1013.6,False,50.6,57.0,0.4,11
1107,240320,26.9,43.5,1013.5,False,50.6,29.0,0.6,11
1108,300322,27.0,44.8,1013.4,False,50.6,349.0,0.4,11
1109,360320,26.8,44.8,1013.6,False,50.5,37.0,0.3,11
1110,420319,26.8,43.8,1013.5,False,49.8,322.0,0.3,11
1111,480319,26.8,45.2,1013.5,False,49.8,187.0,0.3,11
1112,540318,26.6,45.3,1013.4,False,49.8,282.0,0.3,11
1113,600334,26.7,45.3,1013.4,False,49.8,282.0,0.3,11
1114,660331,26.7,44.1,1013.4,False,50.9,9.0,0.4,11
1115,720319,26.9,44.0,1013.4,False,50.9,24.0,0.4,11
1116,780320,26.9,43.8,1013.5,False,50.7,48.0,0.3,11
1117,840332,26.8,43.9,1013.4,False,50.7,252.0,0.4,11
1118,900346,26.8,44.6,1013.5,False,49.8,204.0,0.4,11
1119,960320,27.0,44.3,1013.4,False,49.2,89.0,0.3,11
1120,1020324,27.0,44.2,1013.5,False,49.2,292.0,0.3,11
1121,1080326,27.0,45.3,1013.6,False,48.9,247.0,0.3,11
1122,1140327,26.9,43.9,1013.4,False,49.6,214.0,0.2,11
1123,1200323,26.9,43.9,1013.4,False,49.6,214.0,0.2,11
1124,1260322,26.7,44.8,1013.6,False,49.8,341.0,0.2,11
1125,1320321,26.7,45.7,1013.5,False,49.1,206.0,0.3,11
1126,1380319,26.7,44.8,1013.6,False,48.9,265.0,0.2,11
1127,1440321,26.7,45.2,1013.4,False,49.1,132.0,0.5,11
1128,1500319,26.7,45.8,1013.5,False,49.6,241.0,0.5,11
1129,1560320,26.6,46.5,1013.6,False,49.5,38.0,0.3,11
1130,1620319,26.6,46.8,1013.5,False,48.4,77.0,0.4,11
1131,1680319,26.6,46.8,1013.5,False,48.4,77.0,0.4,11
1132,1740318,26.6,47.0,1013.4,False,48.4,311.0,0.3,11
1133,1800319,26.7,45.6,1013.4,False,49.6,95.0,0.2,11
1134,1860321,26.8,45.3,1013.4,False,49.6,47.0,0.1,11
1135,1920325,26.7,45.4,1013.4,False,49.4,327.0,0.2,11
1136,1980324,26.8,45.8,1013.4,False,49.1,265.0,0.1,11
1137,2040321,26.7,46.0,1013.5,False,48.7,309.0,0.2,11
1138,2100325,26.7,46.0,1013.3,False,48.7,254.0,0.3,11
1139,2160322,26.5,46.0,1013.3,False,48.7,254.0,0.3,11
1140,2220320,26.5,45.2,1013.5,False,48.9,223.0,0.3,11
1141,2280321,26.7,44.5,1013.5,False,48.9,0.0,0.1,11
1142,2340325,26.7,44.9,1013.4,False,48.8,228.0,0.1,11
1143,2400319,26.7,45.5,1013.4,False,48.0,2.0,0.1,11
1144,2460341,26.7,46.3,1013.5,False,47.9,61.0,0.3,11
1145,2520322,26.5,46.3,1013.5,False,47.9,61.0,0.3,11
1146,2580318,26.5,47.2,1013.4,False,47.7,200.0,0.4,11
1147,2640324,26.3,48.2,1013.5,False,46.7,279.0,0.3,11
1148,2700324,26.2,48.8,1013.5,False,46.7,351.0,0.1,11
1149,2760332,26.0,47.5,1013.4,False,46.7,0.0,0.3,11
1150,2820329,26.1,47.7,1013.4,False,47.8,276.0,0.3,11
1151,2880325,26.1,47.7,1013.4,False,47.8,276.0,0.3,11
1152,2940322,26.1,49.1,1013.5,False,46.8,348.0,0.4,11
1153,3000319,25.9,49.4,1013.3,False,46.6,104.0,0.3,11
1154,3060324,25.9,49.5,1013.4,False,46.5,329.0,0.3,11
1155,3120316,25.9,49.2,1013.3,False,46.5,82.0,0.4,11
1156,3180318,25.8,48.9,1013.3,False,46.5,357.0,0.1,11
1157,3240322,25.9,47.8,1013.3,False,47.1,40.0,0.3,11
1158,3300331,26.0,47.8,1013.3,False,47.1,40.0,0.3,11
1159,3360326,25.9,48.6,1013.3,False,46.9,182.0,0.2,11
1160,3420335,25.7,48.6,1013.3,False,46.9,182.0,0.2,11
1161,3480337,25.7,47.4,1013.3,False,47.3,257.0,0.1,11
1162,3540363,25.9,48.0,1013.4,False,47.7,204.0,0.2,11
1163,3600366,25.8,48.6,1013.4,False,47.1,1.0,0.3,11
1164,3660382,25.7,49.2,1013.3,False,46.5,271.0,0.5,11
1165,3720398,25.6,48.8,1013.3,False,46.6,246.0,0.4,11
1166,3780422,25.5,48.8,1013.3,False,46.6,246.0,0.4,11
1167,3840410,25.5,49.7,1013.3,False,46.4,66.0,0.1,11
1168,3900413,25.6,49.7,1013.3,False,46.4,66.0,0.1,11
1169,3960418,25.6,49.9,1013.3,False,45.6,343.0,0.4,11
1170,4020431,25.5,49.4,1013.3,False,45.8,271.0,0.3,11
1171,4080449,25.6,49.7,1013.3,False,45.8,181.0,0.3,11
1172,4140458,25.6,49.2,1013.4,False,45.3,178.0,0.1,11
1173,4200460,25.6,49.5,1013.3,False,46.1,114.0,0.3,11
1174,4260459,25.6,49.5,1013.3,False,46.1,114.0,0.3,11
1175,4320476,25.6,49.6,1013.2,False,45.4,322.0,0.4,11
1176,4380477,25.4,49.5,1013.2,False,45.2,288.0,0.5,11
1177,4440490,25.4,49.3,1013.2,False,45.1,0.0,0.3,11
1178,4500485,25.5,49.3,1013.2,False,45.1,0.0,0.3,11
1179,4560496,25.4,50.1,1013.1,False,45.5,280.0,0.5,11
1180,4620490,25.4,49.9,1013.1,False,45.3,141.0,0.6,11
1181,4680490,25.3,49.5,1013.2,False,45.3,271.0,0.3,11
1182,4740490,25.3,50.0,1013.1,False,45.3,0.0,0.4,11
1183,4800491,25.2,49.9,1013.4,False,45.0,39.0,0.3,11
1184,4860480,25.2,49.9,1013.4,False,45.0,39.0,0.3,11
1185,4920491,25.1,50.7,1013.1,False,45.3,36.0,0.4,11
1186,4980490,25.0,50.1,1013.1,False,44.4,40.0,0.2,11
1187,5040491,25.0,49.3,1013.1,False,44.3,67.0,0.2,11
1188,5100513,25.0,49.6,1013.1,False,44.4,0.0,0.3,11
1189,5160509,25.0,49.9,1013.1,False,44.4,44.0,0.3,11
1190,5220525,25.0,50.4,1013.0,False,44.4,327.0,0.2,11
1191,5280532,25.0,50.7,1013.0,False,44.2,218.0,0.3,11
1192,5340561,25.0,50.7,1013.0,False,44.2,218.0,0.3,11
1193,5400574,25.0,50.4,1013.0,False,43.9,340.0,0.2,11
1194,5460572,25.1,50.3,1013.1,False,43.9,336.0,0.5,11
1195,5520574,25.0,51.0,1013.1,False,43.7,231.0,0.3,11
1196,5580579,25.0,50.5,1012.9,False,43.7,237.0,0.2,11
1197,5640571,25.0,50.1,1013.0,False,44.5,2.0,0.2,11
1198,5700570,25.1,50.3,1012.9,False,44.5,185.0,0.2,11
1199,5760572,25.1,50.2,1012.9,False,43.9,92.0,0.1,11
1200,5820573,25.2,49.6,1012.9,False,43.9,94.0,0.2,11
1201,5880573,25.2,49.8,1013.0,False,43.9,235.0,0.2,11
1202,5940573,25.1,49.5,1012.9,False,44.0,0.0,0.3,11
1203,4825,25.4,48.0,1015.5,False,43.9,80.0,0.3,12
1204,64825,25.5,48.4,1015.7,False,43.9,15.0,0.3,12
1205,124824,25.4,49.9,1015.6,False,44.3,26.0,0.4,12
1206,184827,25.3,49.9,1015.5,False,43.8,43.0,0.2,12
1207,244824,25.3,48.9,1015.5,False,43.8,118.0,0.3,12
1208,304826,25.3,48.3,1015.4,False,43.9,205.0,0.2,12
1209,364823,25.4,48.5,1015.5,False,43.4,274.0,0.1,12
1210,424823,25.2,49.4,1015.4,False,43.1,155.0,0.3,12
1211,484824,25.1,50.1,1015.4,False,43.0,192.0,0.1,12
1212,544824,25.0,50.2,1015.6,False,42.3,337.0,0.3,12
1213,604823,24.8,52.1,1015.4,False,41.9,257.0,0.4,12
1214,664824,24.8,52.0,1015.4,False,41.7,296.0,0.2,12
1215,724822,24.8,51.6,1015.4,False,41.9,244.0,0.2,12
1216,784835,24.8,51.1,1015.4,False,41.6,243.0,0.3,12
1217,844824,24.8,51.6,1015.3,False,41.5,199.0,0.3,12
1218,904824,24.8,51.4,1015.4,False,40.7,0.0,0.2,12
1219,964823,24.8,51.8,1015.4,False,40.5,171.0,0.1,12
1220,1024824,24.8,51.7,1015.4,False,40.5,226.0,0.1,12
1221,1084826,24.8,50.9,1015.4,False,40.5,255.0,0.2,12
1222,1144824,24.7,51.5,1015.4,False,40.4,50.0,0.3,12
1223,1204834,24.7,51.5,1015.4,False,40.4,50.0,0.3,12
1224,1264822,24.7,49.7,1015.2,False,40.3,212.0,0.3,12
1225,1324824,24.6,51.0,1015.2,False,37.3,191.0,0.3,12
1226,1384831,24.7,51.6,1015.3,False,37.3,208.0,0.2,12
1227,1444825,24.8,51.2,1015.3,False,40.2,288.0,0.2,12
1228,1504825,24.6,52.0,1015.3,False,40.6,36.0,0.0,12
1229,1564825,24.7,51.2,1015.3,False,40.6,110.0,0.2,12
1230,1624823,24.7,51.3,1015.3,False,40.1,319.0,0.1,12
1231,1684824,24.5,51.1,1015.2,False,39.6,22.0,0.1,12
1232,1744824,24.4,51.9,1015.3,False,40.2,186.0,0.3,12
1233,1804830,24.3,51.6,1015.2,False,39.7,278.0,0.2,12
1234,1864917,24.3,52.7,1015.1,False,39.7,24.0,0.6,12
1235,1924916,24.3,52.7,1015.1,False,39.6,202.0,0.3,12
1236,1984931,24.5,52.3,1015.1,False,40.0,221.0,0.3,12
1237,2044952,24.6,51.6,1015.1,False,40.2,251.0,0.1,12
1238,2104948,24.6,51.4,1015.1,False,40.5,272.0,0.1,12
1239,2164955,24.6,53.2,1015.0,False,40.4,261.0,0.8,12
1240,2224950,24.4,54.5,1015.1,False,40.4,252.0,0.3,12
1241,2284958,24.3,54.5,1015.1,False,40.4,252.0,0.3,12
1242,2344947,24.4,53.6,1015.1,False,40.6,269.0,0.5,12
1243,2404949,24.4,54.4,1015.0,False,40.8,6.0,0.3,12
1244,2464948,24.7,54.6,1015.0,False,40.9,237.0,0.4,12
1245,2524939,24.8,54.6,1015.0,False,40.9,237.0,0.4,12
1246,2584949,24.8,53.5,1014.9,False,41.0,278.0,0.5,12
1247,2644952,24.8,53.5,1014.9,False,41.0,278.0,0.5,12
1248,2704960,24.7,53.9,1015.0,False,41.0,225.0,0.4,12
1249,2764958,24.7,53.9,1015.0,False,41.0,225.0,0.4,12
1250,2824950,24.8,53.7,1015.0,False,41.2,257.0,0.4,12
1251,2884949,24.8,53.8,1014.9,False,41.4,245.0,0.3,12
1252,2944951,24.9,52.5,1014.9,False,41.2,220.0,0.5,12
1253,3004951,24.7,52.5,1014.9,False,41.2,220.0,0.5,12
1254,3064949,24.6,55.3,1014.9,False,40.9,252.0,0.2,12
1255,3124968,24.6,55.3,1014.9,False,40.9,252.0,0.2,12
1256,3184948,24.7,53.3,1014.8,False,41.4,326.0,0.3,12
1257,3244965,24.8,53.3,1014.8,False,41.4,326.0,0.3,12
1258,3304981,24.7,52.5,1014.8,False,41.8,214.0,0.3,12
1259,3364994,24.8,52.5,1014.8,False,41.8,214.0,0.3,12
1260,3424994,24.8,51.8,1014.9,False,42.2,348.0,0.3,12
1261,3485011,24.8,51.8,1014.9,False,42.2,348.0,0.3,12
1262,3545011,24.7,53.0,1014.8,False,42.0,85.0,0.3,12
1263,3605028,24.6,53.0,1014.8,False,42.0,85.0,0.3,12
1264,3665057,24.7,53.6,1014.8,False,40.9,235.0,0.2,12
1265,3725075,24.6,53.6,1014.8,False,40.9,235.0,0.2,12
1266,3785102,24.7,53.4,1014.9,False,39.9,0.0,0.3,12
1267,3845076,24.6,53.4,1014.9,False,39.9,0.0,0.3,12
1268,3905077,24.7,53.6,1014.9,False,39.5,39.0,0.3,12
1269,3965076,24.6,53.6,1014.9,False,39.5,39.0,0.3,12
1270,4025076,24.6,54.7,1014.8,False,39.6,297.0,0.4,12
1271,4085077,24.6,54.7,1014.8,False,39.6,297.0,0.4,12
1272,4145083,24.3,55.4,1014.8,False,39.2,74.0,0.6,12
1273,4205080,24.3,55.4,1014.8,False,39.2,74.0,0.6,12
1274,4265073,24.3,55.8,1014.7,False,39.1,188.0,0.2,12
1275,4325078,24.3,55.8,1014.7,False,39.1,188.0,0.2,12
1276,4385075,24.4,54.4,1014.6,False,39.5,116.0,0.3,12
1277,4445079,24.4,54.4,1014.6,False,39.5,116.0,0.3,12
1278,4505094,24.4,54.6,1014.6,False,39.1,76.0,0.2,12
1279,4565076,24.4,54.6,1014.6,False,39.1,76.0,0.2,12
1280,4625076,24.3,55.3,1014.4,False,37.9,116.0,0.4,12
1281,4685075,24.3,55.3,1014.4,False,37.9,116.0,0.4,12
1282,4745074,24.1,55.7,1014.7,False,38.3,66.0,0.3,12
1283,4805084,24.1,55.7,1014.7,False,38.3,66.0,0.3,12
1284,4865085,24.2,55.3,1014.7,False,38.2,23.0,0.3,12
1285,4925084,24.3,55.3,1014.7,False,38.2,23.0,0.3,12
1286,4985082,24.2,55.8,1014.5,False,38.4,112.0,0.3,12
1287,5045074,24.2,56.7,1014.6,False,38.1,39.0,0.4,12
1288,5105077,24.3,56.3,1014.5,False,38.1,51.0,0.5,12
1289,5165073,24.3,56.6,1014.6,False,38.0,9.0,0.3,12
1290,5225077,24.3,56.4,1014.4,False,38.0,324.0,0.4,12
1291,5285073,24.4,56.4,1014.4,False,38.0,324.0,0.4,12
1292,5345091,24.6,55.6,1014.5,False,38.4,267.0,0.2,12
1293,5405091,24.6,55.6,1014.5,False,38.4,267.0,0.2,12
1294,5465105,24.5,55.6,1014.4,False,38.5,84.0,0.4,12
1295,5525121,24.5,55.6,1014.4,False,38.5,84.0,0.4,12
1296,5585120,24.5,55.7,1014.4,False,38.7,237.0,0.2,12
1297,5645122,24.4,55.2,1014.4,False,38.9,227.0,0.1,12
1298,5705138,24.4,56.2,1014.4,False,38.6,13.0,0.3,12
1299,5765154,24.4,56.0,1014.4,False,38.1,239.0,0.3,12
1300,5825169,24.4,56.6,1014.5,False,38.2,36.0,0.2,12
1301,5885361,24.3,56.6,1014.5,False,38.2,36.0,0.2,12
1302,5945353,24.2,57.1,1014.4,False,38.0,231.0,0.2,12
1303,6005352,24.2,57.0,1014.4,False,37.8,264.0,0.3,12
1304,6065372,24.1,56.7,1014.5,False,37.3,297.0,0.3,12
1305,6125383,24.1,56.7,1014.5,False,37.3,297.0,0.3,12
1306,6185401,24.1,57.0,1014.6,False,37.3,244.0,0.2,12
1307,6245424,24.1,57.0,1014.6,False,37.3,244.0,0.2,12
1308,6305417,24.0,58.2,1014.5,False,36.9,282.0,0.2,12
1309,6365410,24.0,58.2,1014.5,False,36.9,282.0,0.2,12
1310,6425420,23.9,58.8,1014.6,False,36.4,0.0,0.3,12
1311,6485432,23.9,58.8,1014.6,False,36.4,0.0,0.3,12
1312,6545432,24.0,58.6,1014.6,False,37.0,213.0,0.2,12
1313,6605435,24.0,58.6,1014.6,False,37.4,266.0,0.3,12
1314,6665431,24.0,58.2,1014.6,False,37.1,263.0,0.3,12
1315,6725450,24.0,58.2,1014.6,False,37.1,263.0,0.3,12
1316,6785447,24.0,58.5,1014.5,False,36.9,225.0,0.3,12
1317,6845450,24.0,58.5,1014.5,False,36.9,225.0,0.3,12
1318,6905446,24.0,58.4,1014.5,False,36.9,345.0,0.1,12
1319,6965447,24.0,58.2,1014.6,False,37.1,121.0,0.1,12
1320,7025448,24.1,57.6,1014.5,False,37.2,230.0,0.1,12
1321,7085446,24.1,56.5,1014.5,False,37.9,354.0,0.5,12
1322,7145453,24.1,58.0,1014.5,False,37.5,281.0,0.6,12
1323,7205468,24.0,58.0,1014.5,False,37.5,281.0,0.6,12
1324,7265466,24.1,57.6,1014.5,False,37.3,168.0,0.1,12
1325,7325445,24.3,56.8,1014.5,False,37.6,0.0,0.1,12
1326,7385449,24.3,56.8,1014.5,False,37.6,0.0,0.1,12
1327,7445448,24.2,57.3,1014.5,False,37.1,0.0,0.1,12
1328,7505451,24.0,57.8,1014.4,False,37.1,230.0,0.3,12
1329,7565468,24.0,58.1,1014.5,False,36.8,260.0,0.6,12
1330,7625446,23.9,59.0,1014.5,False,35.9,262.0,0.1,12
1331,7685450,23.8,59.0,1014.5,False,35.9,262.0,0.1,12
1332,7745449,23.7,59.6,1014.7,False,35.7,319.0,0.3,12
1333,7805449,23.7,59.7,1014.5,False,35.7,93.0,0.3,12
1334,7865448,23.7,60.3,1014.5,False,35.4,281.0,0.3,12
1335,7925447,23.7,60.3,1014.5,False,35.4,281.0,0.3,12
1336,7985448,23.5,60.5,1014.5,False,35.4,257.0,0.3,12
1337,8045447,23.5,60.5,1014.5,False,35.4,257.0,0.3,12
1338,8105449,23.5,61.0,1014.4,False,35.4,241.0,0.3,12
1339,8165448,23.5,61.0,1014.4,False,35.4,241.0,0.3,12
1340,8225447,23.4,60.9,1014.4,False,35.3,10.0,0.2,12
1341,8285447,23.4,60.9,1014.4,False,35.3,10.0,0.2,12
1342,8345448,23.3,61.0,1014.3,False,35.3,265.0,0.2,12
1343,8405449,23.3,61.0,1014.3,False,35.3,265.0,0.2,12
1344,8465453,23.2,61.5,1014.4,False,35.3,11.0,0.6,12
1345,8525449,23.2,61.8,1014.4,False,34.9,310.0,0.2,12
1346,8585439,23.1,61.2,1014.5,False,34.7,227.0,0.1,12
1347,8645447,23.2,61.2,1014.5,False,34.7,227.0,0.1,12
1348,8705446,23.2,60.4,1014.4,False,35.2,142.0,0.2,12
1349,8765453,23.3,60.4,1014.4,False,35.2,142.0,0.2,12
1350,8825448,23.3,59.5,1014.3,False,35.6,145.0,0.2,12
1351,8885447,23.2,59.5,1014.3,False,35.6,145.0,0.2,12
1352,8945446,23.2,59.4,1014.3,False,34.8,255.0,0.3,12
1353,9005448,23.2,59.4,1014.3,False,34.8,255.0,0.3,12
1354,9065447,23.1,60.1,1014.1,False,34.4,241.0,0.3,12
1355,9125447,23.1,60.1,1014.1,False,34.4,241.0,0.3,12
1356,9185447,23.0,60.1,1014.3,False,34.4,35.0,0.2,12
1357,9245447,23.1,60.1,1014.3,False,34.4,35.0,0.2,12
1358,9305446,22.9,60.3,1014.1,False,34.4,271.0,0.3,12
1359,9365446,22.9,60.3,1014.1,False,34.4,271.0,0.3,12
1360,9425449,23.0,60.5,1014.3,False,33.8,286.0,0.3,12
1361,9485446,23.0,60.5,1014.3,False,33.8,286.0,0.3,12
1362,9545447,23.0,58.5,1014.4,False,34.4,165.0,0.1,12
1363,9605463,23.1,58.5,1014.4,False,34.4,165.0,0.1,12
1364,9665494,23.2,58.0,1014.4,False,34.5,71.0,0.3,12
1365,9725478,23.2,58.2,1014.4,False,34.4,95.0,0.4,12
1366,9785500,23.1,59.3,1014.4,False,33.9,46.0,0.4,12
1367,9845494,23.1,59.3,1014.4,False,33.9,46.0,0.4,12
1368,9905501,23.0,60.4,1014.4,False,33.5,171.0,0.4,12
1369,9965504,23.0,60.4,1014.4,False,33.5,171.0,0.4,12
1370,10025514,22.9,61.6,1014.4,False,33.4,54.0,0.2,12
1371,10085510,22.9,61.6,1014.4,False,33.4,54.0,0.2,12
1372,10145526,22.9,61.4,1014.1,False,33.2,227.0,0.2,12
1373,10205541,22.9,61.4,1014.1,False,33.2,227.0,0.2,12
1374,10265541,23.0,60.6,1014.2,False,32.8,88.0,0.5,12
1375,46045,28.6,49.8,966.6,False,44.1,239.0,0.4,13
1376,106041,28.6,49.8,966.6,False,44.1,239.0,0.4,13
1377,166045,28.6,50.2,966.4,False,44.8,284.0,0.5,13
1378,226044,28.6,50.2,966.4,False,44.8,284.0,0.5,13
1379,286061,28.6,50.2,966.6,False,44.6,243.0,0.5,13
1380,346076,28.7,50.2,966.6,False,44.6,243.0,0.5,13
1381,406091,28.7,50.1,966.5,False,43.9,237.0,0.3,13
1382,466106,28.5,50.1,966.5,False,43.9,237.0,0.3,13
1383,526144,28.5,50.0,966.3,False,43.3,208.0,0.2,13
1384,586123,28.2,50.0,966.3,False,43.3,208.0,0.2,13
1385,646125,28.2,50.1,966.3,False,43.5,238.0,0.4,13
1386,706125,28.4,51.5,966.3,False,44.5,236.0,0.7,13
1387,766125,28.4,52.4,966.5,False,44.2,281.0,0.3,13
1388,826122,28.4,52.4,966.5,False,44.2,281.0,0.3,13
1389,886130,28.4,50.5,966.4,False,45.0,216.0,0.4,13
1390,946131,28.5,49.8,966.5,False,45.7,203.0,0.4,13
1391,1006123,28.6,50.1,966.5,False,45.7,228.0,0.2,13
1392,1066144,28.7,49.9,966.4,False,45.2,244.0,0.5,13
1393,1126139,28.8,50.4,966.4,False,44.9,178.0,0.4,13
1394,1186143,28.8,50.6,966.4,False,44.2,0.0,0.4,13
1395,1246142,28.8,50.0,966.4,False,44.0,255.0,0.2,13
1396,1306157,28.8,49.3,966.5,False,44.0,257.0,0.3,13
1397,1366177,28.8,49.0,966.6,False,44.2,297.0,0.5,13
1398,1426186,28.6,48.7,966.4,False,44.2,281.0,0.3,13
1399,1486170,28.7,48.3,966.5,False,44.4,247.0,0.3,13
1400,1546172,28.7,47.7,966.5,False,44.4,238.0,0.2,13
1401,1606187,28.8,47.8,966.4,False,44.4,274.0,0.3,13
1402,1666192,28.8,47.4,966.5,False,44.4,202.0,0.3,13
1403,1726194,28.8,47.0,966.4,False,44.7,254.0,0.4,13
1404,1786204,28.8,46.3,966.5,False,45.1,237.0,0.3,13
1405,1846218,28.9,45.0,966.5,False,45.1,236.0,0.3,13
1406,1906234,29.1,45.0,966.5,False,45.1,236.0,0.3,13
1407,1966539,29.1,44.0,966.5,False,45.7,137.0,0.6,13
1408,2026236,29.2,43.3,966.4,False,46.0,136.0,0.8,13
1409,2086249,29.4,42.7,966.4,False,46.0,112.0,0.5,13
1410,2146250,29.4,42.9,966.5,False,45.3,150.0,0.5,13
1411,2206271,29.4,42.9,966.4,False,45.3,139.0,0.8,13
1412,2266239,29.4,42.1,966.4,False,45.2,139.0,0.6,13
1413,2326248,29.4,41.7,966.4,False,44.5,131.0,0.6,13
1414,2386250,29.3,42.0,966.4,False,44.2,140.0,0.2,13
1415,2446249,29.4,41.3,966.3,False,44.5,142.0,0.4,13
1416,2506250,29.4,41.5,966.4,False,44.9,133.0,0.5,13
1417,2566256,29.4,41.2,966.4,False,44.9,148.0,0.5,13
1418,2626248,29.5,41.6,966.4,False,45.2,187.0,0.4,13
1419,2686251,29.7,42.0,966.4,False,44.9,203.0,0.2,13
1420,2746250,29.7,42.3,966.4,False,44.4,192.0,0.1,13
1421,2806267,29.8,41.9,966.4,False,44.7,0.0,0.2,13
1422,2866238,29.9,41.0,966.4,False,44.8,170.0,0.1,13
1423,2926250,29.9,41.1,966.4,False,44.7,265.0,0.1,13
1424,2986249,29.9,41.6,966.5,False,44.7,166.0,0.2,13
1425,3046250,29.8,41.8,966.4,False,44.3,191.0,0.2,13
1426,3106248,29.8,42.4,966.5,False,44.1,214.0,0.2,13
1427,3166264,29.7,42.7,966.5,False,44.4,168.0,0.3,13
1428,3226241,29.6,42.4,966.4,False,44.4,94.0,0.2,13
1429,3286250,29.5,41.5,966.5,False,44.6,168.0,0.2,13
1430,3346249,29.8,41.7,966.5,False,45.2,162.0,0.2,13
1431,3406251,29.9,42.5,966.5,False,44.7,31.0,0.1,13
1432,3466249,29.9,42.0,966.6,False,44.0,83.0,0.3,13
1433,3526250,29.9,42.0,966.6,False,44.0,83.0,0.3,13
1434,3586249,29.9,42.1,966.6,False,43.8,116.0,0.1,13
1435,3646251,29.8,42.1,966.6,False,43.8,116.0,0.1,13
1436,3706265,29.8,41.8,966.6,False,44.5,89.0,0.5,13
1437,3766282,29.9,41.8,966.6,False,44.5,89.0,0.5,13
1438,3826297,29.9,41.2,966.6,False,45.4,30.0,0.4,13
1439,3886297,30.0,41.2,966.6,False,45.4,30.0,0.4,13
1440,3946296,30.0,41.6,966.7,False,45.3,74.0,0.3,13
1441,4006294,30.0,41.6,966.7,False,45.3,74.0,0.3,13
1442,4066297,30.1,42.0,966.8,False,45.0,143.0,0.3,13
1443,4126296,30.3,42.0,966.8,False,45.0,143.0,0.3,13
1444,4186291,30.3,43.0,966.8,False,44.1,89.0,0.3,13
1445,4246295,30.2,43.0,966.8,False,44.1,89.0,0.3,13
1446,4306297,30.2,42.6,966.7,False,45.1,65.0,0.3,13
1447,4366296,30.0,42.6,966.7,False,45.1,65.0,0.3,13
1448,4426301,30.0,42.5,966.9,False,44.2,121.0,0.3,13
1449,4486298,29.8,42.5,966.9,False,44.2,121.0,0.3,13
1450,4546303,29.8,41.7,966.8,False,43.5,108.0,0.3,13
1451,4606298,29.9,42.1,966.9,False,43.4,97.0,0.3,13
1452,4666310,29.8,42.1,966.9,False,43.4,97.0,0.3,13
1453,4726311,29.7,42.9,966.9,False,43.5,85.0,0.6,13
1454,4786309,29.5,43.7,966.9,False,43.0,110.0,0.6,13
1455,4846311,29.4,44.4,966.8,False,42.8,97.0,0.7,13
1456,4906328,29.4,44.9,966.8,False,42.3,102.0,0.5,13
1457,4966343,29.2,44.2,966.8,False,42.0,104.0,0.6,13
1458,5026360,29.2,44.7,966.9,False,42.0,120.0,0.5,13
1459,5086358,29.1,44.7,966.8,False,41.9,132.0,0.6,13
1460,5146376,29.1,44.7,966.8,False,42.1,93.0,0.6,13
1461,5206372,29.2,44.7,966.7,False,41.9,103.0,0.5,13
1462,5266374,29.2,44.7,966.9,False,41.8,0.0,0.4,13
1463,17820,23.9,63.6,960.9,False,30.1,126.0,0.8,14
1464,77820,23.8,63.1,960.9,False,30.1,112.0,0.6,14
1465,137821,23.9,61.6,960.8,False,30.2,119.0,0.9,14
1466,197820,23.9,61.9,960.9,False,30.2,84.0,0.7,14
1467,257819,24.0,62.0,960.7,False,30.2,146.0,0.6,14
1468,317822,24.0,61.0,960.6,False,30.9,140.0,0.9,14
1469,377821,24.0,61.2,960.5,False,30.7,132.0,0.7,14
1470,437822,24.0,60.5,960.5,False,30.7,135.0,0.9,14
1471,497843,24.0,60.8,960.5,False,31.3,133.0,0.9,14
1472,557821,24.0,60.4,960.5,False,31.5,130.0,1.0,14
1473,617837,24.0,60.4,960.4,False,31.5,129.0,1.0,14
1474,677825,24.0,60.4,960.4,False,31.5,129.0,1.0,14
1475,737819,24.0,60.8,960.3,False,31.0,105.0,0.6,14
1476,797823,24.1,60.2,960.1,False,31.1,121.0,0.8,14
1477,857821,24.2,60.0,960.1,False,31.1,153.0,0.8,14
1478,917822,24.3,60.0,960.2,False,31.1,121.0,0.5,14
1479,977821,24.4,58.9,960.3,False,32.5,110.0,0.7,14
1480,1037820,24.5,58.0,960.3,False,32.8,137.0,0.7,14
1481,1097821,24.8,57.9,960.1,False,33.4,116.0,0.7,14
1482,1157822,25.0,57.7,960.0,False,33.6,156.0,0.5,14
1483,1217821,25.2,57.6,960.2,False,33.4,100.0,0.6,14
1484,1277821,25.2,58.8,960.1,False,32.8,142.0,0.7,14
1485,1337820,25.1,59.5,960.2,False,33.5,136.0,0.7,14
1486,1397826,25.2,59.7,960.2,False,33.4,102.0,0.6,14
1487,1457820,25.2,59.2,960.0,False,33.4,98.0,0.4,14
1488,1517820,25.4,58.4,959.9,False,34.7,141.0,0.6,14
1489,1577825,25.4,58.2,960.1,False,35.9,105.0,0.7,14
1490,1637825,25.4,58.2,960.1,False,35.9,105.0,0.7,14
1491,1697829,25.5,59.7,959.9,False,36.1,116.0,0.7,14
1492,1757828,25.5,59.7,959.9,False,36.1,116.0,0.7,14
1493,1817821,25.5,57.1,959.9,False,36.8,110.0,1.0,14
1494,1877821,25.5,57.2,960.0,False,37.2,120.0,1.3,14
1495,1937836,25.6,56.9,959.9,False,37.6,141.0,1.2,14
1496,1997820,25.8,56.9,960.1,False,37.7,129.0,1.0,14
1497,2057822,25.8,56.3,960.0,False,37.5,117.0,1.0,14
1498,2117838,26.0,56.2,959.9,False,38.0,133.0,1.1,14
1499,2177824,26.1,55.0,959.9,False,38.0,132.0,1.4,14
1500,2237829,26.1,55.0,959.9,False,38.0,132.0,1.4,14
1501,2297838,26.1,57.1,960.1,False,37.5,111.0,1.4,14
1502,2357837,26.0,56.7,960.1,False,37.5,111.0,1.3,14
1503,2417852,26.0,56.5,960.2,False,37.4,107.0,1.3,14
1504,2477869,26.0,56.2,960.3,False,37.2,120.0,1.4,14
1505,2537869,26.0,56.2,960.3,False,37.2,120.0,1.4,14
1506,2597868,26.1,55.4,960.2,False,37.4,122.0,1.3,14
1507,2657867,26.1,54.0,960.3,False,37.6,109.0,1.2,14
1508,2717885,26.2,54.5,960.2,False,37.6,111.0,1.2,14
1509,2777899,26.3,54.8,960.4,False,37.3,117.0,1.1,14
1510,2837915,26.3,54.0,960.4,False,37.7,114.0,1.2,14
1511,2897914,26.5,53.9,960.3,False,37.8,112.0,1.4,14
1512,2957917,26.5,53.9,960.3,False,37.8,112.0,1.4,14
1513,3017913,26.7,52.1,960.3,False,38.0,106.0,1.1,14
1514,3077906,26.7,52.5,960.5,False,37.5,114.0,1.4,14
1515,3137915,26.7,52.6,960.6,False,37.5,127.0,1.3,14
1516,3197928,26.7,51.9,960.5,False,37.3,126.0,1.2,14
1517,3257929,26.8,52.9,960.6,False,37.9,123.0,1.3,14
1518,3317947,26.8,52.9,960.6,False,37.9,123.0,1.3,14
1519,3377945,27.1,51.1,960.7,False,38.9,136.0,1.3,14
1520,3437945,27.1,51.1,960.7,False,38.9,136.0,1.3,14
1521,3497954,27.4,49.2,960.7,False,38.9,138.0,1.0,14
1522,3557944,27.4,49.2,960.7,False,38.9,138.0,1.0,14
1523,3617947,27.1,50.6,960.7,False,38.6,121.0,1.2,14
1524,3677946,27.0,50.6,960.7,False,38.6,121.0,1.2,14
1525,3737950,27.0,49.6,960.6,False,38.9,137.0,1.2,14
1526,3797956,27.0,49.4,960.7,False,38.3,121.0,1.4,14
1527,3857945,26.9,49.5,960.8,False,38.3,118.0,1.4,14
1528,3917948,26.9,49.5,960.8,False,38.3,118.0,1.4,14
1529,3977948,26.8,50.2,960.7,False,38.5,134.0,1.5,14
1530,4037967,26.8,50.2,960.7,False,38.5,134.0,1.5,14
1531,4097953,26.7,51.2,960.7,False,38.5,99.0,1.4,14
1532,4157968,26.7,51.2,960.7,False,38.5,99.0,1.4,14
1533,4217976,26.4,51.6,960.8,False,38.4,120.0,1.3,14
1534,4277984,26.4,51.6,960.8,False,38.4,120.0,1.3,14
1535,4337992,26.2,52.5,960.8,False,37.7,118.0,1.4,14
1536,4398009,26.2,53.1,960.9,False,37.2,102.0,1.7,14
1537,4458027,26.2,54.7,960.8,False,37.0,127.0,1.8,14
1538,4518038,26.2,54.7,960.8,False,37.0,127.0,1.8,14
1539,4578055,25.8,56.9,960.8,False,35.6,124.0,1.8,14
1540,4638075,25.8,56.9,960.8,False,35.6,124.0,1.8,14
1541,4698075,25.4,58.0,960.9,False,35.6,127.0,1.1,14
1542,4758075,25.4,57.6,960.9,False,35.6,126.0,1.3,14
1543,4818073,25.4,57.6,960.7,False,35.7,102.0,1.2,14
1544,4878072,25.4,58.5,960.8,False,35.5,116.0,1.4,14
1545,4938074,25.4,58.9,960.9,False,35.9,105.0,1.2,14
1546,4998071,25.4,58.5,961.0,False,36.3,117.0,1.4,14
1547,5058071,25.3,58.4,961.1,False,36.5,113.0,1.3,14
1548,5118081,25.3,58.5,961.1,False,36.4,119.0,1.3,14
1549,5178074,25.2,59.3,961.1,False,35.6,117.0,1.1,14
1550,5238074,25.0,59.4,961.0,False,35.3,135.0,1.6,14
1551,5298071,24.9,60.5,961.0,False,34.7,125.0,1.3,14
1552,5358077,25.0,60.4,960.9,False,34.9,114.0,1.2,14
1553,5418071,24.9,60.3,961.1,False,35.0,122.0,1.4,14
1554,5478078,24.9,60.3,961.2,False,34.9,118.0,1.3,14
1555,5538078,25.0,60.0,961.1,False,34.7,104.0,1.5,14
1556,5598103,25.0,60.3,961.1,False,34.7,107.0,1.4,14
1557,5658120,25.0,60.7,961.0,False,34.5,107.0,1.5,14
1558,5718135,25.0,61.5,961.0,False,34.4,124.0,1.1,14
1559,5778149,25.1,61.6,961.1,False,34.7,110.0,1.2,14
1560,5838166,25.1,61.3,961.2,False,34.9,103.0,1.3,14
1561,5898167,25.0,61.8,961.0,False,34.9,132.0,1.3,14
1562,5958177,25.0,62.4,961.1,False,34.6,111.0,1.3,14
1563,6018166,25.0,62.8,961.0,False,34.6,96.0,1.3,14
1564,6078180,24.9,64.0,961.0,False,34.7,119.0,1.4,14
1565,6138195,24.7,64.6,961.1,False,34.9,115.0,1.2,14
1566,6198197,24.6,64.8,961.2,False,34.4,113.0,1.3,14
1567,6258197,24.5,64.7,961.2,False,34.2,113.0,1.2,14
1568,6318197,24.4,65.1,961.2,False,34.0,125.0,1.1,14
1569,6378247,24.4,65.0,961.0,False,34.0,101.0,1.2,14
1570,6438197,24.3,65.5,961.0,False,33.7,106.0,1.2,14
1571,6498196,24.2,65.5,961.1,False,33.4,135.0,1.3,14
1572,6558197,24.1,65.5,960.9,False,33.4,93.0,1.3,14
1573,6618198,24.1,65.4,960.8,False,33.4,106.0,1.3,14
1574,6678197,24.1,65.8,961.2,False,33.6,119.0,1.2,14
1575,6738197,24.1,66.3,961.1,False,33.2,105.0,1.3,14
1576,6798199,24.2,67.2,961.0,False,33.2,116.0,1.5,14
1577,6858198,24.1,67.7,960.9,False,33.1,133.0,1.5,14
1578,6918197,24.2,67.7,960.9,False,33.1,102.0,1.2,14
1579,6978198,24.2,67.5,961.2,False,33.1,118.0,1.1,14
1580,7038195,24.2,66.9,960.9,False,33.5,119.0,1.3,14
1581,7098196,24.2,66.4,961.0,False,33.7,129.0,1.4,14
1582,7158204,24.1,65.9,961.0,False,33.7,127.0,1.5,14
1583,7218203,24.1,66.2,961.0,False,33.7,126.0,1.5,14
1584,7278207,24.2,66.6,960.9,False,33.5,99.0,1.0,14
1585,7338205,24.1,67.6,960.9,False,33.5,122.0,1.1,14
1586,7398210,24.2,67.6,961.1,False,33.8,116.0,1.1,14
1587,7458226,24.1,68.0,961.0,False,33.8,120.0,1.1,14
1588,24314,25.3,32.9,939.0,False,54.7,279.0,0.1,15
1589,84334,25.4,30.7,939.0,False,54.6,289.0,0.3,15
1590,144309,25.3,31.3,939.0,False,54.6,241.0,0.3,15
1591,204314,25.2,31.3,939.0,False,54.5,242.0,0.0,15
1592,264310,25.2,31.2,939.0,False,54.6,192.0,0.1,15
1593,324310,25.4,30.3,938.9,False,54.6,24.0,0.1,15
1594,384312,25.4,28.6,939.0,False,54.8,259.0,0.1,15
1595,444309,25.4,28.3,938.9,False,54.7,84.0,0.1,15
1596,504309,25.3,29.4,939.0,False,54.6,269.0,0.3,15
1597,564310,25.5,28.2,938.9,False,54.6,296.0,0.3,15
1598,624310,25.4,28.1,938.9,False,54.8,246.0,0.5,15
1599,684309,25.3,28.3,939.0,False,54.8,292.0,0.4,15
1600,744309,25.1,28.9,939.0,False,54.7,295.0,0.3,15
1601,804310,25.0,29.0,938.9,False,54.7,0.0,0.1,15
1602,864310,25.0,29.5,938.9,False,55.0,315.0,0.0,15
1603,924318,25.2,29.0,938.9,False,55.0,253.0,0.1,15
1604,984309,25.4,29.6,938.8,False,55.2,216.0,0.2,15
1605,1044310,25.5,29.4,938.8,False,55.2,213.0,0.1,15
1606,1104311,25.6,29.5,938.8,False,55.3,271.0,0.2,15
1607,1164309,25.7,27.3,938.8,False,55.3,238.0,0.3,15
1608,1224309,25.7,27.6,938.7,False,55.3,0.0,0.2,15
1609,1284309,25.6,28.2,938.7,False,55.0,0.0,0.0,15
1610,1344318,25.6,27.9,938.7,False,55.2,243.0,0.1,15
1611,1404328,25.7,29.1,938.8,False,55.3,0.0,0.3,15
1612,1464310,25.8,28.7,938.8,False,56.0,103.0,0.1,15
1613,1524309,25.9,27.8,938.7,False,56.2,48.0,0.3,15
1614,1584308,25.7,29.0,938.6,False,56.0,68.0,0.3,15
1615,1644329,25.8,29.8,938.7,False,56.0,93.0,0.2,15
1616,1704311,26.0,29.5,938.6,False,55.5,82.0,0.4,15
1617,1764308,25.9,29.0,938.6,False,53.8,84.0,0.4,15
1618,1824309,25.8,28.5,938.8,False,53.5,336.0,0.2,15
1619,1884311,25.8,27.9,938.7,False,52.0,268.0,0.1,15
1620,1944312,25.8,28.2,938.6,False,50.4,228.0,0.1,15
1621,2004312,25.7,28.8,938.7,False,50.4,138.0,0.2,15
1622,2064310,25.7,30.2,938.6,False,50.2,87.0,0.2,15
1623,2124331,25.8,30.1,938.6,False,50.6,94.0,0.6,15
1624,2184369,25.9,29.0,938.6,False,52.2,104.0,0.5,15
1625,2244340,26.0,28.1,938.5,False,53.0,144.0,0.2,15
1626,2304356,26.0,28.4,938.7,False,53.0,34.0,0.1,15
1627,2364359,25.9,27.8,938.6,False,53.6,91.0,0.2,15
1628,2424358,26.0,28.6,938.6,False,53.6,226.0,0.1,15
1629,2484361,26.1,29.6,938.6,False,53.8,183.0,0.1,15
1630,2544357,26.1,27.8,938.5,False,54.2,216.0,0.1,15
1631,2604357,26.1,28.0,938.5,False,54.0,251.0,0.1,15
1632,2664358,26.1,27.8,938.5,False,54.0,193.0,0.2,15
1633,2724356,26.0,28.7,938.5,False,54.0,101.0,0.2,15
1634,2784355,25.9,28.8,938.6,False,53.9,21.0,0.1,15
1635,2844359,26.0,27.7,938.6,False,53.5,315.0,0.0,15
1636,2904358,26.0,27.6,938.5,False,53.5,0.0,0.1,15
1637,2964358,26.1,27.3,938.5,False,53.5,107.0,0.1,15
1638,3024376,26.3,27.5,938.5,False,53.8,195.0,0.1,15
1639,3084385,26.3,28.3,938.5,False,53.9,97.0,0.1,15
1640,3144404,26.2,27.6,938.6,False,54.2,102.0,0.4,15
1641,3204407,26.1,27.9,938.4,False,54.2,0.0,0.2,15
1642,3264403,26.0,27.9,938.5,False,54.1,175.0,0.1,15
1643,3324405,26.0,26.9,938.5,False,54.1,73.0,0.1,15
1644,3384420,26.0,26.8,938.5,False,54.3,50.0,0.3,15
1645,3444437,26.0,26.6,938.4,False,54.9,65.0,0.4,15
1646,3504434,26.0,26.6,938.4,False,54.9,48.0,0.5,15
1647,3564449,25.9,27.0,938.5,False,54.7,49.0,0.3,15
1648,3624435,25.9,26.6,938.4,False,53.9,108.0,0.1,15
1649,3684434,25.9,26.9,938.4,False,53.0,352.0,0.3,15
1650,3744454,25.6,26.4,938.5,False,53.0,61.0,0.3,15
1651,3804451,25.6,26.8,938.3,False,53.2,11.0,0.0,15
1652,3864467,25.6,26.6,938.4,False,52.7,56.0,0.3,15
1653,3924490,25.7,27.3,938.5,False,52.7,76.0,0.4,15
1654,3984499,26.0,28.8,938.5,False,53.2,84.0,0.3,15
1655,4044515,26.3,28.9,938.4,False,53.5,72.0,0.5,15
1656,4104528,26.5,28.2,938.5,False,53.2,84.0,0.4,15
1657,4164529,26.3,28.3,938.5,False,53.2,86.0,0.8,15
1658,4224528,26.1,29.4,938.5,False,53.1,82.0,0.7,15
1659,4284528,26.1,30.5,938.4,False,53.2,88.0,0.7,15
1660,4344530,26.2,28.0,938.4,False,53.5,81.0,0.6,15
1661,4404531,26.1,28.3,938.4,False,52.2,76.0,0.6,15
1662,4464534,26.0,27.4,938.4,False,52.2,80.0,0.4,15
1663,4524547,26.1,28.2,938.4,False,51.3,75.0,0.6,15
1664,4584546,26.0,26.6,938.4,False,51.6,85.0,0.4,15
1665,4644559,25.8,27.7,938.4,False,51.6,89.0,0.6,15
1666,31964,26.6,34.1,938.7,False,54.1,245.0,0.4,16
1667,91966,26.5,34.5,938.6,False,53.8,355.0,0.2,16
1668,151966,26.4,35.5,938.7,False,53.4,330.0,0.1,16
1669,211966,26.4,34.6,938.7,False,53.7,245.0,0.1,16
1670,271966,26.3,34.9,938.6,False,54.4,245.0,0.4,16
1671,331966,26.3,34.9,938.7,False,53.8,266.0,0.4,16
1672,391973,26.2,35.0,938.6,False,53.7,262.0,0.3,16
1673,451981,26.0,35.6,938.5,False,53.7,282.0,0.1,16
1674,511995,26.2,36.0,938.6,False,53.6,248.0,0.3,16
1675,572012,26.5,35.1,938.6,False,53.6,252.0,0.6,16
1676,632012,26.5,32.9,938.6,False,53.7,238.0,0.5,16
1677,692011,26.4,33.6,938.6,False,53.2,283.0,0.2,16
1678,752027,26.3,33.7,938.6,False,53.4,0.0,0.3,16
1679,812044,26.1,34.0,938.6,False,53.4,337.0,0.0,16
1680,872045,26.2,34.1,938.5,False,53.4,250.0,0.1,16
1681,932042,26.3,34.1,938.6,False,53.4,263.0,0.4,16
1682,992048,26.2,34.1,938.6,False,53.4,213.0,0.2,16
1683,1052044,26.3,34.2,938.6,False,53.4,222.0,0.2,16
1684,1112044,26.4,34.2,938.6,False,53.5,292.0,0.1,16
1685,1172043,26.4,33.1,938.6,False,53.7,237.0,0.2,16
1686,1232045,26.6,31.6,938.6,False,53.0,178.0,0.1,16
1687,1292048,26.4,31.6,938.5,False,52.6,9.0,0.1,16
1688,1352043,26.4,32.6,938.6,False,52.7,0.0,0.1,16
1689,1412045,26.5,33.2,938.6,False,52.9,358.0,0.0,16
1690,1472044,26.5,32.8,938.6,False,53.5,17.0,0.2,16
1691,1532043,26.7,32.5,938.5,False,54.0,270.0,0.3,16
1692,1592042,26.8,32.5,938.6,False,54.4,236.0,0.2,16
1693,1652052,26.8,32.3,938.6,False,53.9,249.0,0.3,16
1694,1712043,26.6,32.3,938.6,False,53.7,250.0,0.4,16
1695,1772042,26.5,33.2,938.5,False,53.3,242.0,0.4,16
1696,1832051,26.5,33.2,938.6,False,52.2,310.0,0.5,16
1697,1892044,26.4,34.7,938.5,False,52.1,288.0,0.2,16
1698,1952047,26.4,34.8,938.4,False,51.7,111.0,0.1,16
1699,2012043,26.5,35.0,938.5,False,51.5,161.0,0.0,16
1700,2072044,26.5,35.5,938.5,False,51.5,279.0,0.2,16
1701,2132044,26.7,34.7,938.6,False,52.5,273.0,0.4,16
1702,2192044,26.6,34.4,938.6,False,52.3,34.0,0.4,16
1703,2252044,26.6,34.4,938.6,False,51.8,108.0,0.2,16
1704,2312053,26.6,32.3,938.6,False,51.8,265.0,0.4,16
1705,2372045,26.6,32.3,938.6,False,52.2,345.0,0.2,16
1706,2432045,26.5,33.3,938.5,False,52.5,226.0,0.1,16
1707,2492045,26.5,33.5,938.5,False,52.2,190.0,0.3,16
1708,2552046,26.6,32.7,938.5,False,52.3,38.0,0.3,16
1709,2612044,26.7,33.6,938.6,False,52.3,114.0,0.3,16
1710,2672047,26.7,32.8,938.5,False,53.1,0.0,0.3,16
1711,2732044,26.9,31.9,938.5,False,53.3,0.0,0.0,16
1712,2792045,26.9,31.5,938.6,False,53.2,2.0,0.3,16
1713,2852044,27.0,31.7,938.6,False,53.2,287.0,0.2,16
1714,2912045,27.1,30.8,938.5,False,53.7,125.0,0.3,16
1715,2972042,26.9,31.7,938.6,False,53.7,89.0,0.2,16
1716,3032042,26.8,32.6,938.5,False,53.4,35.0,0.7,16
1717,3092050,26.9,32.3,938.4,False,53.9,150.0,0.3,16
1718,3152044,27.1,32.0,938.5,False,53.9,164.0,0.3,16
1719,3212043,27.1,32.0,938.5,False,54.4,240.0,0.5,16
1720,3272044,27.3,31.3,938.5,False,54.4,69.0,0.2,16
1721,3332045,27.2,31.5,938.5,False,54.2,106.0,0.2,16
1722,3392049,27.1,32.1,938.5,False,54.4,53.0,0.4,16
1723,3452045,27.0,31.8,938.5,False,54.3,29.0,0.3,16
1724,3512044,27.0,31.1,938.5,False,54.2,28.0,0.2,16
1725,3572043,26.8,32.3,938.5,False,53.8,48.0,0.3,16
1726,3632049,26.5,32.6,938.5,False,53.5,74.0,0.2,16
1727,3692059,26.6,32.2,938.5,False,54.1,95.0,0.5,16
1728,3752079,26.4,32.1,938.5,False,54.1,82.0,0.4,16
1729,3812093,26.7,30.9,938.5,False,54.2,96.0,0.3,16
1730,3872106,26.8,30.5,938.6,False,54.2,97.0,0.5,16
1731,3932119,27.0,30.7,938.4,False,53.5,11.0,0.2,16
1732,3992108,27.0,31.3,938.5,False,53.2,142.0,0.4,16
1733,4052107,27.1,32.0,938.6,False,53.2,71.0,0.2,16
1734,4112123,27.1,32.0,938.5,False,53.7,96.0,0.2,16
1735,4172138,27.2,32.0,938.5,False,53.9,27.0,0.3,16
1736,4232154,27.2,32.0,938.5,False,53.9,102.0,0.3,16
1737,4292153,27.2,31.1,938.5,False,53.9,69.0,0.5,16
1738,4352173,27.2,31.0,938.5,False,53.1,92.0,0.5,16
1739,4412159,27.2,31.0,938.5,False,52.7,69.0,0.4,16
1740,4472168,26.9,31.9,938.5,False,52.0,64.0,0.3,16
1741,4532178,26.9,32.3,938.5,False,51.1,20.0,0.3,16
1742,4592186,26.9,32.4,938.3,False,50.5,98.0,0.1,16
1743,4652178,26.7,32.6,938.3,False,49.8,24.0,0.5,16
1744,4712170,26.7,32.6,938.3,False,49.2,287.0,0.3,16
1745,4772169,26.6,33.3,938.5,False,48.7,23.0,0.2,16
1746,4832179,26.3,34.6,938.4,False,48.7,246.0,0.1,16
1747,4892176,26.3,33.9,938.4,False,48.1,15.0,0.3,16
1748,4952171,26.2,33.4,938.5,False,48.2,73.0,0.2,16
1749,5012158,26.2,33.4,938.3,False,48.1,72.0,0.4,16
1750,5072171,26.2,33.4,938.3,False,48.1,64.0,0.3,16
1751,5132173,26.3,33.2,938.4,False,48.1,70.0,0.4,16
1752,5192169,26.4,33.0,938.4,False,48.2,84.0,0.5,16
1753,5252176,26.5,32.7,938.4,False,48.3,88.0,0.5,16
1754,5312170,26.8,32.9,938.4,False,48.5,109.0,0.6,16
1755,5372170,27.0,31.6,938.4,False,48.5,139.0,0.6,16
1756,5432170,27.1,31.6,938.4,False,49.7,92.0,0.5,16
1757,5492171,27.1,32.2,938.4,False,50.4,94.0,0.2,16
1758,5552175,27.2,32.2,938.4,False,51.2,37.0,0.5,16
1759,5612169,27.2,32.3,938.4,False,51.5,71.0,0.4,16
1760,5672170,27.3,30.6,938.4,False,53.1,312.0,0.3,16
1761,5732170,27.3,30.0,938.4,False,53.0,319.0,0.3,16
1762,5792176,27.0,30.0,938.3,False,53.0,40.0,0.1,16
1763,5852171,26.9,30.6,938.2,False,53.4,104.0,0.5,16
1764,5912175,27.1,30.6,938.2,False,53.9,99.0,1.2,16
1765,5972170,27.1,30.8,938.3,False,53.9,65.0,0.4,16
1766,6032171,26.9,30.9,938.3,False,53.0,85.0,0.5,16
1767,6092171,27.0,30.8,938.3,False,52.9,80.0,0.7,16
1768,6152178,27.1,31.2,938.4,False,52.9,82.0,0.8,16
1769,6212169,27.2,31.4,938.4,False,53.1,72.0,0.7,16
1770,6272171,27.1,30.6,938.4,False,52.9,80.0,0.8,16
1771,6332171,27.0,30.2,938.3,False,52.8,85.0,0.8,16
1772,6392176,26.9,31.5,938.3,False,52.4,88.0,0.5,16
1773,6452170,26.8,34.9,938.4,False,51.7,82.0,0.5,16
1774,6512162,26.7,36.4,938.3,False,50.6,78.0,0.8,16
1775,6572185,26.7,36.7,938.3,False,50.3,85.0,0.7,16
1776,6632169,26.7,38.2,938.2,False,49.6,80.0,0.8,16
1777,6692172,26.5,38.8,938.3,False,49.6,69.0,0.8,16
1778,6752172,26.5,39.2,938.4,False,49.7,77.0,0.8,16
1779,6812188,26.4,39.5,938.3,False,50.6,45.0,0.8,16
1780,6872180,26.3,40.8,938.2,False,51.1,85.0,0.8,16
1781,6932172,26.2,42.3,938.3,False,51.2,83.0,0.7,16
1782,6992171,26.3,41.7,938.3,False,50.4,90.0,0.9,16
1783,7052171,26.2,41.9,938.4,False,48.1,71.0,0.6,16
1784,26705,24.9,28.6,936.7,False,49.0,0.0,0.1,17
1785,86706,25.0,29.0,936.8,False,49.4,224.0,0.1,17
1786,146725,25.1,28.7,936.6,False,49.7,35.0,0.1,17
1787,206724,25.2,28.2,936.6,False,50.3,82.0,0.2,17
1788,266723,25.3,27.6,936.6,False,51.0,19.0,0.3,17
1789,326730,25.1,28.9,936.5,False,51.0,35.0,0.4,17
1790,386740,24.9,29.1,936.5,False,51.1,269.0,0.3,17
1791,446745,24.9,28.8,936.5,False,51.1,30.0,0.1,17
1792,506754,24.9,28.7,936.5,False,51.0,271.0,0.1,17
1793,566754,25.2,28.1,936.4,False,51.0,191.0,0.1,17
1794,626755,25.3,26.8,936.5,False,52.0,90.0,0.3,17
1795,686755,25.4,27.1,936.4,False,52.0,78.0,0.4,17
1796,746753,25.4,27.2,936.6,False,52.0,77.0,0.4,17
1797,806753,25.4,27.2,936.6,False,52.0,88.0,0.3,17
1798,866755,25.5,27.0,936.4,False,51.5,78.0,0.3,17
1799,926756,25.5,26.4,936.5,False,51.9,82.0,0.4,17
1800,986770,25.3,27.1,936.5,False,51.6,97.0,0.6,17
1801,1046769,25.1,27.8,936.6,False,51.4,129.0,0.6,17
1802,1106773,25.0,28.8,936.5,False,51.4,57.0,0.2,17
1803,1166793,25.0,28.7,936.4,False,51.9,83.0,0.2,17
1804,1226801,25.1,28.0,936.6,False,52.2,355.0,0.4,17
1805,1286815,25.2,28.3,936.6,False,52.3,67.0,0.3,17
1806,1346818,25.4,27.6,936.4,False,52.3,77.0,0.5,17
1807,1406835,25.5,26.9,936.5,False,52.4,119.0,0.7,17
1808,1466833,25.6,27.8,936.4,False,52.3,93.0,0.6,17
1809,1526835,25.6,27.9,936.5,False,52.0,62.0,0.2,17
1810,1586833,25.7,27.5,936.4,False,52.0,84.0,0.3,17
1811,1646833,25.9,27.7,936.4,False,52.6,83.0,0.6,17
1812,1706833,26.2,27.2,936.4,False,52.6,35.0,0.7,17
1813,1766833,26.0,27.0,936.4,False,52.8,54.0,0.4,17
1814,1826832,26.0,26.5,936.5,False,52.8,62.0,0.5,17
1815,1886832,25.8,26.5,936.4,False,52.8,53.0,0.8,17
1816,1946833,25.7,27.0,936.3,False,52.7,77.0,0.5,17
1817,2006833,25.5,27.0,936.4,False,52.7,90.0,0.4,17
1818,2066833,25.6,27.1,936.3,False,52.7,74.0,0.7,17
1819,2126832,25.8,26.3,936.3,False,52.6,48.0,0.8,17
1820,2186836,25.9,25.8,936.3,False,51.8,105.0,0.4,17
1821,2246832,25.8,27.2,936.2,False,51.4,84.0,0.2,17
1822,2306836,25.7,28.3,936.2,False,51.4,131.0,0.3,17
1823,2366833,25.9,27.2,936.3,False,52.0,96.0,0.2,17
1824,2426834,25.8,26.7,936.2,False,52.6,101.0,0.5,17
1825,2486835,25.6,26.4,936.3,False,51.9,0.0,0.2,17
1826,2546835,25.6,26.8,936.2,False,51.9,182.0,0.1,17
1827,2606832,25.6,27.3,936.3,False,52.1,0.0,0.2,17
1828,2666832,25.8,26.8,936.2,False,52.4,231.0,0.1,17
1829,2726834,25.9,25.6,936.2,False,52.4,336.0,0.3,17
1830,2786832,25.8,26.4,936.3,False,51.7,209.0,0.3,17
1831,2846836,25.7,27.1,936.3,False,51.7,219.0,0.3,17
1832,2906835,25.7,27.1,936.3,False,51.8,241.0,0.3,17
1833,2966825,25.7,27.2,936.2,False,52.0,300.0,0.3,17
1834,3026833,25.9,27.7,936.2,False,52.3,107.0,0.3,17
1835,3086832,26.0,26.9,936.3,False,52.3,216.0,0.1,17
1836,3146834,26.1,26.4,936.2,False,52.3,229.0,0.2,17
1837,3206848,26.0,26.4,936.2,False,52.2,257.0,0.3,17
1838,3266836,25.8,26.7,936.2,False,52.1,262.0,0.3,17
1839,3326822,25.7,26.7,936.2,False,52.1,125.0,0.2,17
1840,3386839,25.9,26.9,936.2,False,52.1,188.0,0.1,17
1841,3446850,26.0,27.2,936.3,False,51.8,0.0,0.0,17
1842,3506864,26.1,26.7,936.2,False,52.2,47.0,0.0,17
1843,3566871,26.0,26.7,936.1,False,52.2,335.0,0.2,17
1844,3626886,26.0,26.9,936.2,False,51.7,136.0,0.1,17
1845,3686879,25.7,27.2,936.1,False,51.6,212.0,0.1,17
1846,3746885,25.6,27.1,936.2,False,51.6,167.0,0.1,17
1847,3806878,25.7,26.8,936.2,False,51.8,212.0,0.2,17
1848,3866880,25.7,26.8,936.2,False,52.0,186.0,0.2,17
1849,3926879,25.7,27.1,936.1,False,52.1,266.0,0.2,17
1850,3986881,25.7,26.8,936.1,False,51.0,232.0,0.6,17
1851,4046885,25.5,27.2,936.1,False,50.5,249.0,0.4,17
1852,4106880,25.5,27.4,936.1,False,49.9,246.0,0.5,17
1853,4166879,25.7,27.2,936.1,False,49.9,203.0,0.3,17
1854,4226879,25.8,27.2,936.1,False,49.9,246.0,0.3,17
1855,4286880,25.9,26.5,936.1,False,50.2,0.0,0.3,17
1856,4346896,26.1,26.2,936.1,False,51.5,86.0,0.4,17
1857,4406894,25.9,25.6,936.1,False,52.1,89.0,0.4,17
1858,4466913,25.9,26.2,936.1,False,52.1,80.0,0.5,17
1859,4526933,26.2,25.5,936.1,False,51.9,89.0,0.6,17
1860,4586934,26.0,26.8,936.1,False,51.9,62.0,0.6,17
1861,57582,19.0,58.3,935.8,False,27.8,193.0,0.1,18
1862,117581,19.0,58.7,935.8,True,27.7,160.0,0.1,18
1863,177577,19.1,58.8,935.7,True,27.6,213.0,0.1,18
1864,237568,19.1,57.2,935.7,True,27.8,213.0,0.1,18
1865,297593,19.2,57.9,935.7,True,27.8,234.0,0.2,18
1866,357610,19.2,57.9,935.8,False,28.0,244.0,0.2,18
1867,417610,19.1,57.5,935.6,False,28.0,0.0,0.1,18
1868,477627,19.2,57.9,935.7,True,27.9,175.0,0.1,18
1869,537624,19.2,58.1,935.6,True,27.9,134.0,0.1,18
1870,597640,19.3,57.4,935.6,False,28.1,240.0,0.1,18
1871,657661,19.4,56.0,935.6,False,28.3,212.0,0.2,18
1872,717657,19.4,55.5,935.6,False,28.3,228.0,0.1,18
1873,777656,19.4,55.3,935.6,False,28.3,244.0,0.1,18
1874,837655,19.4,54.5,935.6,False,28.4,223.0,0.2,18
1875,897656,19.4,54.4,935.6,False,28.6,243.0,0.1,18
1876,957672,19.4,54.5,935.5,False,28.4,227.0,0.1,18
1877,1017688,19.4,54.5,935.5,False,28.4,227.0,0.1,18
1878,1077687,19.5,54.1,935.5,False,28.4,241.0,0.2,18
1879,1137690,19.5,53.9,935.6,False,28.7,237.0,0.2,18
1880,1197703,19.6,53.8,935.6,False,28.7,241.0,0.3,18
1881,1257708,19.6,53.8,935.6,False,28.7,241.0,0.3,18
1882,1317705,19.6,54.2,935.5,False,28.7,238.0,0.2,18
1883,1377713,19.6,54.3,935.5,False,28.7,228.0,0.1,18
1884,1437720,19.7,54.1,935.5,False,28.7,286.0,0.2,18
1885,1497734,19.7,53.7,935.4,False,28.9,99.0,0.0,18
1886,1557733,19.8,53.5,935.5,False,28.9,144.0,0.1,18
1887,1617735,19.9,53.4,935.5,False,29.1,139.0,0.1,18
1888,1677736,19.9,52.6,935.4,False,29.1,109.0,0.3,18
1889,1737735,19.9,52.7,935.4,False,29.2,86.0,0.2,18
1890,1797738,19.9,52.9,935.4,False,29.2,91.0,0.1,18
1891,1857735,19.9,52.8,935.3,False,29.5,93.0,0.3,18
1892,1917735,19.9,52.3,935.3,False,29.7,83.0,0.3,18
1893,1977735,20.1,52.2,935.2,False,29.9,61.0,0.5,18
1894,2037734,20.1,52.3,935.3,False,30.0,56.0,0.2,18
1895,2097735,20.1,52.2,935.2,False,30.3,44.0,0.5,18
1896,2157724,20.2,52.2,935.2,False,30.8,79.0,0.4,18
1897,2217735,20.2,51.5,935.2,False,31.7,125.0,0.2,18
1898,2277734,20.3,51.7,935.2,False,32.2,341.0,0.1,18
1899,2337733,20.3,50.9,935.2,False,32.6,295.0,0.1,18
1900,2397741,20.5,50.6,935.3,False,33.0,246.0,0.1,18
1901,2457735,20.6,50.6,935.1,False,33.0,242.0,0.3,18
1902,2517736,20.6,51.6,935.2,False,32.9,256.0,0.2,18
1903,2577734,20.6,51.1,935.1,False,32.3,281.0,0.2,18
1904,2637736,20.6,51.5,935.1,False,32.4,25.0,0.2,18
1905,2697737,20.5,51.5,935.1,False,32.4,25.0,0.2,18
1906,2757738,20.5,51.2,935.1,False,33.3,11.0,0.2,18
1907,2817736,20.5,51.2,935.0,False,34.6,293.0,0.1,18
1908,2877734,20.9,50.5,935.0,False,35.0,275.0,0.1,18
1909,2937735,20.9,50.2,935.0,False,35.2,280.0,0.1,18
1910,2997740,20.8,50.2,935.0,False,35.3,40.0,0.1,18
1911,3057735,20.9,50.9,935.1,False,35.2,340.0,0.2,18
1912,3117735,20.9,50.9,935.1,False,34.8,335.0,0.1,18
1913,3177736,21.0,50.4,935.0,False,34.6,337.0,0.1,18
1914,3237734,21.0,49.7,935.0,False,34.6,157.0,0.1,18
1915,3297752,20.9,50.0,935.0,False,34.4,21.0,0.1,18
1916,3357749,20.8,50.5,935.0,False,33.3,24.0,0.2,18
1917,3417751,20.7,51.3,935.0,False,33.3,241.0,0.2,18
1918,3477743,20.7,50.4,935.0,False,33.9,245.0,0.2,18
1919,3537766,20.7,50.1,935.1,False,34.1,271.0,0.4,18
1920,3597785,20.8,51.1,935.0,False,33.4,245.0,0.2,18
1921,3657799,20.8,51.1,935.0,False,33.4,257.0,0.2,18
1922,3717807,20.9,50.7,934.9,False,33.6,321.0,0.1,18
1923,3777798,20.9,51.2,935.0,False,33.9,2.0,0.0,18
1924,3837821,21.0,51.0,935.0,False,33.8,2.0,0.1,18
1925,3897830,21.0,50.5,934.9,False,34.2,113.0,0.4,18
1926,3957844,21.1,48.5,934.9,False,35.5,283.0,0.2,18
1927,4017844,21.0,49.4,934.9,False,34.9,73.0,0.1,18
1928,4077844,21.0,49.4,934.8,False,34.4,60.0,0.3,18
1929,4137861,20.9,49.9,934.8,False,34.7,31.0,0.2,18
1930,4197881,21.0,49.5,934.9,False,34.6,60.0,0.3,18
1931,4257859,21.1,49.6,934.7,False,34.6,336.0,0.1,18
1932,4317861,21.1,49.5,934.9,False,34.5,96.0,0.3,18
1933,4377849,21.1,49.4,934.7,False,34.4,1.0,0.4,18
1934,4437859,21.2,48.3,934.8,False,34.7,94.0,0.3,18
1935,4497860,21.4,47.6,934.7,False,34.7,44.0,0.3,18
1936,4557860,21.5,46.3,934.8,False,34.7,94.0,0.4,18
1937,4617869,21.5,46.9,934.6,False,34.7,99.0,0.4,18
1938,4677860,21.5,46.1,934.7,False,34.7,93.0,0.3,18
1939,4737860,21.4,46.3,934.7,False,34.5,290.0,0.2,18
1940,4797861,21.4,46.8,934.7,False,34.5,122.0,0.5,18
1941,4857859,21.3,46.8,934.6,False,34.2,158.0,0.3,18
1942,4917861,21.4,46.7,934.7,False,34.5,84.0,0.2,18
1943,4977858,21.3,47.3,934.6,False,35.6,85.0,0.2,18
1944,5037860,21.4,47.3,934.6,False,35.9,91.0,0.5,18
1945,5097859,21.6,47.3,934.5,False,36.3,53.0,0.9,18
1946,5157859,21.6,46.4,934.6,False,36.7,70.0,0.6,18
1947,5217860,21.6,46.8,934.7,False,36.2,83.0,0.9,18
1948,5277858,21.5,47.8,934.7,False,35.4,82.0,0.6,18
1949,5337860,21.3,48.1,934.7,False,35.1,51.0,0.6,18
1950,5397876,21.3,48.0,934.6,False,35.1,90.0,0.5,18
1951,5457892,21.2,48.1,934.5,False,35.1,94.0,0.8,18
1952,5517904,21.2,48.5,934.6,False,34.7,71.0,0.5,18
1953,5577905,21.2,48.7,934.5,False,34.7,79.0,0.5,18
1954,5637905,21.3,47.7,934.5,False,35.0,88.0,0.8,18
1955,5697923,21.5,47.2,934.5,False,35.1,75.0,0.5,18
1956,5757942,21.6,46.8,934.6,False,35.1,50.0,0.5,18
1957,5817939,21.6,46.6,934.5,False,34.9,20.0,0.4,18
1958,5877942,21.6,47.3,934.5,False,34.8,73.0,0.3,18
1959,5937954,21.5,47.2,934.5,False,34.9,59.0,0.5,18
1960,5997953,21.5,47.1,934.5,False,35.0,4.0,0.4,18
1961,6057952,21.6,46.5,934.4,False,35.0,0.0,0.3,18
1962,6117953,21.6,47.0,934.5,False,34.7,61.0,0.4,18
1963,6177968,21.6,46.2,934.4,False,35.1,56.0,0.2,18
1964,6237958,21.8,46.1,934.3,False,35.1,18.0,0.5,18
1965,6297985,21.7,48.4,934.4,False,34.7,80.0,0.4,18
1966,6357984,21.5,47.9,934.3,False,34.8,96.0,0.3,18
1967,6417985,21.5,47.3,934.4,False,34.9,72.0,0.5,18
1968,6477982,21.6,46.8,934.4,False,34.9,95.0,0.3,18
1969,6537984,21.5,47.1,934.2,False,34.8,42.0,0.2,18
1970,6597985,21.5,47.0,934.3,False,34.6,344.0,0.4,18
1971,6657985,21.4,46.7,934.2,False,34.5,0.0,0.3,18
1972,6717993,21.4,46.8,934.2,False,34.3,65.0,0.4,18
1973,6777990,21.4,47.1,934.3,False,33.8,85.0,0.6,18
1974,6837986,21.4,46.5,934.2,False,34.2,98.0,0.5,18
1975,6897976,21.5,46.6,934.3,False,34.2,86.0,0.5,18
1976,6958000,21.5,47.2,934.2,False,34.2,70.0,0.9,18
1977,7017988,21.5,46.6,934.3,False,34.0,63.0,0.6,18
1978,7077985,21.5,47.3,934.2,False,34.2,66.0,0.4,18
1979,7137985,21.5,47.6,934.2,False,34.2,76.0,0.4,18
1980,7197985,21.5,47.6,934.2,False,34.2,76.0,0.4,18
1981,7257983,21.5,47.6,934.2,False,34.2,76.0,0.4,18
1982,7317983,21.5,47.6,934.2,False,34.2,76.0,0.4,18
1983,7377987,21.0,47.6,934.2,False,34.2,76.0,0.4,18
1984,7437986,20.9,47.6,934.2,False,34.2,76.0,0.4,18
1985,7497984,21.0,47.9,934.2,False,34.2,69.0,0.3,18
1986,7557984,21.8,45.9,934.1,False,34.6,83.0,0.8,18
1987,7617986,21.9,46.0,934.1,False,34.6,76.0,0.7,18
1988,7677988,21.9,45.8,934.1,False,34.8,76.0,0.6,18
1989,7737984,22.0,45.9,934.1,False,34.6,78.0,0.6,18
1990,7797987,22.0,46.4,934.1,False,34.2,89.0,0.7,18
1991,7857985,21.9,46.8,933.9,False,33.8,80.0,0.8,18
1992,7917985,21.8,46.8,933.9,False,33.8,80.0,0.8,18
1993,7977987,21.8,46.7,934.1,False,33.9,74.0,0.8,18
1994,8037992,21.8,46.5,933.9,False,33.9,81.0,0.9,18
1995,8097984,21.7,46.5,934.0,False,33.8,102.0,0.7,18
1996,8157985,21.6,46.9,934.0,False,34.0,89.0,0.7,18
1997,8217986,21.7,46.8,934.0,False,34.1,84.0,0.7,18
1998,8277983,21.8,47.2,934.0,False,34.0,82.0,0.7,18
1999,8337993,21.8,47.1,933.9,False,34.1,86.0,0.6,18
2000,8397984,21.9,47.2,933.9,False,34.1,82.0,0.6,18
2001,8457985,22.0,47.5,933.9,False,34.4,83.0,0.5,18
2002,8517986,22.3,47.3,933.9,False,34.5,75.0,0.6,18
2003,8577985,22.3,47.0,933.8,False,34.5,96.0,0.6,18
2004,8637984,22.3,47.3,933.8,False,34.7,89.0,0.9,18
2005,8697987,22.4,47.0,933.8,False,34.8,116.0,0.7,18
2006,8757982,22.3,46.6,933.8,False,35.5,23.0,0.3,18
2007,8817985,22.2,46.9,933.8,False,35.7,117.0,0.3,18
2008,8877973,22.3,47.0,933.9,False,36.1,90.0,0.3,18
2009,8937986,22.5,46.7,933.8,False,36.7,106.0,0.7,18
2010,8997984,22.6,46.4,933.7,False,36.8,70.0,0.3,18
2011,9057985,22.5,45.6,933.8,False,36.9,253.0,0.2,18
2012,9117984,22.4,46.6,933.8,False,36.9,241.0,0.5,18
2013,9177984,22.1,48.7,933.8,False,35.7,275.0,0.5,18
2014,9237983,21.9,49.4,933.8,False,35.5,266.0,0.3,18
2015,9297973,21.8,50.1,933.7,False,35.5,241.0,0.2,18
2016,9357984,21.8,50.1,933.7,False,35.5,287.0,0.1,18
2017,48604,25.2,53.8,1009.7,False,41.3,343.0,0.7,19
2018,108610,25.2,55.7,1009.7,False,40.8,15.0,0.6,19
2019,168629,25.2,54.2,1009.7,False,40.9,19.0,0.9,19
2020,228609,25.3,54.5,1009.7,False,40.9,19.0,0.7,19
2021,288608,25.3,53.6,1009.8,False,41.3,15.0,0.9,19
2022,348608,25.3,53.5,1009.7,False,41.3,18.0,0.8,19
2023,384107,25.3,53.5,1009.7,False,41.3,18.0,0.8,19
2024,408611,25.3,53.8,1009.7,False,41.3,16.0,0.8,19
2025,468611,25.2,54.3,1009.7,False,41.3,9.0,0.5,19
2026,528613,25.2,53.9,1009.7,False,41.0,17.0,0.5,19
2027,588620,25.2,54.1,1009.8,False,40.9,12.0,0.7,19
2028,648611,25.1,54.5,1009.8,False,40.9,15.0,0.7,19
2029,708611,25.0,53.4,1009.7,False,40.9,14.0,0.9,19
2030,768610,25.0,53.7,1009.8,False,40.9,17.0,0.8,19
2031,828611,25.0,53.2,1009.7,False,40.3,18.0,0.8,19
2032,888610,25.0,54.0,1009.8,False,39.6,10.0,0.7,19
2033,948611,25.0,54.3,1009.7,False,39.5,13.0,0.6,19
2034,1008611,25.0,54.3,1009.7,False,39.5,354.0,0.6,19
2035,1068613,25.0,54.6,1009.6,False,39.5,359.0,0.7,19
2036,1128611,25.0,55.2,1009.8,False,39.5,11.0,0.8,19
2037,1188610,25.0,54.4,1009.7,False,39.5,16.0,0.9,19
2038,1248610,25.0,54.3,1009.8,False,39.8,11.0,0.9,19
2039,1308613,25.0,54.7,1009.8,False,39.9,1.0,0.5,19
2040,1368609,25.0,54.4,1009.8,False,39.9,8.0,0.6,19
2041,1428626,25.2,53.8,1009.8,False,39.6,340.0,0.7,19
2042,1488627,25.2,54.1,1009.7,False,39.8,15.0,0.6,19
2043,1548627,25.2,54.0,1009.7,False,39.9,20.0,0.8,19
2044,1608652,25.2,54.3,1009.8,False,40.0,13.0,0.9,19
2045,1668668,25.2,54.3,1009.8,False,40.0,13.0,0.9,19
2046,1728658,25.2,54.5,1009.8,False,39.4,352.0,0.5,19
2047,1788674,25.2,53.7,1009.8,False,39.3,359.0,0.7,19
2048,1848691,25.2,54.2,1009.7,False,39.4,357.0,0.6,19
2049,1908705,25.2,54.2,1009.8,False,39.1,354.0,0.8,19
2050,1968704,25.2,54.2,1009.9,False,39.2,355.0,0.5,19
2051,2028705,25.2,53.5,1009.8,False,38.9,350.0,0.7,19
2052,2088705,25.0,54.2,1009.8,False,38.9,350.0,0.6,19
2053,2148712,25.1,54.1,1009.8,False,38.9,19.0,0.4,19
2054,2208705,25.0,54.2,1009.9,False,39.0,20.0,0.6,19
2055,2268705,25.0,54.4,1009.8,False,39.2,0.0,0.5,19
2056,2328805,25.1,54.2,1009.8,False,38.8,9.0,0.4,19
2057,2388705,25.3,53.9,1009.8,False,38.7,356.0,0.5,19
2058,2448703,25.3,54.3,1009.8,False,38.8,17.0,0.5,19
2059,2508705,25.3,53.6,1009.8,False,38.7,6.0,0.7,19
2060,2568726,25.2,54.1,1009.8,False,38.8,27.0,0.6,19
2061,2628723,25.2,53.9,1009.8,False,38.6,1.0,0.5,19
2062,2688721,25.1,54.3,1009.9,False,38.6,359.0,0.6,19
2063,2748737,25.1,54.7,1009.8,False,38.4,12.0,0.6,19
2064,2808736,25.0,55.3,1009.9,False,38.4,6.0,0.5,19
2065,2868735,24.9,55.4,1009.8,False,38.2,342.0,0.4,19
2066,2928736,24.8,55.4,1009.8,False,38.6,14.0,0.5,19
2067,2988735,25.0,54.7,1009.8,False,38.5,9.0,0.6,19
2068,3048749,25.0,55.1,1009.9,False,38.2,6.0,0.7,19
2069,3108736,25.0,54.9,1009.8,False,38.0,358.0,0.5,19
2070,3168767,25.0,55.8,1009.8,False,38.0,4.0,0.5,19
2071,3228736,24.9,54.7,1009.9,False,38.0,351.0,0.6,19
2072,3288752,24.9,55.0,1009.9,False,38.0,355.0,0.5,19
2073,3348734,24.9,55.0,1009.9,False,38.0,355.0,0.5,19
2074,3408738,24.9,54.6,1009.8,False,38.0,343.0,0.4,19
2075,3468735,24.9,53.7,1009.9,False,38.0,355.0,0.3,19
2076,3528736,24.9,53.9,1009.9,False,38.0,354.0,0.4,19
2077,3588738,24.9,54.1,1009.9,False,38.0,352.0,0.5,19
2078,3648737,24.8,54.0,1009.9,False,38.0,10.0,0.6,19
2079,3708739,24.8,53.6,1010.0,False,38.0,17.0,0.6,19
2080,3768733,24.7,54.5,1009.9,False,37.5,14.0,0.7,19
2081,3828737,24.7,54.7,1009.9,False,37.3,330.0,0.6,19
2082,3888736,24.5,54.2,1009.8,False,37.3,352.0,0.4,19
2083,3948726,24.5,54.2,1009.8,False,37.2,0.0,0.5,19
2084,4008741,24.4,54.2,1010.0,False,37.1,355.0,0.4,19
2085,4068735,24.4,54.2,1009.9,False,36.9,3.0,0.5,19
2086,4128743,24.4,54.0,1009.9,False,36.9,8.0,0.6,19
2087,4188749,24.4,53.9,1009.9,False,36.7,359.0,0.7,19
2088,4248738,24.4,54.5,1009.9,False,36.7,7.0,0.6,19
2089,4308743,24.4,54.5,1009.9,False,36.5,358.0,0.6,19
2090,4368766,24.2,54.9,1009.9,False,36.4,11.0,0.6,19
2091,4428782,24.2,55.3,1009.8,False,36.4,9.0,0.5,19
2092,4488781,24.2,54.8,1009.9,False,36.4,11.0,0.6,19
2093,4548782,24.2,55.1,1009.9,False,36.4,353.0,0.6,19
2094,4608798,24.2,55.4,1010.0,False,36.1,13.0,0.6,19
2095,4668819,24.1,55.3,1009.9,False,36.0,12.0,0.7,19
2096,4728828,24.0,56.1,1010.0,False,35.9,4.0,0.7,19
2097,44848,28.4,41.3,1007.7,False,51.1,155.0,0.3,20
2098,104867,28.5,41.0,1007.8,False,51.1,220.0,0.1,20
2099,164883,28.5,41.2,1007.7,False,51.3,339.0,0.1,20
2100,224881,28.6,39.7,1007.7,False,51.3,22.0,0.3,20
2101,284882,28.6,39.8,1007.8,False,51.8,180.0,0.1,20
2102,344874,28.6,39.7,1007.8,False,51.8,0.0,0.2,20
2103,404881,28.6,39.6,1007.8,False,51.6,106.0,0.1,20
2104,464881,28.5,39.6,1007.8,False,51.2,0.0,0.3,20
2105,524882,28.5,40.3,1007.7,False,51.1,299.0,0.2,20
2106,584899,28.6,40.4,1007.7,False,51.1,167.0,0.4,20
2107,644914,28.6,40.0,1007.7,False,51.5,166.0,0.4,20
2108,704912,28.7,40.3,1007.6,False,51.7,151.0,0.2,20
2109,764913,28.6,39.7,1007.7,False,51.9,150.0,0.3,20
2110,824915,28.5,40.6,1007.7,False,52.0,192.0,0.5,20
2111,884914,28.5,39.1,1007.8,False,51.9,206.0,0.3,20
2112,944934,28.5,36.4,1007.7,False,51.9,346.0,0.2,20
2113,1004913,28.4,37.1,1007.7,False,51.8,48.0,0.3,20
2114,1064911,28.8,37.3,1007.8,False,52.4,324.0,0.2,20
2115,1124912,28.9,37.3,1007.8,False,52.0,174.0,0.2,20
2116,1184913,28.9,36.5,1007.6,False,52.0,22.0,0.3,20
2117,1244914,28.9,37.7,1007.8,False,51.8,333.0,0.3,20
2118,1304914,29.1,37.1,1007.7,False,51.8,138.0,0.2,20
2119,1364920,29.1,35.9,1007.7,False,52.8,177.0,0.4,20
2120,1424916,29.0,34.4,1007.6,False,52.8,166.0,0.5,20
2121,1484921,29.1,34.7,1007.7,False,53.1,177.0,0.3,20
2122,1544922,29.2,33.8,1007.7,False,53.1,165.0,0.3,20
2123,1604914,29.2,33.4,1007.7,False,52.4,147.0,0.3,20
2124,1664914,29.1,34.6,1007.7,False,52.4,167.0,0.4,20
2125,1724923,29.1,33.5,1007.7,False,52.0,0.0,0.2,20
2126,1784913,29.1,34.4,1007.6,False,51.9,199.0,0.2,20
2127,1844912,29.1,34.9,1007.7,False,51.6,235.0,0.2,20
2128,1904913,28.9,35.1,1007.6,False,51.6,144.0,0.2,20
2129,1964914,28.9,35.8,1007.7,False,51.5,276.0,0.3,20
2130,2024912,28.8,36.5,1007.6,False,51.5,249.0,0.3,20
2131,2085886,28.9,36.2,1007.6,False,51.5,180.0,0.4,20
2132,2144913,28.9,36.2,1007.5,False,51.6,181.0,0.6,20
2133,2204914,28.9,35.1,1007.7,False,51.7,186.0,0.4,20
2134,2264913,29.1,35.5,1007.6,False,51.2,194.0,0.2,20
2135,2324914,29.2,35.7,1007.6,False,51.7,196.0,0.5,20
2136,2384915,29.4,35.4,1007.6,False,51.7,161.0,0.5,20
2137,2444914,29.3,35.5,1007.6,False,51.7,176.0,0.4,20
2138,2504912,29.4,36.0,1007.6,False,51.8,201.0,0.5,20
2139,2564917,29.4,36.1,1007.6,False,51.4,188.0,0.5,20
2140,2624914,29.0,36.9,1007.5,False,51.4,170.0,0.3,20
2141,2684913,29.0,36.6,1007.6,False,51.7,119.0,0.4,20
2142,2744912,29.2,37.1,1007.6,False,51.7,147.0,0.5,20
2143,2804914,29.2,38.3,1007.5,False,51.4,133.0,0.1,20
2144,2864914,29.1,38.0,1007.6,False,51.4,292.0,0.2,20
2145,2924913,29.1,38.4,1007.5,False,52.1,156.0,0.5,20
2146,2984910,29.2,38.1,1007.4,False,52.3,178.0,0.5,20
2147,3044913,29.2,38.1,1007.5,False,52.3,162.0,0.5,20
2148,3104921,28.9,38.1,1007.4,False,51.8,197.0,0.3,20
2149,3164912,28.9,38.7,1007.5,False,51.7,171.0,0.3,20
2150,3224921,29.1,39.3,1007.4,False,51.6,7.0,0.3,20
2151,3284925,29.1,39.2,1007.5,False,51.7,0.0,0.2,20
2152,3344914,29.0,39.6,1007.5,False,51.8,269.0,0.2,20
2153,3404914,29.0,39.4,1007.5,False,52.1,167.0,0.3,20
2154,3464916,29.0,37.7,1007.4,False,52.8,266.0,0.5,20
2155,3524923,29.0,38.2,1007.4,False,52.1,191.0,0.3,20
2156,3584915,28.9,38.9,1007.4,False,52.1,179.0,0.6,20
2157,3644914,28.9,39.1,1007.3,False,52.1,187.0,0.6,20
2158,3704914,29.0,39.1,1007.4,False,52.1,176.0,0.5,20
2159,3764914,29.0,38.5,1007.4,False,51.8,178.0,0.6,20
2160,3824914,29.0,37.9,1007.4,False,51.8,183.0,0.6,20
2161,3884913,29.0,38.5,1007.4,False,51.6,157.0,0.8,20
2162,3944914,29.0,38.4,1007.6,False,51.5,161.0,0.5,20
2163,4004913,29.0,39.3,1007.6,False,51.7,158.0,0.3,20
2164,4064914,29.1,39.4,1007.4,False,51.8,169.0,0.3,20
2165,4124915,29.1,39.2,1007.4,False,51.8,189.0,0.3,20
2166,4184913,29.2,39.3,1007.5,False,51.9,196.0,0.5,20
2167,4244913,29.2,39.9,1007.4,False,51.4,330.0,0.2,20
2168,4304913,29.2,39.3,1007.3,False,51.0,356.0,0.3,20
2169,4364913,29.2,39.1,1007.3,False,51.5,130.0,0.1,20
2170,4424913,29.1,39.6,1007.3,False,51.4,155.0,0.2,20
2171,4484913,29.1,39.8,1007.5,False,51.4,0.0,0.3,20
2172,4544917,29.1,40.7,1007.4,False,51.6,0.0,0.1,20
2173,4604913,29.2,40.3,1007.4,False,51.6,331.0,0.1,20
2174,4664913,29.5,39.5,1007.4,False,51.7,193.0,0.2,20
2175,4724913,29.5,38.1,1007.4,False,52.4,283.0,0.2,20
2176,4784913,29.6,37.5,1007.5,False,52.4,241.0,0.1,20
2177,4844912,29.6,36.4,1007.4,False,51.9,0.0,0.1,20
2178,4904913,29.7,37.0,1007.4,False,51.9,137.0,0.3,20
2179,4964912,29.7,35.9,1007.4,False,52.4,323.0,0.1,20
2180,5024913,29.6,36.4,1007.4,False,52.4,342.0,0.2,20
2181,5084912,29.6,35.6,1007.4,False,51.8,240.0,0.1,20
2182,5144912,29.6,35.5,1007.4,False,51.8,0.0,0.2,20
2183,5204917,29.6,34.9,1007.4,False,51.9,6.0,0.2,20
2184,5264914,29.5,35.0,1007.3,False,52.0,29.0,0.3,20
2185,5324918,29.5,34.4,1007.3,False,51.6,84.0,0.2,20
2186,5384912,29.4,33.9,1007.3,False,51.1,174.0,0.2,20
2187,5444913,29.4,35.5,1007.4,False,50.8,130.0,0.3,20
2188,5504914,29.5,36.4,1007.3,False,51.1,330.0,0.1,20
2189,5564914,29.4,36.5,1007.3,False,51.4,353.0,0.3,20
2190,5624915,29.5,36.6,1007.3,False,51.5,345.0,0.3,20
2191,5684913,29.5,36.0,1007.3,False,51.5,21.0,0.3,20
2192,5744910,29.4,36.4,1007.3,False,51.5,28.0,0.3,20
2193,5804912,29.5,37.1,1007.2,False,51.6,20.0,0.4,20
2194,5864912,29.6,35.7,1007.2,False,52.1,25.0,0.4,20
2195,5924912,29.6,34.9,1007.2,False,51.6,3.0,0.3,20
2196,5984913,29.6,35.6,1007.2,False,51.6,345.0,0.3,20
2197,6044912,29.7,35.3,1007.2,False,51.4,60.0,0.1,20
2198,6104913,29.8,34.6,1007.1,False,51.4,2.0,0.2,20
2199,6164912,29.8,36.1,1007.2,False,50.5,352.0,0.6,20
2200,6224915,29.6,36.1,1007.2,False,50.5,17.0,0.4,20
2201,6284913,29.6,36.7,1007.1,False,50.6,338.0,0.3,20
2202,6344912,29.6,36.4,1007.1,False,50.6,351.0,0.3,20
2203,6404917,29.5,36.7,1007.1,False,50.6,122.0,0.3,20
2204,6464922,29.3,37.1,1007.3,False,50.6,256.0,0.3,20
2205,6524916,29.3,37.6,1007.2,False,50.8,0.0,0.0,20
2206,6584924,29.6,37.1,1007.1,False,50.9,100.0,0.2,20
2207,6644913,29.6,36.8,1007.1,False,50.9,170.0,0.1,20
2208,6704911,29.7,36.3,1007.1,False,50.9,170.0,0.3,20
2209,6764920,29.7,36.3,1007.1,False,50.9,278.0,0.2,20
2210,6824913,29.8,37.0,1007.1,False,50.8,298.0,0.4,20
2211,6884914,29.8,37.1,1007.1,False,50.9,261.0,0.2,20
2212,6944914,29.8,37.0,1007.2,False,51.1,0.0,0.2,20
2213,7004902,29.8,35.4,1007.1,False,51.3,20.0,0.5,20
2214,7064913,29.9,36.8,1007.1,False,50.5,254.0,0.6,20
2215,7124918,29.9,36.7,1007.1,False,50.4,0.0,0.1,20
2216,7184915,29.8,36.8,1007.2,False,50.4,119.0,0.3,20
2217,7244914,29.8,36.7,1007.1,False,50.9,185.0,0.3,20
2218,7304912,29.9,36.8,1007.2,False,50.9,333.0,0.4,20
2219,7364917,29.9,36.0,1007.1,False,50.9,13.0,0.2,20
2220,7424914,29.6,36.5,1007.2,False,50.9,114.0,0.2,20
2221,7484913,29.6,36.1,1007.0,False,50.8,251.0,0.1,20
2222,7544913,29.8,36.4,1007.1,False,50.8,6.0,0.2,20
2223,7604913,29.8,35.8,1007.0,False,49.9,327.0,0.1,20
2224,7664912,29.8,36.3,1007.1,False,49.9,183.0,0.3,20
2225,7724911,29.8,35.9,1007.0,False,50.6,159.0,0.6,20
2226,7784914,29.7,35.9,1007.0,False,50.8,173.0,0.3,20
2227,7844913,29.7,36.2,1007.0,False,50.8,184.0,0.8,20
2228,7904915,29.7,36.2,1007.1,False,50.5,204.0,0.7,20
2229,7964914,29.7,36.3,1007.1,False,50.4,58.0,0.4,20
2230,8024909,29.6,37.0,1007.1,False,50.3,353.0,0.2,20
2231,8084914,29.6,36.9,1007.0,False,50.4,207.0,0.3,20
2232,8144915,30.1,36.4,1007.0,False,50.5,339.0,0.2,20
2233,8204912,30.1,36.9,1007.0,False,50.5,272.0,0.2,20
2234,8264915,29.9,36.0,1007.0,False,50.4,302.0,0.2,20
2235,8324926,29.9,36.5,1006.9,False,49.8,204.0,0.2,20
2236,8384913,29.8,37.2,1007.0,False,49.4,51.0,0.1,20
2237,8444915,29.8,37.5,1006.9,False,49.5,203.0,0.3,20
2238,8504912,29.8,37.1,1006.9,False,49.6,184.0,0.6,20
2239,8564914,29.8,37.4,1006.9,False,49.8,345.0,0.2,20
2240,8624932,29.8,37.8,1006.8,False,49.8,190.0,0.6,20
2241,8684919,29.8,37.0,1007.0,False,49.7,180.0,0.8,20
2242,8744915,29.8,37.1,1007.0,False,49.9,181.0,0.5,20
2243,8804915,29.8,37.3,1006.8,False,49.6,165.0,0.2,20
2244,8864914,29.8,38.1,1006.9,False,49.9,156.0,0.3,20
2245,8924915,29.8,37.9,1006.9,False,49.5,55.0,0.2,20
2246,8984915,29.7,38.4,1006.9,False,50.1,225.0,0.2,20
2247,9044912,29.7,37.9,1006.8,False,49.9,22.0,0.2,20
2248,9104913,29.7,37.5,1006.9,False,49.8,190.0,0.1,20
2249,9164914,29.7,37.4,1006.8,False,49.8,293.0,0.1,20
2250,9224913,29.8,37.3,1006.8,False,49.6,207.0,0.1,20
2251,9284914,29.8,37.3,1006.9,False,49.5,99.0,0.2,20
2252,9344914,30.1,37.5,1006.8,False,49.4,209.0,0.2,20
2253,9404915,30.1,37.5,1006.8,False,49.4,243.0,0.2,20
2254,9464919,30.0,37.6,1006.8,False,49.3,0.0,0.3,20
2255,9524915,30.0,37.5,1006.8,False,49.2,238.0,0.3,20
2256,9584915,29.7,38.1,1006.8,False,49.2,13.0,0.1,20
2257,9644917,29.7,37.5,1006.8,False,49.2,15.0,0.3,20
2258,9704915,29.8,38.3,1006.7,False,49.2,325.0,0.3,20
2259,9764916,29.7,37.7,1006.7,False,49.7,316.0,0.2,20
2260,9824915,29.9,37.3,1006.7,False,49.7,227.0,0.3,20
2261,9884915,29.9,37.4,1006.8,False,49.6,165.0,0.2,20
2262,9944915,29.8,37.7,1006.7,False,49.6,0.0,0.2,20
2263,10004913,29.8,38.4,1006.8,False,49.1,157.0,0.3,20
2264,10064914,30.0,37.2,1006.7,False,49.3,118.0,0.1,20
2265,10124923,30.0,36.7,1006.6,False,49.3,230.0,0.1,20
2266,10184913,29.8,37.1,1006.6,False,49.2,331.0,0.2,20
2267,10244918,29.8,37.4,1006.6,False,49.2,190.0,0.4,20
2268,10304914,29.7,36.3,1006.6,False,49.2,191.0,0.7,20
2269,10364912,29.8,36.3,1006.7,False,49.3,178.0,0.6,20
2270,10424920,29.8,36.1,1006.6,False,49.2,179.0,0.6,20
2271,10484913,29.8,35.9,1006.7,False,49.0,119.0,0.8,20
2272,10544913,29.7,36.8,1006.6,False,48.8,143.0,0.6,20
2273,10604913,29.7,36.3,1006.7,False,48.6,186.0,0.5,20
2274,10664914,29.5,36.3,1006.7,False,48.6,173.0,0.6,20
2275,10724922,29.5,36.7,1006.6,False,48.6,162.0,0.5,20
2276,10784916,29.9,36.4,1006.6,False,48.6,182.0,0.5,20
2277,10844913,29.9,36.7,1006.6,False,48.3,183.0,0.7,20
2278,10904913,29.9,36.9,1006.6,False,48.3,185.0,0.6,20
2279,10964913,29.9,36.7,1006.6,False,48.4,176.0,0.6,20
2280,11024911,29.8,36.8,1006.6,False,48.4,130.0,0.5,20
2281,24530,29.1,45.4,982.2,False,59.7,281.0,0.9,21
2282,84530,29.1,45.4,982.3,False,59.4,289.0,0.9,21
2283,144533,29.0,44.8,982.3,False,59.4,283.0,0.9,21
2284,204529,29.0,45.2,982.4,False,58.8,295.0,0.6,21
2285,264529,29.1,46.2,982.3,False,58.2,236.0,0.4,21
2286,324529,29.1,47.3,982.4,False,58.8,275.0,0.2,21
2287,384531,29.0,47.6,982.3,False,59.7,275.0,0.6,21
2288,444530,29.1,47.5,982.4,False,59.7,281.0,0.6,21
2289,504546,29.1,47.5,982.4,False,60.2,285.0,0.8,21
2290,564562,29.0,47.0,982.5,False,60.2,284.0,0.7,21
2291,624534,29.0,48.4,982.4,False,59.2,307.0,0.8,21
2292,684534,28.9,48.7,982.5,False,58.9,297.0,0.6,21
2293,744528,28.9,49.1,982.4,False,59.8,282.0,0.7,21
2294,804531,29.0,47.2,982.5,False,61.0,284.0,0.7,21
2295,864531,29.0,47.3,982.5,False,59.8,300.0,0.6,21
2296,924531,28.9,47.5,982.4,False,59.1,306.0,0.5,21
2297,984530,29.0,47.8,982.5,False,58.9,285.0,0.6,21
2298,1044543,29.0,46.9,982.5,False,60.4,289.0,0.9,21
2299,1104530,29.1,47.3,982.6,False,58.8,291.0,0.9,21
2300,1164529,29.0,48.2,982.5,False,58.8,247.0,0.5,21
2301,1224530,29.1,48.4,982.5,False,58.2,289.0,0.4,21
2302,1284532,29.1,48.5,982.5,False,59.6,322.0,0.6,21
2303,1344530,29.1,48.5,982.5,False,59.9,286.0,0.8,21
2304,1404529,29.1,49.1,982.6,False,60.8,297.0,0.8,21
2305,1464531,29.2,47.1,982.6,False,60.8,282.0,0.8,21
2306,1524530,29.2,47.0,982.6,False,57.6,286.0,0.9,21
2307,1584547,29.2,48.2,982.6,False,57.6,0.0,0.7,21
2308,1644530,29.2,46.9,982.6,False,58.1,307.0,0.2,21
2309,1704534,29.2,47.3,982.7,False,58.1,272.0,0.3,21
2310,1764530,29.2,47.2,982.6,False,57.1,249.0,0.5,21
2311,1824532,29.3,47.7,982.6,False,57.1,288.0,0.3,21
2312,1884532,29.2,48.1,982.7,False,57.4,296.0,0.7,21
2313,1944539,29.1,47.5,982.7,False,59.8,299.0,0.8,21
2314,2004534,29.1,47.8,982.7,False,60.4,290.0,0.9,21
2315,2064531,29.2,47.3,982.6,False,60.4,287.0,0.7,21
2316,2124530,29.2,47.4,982.7,False,60.0,312.0,0.6,21
2317,2184540,29.3,47.6,982.7,False,61.0,266.0,0.5,21
2318,2244562,29.6,47.2,982.6,False,61.6,251.0,0.5,21
2319,2304563,29.6,47.2,982.6,False,61.6,251.0,0.5,21
2320,2364579,29.6,47.0,982.7,False,60.9,323.0,0.5,21
2321,2424578,29.5,47.0,982.7,False,60.9,323.0,0.5,21
2322,2484576,29.5,46.0,982.7,False,62.3,301.0,0.6,21
2323,2544570,29.6,46.0,982.7,False,62.3,301.0,0.6,21
2324,2604582,29.6,46.9,982.8,False,61.1,288.0,0.8,21
2325,2664576,29.4,46.9,982.8,False,61.1,288.0,0.8,21
2326,2724595,29.4,47.6,982.8,False,60.3,282.0,0.8,21
2327,2784608,29.5,48.0,982.8,False,60.1,313.0,0.8,21
2328,2844625,29.4,48.4,982.7,False,59.9,239.0,0.7,21
2329,2904624,29.4,46.2,982.7,False,59.9,291.0,0.6,21
2330,2964625,29.6,46.2,982.7,False,59.9,291.0,0.6,21
2331,3024625,29.6,45.5,982.8,False,59.9,271.0,0.8,21
2332,3084630,29.5,45.5,982.8,False,59.9,271.0,0.8,21
2333,3144625,29.5,45.5,982.8,False,59.9,271.0,0.8,21
2334,3204626,29.3,45.5,982.8,False,59.9,271.0,0.8,21
2335,3264625,29.3,45.5,982.8,False,59.9,271.0,0.8,21
2336,3324640,29.4,46.5,982.8,False,60.4,294.0,0.7,21
2337,3384656,29.3,46.1,982.9,False,60.4,277.0,0.7,21
2338,3444655,29.3,45.9,982.8,False,60.1,287.0,0.6,21
2339,3504657,29.2,45.9,982.8,False,60.1,287.0,0.6,21
2340,3564656,29.2,45.2,982.9,False,59.7,291.0,0.5,21
2341,3624658,29.3,45.2,982.9,False,59.7,291.0,0.5,21
2342,3684657,29.3,45.0,982.9,False,59.9,307.0,1.0,21
2343,3744658,29.2,45.0,982.9,False,59.9,307.0,1.0,21
2344,3804656,29.2,45.6,982.9,False,57.6,298.0,0.4,21
2345,3864657,29.4,45.6,982.9,False,57.6,298.0,0.4,21
2346,3924657,29.4,45.7,982.9,False,58.9,304.0,0.4,21
2347,3984657,29.5,45.7,982.9,False,58.9,304.0,0.4,21
2348,4044660,29.5,46.4,982.9,False,59.3,239.0,0.5,21
2349,4104657,29.4,46.4,982.9,False,59.3,239.0,0.5,21
2350,4164657,29.4,45.6,982.9,False,59.1,273.0,1.0,21
2351,4224661,29.4,45.6,982.9,False,59.1,273.0,1.0,21
2352,4284661,29.4,45.6,983.0,False,58.3,289.0,0.8,21
2353,4344656,29.2,45.6,983.0,False,58.3,289.0,0.8,21
2354,4404657,29.2,45.8,982.9,False,57.4,297.0,0.5,21
2355,4464662,29.0,45.8,982.9,False,57.4,297.0,0.5,21
2356,4524658,29.0,46.1,982.8,False,57.2,286.0,0.6,21
2357,4584659,29.2,46.1,982.8,False,57.2,286.0,0.6,21
2358,4644658,29.2,45.9,982.9,False,58.2,275.0,0.3,21
2359,4704660,29.5,45.9,982.9,False,58.2,275.0,0.3,21
2360,4764667,29.5,44.5,983.1,False,58.0,311.0,0.8,21
2361,4824688,29.3,44.5,983.1,False,58.0,311.0,0.8,21
2362,4884704,29.3,45.1,983.0,False,57.8,275.0,0.6,21
2363,4944705,29.3,45.1,983.0,False,57.8,275.0,0.6,21
2364,5004703,29.3,45.8,982.9,False,56.8,281.0,0.7,21
2365,5064708,29.3,45.2,983.0,False,56.8,311.0,0.3,21
2366,5124704,29.4,45.2,982.9,False,56.8,303.0,0.6,21
2367,5184711,29.4,46.1,983.0,False,55.5,199.0,0.6,21
2368,31224,29.1,55.5,978.6,False,47.0,82.0,0.9,22
2369,91223,29.0,55.2,978.6,False,47.0,96.0,0.8,22
2370,151224,29.0,55.2,978.7,False,47.2,99.0,0.8,22
2371,211230,28.9,55.5,978.5,False,47.2,83.0,0.6,22
2372,271227,28.9,55.5,978.6,False,46.7,100.0,0.8,22
2373,331240,28.9,55.7,978.6,False,46.7,79.0,0.7,22
2374,391256,28.9,55.2,978.6,False,45.6,105.0,0.7,22
2375,451256,28.9,54.7,978.6,False,45.6,127.0,0.6,22
2376,511273,28.9,53.8,978.7,False,44.5,94.0,0.6,22
2377,571272,28.9,53.8,978.7,False,44.2,88.0,0.6,22
2378,631272,28.9,54.2,978.8,False,43.6,105.0,0.6,22
2379,691271,28.7,54.5,978.8,False,42.8,91.0,0.6,22
2380,751272,28.7,55.0,978.7,False,42.7,107.0,0.8,22
2381,811286,28.6,53.5,978.8,False,42.8,115.0,0.7,22
2382,871299,28.6,54.5,978.8,False,42.5,130.0,0.4,22
2383,931302,28.6,55.3,978.8,False,42.1,112.0,0.6,22
2384,991303,28.6,55.8,978.7,False,41.9,103.0,0.5,22
2385,1051320,28.5,56.1,978.7,False,41.7,99.0,0.6,22
2386,1111334,28.5,56.4,978.8,False,41.5,112.0,0.6,22
2387,1171334,28.5,56.7,978.7,False,41.7,106.0,0.5,22
2388,1231335,28.5,57.1,978.6,False,42.1,89.0,0.6,22
2389,1291349,28.4,57.2,978.6,False,42.0,105.0,0.5,22
2390,1351342,28.4,57.7,978.5,False,41.5,80.0,0.4,22
2391,1411367,28.5,57.3,978.6,False,41.8,74.0,0.5,22
2392,1471382,28.5,57.4,978.5,False,41.8,97.0,0.6,22
2393,1531382,28.5,56.9,978.5,False,41.7,85.0,0.5,22
2394,1591396,28.5,58.1,978.5,False,41.2,100.0,0.7,22
2395,1651421,28.4,58.1,978.6,False,41.1,97.0,0.5,22
2396,1711427,28.3,58.6,978.7,False,40.6,82.0,0.4,22
2397,1771565,28.2,58.5,978.5,False,40.6,95.0,0.3,22
2398,1831444,28.2,58.1,978.6,False,40.5,108.0,0.4,22
2399,1891460,28.1,58.2,978.6,False,39.3,119.0,0.5,22
2400,1951460,28.1,58.3,978.6,False,39.1,129.0,0.6,22
2401,2011462,28.1,58.3,978.6,False,39.0,102.0,0.6,22
2402,2071460,28.0,59.1,978.6,True,39.0,107.0,0.5,22
2403,2131458,27.9,59.7,978.7,True,39.3,135.0,0.5,22
2404,2191477,27.9,59.0,978.7,True,39.4,99.0,0.5,22
2405,2251461,27.9,60.1,978.7,True,39.6,115.0,0.4,22
2406,2311459,28.0,60.0,978.7,True,39.7,103.0,0.3,22
2407,2371459,27.9,60.8,978.7,True,39.0,103.0,0.4,22
2408,2431458,27.9,63.9,978.8,True,39.0,116.0,0.3,22
2409,2491459,27.9,62.3,978.8,True,38.6,84.0,0.3,22
2410,2551460,27.8,65.8,978.8,True,38.3,145.0,0.3,22
2411,2611461,27.7,63.5,978.8,True,36.6,129.0,0.2,22
2412,2671460,27.7,65.5,978.8,True,36.2,96.0,0.1,22
2413,2731461,27.7,66.0,978.8,True,35.4,97.0,0.3,22
2414,2791476,27.6,66.6,978.7,True,35.4,148.0,0.2,22
2415,2851475,27.5,66.3,978.8,True,35.3,147.0,0.3,22
2416,2911497,27.5,67.6,978.8,True,34.7,151.0,0.1,22
2417,2971507,27.4,65.4,978.8,True,34.7,98.0,0.3,22
2418,3031506,27.4,67.0,978.7,True,34.2,110.0,0.3,22
2419,3091523,27.2,68.2,978.8,True,34.2,104.0,0.3,22
2420,3151521,27.2,71.2,978.8,True,33.8,140.0,0.2,22
2421,3211540,27.2,70.5,978.8,True,35.3,130.0,0.2,22
2422,3271553,27.2,69.5,978.6,True,34.9,110.0,0.1,22
2423,3331551,27.1,68.7,978.7,True,34.9,118.0,0.2,22
2424,3391575,27.0,68.6,978.7,True,33.4,155.0,0.2,22
2425,3451584,27.0,68.1,978.7,True,33.1,128.0,0.1,22
2426,3511585,26.9,68.6,978.7,True,32.6,151.0,0.1,22
2427,3571591,26.8,69.5,978.6,True,32.2,83.0,0.2,22
2428,3631587,26.8,69.5,978.6,True,32.2,83.0,0.2,22
2429,3691587,26.7,72.5,978.6,True,31.5,106.0,0.1,22
2430,3751586,26.6,71.3,978.6,True,31.3,85.0,0.2,22
2431,3811586,26.6,72.6,978.5,True,31.7,88.0,0.3,22
2432,3871592,26.6,71.7,978.3,True,31.9,101.0,0.5,22
2433,3931600,26.6,72.4,978.3,True,32.0,86.0,0.4,22
2434,3991602,26.6,72.4,978.3,True,32.0,86.0,0.4,22
2435,4051607,26.6,75.4,978.3,True,32.8,87.0,0.4,22
2436,4111600,26.6,75.1,978.3,True,32.8,91.0,0.5,22
2437,4171616,26.6,77.3,978.3,True,32.8,88.0,0.5,22
2438,4231642,26.7,74.9,978.3,True,33.3,79.0,0.5,22
2439,4291634,26.7,73.8,978.2,True,33.3,115.0,0.6,22
2440,4351648,26.6,73.8,978.1,True,33.1,102.0,0.5,22
2441,4411663,26.6,73.8,978.1,True,33.1,102.0,0.5,22
2442,4471680,26.7,77.7,978.3,True,33.2,122.0,0.2,22
2443,4531682,26.7,75.6,978.3,True,33.3,137.0,0.3,22
2444,4591687,26.8,76.8,978.2,True,33.3,127.0,0.3,22
2445,4651682,26.8,73.9,978.3,True,32.9,145.0,0.4,22
2446,4711680,26.7,76.1,978.1,True,32.6,122.0,0.3,22
2447,4771682,26.6,75.9,978.1,True,32.6,138.0,0.3,22
2448,4831694,26.7,76.5,978.1,True,32.7,105.0,0.4,22
2449,4891695,26.6,76.2,978.0,True,32.7,118.0,0.4,22
2450,4951710,26.7,75.5,977.8,True,32.6,107.0,0.4,22
2451,5011721,26.8,76.9,977.7,True,32.6,116.0,0.4,22
2452,5071711,26.8,74.1,977.6,True,33.7,103.0,0.3,22
2453,5131710,26.9,76.7,977.5,True,34.2,104.0,0.4,22
2454,5191712,27.0,77.8,977.5,True,34.2,105.0,0.3,22
2455,5251714,27.2,75.1,977.5,True,35.1,79.0,0.5,22
2456,5311712,27.4,75.3,977.5,True,35.7,117.0,0.6,22
2457,5372873,27.4,75.3,977.5,True,35.7,117.0,0.6,22
2458,5431710,27.5,75.6,977.5,True,35.9,78.0,0.5,22
2459,5491713,27.6,74.7,977.4,True,36.2,101.0,0.6,22
2460,5551727,27.7,74.3,977.5,False,36.3,78.0,0.6,22
2461,5611725,27.7,72.3,977.4,False,36.4,81.0,0.6,22
2462,5671742,27.8,73.0,977.2,False,36.4,117.0,0.7,22
2463,5731765,27.8,73.3,977.1,False,37.0,108.0,0.5,22
2464,5791770,28.0,70.1,977.0,False,37.6,91.0,0.9,22
2465,5851762,28.1,69.1,977.0,False,37.9,90.0,0.6,22
2466,5911759,28.1,68.9,976.9,False,38.2,101.0,0.6,22
2467,5971758,28.1,69.5,977.0,False,38.6,104.0,0.8,22
2468,6031775,28.1,67.7,976.8,False,38.9,120.0,0.7,22
2469,6091766,28.1,67.2,976.9,False,39.1,135.0,0.6,22
2470,6151793,28.3,68.4,977.0,False,39.1,102.0,0.5,22
2471,6211805,28.3,68.3,976.9,False,39.6,104.0,0.6,22
2472,6271819,28.4,67.7,976.9,False,39.9,92.0,0.6,22
2473,6331812,28.5,67.7,976.9,False,39.9,92.0,0.6,22
2474,6391828,28.6,66.7,976.9,False,41.1,75.0,0.7,22
2475,6451822,28.6,64.7,976.9,False,41.6,101.0,0.6,22
2476,6511846,28.8,65.2,976.8,False,41.6,101.0,0.7,22
2477,6571839,28.8,64.8,977.0,False,41.8,105.0,1.1,22
2478,6631838,28.7,65.5,977.0,False,41.7,92.0,1.0,22
2479,6691837,28.7,65.8,976.9,False,41.7,115.0,1.0,22
2480,6751839,28.7,66.7,976.9,False,42.1,121.0,0.9,22
2481,6811837,28.6,66.7,976.7,False,42.1,101.0,0.8,22
2482,6871838,28.5,67.6,976.6,False,41.6,106.0,0.8,22
2483,6931838,28.2,66.9,976.5,False,40.8,93.0,1.2,22
2484,6991840,28.2,69.0,976.6,False,40.8,92.0,1.0,22
2485,7051837,28.1,68.9,976.7,False,40.3,96.0,0.8,22
2486,7111838,28.0,69.0,976.6,False,41.1,83.0,1.1,22
2487,7171839,27.6,69.8,976.6,False,40.6,98.0,1.2,22
2488,7231836,27.6,70.8,976.6,False,40.1,102.0,0.9,22
2489,7291851,27.4,71.0,976.7,False,39.6,84.0,1.2,22
2490,7351853,27.4,71.8,976.7,False,39.6,101.0,1.1,22
2491,7411874,27.3,71.3,976.7,False,39.9,85.0,0.6,22
2492,7471887,27.3,72.1,976.8,False,39.7,91.0,1.0,22
2493,7531886,27.3,73.2,976.8,False,38.9,86.0,1.1,22
2494,7591886,27.2,72.9,976.6,False,38.4,103.0,0.8,22
2495,7651883,27.2,74.0,976.6,False,38.2,110.0,1.0,22
2496,7711887,26.8,74.6,976.7,False,37.9,101.0,0.8,22
2497,7771885,26.7,74.5,976.8,False,37.1,106.0,0.8,22
2498,7831890,26.6,74.4,976.7,False,36.9,83.0,0.8,22
2499,7891884,26.5,74.6,976.6,False,36.7,111.0,0.9,22
2500,7951884,26.3,75.2,976.7,False,36.6,104.0,0.8,22
2501,8011884,26.3,75.7,976.6,False,36.6,107.0,1.0,22
2502,8071901,26.2,74.3,976.6,False,36.4,90.0,0.8,22
2503,8131915,26.1,73.9,976.7,False,36.2,97.0,1.0,22
2504,8191931,26.1,73.4,976.7,False,36.0,83.0,0.6,22
2505,8251938,26.0,74.2,976.9,False,36.0,102.0,0.5,22
2506,8311932,25.9,74.0,976.8,False,35.8,122.0,0.6,22
2507,8371931,25.9,74.6,976.8,False,35.8,84.0,0.6,22
2508,8431946,25.8,74.4,976.5,False,35.9,108.0,0.5,22
2509,8491962,25.8,74.7,976.8,False,35.9,76.0,0.7,22
2510,8551962,25.7,73.8,976.8,False,35.8,105.0,0.6,22
2511,8611963,25.7,74.9,976.7,False,35.8,109.0,0.7,22
2512,8671962,25.7,74.4,976.9,False,35.8,89.0,0.8,22
2513,8731974,25.7,75.1,977.0,False,35.6,84.0,0.4,22
2514,8791963,25.7,74.2,977.1,False,35.5,82.0,0.4,22
2515,8851963,25.7,75.1,977.1,False,35.8,144.0,0.6,22
2516,8911964,25.7,74.5,977.2,False,36.1,101.0,0.7,22
2517,8971962,25.7,74.0,977.0,False,38.4,96.0,0.7,22
2518,9031962,25.8,74.1,976.9,False,37.6,96.0,0.7,22
2519,9091966,25.9,74.1,976.9,False,37.0,104.0,0.5,22
2520,9151961,26.0,73.7,977.1,False,37.0,133.0,0.4,22
2521,9211960,26.1,72.8,977.0,False,36.8,108.0,0.6,22
2522,9271966,26.1,73.5,976.9,False,38.0,103.0,0.6,22
2523,9331967,26.1,73.9,977.0,False,38.6,117.0,0.5,22
2524,9391963,26.1,72.7,977.1,False,39.2,127.0,0.8,22
2525,9451961,26.2,72.6,977.0,False,39.2,100.0,0.5,22
2526,9512012,26.3,72.1,977.0,False,38.9,110.0,0.5,22
2527,9571962,26.3,71.9,977.1,False,37.8,111.0,0.6,22
2528,9631963,26.3,72.4,977.1,False,37.0,96.0,0.6,22
2529,9691963,26.1,72.6,977.2,False,37.6,101.0,0.7,22
2530,9751987,26.1,74.0,977.1,False,37.8,137.0,0.6,22
2531,9811962,26.1,73.4,977.1,False,37.9,118.0,0.6,22
2532,9871960,26.1,72.0,977.1,False,38.6,118.0,0.6,22
2533,9931976,26.2,72.2,977.0,False,38.6,108.0,0.7,22
2534,9991966,26.2,72.2,977.0,False,38.2,103.0,0.6,22
2535,10051960,26.1,72.5,977.0,False,38.2,100.0,0.7,22
2536,10111965,26.2,72.5,976.9,False,38.2,105.0,0.8,22
2537,10171965,26.2,72.9,976.9,False,38.3,126.0,0.8,22
2538,10231962,26.2,72.8,976.7,False,38.3,92.0,0.6,22
2539,10291963,26.2,72.6,976.8,False,38.3,101.0,0.6,22
2540,10351963,26.2,72.8,976.8,False,37.8,99.0,0.6,22
2541,10411963,26.2,72.1,976.9,False,37.7,97.0,0.6,22
2542,10471963,26.2,72.2,976.9,False,37.6,116.0,0.6,22
2543,10531961,26.2,72.6,977.0,False,37.4,96.0,0.5,22
2544,10591961,26.2,72.3,976.9,False,37.4,101.0,0.5,22
2545,10651962,26.3,72.0,976.8,False,37.4,90.0,0.5,22
2546,10711962,26.3,72.4,976.9,False,37.4,97.0,0.6,22
2547,10771962,26.3,71.7,976.8,False,37.3,102.0,0.5,22
2548,10831967,26.3,72.2,976.9,False,37.0,113.0,0.6,22
2549,10891961,26.2,71.7,977.0,False,36.8,117.0,0.6,22
2550,10951962,26.2,71.9,976.8,False,36.8,106.0,0.6,22
2551,11011961,26.2,72.1,976.7,False,36.8,111.0,0.4,22
2552,11071962,26.2,71.5,976.6,False,36.8,101.0,0.4,22
2553,11131963,26.2,71.2,976.6,False,36.7,101.0,0.5,22
2554,11191962,26.2,71.6,976.5,False,36.4,105.0,0.6,22
2555,11251965,26.1,71.9,976.6,False,36.2,116.0,0.6,22
2556,11311963,26.1,71.6,976.7,False,36.1,97.0,0.5,22
2557,11371966,26.0,71.1,976.6,False,36.1,116.0,0.5,22
2558,11431963,26.0,71.2,976.6,False,35.4,105.0,0.5,22
2559,10828,14.6,93.0,970.6,True,17.5,313.0,0.5,23
2560,70820,14.5,93.4,970.7,True,17.5,329.0,0.4,23
2561,130830,14.5,93.0,970.6,True,17.4,326.0,0.3,23
2562,190820,14.5,93.6,970.7,True,17.4,333.0,0.3,23
2563,250835,14.4,93.3,970.7,True,17.2,330.0,0.3,23
2564,310835,14.3,94.0,970.8,True,17.1,342.0,0.3,23
2565,370852,14.4,93.9,970.8,True,17.0,345.0,0.3,23
2566,430868,14.4,94.2,970.9,True,16.9,342.0,0.3,23
2567,490874,14.3,94.2,970.9,True,16.6,353.0,0.4,23
2568,550886,14.3,93.8,970.9,True,16.6,337.0,0.3,23
2569,610902,14.2,93.9,970.9,True,16.4,297.0,0.5,23
2570,670913,14.1,94.1,970.9,True,16.5,342.0,0.8,23
2571,730915,14.0,94.1,970.9,True,16.5,342.0,0.8,23
2572,790916,14.0,94.0,970.8,True,16.8,337.0,1.0,23
2573,850914,13.9,94.0,970.8,True,16.8,337.0,0.4,23
2574,910928,13.8,94.0,970.8,True,16.8,337.0,0.4,23
2575,970944,13.8,94.1,970.8,True,17.1,334.0,0.4,23
2576,1030960,13.8,94.1,970.8,True,17.1,334.0,0.4,23
2577,1090949,13.8,93.8,970.8,True,17.4,342.0,0.5,23
2578,1150958,13.8,93.6,970.8,True,17.4,348.0,0.6,23
2579,1210951,13.8,93.5,970.9,False,17.6,326.0,0.6,23
2580,1270953,13.9,93.6,970.8,False,17.8,339.0,0.6,23
2581,1330946,13.9,94.0,970.8,False,18.1,306.0,0.6,23
2582,1390947,14.0,93.7,970.7,False,18.1,302.0,0.8,23
2583,1450944,14.0,93.5,970.7,False,18.0,299.0,0.9,23
2584,1510950,14.1,93.9,970.8,False,18.0,332.0,0.5,23
2585,1570949,14.1,93.7,970.8,False,18.0,323.0,0.8,23
2586,1630946,14.1,93.0,970.9,False,18.0,314.0,1.0,23
2587,1690947,14.2,93.7,970.8,False,18.3,317.0,0.6,23
2588,1750951,14.3,93.3,970.8,False,18.6,5.0,0.6,23
2589,1810946,14.3,93.5,970.9,False,18.7,308.0,0.3,23
2590,1870948,14.4,93.3,970.9,False,19.4,351.0,0.6,23
2591,1930947,14.6,92.1,970.9,False,19.5,345.0,0.5,23
2592,1990951,14.6,92.1,970.8,False,19.5,6.0,0.3,23
2593,2050946,14.7,93.6,970.8,False,19.5,136.0,0.3,23
2594,2110948,14.8,93.1,970.9,False,19.2,334.0,0.4,23
2595,2170953,14.9,92.1,970.9,False,19.0,316.0,0.6,23
2596,2230947,14.9,91.2,970.9,False,19.0,345.0,0.6,23
2597,2290951,14.8,91.9,970.9,False,19.0,327.0,0.5,23
2598,2350944,14.8,91.8,970.7,False,18.9,312.0,0.5,23
2599,2410946,14.8,92.1,970.9,False,18.8,308.0,0.3,23
2600,2470954,14.8,91.6,970.8,False,18.7,333.0,0.4,23
2601,2530947,14.7,93.0,970.9,False,18.5,313.0,0.3,23
2602,2590947,14.7,92.5,970.8,False,18.5,241.0,0.2,23
2603,2650945,14.7,93.0,970.8,False,18.8,190.0,0.2,23
2604,2710944,14.8,91.5,970.8,False,19.0,353.0,0.6,23
2605,2770944,14.7,91.6,970.9,False,19.1,257.0,0.5,23
2606,2830946,14.6,92.7,970.9,False,19.0,20.0,0.4,23
2607,2890947,14.7,91.8,970.8,False,18.8,307.0,0.4,23
2608,2950954,14.7,92.0,970.9,False,18.8,342.0,0.5,23
2609,3010946,14.8,92.0,970.8,False,18.8,300.0,0.3,23
2610,3070948,14.8,91.7,970.9,False,18.9,318.0,0.6,23
2611,3130957,14.8,90.5,970.9,False,18.9,310.0,0.8,23
2612,3190945,14.7,90.6,970.8,False,18.7,319.0,0.4,23
2613,3250951,14.6,90.8,970.8,False,18.7,357.0,0.5,23
2614,3310952,14.7,90.9,970.8,False,18.8,311.0,0.3,23
2615,3370936,14.7,90.9,971.0,False,18.8,354.0,0.1,23
2616,3430962,14.8,90.3,970.9,False,18.6,329.0,0.2,23
2617,3490960,14.9,90.5,970.8,False,18.6,276.0,0.6,23
2618,3550963,14.9,90.5,970.9,False,18.4,353.0,0.3,23
2619,3610979,14.9,91.0,971.0,False,18.2,320.0,0.7,23
2620,3671009,15.0,90.2,970.9,False,18.2,321.0,0.5,23
2621,3730995,14.9,90.6,971.0,False,18.1,301.0,0.5,23
2622,3790993,14.9,90.1,970.9,False,17.9,0.0,0.3,23
2623,3850992,14.9,89.8,970.9,False,17.8,323.0,0.5,23
2624,3910996,14.8,90.3,970.9,False,17.7,328.0,0.9,23
2625,3970996,14.9,91.1,971.0,False,17.4,339.0,0.3,23
2626,4031011,14.9,91.2,970.9,False,17.4,334.0,0.5,23
2627,4091024,14.8,91.4,971.0,False,17.3,287.0,0.5,23
2628,4151045,14.8,91.4,971.0,False,17.4,304.0,0.4,23
2629,4211039,14.7,91.2,971.0,True,17.4,331.0,0.6,23
2630,4271050,14.8,92.0,971.1,True,17.2,329.0,0.7,23
2631,4331044,14.7,92.1,971.1,True,17.0,311.0,0.8,23
2632,4391040,14.6,92.4,970.9,True,16.8,329.0,0.5,23
2633,4451056,14.5,92.7,971.1,True,16.7,336.0,0.6,23
2634,4511070,14.3,92.7,971.1,True,16.7,336.0,0.6,23
2635,4571074,14.3,93.0,971.1,True,16.8,346.0,0.6,23
2636,4631131,14.3,93.0,971.1,True,16.8,346.0,0.6,23
2637,4691072,14.2,93.6,970.9,True,16.6,313.0,0.3,23
2638,4751073,14.2,93.7,970.9,True,16.6,308.0,0.1,23
2639,4811073,14.2,93.9,970.8,True,16.6,326.0,0.1,23
2640,4871073,14.1,93.8,970.9,False,16.6,328.0,0.6,23
2641,4931072,14.1,93.9,970.8,False,16.6,308.0,0.5,23
2642,4991095,14.0,94.2,970.8,False,16.8,335.0,0.8,23
2643,5051070,14.0,94.1,970.9,False,16.8,314.0,0.8,23
2644,5111071,14.0,94.1,970.7,False,16.9,309.0,0.8,23
2645,5171070,14.0,94.0,970.9,False,17.0,326.0,0.8,23
2646,5231070,14.0,94.2,971.0,False,17.0,342.0,0.7,23
2647,5291070,14.0,94.3,970.8,False,17.0,312.0,0.4,23
2648,5351078,14.1,94.2,970.9,False,17.0,328.0,0.6,23
2649,5411071,14.1,94.2,970.8,False,17.1,311.0,0.6,23
2650,5471070,14.1,93.6,971.0,False,17.2,323.0,0.7,23
2651,5531071,14.1,93.9,970.9,False,17.2,321.0,0.6,23
2652,5591070,14.1,94.1,970.9,True,17.1,308.0,0.4,23
2653,5651070,14.1,94.2,970.9,True,16.9,320.0,0.7,23
2654,5711064,14.1,94.1,970.9,True,16.9,326.0,0.6,23
2655,5771070,14.1,93.5,970.9,True,16.9,51.0,0.5,23
2656,5831071,14.1,93.3,970.9,True,16.9,335.0,0.7,23
2657,5891072,14.1,93.1,971.0,True,16.9,319.0,0.9,23
2658,5951071,14.1,92.9,970.8,True,16.8,304.0,1.2,23
2659,6011082,14.0,93.4,970.9,True,16.7,334.0,1.0,23
2660,6071071,14.0,93.3,971.0,True,16.7,339.0,0.4,23
2661,6131070,14.0,93.5,971.0,True,16.7,348.0,0.7,23
2662,6191073,14.0,93.7,970.9,True,16.7,334.0,0.5,23
2663,6251074,14.1,93.2,970.9,True,16.8,353.0,0.5,23
2664,6311074,14.0,93.9,971.1,True,16.8,310.0,0.3,23
2665,6371072,14.0,93.7,970.9,True,16.9,320.0,0.5,23
2666,6431072,14.0,93.4,970.9,True,16.9,326.0,0.2,23
2667,6491075,14.0,94.0,970.9,True,16.8,332.0,0.4,23
2668,6551074,14.0,94.0,971.0,True,16.8,330.0,0.3,23
2669,6611061,13.9,93.7,970.9,True,16.8,337.0,0.4,23
2670,6671074,13.9,93.9,970.8,False,16.8,334.0,0.5,23
2671,6731086,13.9,93.9,970.8,False,16.9,313.0,0.7,23
2672,6791101,14.0,94.1,970.8,False,16.9,297.0,0.3,23
2673,6851104,13.9,94.0,970.9,False,17.1,330.0,0.4,23
2674,6911138,13.9,94.0,970.9,False,17.2,335.0,0.5,23
2675,6971109,13.9,94.0,970.8,False,17.1,7.0,0.4,23
2676,7031119,13.9,94.1,970.9,False,17.1,330.0,0.3,23
2677,7091117,14.0,94.1,970.9,False,17.1,330.0,0.3,23
2678,7151119,14.0,93.5,970.8,False,17.4,327.0,0.5,23
2679,7211110,14.0,93.5,970.8,False,17.4,327.0,0.5,23
2680,7271121,14.1,93.2,970.9,False,17.5,289.0,0.5,23
2681,7331121,14.2,94.2,970.8,False,17.4,345.0,0.5,23
2682,7391144,14.2,93.8,970.9,False,17.4,311.0,0.5,23
2683,7451152,14.2,92.9,970.9,False,17.4,277.0,0.6,23
2684,7511170,14.2,93.6,970.9,False,17.7,333.0,0.4,23
2685,7571169,14.2,93.6,970.9,False,17.8,314.0,0.3,23
2686,7631169,14.2,93.7,970.9,False,17.8,357.0,0.5,23
2687,7691183,14.3,93.8,970.9,False,17.8,279.0,0.2,23
2688,7751205,14.4,94.0,970.9,False,17.8,342.0,0.3,23
2689,7811200,14.4,93.4,970.9,False,17.8,331.0,0.3,23
2690,7871199,14.4,93.2,970.9,False,17.8,307.0,0.6,23
2691,7931202,14.4,93.4,970.8,False,17.6,289.0,0.3,23
2692,7991198,14.4,93.7,970.8,False,17.8,322.0,0.2,23
2693,16061,12.5,95.6,970.8,True,14.7,316.0,0.9,24
2694,76061,12.5,95.5,970.8,True,14.8,345.0,0.5,24
2695,136063,12.5,95.4,970.8,True,14.9,332.0,0.7,24
2696,196062,12.5,95.4,970.8,True,14.9,332.0,0.7,24
2697,256058,12.5,95.4,970.9,True,14.9,332.0,0.5,24
2698,316061,12.4,95.8,970.8,True,14.9,327.0,0.5,24
2699,376066,12.5,95.8,970.8,True,14.9,327.0,0.5,24
2700,436067,12.5,95.3,970.8,True,14.9,321.0,0.9,24
2701,496061,12.5,95.3,970.8,False,14.9,343.0,0.8,24
2702,556061,12.5,95.3,970.8,False,14.8,297.0,0.7,24
2703,616062,12.4,95.3,970.8,False,14.8,297.0,0.7,24
2704,676065,12.4,95.2,970.8,False,14.7,342.0,0.6,24
2705,736065,12.5,95.2,970.8,False,14.7,342.0,0.6,24
2706,796077,12.4,95.2,970.8,False,14.7,323.0,0.8,24
2707,856063,12.5,95.6,970.7,False,14.7,335.0,0.7,24
2708,916063,12.5,95.4,970.8,False,14.6,337.0,0.8,24
2709,976061,12.4,95.7,970.9,False,14.5,336.0,0.4,24
2710,1036062,12.4,95.6,970.7,False,14.5,335.0,0.5,24
2711,1096070,12.4,95.7,970.7,True,14.5,3.0,0.5,24
2712,1156077,12.4,95.7,970.8,True,14.5,329.0,0.3,24
2713,1216078,12.5,96.1,970.8,True,14.5,9.0,0.4,24
2714,1276094,12.5,95.6,970.8,True,14.6,314.0,0.2,24
2715,1336110,12.5,95.9,970.7,True,14.5,341.0,0.4,24
2716,1396109,12.4,95.7,970.7,True,14.5,338.0,0.5,24
2717,1456112,12.5,95.7,970.8,True,14.6,340.0,0.7,24
2718,1516124,12.5,95.8,970.7,True,14.6,337.0,0.6,24
2719,1576124,12.5,95.6,970.7,True,14.6,349.0,0.6,24
2720,1636137,12.6,95.9,970.8,True,14.7,6.0,0.5,24
2721,1696125,12.6,96.0,970.7,True,14.7,301.0,0.3,24
2722,1756141,12.7,96.0,970.7,True,14.7,301.0,0.3,24
2723,1816177,12.7,96.0,970.7,True,14.7,301.0,0.3,24
2724,1876156,12.7,96.0,970.7,True,14.7,301.0,0.3,24
2725,1936157,12.6,96.0,970.7,True,14.7,301.0,0.3,24
2726,1996173,12.6,95.7,970.7,True,14.7,3.0,0.5,24
2727,2056188,12.6,96.3,970.8,True,14.7,339.0,0.5,24
2728,2116188,12.7,96.2,970.8,True,14.8,346.0,0.7,24
2729,2176186,12.7,96.4,970.6,True,14.8,331.0,0.4,24
2730,2236198,12.8,96.0,970.7,True,14.9,332.0,0.5,24
2731,2296201,12.7,96.0,970.7,True,14.9,332.0,0.5,24
2732,2356197,12.7,96.4,970.6,True,14.9,336.0,0.7,24
2733,2416186,12.7,96.4,970.6,True,14.9,336.0,0.7,24
2734,2476188,12.7,96.3,970.8,True,15.0,347.0,0.9,24
2735,2536188,12.8,96.3,970.6,True,15.0,337.0,0.8,24
2736,2596189,12.8,96.1,970.6,True,14.9,350.0,0.8,24
2737,2656187,12.7,96.1,970.6,True,14.9,350.0,0.8,24
2738,2716188,12.7,96.1,970.6,True,15.1,322.0,0.6,24
2739,2776196,12.7,96.1,970.6,True,15.1,322.0,0.6,24
2740,2836201,12.7,96.0,970.7,True,15.2,342.0,0.6,24
2741,2896188,12.7,96.2,970.7,True,15.2,264.0,0.7,24
2742,2956189,12.7,96.7,970.6,True,15.2,344.0,0.5,24
2743,3016189,12.7,96.7,970.6,True,15.2,344.0,0.5,24
2744,3076187,12.8,95.8,970.7,True,15.4,327.0,0.7,24
2745,3136193,12.7,95.8,970.7,True,15.4,327.0,0.7,24
2746,3196193,12.7,96.2,970.7,True,15.3,319.0,0.6,24
2747,3256205,12.8,96.2,970.7,True,15.3,319.0,0.6,24
2748,3316189,12.8,96.4,970.6,True,15.3,341.0,0.7,24
2749,3376190,12.8,96.5,970.5,True,15.3,342.0,0.6,24
2750,3436186,12.8,96.1,970.6,True,15.4,345.0,0.7,24
2751,3496189,12.8,96.1,970.6,True,15.4,345.0,0.7,24
2752,3556189,12.8,96.2,970.6,True,15.4,290.0,0.4,24
2753,3616187,12.9,96.4,970.7,True,15.4,358.0,0.4,24
2754,3676189,12.9,95.5,970.5,True,15.4,347.0,1.0,24
2755,3736187,12.8,96.1,970.6,True,15.5,343.0,0.6,24
2756,3796189,12.8,96.0,970.7,True,15.2,326.0,0.7,24
2757,3856188,12.7,96.0,970.6,True,15.2,328.0,0.8,24
2758,3916190,12.7,96.1,970.6,True,15.2,331.0,0.7,24
2759,3976200,12.7,96.5,970.6,True,15.2,329.0,0.6,24
2760,4036197,12.7,96.2,970.6,True,15.2,349.0,0.5,24
2761,4096198,12.8,95.8,970.5,True,15.2,329.0,0.5,24
2762,4156203,12.8,96.6,970.5,True,15.3,304.0,0.4,24
2763,4216201,12.8,95.9,970.5,True,15.3,356.0,0.6,24
2764,4276203,12.8,95.8,970.5,True,15.3,356.0,0.5,24
2765,4336204,12.8,96.5,970.5,True,15.1,349.0,0.5,24
2766,4396223,12.8,96.4,970.5,True,15.3,342.0,0.7,24
2767,4456234,12.8,96.3,970.5,True,15.1,348.0,0.5,24
2768,4516236,12.9,96.3,970.5,True,15.1,347.0,0.6,24
2769,4576236,12.8,96.3,970.5,True,15.1,347.0,0.6,24
2770,4636235,12.8,96.3,970.4,True,15.1,328.0,0.6,24
2771,4696234,12.8,96.5,970.4,True,15.0,330.0,0.5,24
2772,4756235,12.8,96.5,970.5,True,15.0,334.0,0.5,24
2773,4816236,12.8,96.4,970.4,True,15.0,338.0,0.6,24
2774,4876235,12.8,96.6,970.5,True,15.0,357.0,0.5,24
2775,4936233,12.7,96.4,970.6,True,15.1,339.0,0.5,24
2776,4996251,12.7,96.6,970.5,True,15.0,351.0,0.6,24
2777,5056268,12.8,96.6,970.4,True,15.0,330.0,0.5,24
2778,5116279,12.7,96.8,970.4,True,15.0,346.0,0.6,24
2779,5176283,12.7,97.2,970.4,True,15.0,157.0,0.3,24
2780,5236280,12.7,96.9,970.4,True,15.1,269.0,0.2,24
2781,5296284,12.8,96.8,970.3,True,15.1,299.0,0.4,24
2782,5356282,12.8,96.6,970.4,True,15.1,17.0,0.6,24
2783,5416283,12.8,96.9,970.4,True,15.1,337.0,0.2,24
2784,5476285,12.8,97.0,970.5,True,15.0,344.0,0.4,24
2785,5536297,12.8,96.9,970.4,True,15.1,343.0,0.4,24
2786,5596312,12.8,96.6,970.5,True,15.1,288.0,0.7,24
2787,5656314,12.8,96.9,970.5,True,15.1,330.0,0.5,24
2788,5716313,12.9,97.0,970.4,True,15.0,333.0,0.5,24
2789,5776312,12.7,96.8,970.6,True,15.1,348.0,0.7,24
2790,5836312,12.8,96.9,970.4,True,15.2,330.0,0.5,24
2791,5896313,12.8,96.9,970.5,True,15.1,346.0,0.5,24
2792,5956312,12.8,96.7,970.4,True,15.1,310.0,0.5,24
2793,6016320,12.8,96.7,970.4,True,15.0,3.0,0.6,24
2794,6076316,12.8,96.7,970.5,True,15.1,345.0,0.6,24
2795,6136316,12.8,96.8,970.5,True,15.1,341.0,0.7,24
2796,6196323,12.8,96.5,970.6,True,15.0,348.0,0.5,24
2797,6256314,12.8,96.7,970.5,True,15.0,329.0,0.7,24
2798,6316316,12.7,96.7,970.5,True,14.9,338.0,0.5,24
2799,6376321,12.9,96.8,970.4,True,14.9,336.0,0.4,24
2800,6436313,12.9,96.6,970.4,True,14.9,303.0,0.4,24
2801,6496316,12.9,96.7,970.3,True,15.0,348.0,0.4,24
2802,6556306,12.8,96.7,970.4,True,15.1,340.0,0.4,24
2803,6616318,12.9,96.7,970.3,True,15.1,354.0,0.6,24
2804,6676331,12.8,96.6,970.5,True,15.2,339.0,0.4,24
2805,6736344,12.9,96.5,970.4,True,15.0,307.0,0.5,24
2806,6796359,12.8,96.7,970.4,True,15.0,332.0,0.3,24
2807,6856359,12.8,96.5,970.4,True,14.8,320.0,0.7,24
2808,6916360,12.8,96.6,970.3,True,15.0,326.0,0.4,24
2809,6976362,12.9,96.4,970.4,True,15.1,12.0,0.8,24
2810,7036360,12.8,96.3,970.4,True,15.1,341.0,0.6,24
2811,7096375,12.8,96.5,970.4,True,15.1,345.0,0.8,24
2812,7156393,12.8,96.5,970.4,True,15.0,337.0,0.7,24
2813,7216408,12.8,96.5,970.4,True,15.0,345.0,0.5,24
2814,7276407,12.9,96.4,970.4,True,15.0,350.0,0.6,24
2815,7336407,12.9,96.6,970.4,True,15.1,317.0,0.4,24
2816,7396413,12.9,96.8,970.4,True,15.0,349.0,0.5,24
2817,7456408,12.9,96.7,970.3,True,15.1,330.0,0.6,24
2818,7516406,12.9,96.8,970.4,True,15.1,338.0,0.3,24
2819,7576407,12.9,96.3,970.5,True,15.1,350.0,0.7,24
2820,7636408,12.9,96.7,970.5,False,15.1,2.0,0.6,24
2821,7696422,12.9,97.2,970.4,True,15.2,16.0,0.3,24
2822,7756437,12.9,96.1,970.3,True,15.3,356.0,0.5,24
2823,7816438,12.9,96.6,970.4,True,15.4,341.0,0.3,24
2824,7876439,13.0,97.0,970.4,True,15.3,338.0,0.3,24
2825,7936438,13.0,96.1,970.3,True,15.3,348.0,0.8,24
2826,7996440,12.9,96.6,970.4,True,15.3,339.0,0.7,24
2827,8056438,13.0,96.2,970.4,True,15.3,319.0,0.6,24
2828,8116442,13.0,96.7,970.3,True,15.3,346.0,0.5,24
2829,8176441,13.0,96.4,970.3,True,15.3,337.0,0.6,24
2830,8236438,13.0,96.3,970.3,True,15.3,335.0,0.6,24
2831,8296441,13.0,96.7,970.2,True,15.4,350.0,0.5,24
2832,8356438,13.0,96.4,970.3,True,15.4,332.0,0.5,24
2833,8416438,13.1,96.6,970.3,True,15.6,334.0,0.3,24
2834,8476439,13.0,96.5,970.2,True,15.6,2.0,0.4,24
2835,8536439,13.1,96.8,970.3,True,15.6,3.0,0.3,24
2836,8596439,13.2,96.4,970.3,True,15.8,337.0,0.2,24
2837,8656441,13.1,96.7,970.2,True,15.9,333.0,0.2,24
2838,8716441,13.2,96.0,970.3,True,15.9,339.0,0.4,24
2839,8776440,13.2,96.2,970.1,True,15.8,344.0,0.5,24
2840,8836438,13.0,96.4,970.2,True,15.8,358.0,0.8,24
2841,8896441,13.0,96.1,970.2,True,15.8,340.0,0.7,24
2842,8956439,13.1,96.4,970.2,True,15.6,313.0,0.5,24
2843,9016440,13.1,96.0,970.0,True,15.4,314.0,0.8,24
2844,9076461,13.0,96.7,970.1,True,15.3,342.0,0.5,24
2845,9136452,13.1,96.5,970.1,True,15.4,325.0,0.5,24
2846,9196470,13.1,96.3,970.1,True,15.5,318.0,0.4,24
2847,9256470,13.1,96.4,970.2,False,15.5,348.0,0.5,24
2848,9316471,13.1,96.4,970.2,False,15.5,352.0,0.6,24
2849,9376472,13.1,96.7,970.1,False,15.5,323.0,0.6,24
2850,9436471,13.1,96.7,970.0,False,15.5,331.0,0.3,24
2851,9496488,13.1,96.2,970.1,False,15.7,283.0,0.5,24
2852,9556487,13.0,96.0,970.2,True,15.7,345.0,0.4,24
2853,9616486,13.1,96.4,970.1,True,15.6,300.0,0.5,24
2854,9676487,13.1,96.3,970.1,True,15.5,343.0,0.5,24
2855,9736501,13.0,96.4,970.1,True,15.5,294.0,0.6,24
2856,9796528,13.1,96.4,970.1,True,15.4,312.0,0.5,24
2857,9856534,13.1,96.4,970.1,True,15.4,316.0,0.6,24
2858,9916534,13.1,96.6,970.1,False,15.4,303.0,0.5,24
2859,9976548,13.1,96.5,970.0,False,15.4,255.0,0.3,24
2860,10036547,13.2,96.8,970.2,True,15.4,347.0,0.4,24
2861,10096549,13.2,96.5,970.1,True,15.7,340.0,0.3,24
2862,10156569,13.2,96.6,970.1,True,15.6,346.0,0.4,24
2863,10216568,13.2,96.4,970.1,True,15.6,337.0,0.5,24
2864,10276565,13.2,96.4,970.2,True,15.6,3.0,0.3,24
2865,10336568,13.2,96.6,970.2,True,15.7,308.0,0.3,24
2866,10396566,13.3,96.7,970.1,True,15.7,338.0,0.4,24
2867,10456566,13.3,96.6,970.1,True,15.7,352.0,0.3,24
2868,10516567,13.3,96.4,970.0,True,15.7,358.0,0.3,24
2869,10576563,13.3,97.0,970.1,True,15.7,320.0,0.2,24
2870,10636567,13.3,96.5,970.1,True,15.6,318.0,0.4,24
2871,10696563,13.3,96.5,970.1,True,15.6,318.0,0.4,24
2872,10756564,13.2,96.7,970.2,True,15.7,315.0,0.4,24
2873,10816565,13.2,96.3,970.1,True,15.8,260.0,0.4,24
2874,10876567,13.3,97.0,970.1,True,15.7,325.0,0.2,24
2875,10936564,13.2,96.5,970.1,True,15.7,322.0,0.6,24
2876,10996574,13.2,96.5,970.1,True,15.7,322.0,0.6,24
2877,11056566,13.3,96.6,970.0,True,15.8,334.0,0.4,24
2878,11116565,13.3,96.6,970.0,True,15.8,334.0,0.4,24
2879,11176566,13.3,96.2,970.1,True,15.7,315.0,0.6,24
2880,11236565,13.3,96.2,970.1,True,15.7,315.0,0.6,24
2881,11296563,13.3,96.4,970.0,True,15.8,334.0,0.6,24
2882,11356565,13.3,96.4,970.0,True,15.8,333.0,0.5,24
2883,11416564,13.3,96.8,970.1,True,15.6,331.0,0.6,24
2884,11476565,13.3,96.8,970.1,True,15.6,331.0,0.6,24
2885,11536568,13.3,97.0,969.9,True,15.8,330.0,0.5,24
2886,11596581,13.3,96.7,970.0,True,15.7,317.0,0.2,24
2887,11656579,13.4,96.7,970.0,True,15.7,2.0,0.4,24
2888,11716582,13.4,96.5,969.9,True,15.7,38.0,0.3,24
2889,11776601,13.4,96.5,969.9,True,15.7,38.0,0.3,24
2890,11836581,13.4,96.6,970.0,True,15.7,337.0,0.4,24
2891,11896586,13.3,96.6,970.0,True,15.7,338.0,0.4,24
2892,11956611,13.3,96.6,970.0,True,15.7,338.0,0.4,24
2893,12016627,13.3,96.4,970.0,True,15.6,337.0,0.6,24
2894,12076626,13.3,96.5,970.0,True,15.5,3.0,0.6,24
2895,12136645,13.3,96.6,970.0,True,15.5,329.0,0.3,24
2896,12196644,13.3,96.6,970.0,True,15.5,329.0,0.3,24
2897,12256647,13.3,96.5,970.0,True,15.5,344.0,0.5,24
2898,12316648,13.2,96.5,970.0,True,15.5,344.0,0.5,24
2899,12376674,13.2,96.3,969.9,True,15.5,326.0,0.6,24
2900,12436713,13.2,96.6,970.0,True,15.4,328.0,0.5,24
2901,12496689,13.2,97.0,970.0,True,15.4,333.0,0.3,24
2902,12556756,13.2,96.7,969.9,True,15.4,310.0,0.5,24
2903,12616691,13.3,96.8,969.9,True,15.5,319.0,0.5,24
2904,12676695,13.3,96.8,969.9,True,15.5,319.0,0.5,24
2905,12736693,13.3,96.8,969.8,True,15.5,348.0,0.3,24
2906,12796690,13.3,96.8,969.8,True,15.5,348.0,0.3,24
2907,12856689,13.3,96.6,969.9,True,15.4,2.0,0.1,24
2908,12916689,13.3,97.0,970.0,True,15.5,3.0,0.4,24
2909,12976689,13.3,96.5,970.0,True,15.5,1.0,0.4,24
2910,13036689,13.3,96.8,969.8,True,15.4,341.0,0.5,24
2911,13096690,13.2,96.7,970.0,True,15.4,1.0,0.5,24
2912,13156690,13.2,96.8,969.9,True,15.5,354.0,0.8,24
2913,13216702,13.3,96.7,969.9,True,15.4,27.0,0.3,24
2914,13276688,13.3,96.7,969.9,True,15.4,27.0,0.3,24
2915,13336691,13.3,96.5,969.9,True,15.5,321.0,0.3,24
2916,13396692,13.3,96.7,969.9,True,15.5,284.0,0.7,24
2917,13456690,13.3,96.5,969.9,True,15.5,347.0,0.5,24
2918,13516692,13.3,96.5,969.9,True,15.5,347.0,0.5,24
2919,13576688,13.3,96.5,969.9,True,15.5,313.0,0.6,24
2920,13636690,13.3,96.5,969.9,True,15.5,313.0,0.6,24
2921,13696703,13.3,96.3,969.9,True,15.5,26.0,0.6,24
2922,13756699,13.3,96.6,969.8,True,15.5,347.0,0.6,24
2923,13816689,13.3,96.6,969.8,True,15.5,344.0,0.5,24
2924,13876693,13.3,96.5,969.7,True,15.4,303.0,0.7,24
2925,13936682,13.3,96.8,969.8,True,15.4,345.0,0.5,24
2926,13996696,13.4,96.4,969.8,True,15.6,336.0,0.5,24
2927,14056691,13.4,96.5,969.8,True,15.7,325.0,0.5,24
2928,14116691,13.4,96.5,969.8,True,15.7,306.0,0.5,24
2929,14176691,13.4,96.5,969.8,True,15.6,273.0,0.5,24
2930,14236702,13.4,96.7,969.8,True,15.5,11.0,0.3,24
2931,14296692,13.4,96.8,969.8,True,15.6,353.0,0.4,24
2932,14356691,13.4,96.5,969.8,True,15.6,6.0,0.5,24
2933,14416690,13.4,96.8,969.9,True,15.6,334.0,0.3,24
2934,14476690,13.4,96.6,969.8,True,15.6,329.0,0.4,24
2935,14536691,13.4,96.4,969.8,True,15.6,315.0,0.5,24
2936,14596691,13.3,96.4,969.8,True,15.6,315.0,0.5,24
2937,14656690,13.3,96.1,969.9,False,15.6,6.0,0.6,24
2938,14716695,13.3,96.5,969.8,False,15.5,316.0,0.4,24
2939,14776694,13.4,96.2,969.9,False,15.5,341.0,0.5,24
2940,14836699,13.4,96.5,969.8,False,15.5,343.0,0.5,24
2941,14896693,13.3,96.2,969.8,False,15.5,300.0,0.6,24
2942,14956699,13.3,96.4,969.8,False,15.4,340.0,0.6,24
2943,15016697,13.3,96.2,969.8,False,15.4,346.0,0.6,24
2944,15076691,13.3,96.3,969.8,False,15.4,0.0,0.8,24
2945,15136688,13.3,96.5,969.7,False,15.4,0.0,0.6,24
2946,15196698,13.3,96.5,969.7,False,15.4,0.0,0.6,24
2947,15256692,13.3,96.1,969.7,False,15.3,348.0,0.5,24
2948,15316690,13.3,96.2,969.7,False,15.3,342.0,0.6,24
2949,15376693,13.3,96.2,969.7,False,15.3,342.0,0.6,24
2950,15436691,13.3,96.6,969.6,False,15.2,327.0,0.5,24
2951,15496690,13.3,96.8,969.7,False,15.2,343.0,0.5,24
2952,15556691,13.3,96.6,969.7,True,15.3,327.0,0.3,24
2953,15616689,13.4,96.2,969.7,True,15.3,337.0,0.5,24
2954,15676710,13.3,96.7,969.6,True,15.3,296.0,0.5,24
2955,15736707,13.4,96.5,969.6,True,15.2,353.0,0.3,24
2956,15796706,13.4,96.6,969.6,True,15.2,331.0,0.6,24
2957,15856712,13.4,97.0,969.6,True,15.2,288.0,0.3,24
2958,15916752,13.4,97.5,969.6,True,15.2,220.0,0.3,24
2959,15976724,13.4,96.8,969.6,True,15.3,303.0,0.3,24
2960,16036738,13.4,96.7,969.7,True,15.3,354.0,0.4,24
2961,16096737,13.4,96.9,969.6,True,15.3,335.0,0.6,24
2962,16156734,13.4,97.0,969.7,True,15.3,326.0,0.5,24
2963,16216737,13.3,97.0,969.6,False,15.3,316.0,0.6,24
2964,16276751,13.4,97.1,969.6,False,15.3,329.0,0.8,24
2965,16336769,13.4,97.3,969.7,False,15.3,338.0,0.4,24
2966,16396786,13.4,97.0,969.6,False,15.3,346.0,0.4,24
2967,16456786,13.3,97.0,969.7,False,15.4,338.0,0.5,24
2968,16516786,13.4,96.6,969.6,False,15.3,291.0,0.5,24
2969,16576804,13.4,97.1,969.6,False,15.2,338.0,0.5,24
2970,16636822,13.3,97.2,969.6,False,15.2,322.0,0.5,24
2971,16696815,13.4,96.9,969.8,False,15.2,335.0,0.5,24
2972,16756815,13.3,97.0,969.6,False,15.1,336.0,0.5,24
2973,16816815,13.3,96.8,969.7,False,15.1,320.0,0.6,24
2974,16876815,13.3,97.0,969.5,False,15.0,319.0,0.5,24
2975,16936818,13.3,97.2,969.7,True,15.0,15.0,0.5,24
2976,16996822,13.3,96.9,969.6,True,15.0,16.0,0.5,24
2977,17056816,13.4,96.9,969.6,True,15.1,329.0,0.5,24
2978,17116821,13.3,97.2,969.7,True,15.0,341.0,0.5,24
2979,17176815,13.3,96.9,969.6,True,15.0,344.0,0.3,24
2980,17236814,13.3,96.9,969.6,False,15.0,319.0,0.5,24
2981,17296815,13.3,97.0,969.6,True,15.0,359.0,0.4,24
2982,17356818,13.3,96.8,969.6,True,15.1,312.0,0.7,24
2983,36229,18.6,64.2,1019.1,False,35.1,60.0,0.5,25
2984,96239,18.6,64.1,1019.0,False,35.2,31.0,0.8,25
2985,156229,18.7,63.6,1019.0,False,35.2,53.0,0.6,25
2986,216233,18.6,63.8,1019.0,False,35.3,28.0,0.7,25
2987,276243,18.6,63.4,1019.0,False,35.3,32.0,0.8,25
2988,336229,18.5,63.3,1019.0,False,35.3,327.0,0.6,25
2989,396232,18.5,62.8,1019.1,False,35.4,0.0,0.4,25
2990,456236,18.7,62.8,1019.1,False,35.3,46.0,0.3,25
2991,516231,18.7,62.7,1019.0,False,35.2,68.0,0.9,25
2992,576238,18.6,63.0,1019.0,False,35.0,53.0,0.8,25
2993,636245,18.6,62.6,1019.0,False,35.3,60.0,0.8,25
2994,696247,18.6,63.3,1019.0,False,34.8,52.0,0.7,25
2995,756261,18.6,64.4,1019.0,False,34.8,319.0,0.5,25
2996,816263,18.7,63.8,1019.1,False,35.2,317.0,0.3,25
2997,876261,18.9,63.2,1019.0,False,35.4,325.0,0.3,25
2998,936265,19.0,62.4,1019.0,False,35.5,30.0,0.5,25
2999,996278,18.9,62.3,1019.1,False,35.3,36.0,0.9,25
3000,1056295,18.8,63.0,1019.0,False,35.2,24.0,0.7,25
3001,1116311,18.9,63.4,1018.9,False,35.0,45.0,0.8,25
3002,1176323,18.8,63.3,1019.0,False,35.1,26.0,0.8,25
3003,1236319,18.9,63.6,1018.9,False,35.2,54.0,0.7,25
3004,1296313,18.9,62.3,1019.1,False,35.2,66.0,1.0,25
3005,1356327,18.8,63.3,1019.0,False,35.2,42.0,0.7,25
3006,1416326,18.8,63.5,1019.1,False,35.1,0.0,0.3,25
3007,1476326,18.9,63.1,1019.0,False,35.4,42.0,0.2,25
3008,1536353,19.0,61.9,1019.0,False,35.5,29.0,0.5,25
3009,1596321,19.0,60.6,1019.0,False,35.8,39.0,0.3,25
3010,1656348,19.0,60.8,1019.0,False,35.5,109.0,0.4,25
3011,1716345,19.1,61.3,1019.0,False,35.4,68.0,0.5,25
3012,1776357,19.1,61.4,1019.1,False,35.4,55.0,0.6,25
3013,1836355,19.1,61.0,1018.9,False,35.5,322.0,0.5,25
3014,1896352,19.0,60.6,1018.9,False,35.5,56.0,0.6,25
3015,1956395,19.1,60.9,1018.9,False,35.5,52.0,0.8,25
3016,2016387,19.1,61.2,1019.0,False,35.4,40.0,0.9,25
3017,2076391,19.0,62.2,1019.0,False,35.4,63.0,0.8,25
3018,2136387,19.0,62.3,1018.9,False,35.4,54.0,0.8,25
3019,2196385,18.9,61.8,1019.0,False,35.4,37.0,0.9,25
3020,2256388,18.8,62.0,1019.0,False,35.3,28.0,1.1,25
3021,2316392,18.9,62.6,1018.8,False,35.0,51.0,1.1,25
3022,2376386,18.9,63.2,1018.8,False,34.7,31.0,1.0,25
3023,2436390,18.8,63.1,1018.7,False,34.5,28.0,0.8,25
3024,2496387,18.8,63.7,1018.9,False,34.5,31.0,1.1,25
3025,2556388,18.7,64.4,1018.9,False,34.5,40.0,1.0,25
3026,2616395,18.7,64.2,1019.0,False,34.6,18.0,0.7,25
3027,2676390,18.8,64.7,1018.8,False,34.9,247.0,0.5,25
3028,2736390,18.9,64.2,1018.9,False,35.2,44.0,0.5,25
3029,2796389,19.0,62.7,1018.9,False,35.4,297.0,0.5,25
3030,2856379,19.1,62.2,1018.8,False,35.3,27.0,0.3,25
3031,2916397,19.1,61.0,1018.9,False,35.5,0.0,0.4,25
3032,2976389,19.1,60.2,1018.9,False,35.8,243.0,0.3,25
3033,3036387,19.2,60.1,1018.8,False,35.8,15.0,0.3,25
3034,3096393,19.1,60.2,1019.0,False,35.5,46.0,0.4,25
3035,3156388,19.2,60.9,1018.9,False,35.4,46.0,0.6,25
3036,3216388,19.2,60.9,1018.9,False,35.4,20.0,0.6,25
3037,3276387,19.2,60.5,1018.9,False,35.4,25.0,0.5,25
3038,3336390,19.2,61.0,1018.9,False,35.5,17.0,0.4,25
3039,3396391,19.3,61.2,1018.9,False,35.2,303.0,0.3,25
3040,3456386,19.4,62.1,1018.9,False,35.1,50.0,0.3,25
3041,3516387,19.3,61.8,1018.9,False,35.5,24.0,0.5,25
3042,3576403,19.3,60.9,1018.9,False,35.6,53.0,0.6,25
3043,3636388,19.2,61.0,1018.8,False,35.6,21.0,0.7,25
3044,3696387,19.2,62.2,1018.8,False,35.2,56.0,0.5,25
3045,3756388,19.3,62.5,1018.8,False,35.2,57.0,0.9,25
3046,3816387,19.1,63.4,1018.8,False,35.2,53.0,0.9,25
3047,3876394,19.1,63.1,1018.9,False,35.2,54.0,0.9,25
3048,3936386,19.1,63.1,1018.9,False,35.2,65.0,1.0,25
3049,3996389,19.0,63.4,1018.9,False,35.2,40.0,0.8,25
3050,4056389,19.2,63.0,1018.8,False,35.3,35.0,0.7,25
3051,4116402,19.3,62.0,1018.8,False,35.4,44.0,0.8,25
3052,4176402,19.3,62.5,1018.7,False,35.3,39.0,0.7,25
3053,4236402,19.2,62.0,1018.8,False,35.3,28.0,0.7,25
3054,4296402,19.1,61.8,1018.8,False,35.3,47.0,0.7,25
3055,4356405,19.2,61.6,1018.8,False,35.2,35.0,0.8,25
3056,4416418,19.1,61.5,1018.7,False,35.0,25.0,0.9,25
3057,4476441,19.1,62.1,1018.8,False,35.0,29.0,0.8,25
3058,4536448,19.1,62.4,1018.8,False,35.0,53.0,0.6,25
3059,4596450,19.3,62.6,1018.7,False,35.3,40.0,0.5,25
3060,4656466,19.3,61.9,1018.8,False,35.3,58.0,0.7,25
3061,4716468,19.3,61.4,1018.8,False,35.3,32.0,0.5,25
3062,4776485,19.4,61.0,1018.9,False,35.4,32.0,0.6,25
3063,4836481,19.4,61.1,1018.9,False,35.3,20.0,0.8,25
3064,4896480,19.4,61.2,1018.8,False,35.1,24.0,0.4,25
3065,4956470,19.5,61.1,1018.9,False,35.1,32.0,0.4,25
3066,5016484,19.6,61.1,1018.8,False,35.1,31.0,0.3,25
3067,5076481,19.7,62.0,1018.8,False,35.0,28.0,0.4,25
3068,5136499,19.7,61.2,1018.7,False,35.2,42.0,0.6,25
3069,5196525,19.6,61.3,1018.8,False,35.2,47.0,0.7,25
3070,5256513,19.4,61.3,1018.9,False,34.9,348.0,0.7,25
3071,5316523,19.4,62.3,1018.8,False,35.0,243.0,0.2,25
3072,5376513,19.6,59.9,1018.8,False,35.2,352.0,0.5,25
3073,5436525,19.6,60.2,1018.7,False,35.3,354.0,0.4,25
3074,5496512,19.7,60.0,1018.8,False,34.9,38.0,0.3,25
3075,5556511,19.7,60.1,1018.8,False,35.0,18.0,0.5,25
3076,5616514,19.7,60.1,1018.7,False,35.1,38.0,0.6,25
3077,5676515,19.7,60.3,1018.8,False,35.1,43.0,0.7,25
3078,5736514,19.6,60.2,1018.7,False,35.0,43.0,0.8,25
3079,5796514,19.6,60.6,1018.8,False,35.0,33.0,0.8,25
3080,40485,20.4,56.6,1021.8,False,34.8,37.0,0.9,26
3081,100507,20.5,55.6,1021.7,False,35.0,36.0,0.9,26
3082,160527,20.5,55.9,1021.7,False,35.0,51.0,0.6,26
3083,220519,20.5,56.7,1021.7,False,35.1,50.0,0.4,26
3084,280523,20.6,56.1,1021.8,False,35.2,42.0,0.5,26
3085,340522,20.7,55.9,1021.7,False,35.5,24.0,0.4,26
3086,400523,20.7,55.3,1021.8,False,35.8,45.0,0.5,26
3087,460538,20.8,55.7,1021.8,False,35.8,30.0,0.2,26
3088,520538,20.9,54.8,1021.9,False,35.5,36.0,0.5,26
3089,580570,20.8,55.5,1021.8,False,35.2,47.0,0.5,26
3090,640587,20.7,55.7,1021.8,False,35.2,349.0,0.6,26
3091,700605,20.7,56.5,1021.8,False,35.1,28.0,0.2,26
3092,760602,20.7,55.2,1021.8,False,35.3,61.0,0.3,26
3093,820604,20.8,55.4,1021.8,False,35.3,22.0,0.8,26
3094,880617,20.8,56.4,1021.8,False,35.3,43.0,0.6,26
3095,940616,20.8,57.5,1021.8,False,35.1,37.0,0.5,26
3096,1000619,20.8,58.6,1021.8,False,35.1,64.0,0.5,26
3097,1060624,20.9,57.9,1021.8,False,35.3,18.0,0.3,26
3098,1120635,20.9,56.7,1021.8,False,35.6,13.0,0.3,26
3099,1180634,21.1,55.9,1021.8,False,35.8,27.0,0.4,26
3100,1240634,21.1,55.6,1021.9,False,35.9,67.0,0.4,26
3101,1300635,21.0,56.1,1021.9,False,36.1,40.0,0.5,26
3102,1360634,20.9,55.9,1021.8,False,35.9,48.0,0.6,26
3103,1420651,20.9,55.9,1021.8,False,35.8,34.0,0.5,26
3104,1480642,20.8,56.9,1021.8,False,35.4,0.0,0.3,26
3105,1540645,20.8,56.7,1021.8,False,35.3,70.0,0.1,26
3106,1600633,21.0,56.2,1021.8,False,35.9,250.0,0.1,26
3107,1660636,21.2,55.2,1021.8,False,35.8,2.0,0.2,26
3108,1720636,21.3,55.1,1021.7,False,35.8,40.0,0.3,26
3109,1780632,21.3,54.5,1021.7,False,35.8,57.0,0.6,26
3110,1840635,21.2,52.8,1021.7,False,35.9,48.0,0.7,26
3111,1900634,21.1,54.1,1021.8,False,35.5,21.0,0.7,26
3112,1960635,21.1,54.3,1021.9,False,35.5,16.0,0.6,26
3113,2020635,21.0,55.6,1021.7,False,35.5,39.0,0.6,26
3114,2080637,21.0,56.3,1021.8,False,35.7,38.0,0.5,26
3115,2140634,21.0,55.8,1021.7,False,35.7,47.0,0.7,26
3116,2200634,20.9,55.5,1021.8,False,35.7,29.0,0.8,26
3117,2260651,20.8,56.5,1021.7,False,35.5,32.0,0.6,26
3118,2320665,20.8,56.3,1021.6,False,35.5,26.0,0.8,26
3119,2380681,20.8,56.5,1021.7,False,35.5,43.0,0.8,26
3120,2440680,20.7,57.4,1021.7,False,35.3,35.0,0.6,26
3121,2500681,20.9,56.7,1021.8,False,35.3,46.0,0.7,26
3122,2560671,20.9,56.5,1021.7,False,35.7,32.0,0.8,26
3123,2620700,20.8,55.7,1021.8,False,35.7,46.0,0.9,26
3124,2680697,20.9,55.2,1021.8,False,35.6,61.0,0.6,26
3125,2740711,21.0,53.7,1021.7,False,35.7,49.0,0.7,26
3126,2800730,20.9,54.8,1021.7,False,35.5,34.0,0.5,26
3127,2860727,20.9,55.4,1021.6,False,35.5,35.0,0.3,26
3128,2920731,21.1,55.2,1021.7,False,35.8,48.0,0.6,26
3129,2980726,21.1,54.4,1021.7,False,35.8,59.0,0.5,26
3130,3040748,21.1,55.7,1021.7,False,35.7,27.0,0.4,26
3131,3100743,21.1,56.0,1021.6,False,35.7,14.0,0.6,26
3132,3160759,21.1,55.3,1021.6,False,35.9,22.0,0.6,26
3133,3220754,21.3,53.7,1021.7,False,36.2,353.0,0.4,26
3134,3280761,21.3,53.1,1021.6,False,36.2,349.0,0.3,26
3135,3340761,21.4,53.6,1021.6,False,35.6,43.0,0.2,26
3136,3400758,21.4,53.8,1021.8,False,35.5,48.0,0.6,26
3137,3460759,21.2,54.7,1021.7,False,35.3,34.0,0.4,26
3138,3520772,21.2,55.0,1021.6,False,35.4,57.0,0.3,26
3139,3580763,21.3,54.9,1021.6,False,35.9,0.0,0.3,26
3140,3640780,21.5,53.8,1021.6,False,35.9,299.0,0.1,26
3141,3700762,21.7,53.7,1021.6,False,36.1,265.0,0.2,26
3142,3760756,21.7,53.8,1021.5,False,36.3,16.0,0.5,26
3143,3820763,21.7,53.1,1021.5,False,36.1,44.0,0.6,26
3144,3880756,21.6,53.7,1021.6,False,36.1,53.0,0.5,26
3145,3940759,21.5,52.8,1021.5,False,35.9,107.0,0.6,26
3146,4000760,21.4,53.7,1021.5,False,36.2,14.0,0.3,26
3147,4060758,21.6,52.9,1021.5,False,36.5,282.0,0.1,26
3148,4120758,21.6,52.4,1021.5,False,36.4,230.0,0.3,26
3149,4180766,21.7,51.9,1021.4,False,36.4,203.0,0.5,26
3150,4240760,21.9,51.8,1021.5,False,36.5,19.0,0.4,26
3151,4300765,21.8,52.1,1021.4,False,36.9,53.0,0.6,26
3152,4360759,21.7,52.8,1021.5,False,36.8,40.0,0.5,26
3153,4420760,21.6,53.5,1021.6,False,36.5,255.0,0.6,26
3154,4480759,21.5,53.7,1021.5,False,36.4,100.0,0.3,26
3155,4540759,21.5,54.8,1021.5,False,36.3,53.0,0.1,26
3156,4600758,21.4,54.0,1021.5,False,36.0,22.0,0.5,26
3157,4660768,21.5,54.9,1021.5,False,36.2,23.0,0.6,26
3158,4720763,21.6,54.4,1021.4,False,36.0,80.0,0.5,26
3159,4780760,21.7,54.4,1021.5,False,36.1,29.0,0.4,26
3160,4840760,21.7,55.3,1021.4,False,36.5,67.0,0.3,26
3161,4900764,21.9,55.1,1021.6,False,36.7,0.0,0.5,26
3162,4960758,21.8,55.5,1021.6,False,36.9,235.0,0.2,26
3163,5020777,21.8,55.5,1021.6,False,37.3,254.0,0.5,26
3164,5080790,22.0,55.0,1021.5,False,36.9,267.0,0.5,26
3165,5140761,22.0,53.8,1021.6,False,37.0,240.0,0.2,26
3166,5200763,22.0,53.5,1021.5,False,37.0,44.0,0.4,26
3167,5260758,21.8,54.1,1021.4,False,36.6,56.0,0.6,26
3168,5320769,21.6,56.0,1021.5,False,36.4,34.0,0.5,26
3169,5380761,21.6,55.7,1021.4,False,36.5,58.0,0.6,26
3170,5440761,21.5,55.4,1021.5,False,36.5,357.0,0.7,26
3171,5500759,21.4,56.2,1021.5,False,36.5,261.0,0.6,26
3172,5560763,21.5,55.9,1021.5,False,36.5,30.0,0.5,26
3173,5620759,21.6,55.9,1021.4,False,36.5,56.0,0.5,26
3174,5680762,21.7,56.0,1021.4,False,36.2,24.0,0.4,26
3175,5740761,21.7,56.7,1021.5,False,36.0,353.0,0.4,26
3176,5800761,21.7,56.3,1021.5,False,36.0,115.0,0.5,26
3177,5860760,21.8,55.1,1021.4,False,36.8,76.0,0.1,26
3178,5920758,21.8,55.4,1021.4,False,36.4,94.0,0.3,26
3179,5980760,21.9,55.3,1021.5,False,36.8,52.0,0.4,26
3180,6040759,22.0,54.4,1021.4,False,36.8,13.0,0.6,26
3181,6100761,21.9,54.6,1021.4,False,36.8,58.0,0.5,26
3182,6160762,21.9,54.8,1021.4,False,36.4,40.0,0.5,26
3183,6220765,21.8,55.5,1021.3,False,36.6,81.0,0.4,26
3184,6280759,21.8,54.4,1021.3,False,36.1,239.0,0.6,26
3185,6340758,21.8,54.0,1021.3,False,36.5,7.0,0.3,26
3186,6400768,21.9,53.9,1021.3,False,36.8,2.0,0.4,26
3187,6460757,21.9,53.3,1021.3,False,36.9,80.0,0.5,26
3188,6520760,21.9,53.7,1021.3,False,37.0,268.0,0.6,26
3189,6580760,22.0,53.6,1021.3,False,37.0,56.0,0.4,26
3190,6640763,22.0,53.5,1021.3,False,37.0,30.0,0.4,26
3191,6700762,21.8,52.8,1021.4,False,36.9,56.0,0.6,26
3192,6760750,21.6,53.5,1021.3,False,36.5,346.0,0.6,26
3193,6820761,21.8,53.2,1021.2,False,36.9,61.0,0.4,26
3194,6880761,21.8,53.8,1021.2,False,36.9,68.0,0.5,26
3195,6940760,21.8,52.8,1021.3,False,36.9,58.0,0.6,26
3196,7000799,21.8,50.7,1021.3,False,36.8,25.0,0.5,26
3197,7060815,21.8,52.9,1021.3,False,36.8,11.0,0.4,26
3198,7120806,21.8,54.1,1021.2,False,36.2,60.0,0.3,26
3199,7180806,22.0,53.6,1021.3,False,36.8,7.0,0.2,26
3200,7240807,22.0,52.9,1021.2,False,37.0,235.0,0.3,26
3201,7300806,21.9,52.9,1021.2,False,37.0,235.0,0.3,26
3202,7360807,21.9,52.9,1021.2,False,37.0,235.0,0.3,26
3203,7420806,21.5,52.9,1021.2,False,37.0,235.0,0.3,26
3204,7480818,21.6,52.9,1021.2,False,37.0,235.0,0.3,26
3205,7540821,21.6,52.2,1021.3,False,36.8,317.0,0.4,26
3206,7600822,22.1,52.0,1021.3,False,36.3,48.0,0.3,26
3207,7660837,21.9,53.0,1021.3,False,36.3,279.0,0.3,26
3208,7720855,21.9,52.3,1021.3,False,36.3,54.0,0.3,26
3209,7780854,21.9,52.1,1021.2,False,36.5,43.0,0.2,26
3210,7840866,22.0,51.5,1021.2,False,36.5,32.0,0.4,26
3211,7900885,22.0,50.1,1021.2,False,36.5,57.0,0.3,26
3212,7960882,22.0,48.6,1021.2,False,36.5,56.0,0.4,26
3213,8020889,22.1,49.4,1021.3,False,36.4,5.0,0.3,26
3214,8080887,22.1,50.5,1021.2,False,36.4,266.0,0.3,26
3215,8140886,22.0,50.6,1021.2,False,36.4,252.0,0.4,26
3216,8200884,22.0,50.2,1021.3,False,36.7,50.0,0.6,26
3217,8260886,22.0,49.0,1021.2,False,36.7,263.0,0.3,26
3218,8320886,22.0,50.3,1021.2,False,36.1,13.0,0.1,26
3219,8380885,21.9,50.9,1021.3,False,36.1,277.0,0.3,26
3220,8440893,22.0,50.6,1021.2,False,36.2,32.0,0.3,26
3221,8500890,21.9,52.0,1021.3,False,36.5,268.0,0.4,26
3222,8560885,22.0,51.9,1021.2,False,36.3,8.0,0.4,26
3223,8620887,22.1,52.4,1021.2,False,36.0,33.0,0.4,26
3224,8680886,22.1,53.3,1021.3,False,36.0,342.0,0.3,26
3225,8740887,22.1,54.2,1021.3,False,35.8,245.0,0.3,26
3226,8800882,22.3,53.1,1021.2,False,35.8,245.0,0.4,26
3227,8860883,22.4,52.6,1021.3,False,36.2,31.0,0.3,26
3228,8920884,22.4,52.0,1021.2,False,36.3,59.0,0.3,26
3229,8980885,22.3,52.3,1021.3,False,35.9,60.0,0.5,26
3230,9040890,22.1,53.3,1021.3,False,35.6,345.0,0.5,26
3231,9100884,22.0,53.1,1021.3,False,35.4,247.0,0.3,26
3232,9160888,22.1,52.2,1021.3,False,36.1,21.0,0.3,26
3233,9220889,22.2,51.8,1021.2,False,36.2,19.0,0.3,26
3234,9280900,22.3,51.5,1021.2,False,36.1,63.0,0.4,26
3235,9340917,22.3,50.6,1021.2,False,35.9,52.0,0.2,26
3236,9400915,22.3,50.1,1021.3,False,36.1,17.0,0.5,26
3237,9460930,22.1,49.4,1021.2,False,35.6,59.0,0.6,26
3238,61613,25.8,44.3,995.4,False,33.5,34.0,0.3,27
3239,121624,25.8,44.1,995.2,False,33.4,53.0,0.4,27
3240,181628,25.8,44.2,995.3,False,33.6,32.0,0.0,27
3241,241617,25.8,43.9,995.4,False,33.6,36.0,0.3,27
3242,301629,25.7,44.1,995.3,False,33.6,209.0,0.2,27
3243,361630,25.6,44.2,995.3,False,33.3,328.0,0.1,27
3244,421627,25.7,44.2,995.3,False,33.2,347.0,0.2,27
3245,481628,25.7,44.2,995.3,False,33.1,346.0,0.2,27
3246,541628,25.7,44.1,995.2,False,33.1,352.0,0.2,27
3247,601628,25.7,44.0,995.4,False,33.1,10.0,0.3,27
3248,661627,25.7,43.6,995.2,False,33.3,356.0,0.3,27
3249,721628,25.7,43.9,995.2,False,33.1,24.0,0.3,27
3250,781629,25.7,43.8,995.2,False,33.2,272.0,0.3,27
3251,841638,25.6,44.1,995.2,False,33.0,34.0,0.1,27
3252,901669,25.7,44.1,995.2,False,33.0,287.0,0.1,27
3253,961628,25.7,44.1,995.2,False,33.1,6.0,0.1,27
3254,1021635,25.7,43.9,995.3,False,33.1,353.0,0.2,27
3255,1081630,25.7,43.8,995.2,False,32.9,356.0,0.3,27
3256,1141630,25.7,43.6,995.2,False,32.9,20.0,0.2,27
3257,1201630,25.6,44.0,995.2,False,32.9,0.0,0.2,27
3258,1261630,25.7,44.0,995.2,False,32.9,0.0,0.2,27
3259,1321637,25.7,44.1,995.2,False,32.8,190.0,0.3,27
3260,1381631,25.7,43.5,995.2,False,33.1,0.0,0.3,27
3261,1441648,25.7,44.0,995.2,False,33.0,205.0,0.4,27
3262,1501649,25.7,44.1,995.2,False,33.0,209.0,0.5,27
3263,1561682,25.7,43.6,995.2,False,32.7,280.0,0.4,27
3264,1621644,25.7,44.6,995.2,False,32.7,209.0,0.2,27
3265,1681662,25.6,44.3,995.2,False,32.4,85.0,0.5,27
3266,1741675,25.6,44.2,995.3,False,32.4,230.0,0.2,27
3267,1801689,25.6,44.1,995.3,False,32.4,214.0,0.3,27
3268,1861676,25.6,43.9,995.2,False,32.3,329.0,0.1,27
3269,1921679,25.6,44.2,995.3,False,32.2,331.0,0.1,27
3270,1981676,25.6,43.5,995.2,False,32.2,1.0,0.3,27
3271,2041668,25.6,43.7,995.3,False,32.3,7.0,0.3,27
3272,2101677,25.6,43.6,995.2,False,32.3,188.0,0.1,27
3273,2161678,25.5,43.4,995.2,False,32.4,189.0,0.3,27
3274,2221676,25.6,43.4,995.2,False,32.4,219.0,0.2,27
3275,2281693,25.5,43.5,995.2,False,32.3,228.0,0.3,27
3276,2341693,25.5,43.7,995.3,False,32.0,236.0,0.1,27
3277,2401708,25.4,44.1,995.3,False,31.5,0.0,0.1,27
3278,2461723,25.4,44.1,995.3,False,31.5,0.0,0.1,27
3279,2521735,25.3,43.6,995.3,False,31.7,304.0,0.1,27
3280,2581770,25.3,44.0,995.2,False,31.7,43.0,0.1,27
3281,2641756,25.3,43.6,995.3,False,31.5,262.0,0.1,27
3282,2701755,25.2,43.4,995.2,False,31.5,242.0,0.2,27
3283,2761756,25.2,43.5,995.2,False,31.6,184.0,0.3,27
3284,2821743,25.3,43.0,995.2,False,31.6,196.0,0.5,27
3285,2881764,25.4,42.5,995.3,False,31.8,166.0,0.1,27
3286,2941759,25.4,42.5,995.3,False,31.8,166.0,0.1,27
3287,3001757,25.4,43.0,995.2,False,31.5,239.0,0.3,27
3288,3061747,25.3,43.0,995.2,False,31.3,357.0,0.3,27
3289,3121743,25.2,43.1,995.3,False,31.1,59.0,0.1,27
3290,3181755,25.2,43.1,995.3,False,31.1,59.0,0.1,27
3291,3241756,25.2,42.7,995.3,False,31.2,55.0,0.0,27
3292,3301754,25.1,42.7,995.3,False,31.2,55.0,0.0,27
3293,3361757,25.1,42.4,995.2,False,31.4,137.0,0.4,27
3294,3421754,25.1,42.4,995.2,False,31.4,137.0,0.4,27
3295,3481754,25.2,41.7,995.2,False,31.3,154.0,0.2,27
3296,3541763,25.3,41.7,995.2,False,31.3,154.0,0.2,27
3297,3601755,25.3,42.0,995.2,False,31.3,272.0,0.2,27
3298,3661753,25.2,42.8,995.1,False,30.8,294.0,0.2,27
3299,3721754,25.1,43.0,995.1,False,30.9,328.0,0.1,27
3300,3781778,25.1,43.0,995.1,False,30.9,328.0,0.1,27
3301,3841790,25.1,42.6,995.1,False,31.1,8.0,0.0,27
3302,3901801,25.1,42.6,995.1,False,31.1,8.0,0.0,27
3303,3961803,25.0,42.7,995.1,False,31.1,356.0,0.1,27
3304,4021802,25.1,42.7,995.1,False,30.9,226.0,0.2,27
3305,4081803,25.1,42.7,995.1,False,30.9,226.0,0.2,27
3306,4141803,25.1,42.4,995.1,False,30.8,0.0,0.4,27
3307,4201802,25.1,42.4,995.1,False,30.8,0.0,0.4,27
3308,4261802,25.1,43.4,995.1,False,30.5,238.0,0.0,27
3309,4321807,25.1,43.4,995.1,False,30.5,238.0,0.0,27
3310,4381803,25.0,43.7,995.1,False,30.5,0.0,0.1,27
3311,4441804,25.0,43.7,995.1,False,30.5,0.0,0.1,27
3312,4501803,24.9,43.3,995.0,False,30.7,355.0,0.2,27
3313,4561795,25.0,43.3,995.0,False,30.7,355.0,0.2,27
3314,4621802,25.0,43.3,995.1,False,30.6,159.0,0.3,27
3315,4681808,25.0,43.3,995.1,False,30.6,159.0,0.3,27
3316,7521,28.3,38.7,995.1,False,44.6,199.0,0.3,28
3317,67511,28.3,38.6,995.2,False,44.3,230.0,0.2,28
3318,127522,28.3,38.1,995.1,False,44.3,166.0,0.3,28
3319,187522,28.4,37.7,995.1,False,44.5,238.0,0.2,28
3320,247522,28.5,37.4,995.1,False,44.5,235.0,0.2,28
3321,307526,28.4,37.7,995.1,False,44.4,9.0,0.2,28
3322,367521,28.5,38.4,995.0,False,44.3,351.0,0.3,28
3323,427520,28.6,38.5,995.1,False,44.3,319.0,0.2,28
3324,487520,28.4,38.5,994.9,False,44.0,171.0,0.0,28
3325,547522,28.3,38.5,995.1,False,44.9,211.0,0.4,28
3326,607525,28.4,38.1,995.1,False,44.9,0.0,0.2,28
3327,667521,28.5,38.0,995.1,False,44.3,0.0,0.1,28
3328,727523,28.5,38.3,995.0,False,44.3,153.0,0.3,28
3329,787521,28.6,38.5,995.1,False,44.4,224.0,0.3,28
3330,847523,28.6,38.5,995.0,False,44.8,120.0,0.1,28
3331,907522,28.7,38.6,995.1,False,44.5,0.0,0.0,28
3332,967523,28.7,38.2,995.0,False,44.5,315.0,0.0,28
3333,1027522,28.7,38.3,995.2,False,44.7,315.0,0.3,28
3334,1087782,28.8,38.4,995.0,False,44.7,5.0,0.3,28
3335,1147521,28.3,38.9,995.0,False,43.9,310.0,0.2,28
3336,1207530,28.1,39.1,995.0,False,43.9,348.0,0.3,28
3337,1267520,28.1,38.6,994.8,False,44.6,336.0,0.6,28
3338,1327520,27.8,39.8,994.9,False,44.6,345.0,0.6,28
3339,1387523,27.8,40.1,994.9,False,44.2,338.0,0.4,28
3340,1447522,27.8,40.1,994.9,False,44.2,338.0,0.4,28
3341,1507523,28.2,39.2,994.8,False,45.0,178.0,0.1,28
3342,1567523,28.5,38.3,994.9,False,45.3,163.0,0.4,28
3343,1627537,28.7,38.1,994.8,False,45.2,147.0,0.3,28
3344,1687537,28.7,38.1,994.8,False,45.2,0.0,0.2,28
3345,1747536,28.6,37.8,994.9,False,45.4,192.0,0.2,28
3346,1807535,28.5,37.8,994.9,False,45.4,182.0,0.5,28
3347,1867539,28.4,38.1,994.9,False,45.1,189.0,0.3,28
3348,1927536,28.4,38.1,994.8,False,45.3,200.0,0.3,28
3349,1987565,28.6,38.1,994.8,False,44.8,204.0,0.4,28
3350,2047568,28.8,37.0,994.8,False,45.3,336.0,0.2,28
3351,2107570,28.7,37.5,994.8,False,44.8,46.0,0.2,28
3352,2167583,28.8,38.0,994.9,False,43.0,271.0,0.1,28
3353,2227592,28.8,38.5,994.9,False,42.5,144.0,0.5,28
3354,2287600,28.7,38.8,994.9,False,42.5,0.0,0.3,28
3355,2347616,28.4,38.4,994.8,False,43.4,183.0,0.0,28
3356,2407633,28.5,37.8,994.8,False,43.6,171.0,0.2,28
3357,2467630,28.6,37.5,994.7,False,44.1,144.0,0.3,28
3358,2527629,28.7,37.8,994.8,False,44.0,146.0,0.5,28
3359,2587629,28.7,38.4,994.8,False,44.3,142.0,0.7,28
3360,2647631,28.3,39.1,994.7,False,44.3,147.0,0.4,28
3361,2707645,28.2,38.3,994.8,False,44.2,159.0,0.3,28
3362,2767637,28.2,38.2,994.7,False,44.2,317.0,0.1,28
3363,2827649,28.3,37.8,994.7,False,44.2,337.0,0.2,28
3364,2887646,28.2,37.4,994.7,False,44.1,326.0,0.3,28
3365,2947646,28.2,37.4,994.6,False,43.8,82.0,0.1,28
3366,3007647,28.2,37.6,994.7,False,43.8,351.0,0.0,28
3367,3067647,28.3,36.6,994.7,False,44.0,9.0,0.2,28
3368,3127646,28.4,36.5,994.5,False,44.1,344.0,0.3,28
3369,3187647,28.5,36.9,994.7,False,44.0,307.0,0.3,28
3370,3247646,28.4,35.9,994.6,False,44.1,173.0,0.2,28
3371,3307645,28.5,35.8,994.6,False,44.2,325.0,0.2,28
3372,3367648,28.5,36.0,994.6,False,44.2,258.0,0.1,28
3373,3427647,28.4,36.0,994.7,False,44.7,188.0,0.1,28
3374,3487645,28.3,35.1,994.5,False,44.7,159.0,0.3,28
3375,3547646,28.4,33.7,994.6,False,44.8,151.0,0.7,28
3376,3607658,28.5,33.9,994.6,False,45.1,175.0,0.5,28
3377,3667647,28.7,34.3,994.6,False,44.9,173.0,0.5,28
3378,3727648,28.8,35.4,994.6,False,44.9,261.0,0.3,28
3379,3787648,28.8,35.4,994.5,False,44.9,333.0,0.2,28
3380,3847647,29.0,34.6,994.5,False,44.9,0.0,0.1,28
3381,3907647,29.2,34.1,994.5,False,44.8,221.0,0.2,28
3382,3967655,29.2,33.8,994.4,False,45.0,160.0,0.3,28
3383,4027661,29.0,32.9,994.5,False,45.2,244.0,0.4,28
3384,4087663,28.9,32.5,994.5,False,45.2,83.0,0.2,28
3385,4147683,28.9,32.6,994.5,False,44.9,179.0,0.2,28
3386,4207694,28.8,33.3,994.4,False,44.7,204.0,0.4,28
3387,4267695,28.7,32.8,994.5,False,44.5,243.0,0.2,28
3388,4327694,28.8,32.9,994.4,False,44.7,307.0,0.3,28
3389,4387694,28.9,32.7,994.5,False,44.4,279.0,0.2,28
3390,4447694,29.0,32.9,994.5,False,44.0,235.0,0.3,28
3391,4507696,28.9,33.1,994.4,False,43.9,351.0,0.3,28
3392,4567697,28.9,32.8,994.4,False,43.9,219.0,0.3,28
3393,4627693,28.7,33.1,994.4,False,44.0,190.0,0.5,28
3394,4687717,28.7,33.0,994.4,False,44.4,188.0,0.6,28
3395,4747734,29.0,34.1,994.3,False,44.3,195.0,0.5,28
3396,4807739,29.0,33.8,994.4,False,44.1,154.0,0.5,28
3397,4867740,29.2,34.5,994.3,False,44.3,200.0,0.2,28
3398,4927756,29.4,34.5,994.4,False,44.6,188.0,0.4,28
3399,4987761,29.4,32.8,994.3,False,44.6,183.0,0.6,28
3400,5047771,29.4,32.6,994.4,False,44.8,129.0,0.4,28
3401,5107792,29.4,32.2,994.4,False,44.8,218.0,0.2,28
3402,5167765,29.3,31.9,994.3,False,44.9,159.0,0.3,28
3403,5227778,29.2,32.5,994.3,False,45.2,167.0,0.7,28
3404,5287805,29.1,32.5,994.3,False,45.0,152.0,0.6,28
3405,5347817,29.1,32.7,994.3,False,45.0,149.0,0.7,28
3406,5407818,29.3,33.4,994.3,False,44.9,154.0,0.6,28
3407,5467820,29.3,33.9,994.3,False,44.9,151.0,0.6,28
3408,5527812,29.3,33.9,994.4,False,45.0,162.0,0.6,28
3409,5587817,29.3,34.1,994.4,False,45.0,193.0,0.4,28
3410,5647821,29.2,33.8,994.4,False,44.6,231.0,0.4,28
3411,5707821,29.1,33.7,994.3,False,44.5,197.0,0.1,28
3412,5767837,29.2,32.6,994.4,False,44.7,177.0,0.5,28
3413,5827837,29.1,31.0,994.3,False,44.9,185.0,0.4,28
3414,5887851,29.2,30.2,994.2,False,44.9,179.0,0.5,28
3415,5947867,29.2,30.2,994.2,False,44.9,179.0,0.5,28
3416,6007867,29.3,30.2,994.2,False,44.9,179.0,0.5,28
3417,6067883,28.8,30.2,994.2,False,44.9,179.0,0.5,28
3418,6127882,28.8,30.2,994.2,False,44.9,179.0,0.5,28
3419,6187896,28.8,30.3,994.4,False,43.4,184.0,0.5,28
3420,6247911,28.7,32.4,994.2,False,43.6,42.0,0.2,28
3421,6307896,28.7,32.1,994.2,False,43.7,150.0,0.1,28
3422,6367896,28.8,30.3,994.2,False,44.5,158.0,0.3,28
3423,6427899,28.9,29.8,994.2,False,45.1,190.0,0.5,28
3424,6487897,29.0,28.5,994.2,False,44.9,162.0,0.3,28
3425,6547906,29.1,28.0,994.2,False,44.8,187.0,0.4,28
3426,6607897,29.3,27.6,994.2,False,44.8,152.0,0.4,28
3427,6667896,29.2,27.9,994.2,False,44.7,162.0,0.6,28
3428,6727904,29.3,28.1,994.2,False,44.7,151.0,0.5,28
3429,6787900,29.4,28.0,994.2,False,44.6,152.0,0.3,28
3430,6847899,29.4,28.0,994.2,False,44.6,152.0,0.3,28
3431,6907898,29.4,28.1,994.3,False,44.4,247.0,0.1,28
3432,6967898,29.4,27.8,994.1,False,44.1,0.0,0.1,28
3433,7027897,29.4,27.7,994.2,False,44.0,166.0,0.1,28
3434,7087899,29.4,27.8,994.1,False,43.9,157.0,0.5,28
3435,7147897,29.4,27.5,994.2,False,44.0,154.0,0.4,28
3436,7207889,29.4,27.2,994.1,False,44.0,171.0,0.6,28
3437,7267898,29.4,26.7,994.1,False,43.4,158.0,0.6,28
3438,7327896,29.4,27.5,994.1,False,43.3,155.0,0.7,28
3439,7387904,29.3,26.8,994.2,False,42.7,165.0,0.6,28
3440,7447912,29.2,26.5,994.1,False,42.5,166.0,0.3,28
3441,7507913,29.2,23.5,994.2,False,42.1,176.0,0.3,28
3442,7567916,29.2,24.0,994.1,False,41.6,335.0,0.4,28
3443,7627932,29.3,23.1,994.1,False,40.7,205.0,0.2,28
3444,7687930,29.4,22.9,994.0,False,40.5,169.0,0.2,28
3445,7747944,29.4,25.4,994.0,False,40.4,235.0,0.4,28
3446,7807959,29.5,25.5,994.0,False,40.0,198.0,0.3,28
3447,7867975,29.4,25.7,994.0,False,39.6,206.0,0.4,28
3448,7927991,29.4,25.5,994.1,False,39.4,188.0,0.3,28
3449,7988010,29.4,25.6,994.1,False,39.4,188.0,0.3,28
3450,8048012,29.4,26.8,993.9,False,39.0,176.0,0.5,28
3451,8108023,29.5,26.6,994.0,False,38.8,201.0,0.3,28
3452,8168025,29.6,26.9,993.9,False,38.6,141.0,0.2,28
3453,8228025,29.6,27.2,994.0,False,38.5,156.0,0.6,28
3454,8288028,29.6,27.6,993.9,False,38.3,158.0,0.5,28
3455,8348023,29.6,29.0,994.0,False,38.2,139.0,0.6,28
3456,8408025,29.5,29.0,994.1,False,38.1,186.0,0.4,28
3457,8468023,29.5,29.6,994.0,False,37.8,188.0,0.4,28
3458,8528023,29.5,29.3,993.9,False,37.6,161.0,0.2,28
3459,8588024,29.5,28.1,993.9,False,37.6,111.0,0.5,28
3460,8648024,29.5,27.7,994.0,False,37.6,196.0,0.4,28
3461,8708023,29.5,27.9,994.0,False,37.1,199.0,0.6,28
3462,8768013,29.4,28.0,993.9,False,37.0,189.0,0.7,28
3463,8828022,29.4,27.5,993.9,False,36.8,204.0,0.6,28
3464,8888021,29.3,28.3,993.9,False,36.1,191.0,0.3,28
3465,6313,13.9,76.6,1015.1,False,17.7,311.0,0.8,29
3466,66330,13.9,76.5,1015.2,True,17.8,303.0,0.6,29
3467,126331,14.1,75.7,1015.1,False,17.8,312.0,1.0,29
3468,186347,14.1,76.6,1015.1,False,17.6,329.0,0.6,29
3469,246363,14.1,76.6,1015.1,False,17.6,329.0,0.6,29
3470,306362,14.1,76.1,1015.2,False,17.5,347.0,0.6,29
3471,366361,14.1,76.1,1015.2,False,17.5,347.0,0.6,29
3472,426363,14.1,76.3,1015.1,False,17.4,331.0,0.6,29
3473,486365,14.1,75.5,1015.2,False,17.3,307.0,0.6,29
3474,546364,14.1,74.2,1015.2,False,17.3,298.0,0.8,29
3475,606365,14.1,75.2,1015.3,False,17.1,293.0,0.8,29
3476,666362,14.1,75.4,1015.4,False,17.0,302.0,0.6,29
3477,726364,14.1,75.7,1015.4,False,17.0,345.0,0.5,29
3478,786364,14.1,75.7,1015.4,False,17.0,345.0,0.5,29
3479,846364,14.1,76.6,1015.4,False,17.0,305.0,0.6,29
3480,906364,14.1,75.6,1015.4,False,17.0,314.0,0.6,29
3481,966364,14.1,76.3,1015.6,False,16.9,301.0,0.7,29
3482,1026388,14.2,76.3,1015.6,False,16.9,301.0,0.7,29
3483,1086377,14.2,76.5,1015.7,False,16.7,308.0,0.7,29
3484,1146395,14.2,76.9,1015.7,False,16.6,307.0,0.6,29
3485,1206414,14.2,77.6,1015.7,False,16.6,312.0,0.5,29
3486,1266411,14.2,77.6,1015.7,False,16.6,312.0,0.5,29
3487,1326410,14.2,78.7,1015.7,False,16.7,317.0,0.5,29
3488,1386425,14.1,78.4,1015.8,True,16.7,302.0,0.6,29
3489,1446444,14.1,79.1,1015.7,True,16.6,310.0,0.5,29
3490,1506457,14.1,78.9,1015.7,True,16.6,297.0,0.5,29
3491,1566491,14.1,79.2,1015.7,True,16.6,305.0,0.5,29
3492,1626487,14.0,79.2,1015.7,True,16.6,305.0,0.5,29
3493,1686488,14.0,79.6,1015.7,True,16.6,325.0,0.4,29
3494,1746490,14.0,79.2,1015.8,True,16.6,348.0,0.5,29
3495,1806493,14.1,78.8,1015.7,True,16.5,323.0,0.4,29
3496,1866489,14.1,79.4,1015.8,True,16.4,324.0,0.5,29
3497,1926490,14.1,78.9,1015.7,True,16.4,311.0,0.4,29
3498,1986486,14.1,78.9,1015.7,True,16.4,311.0,0.4,29
3499,2046491,14.1,77.6,1015.6,True,16.4,307.0,0.6,29
3500,2106481,14.1,77.0,1015.7,True,16.4,315.0,0.5,29
3501,2166495,14.1,76.7,1015.8,False,16.4,330.0,0.4,29
3502,2226488,14.1,77.1,1015.8,False,16.4,305.0,0.4,29
3503,2286476,14.2,77.4,1015.7,False,16.3,336.0,0.3,29
3504,2346500,14.2,77.8,1015.7,False,16.3,337.0,0.1,29
3505,2406515,14.1,77.8,1015.7,False,16.3,337.0,0.1,29
3506,2466560,14.0,76.8,1015.8,False,16.3,329.0,0.3,29
3507,2526539,14.0,76.8,1015.8,False,16.3,329.0,0.3,29
3508,2586533,13.9,76.5,1015.7,False,16.1,321.0,0.3,29
3509,2646552,13.9,76.7,1015.8,False,16.0,302.0,0.5,29
3510,2706560,13.9,76.9,1015.7,False,16.0,313.0,0.5,29
3511,2766557,13.9,77.1,1015.7,False,16.0,312.0,0.3,29
3512,2826547,13.9,77.9,1015.8,False,15.9,311.0,0.2,29
3513,2886550,13.9,77.9,1015.8,False,15.9,311.0,0.2,29
3514,2946552,13.9,78.6,1015.8,False,16.0,312.0,0.3,29
3515,3006568,13.9,78.3,1015.7,False,16.0,306.0,0.5,29
3516,3066565,13.9,77.8,1015.8,False,16.0,316.0,0.4,29
3517,3126588,13.9,77.8,1015.8,False,16.0,316.0,0.4,29
3518,3186585,13.8,77.8,1015.8,False,15.8,295.0,0.5,29
3519,3246583,13.9,78.0,1015.9,False,15.8,308.0,0.5,29
3520,3306596,13.9,77.8,1015.9,False,15.8,316.0,0.5,29
3521,3366616,13.9,77.8,1016.1,False,15.7,314.0,0.4,29
3522,3426620,13.9,78.2,1016.0,False,15.7,290.0,0.4,29
3523,3486617,14.0,78.2,1016.1,False,15.7,327.0,0.3,29
3524,3546613,14.0,78.6,1016.2,False,15.7,319.0,0.3,29
3525,3606612,14.0,78.8,1016.2,False,15.8,322.0,0.3,29
3526,3666613,14.0,78.5,1016.1,False,15.9,309.0,0.3,29
3527,3726616,14.0,79.4,1016.2,False,15.9,334.0,0.2,29
3528,3786615,14.0,79.3,1016.1,False,15.9,328.0,0.1,29
3529,3846616,13.9,79.7,1016.2,False,16.0,327.0,0.1,29
3530,3906645,14.0,79.7,1016.3,False,16.0,325.0,0.2,29
3531,3966616,14.0,79.7,1016.3,False,16.0,325.0,0.2,29
3532,4026614,14.0,80.3,1016.2,False,16.0,329.0,0.1,29
3533,4086631,14.0,80.1,1016.3,False,16.1,312.0,0.1,29
3534,4146646,14.1,79.6,1016.3,False,16.2,318.0,0.3,29
3535,4206652,14.1,78.8,1016.4,False,16.2,285.0,0.2,29
3536,4266662,14.1,78.3,1016.3,False,16.3,4.0,0.2,29
3537,4326660,14.1,79.2,1016.3,False,16.2,322.0,0.2,29
3538,4386665,14.1,79.7,1016.3,False,16.2,319.0,0.5,29
3539,4446661,14.0,79.9,1016.3,False,16.2,304.0,0.4,29
3540,4506662,14.0,80.0,1016.4,False,16.0,303.0,0.4,29
3541,4566665,14.0,80.1,1016.5,False,16.0,303.0,0.5,29
3542,4626662,14.0,79.1,1016.5,False,16.0,308.0,0.5,29
3543,4686661,14.1,79.1,1016.4,False,15.9,301.0,0.5,29
3544,9406,19.1,60.5,1023.5,False,22.6,139.0,0.3,30
3545,69418,19.1,60.3,1023.5,False,22.5,157.0,0.2,30
3546,129421,19.1,60.3,1023.5,False,22.5,157.0,0.2,30
3547,189440,19.1,60.8,1023.4,False,22.5,124.0,0.2,30
3548,249429,19.1,60.8,1023.4,False,22.5,124.0,0.2,30
3549,309430,19.2,60.9,1023.5,False,22.5,148.0,0.2,30
3550,369430,19.2,60.9,1023.5,False,22.5,148.0,0.2,30
3551,429439,19.2,61.3,1023.4,False,22.5,224.0,0.2,30
3552,489464,19.1,60.8,1023.4,False,22.5,238.0,0.4,30
3553,549462,19.1,60.8,1023.4,False,22.5,238.0,0.4,30
3554,609458,19.1,60.7,1023.4,False,22.5,124.0,0.3,30
3555,669455,19.1,60.4,1023.4,False,22.5,90.0,0.5,30
3556,729461,19.1,60.7,1023.4,False,22.6,230.0,0.3,30
3557,789470,19.0,60.7,1023.4,False,22.6,98.0,0.2,30
3558,849482,19.1,61.5,1023.4,False,22.6,161.0,0.4,30
3559,909488,19.1,61.2,1023.4,False,22.5,137.0,0.1,30
3560,969499,19.1,61.2,1023.4,False,22.5,137.0,0.1,30
3561,1029516,19.1,61.5,1023.4,False,22.4,104.0,0.5,30
3562,1089516,19.1,61.5,1023.4,False,22.4,158.0,0.3,30
3563,1149518,19.1,61.9,1023.4,False,22.3,76.0,0.1,30
3564,1209515,19.1,61.9,1023.4,False,22.3,76.0,0.1,30
3565,1269530,19.1,62.2,1023.4,False,22.4,237.0,0.3,30
3566,1329549,19.1,62.4,1023.3,False,22.3,121.0,0.2,30
3567,1389552,19.1,62.5,1023.3,False,22.3,170.0,0.2,30
3568,1449546,19.1,62.5,1023.3,False,22.3,110.0,0.3,30
3569,1509547,19.1,62.7,1023.2,False,22.4,92.0,0.2,30
3570,1569566,19.2,63.0,1023.2,False,22.4,174.0,0.2,30
3571,1629563,19.2,61.9,1023.2,False,22.4,232.0,0.4,30
3572,1689589,19.2,62.2,1023.2,False,22.4,118.0,0.4,30
3573,1749578,19.2,62.7,1023.2,False,22.3,0.0,0.2,30
3574,1809575,19.2,62.4,1023.3,False,22.4,154.0,0.1,30
3575,1869578,19.2,62.3,1023.2,False,22.4,174.0,0.3,30
3576,1929580,19.2,61.9,1023.2,False,22.4,165.0,0.5,30
3577,1989579,19.2,62.2,1023.2,False,22.4,106.0,0.2,30
3578,2049580,19.2,62.2,1023.1,False,22.3,152.0,0.5,30
3579,2109586,19.1,62.3,1023.3,False,22.2,152.0,0.6,30
3580,2169576,19.2,62.7,1023.2,False,22.2,131.0,0.5,30
3581,2229579,19.2,62.8,1023.2,False,22.2,129.0,0.3,30
3582,2289577,19.1,62.4,1023.2,False,22.2,196.0,0.3,30
3583,2349578,19.1,62.0,1023.2,False,22.2,89.0,0.4,30
3584,2409583,19.1,62.1,1023.2,False,22.1,154.0,0.2,30
3585,2469579,19.1,62.1,1023.2,False,22.1,33.0,0.1,30
3586,2529587,19.1,61.6,1023.2,False,22.2,94.0,0.1,30
3587,2589580,19.1,60.5,1023.3,False,22.2,112.0,0.2,30
3588,2649575,19.1,60.5,1023.1,False,22.2,210.0,0.5,30
3589,2709581,19.1,60.6,1023.1,False,22.2,224.0,0.3,30
3590,2769577,19.1,60.8,1023.2,False,22.1,117.0,0.1,30
3591,2829582,19.1,61.0,1023.1,False,22.1,207.0,0.3,30
3592,2889577,19.1,61.0,1023.1,False,22.1,207.0,0.3,30
3593,2949576,19.1,61.4,1023.1,False,22.0,70.0,0.3,30
3594,3009579,19.1,61.7,1023.2,False,22.0,280.0,0.5,30
3595,3069579,19.1,62.0,1023.2,False,22.0,106.0,0.1,30
3596,3129579,19.1,62.1,1023.1,False,22.0,86.0,0.3,30
3597,3189579,19.1,62.3,1023.1,False,22.0,49.0,0.2,30
3598,3249604,19.1,61.7,1023.2,False,22.0,271.0,0.2,30
3599,3309586,19.1,61.5,1023.1,False,22.0,244.0,0.1,30
3600,3369594,19.1,60.8,1023.1,False,22.0,205.0,0.2,30
3601,3429611,19.2,61.0,1023.2,False,22.0,187.0,0.4,30
3602,3489625,19.1,60.9,1023.2,False,22.0,213.0,0.2,30
3603,3549626,19.1,61.0,1023.2,False,22.0,229.0,0.2,30
3604,3609624,19.1,60.5,1023.2,False,22.0,263.0,0.3,30
3605,3669627,19.2,60.1,1023.2,False,22.0,254.0,0.5,30
3606,3729625,19.2,59.0,1023.2,False,22.0,245.0,0.3,30
3607,3789624,19.2,58.8,1023.2,False,22.0,132.0,0.3,30
3608,3849638,19.2,58.7,1023.2,False,22.1,0.0,0.3,30
3609,3909624,19.2,59.0,1023.3,False,22.1,102.0,0.1,30
3610,3969628,19.2,59.6,1023.2,False,22.0,58.0,0.3,30
3611,4029634,19.2,59.3,1023.2,False,22.0,126.0,0.4,30
3612,4089643,19.3,59.6,1023.2,False,22.0,0.0,0.6,30
3613,4149627,19.3,59.6,1023.2,False,22.0,0.0,0.6,30
3614,4209627,19.3,59.2,1023.2,False,21.9,215.0,0.3,30
3615,4269648,19.3,58.9,1023.2,False,21.9,110.0,0.3,30
3616,4329647,19.3,59.0,1023.2,False,22.0,284.0,0.1,30
3617,4389626,19.4,59.2,1023.2,False,22.0,241.0,0.5,30
3618,4449633,19.4,59.8,1023.1,False,22.0,87.0,0.2,30
3619,4509633,19.3,60.1,1023.2,False,22.0,93.0,0.4,30
3620,4569623,19.3,60.5,1023.1,False,21.9,112.0,0.4,30
3621,4629627,19.3,60.6,1023.2,False,21.9,238.0,0.2,30
3622,4689639,19.3,60.3,1023.1,False,21.9,236.0,0.4,30
3623,4749624,19.3,60.3,1023.2,False,21.9,289.0,0.5,30
3624,4809671,19.3,60.4,1023.1,False,21.9,268.0,0.3,30
3625,4869641,19.4,60.3,1023.1,False,22.0,28.0,0.1,30
3626,4929648,19.4,60.3,1023.1,False,22.0,28.0,0.1,30
3627,4989642,19.3,60.4,1023.1,False,22.0,243.0,0.4,30
3628,5049657,19.3,60.4,1023.1,False,22.0,243.0,0.4,30
3629,5109671,19.4,60.7,1023.0,False,21.9,119.0,0.4,30
3630,5169690,19.4,61.2,1023.1,False,21.9,0.0,0.2,30
3631,5229693,19.4,60.7,1023.0,False,22.0,245.0,0.1,30
3632,5289704,19.4,60.9,1023.1,False,22.0,247.0,0.2,30
3633,5349722,19.3,60.9,1023.0,False,21.8,44.0,0.1,30
3634,5409707,19.4,60.9,1023.0,False,21.8,44.0,0.1,30
3635,5469706,19.4,61.2,1023.1,False,21.9,110.0,0.1,30
3636,5529703,19.4,61.2,1023.1,False,21.9,110.0,0.1,30
3637,5589708,19.4,61.1,1023.0,False,21.9,93.0,0.1,30
3638,5649706,19.4,61.4,1023.0,False,21.8,244.0,0.3,30
3639,5709704,19.5,61.4,1023.0,False,21.8,244.0,0.3,30
3640,5769704,19.5,61.3,1023.0,False,21.8,102.0,0.2,30
3641,5829720,19.5,61.3,1023.0,False,21.8,102.0,0.2,30
3642,5889723,19.5,60.9,1023.0,False,21.8,113.0,0.3,30
3643,5949751,19.4,60.9,1023.0,False,21.8,113.0,0.3,30
3644,6009764,19.4,61.0,1023.0,False,21.8,66.0,0.3,30
3645,6069767,19.4,61.0,1023.0,False,21.8,66.0,0.3,30
3646,6129791,19.5,60.4,1023.0,False,21.8,0.0,0.3,30
3647,6189775,19.5,60.4,1023.0,False,21.8,0.0,0.3,30
3648,6249788,19.4,61.1,1023.0,False,21.8,113.0,0.3,30
3649,6309796,19.4,61.1,1023.0,False,21.8,113.0,0.3,30
3650,6369801,19.4,60.9,1023.0,False,21.7,245.0,0.3,30
3651,6429798,19.4,60.9,1023.0,False,21.7,234.0,0.5,30
3652,6489797,19.4,60.5,1023.0,False,21.6,73.0,0.1,30
3653,6549797,19.4,60.5,1023.0,False,21.6,73.0,0.1,30
3654,6609798,19.4,60.8,1023.1,False,21.6,162.0,0.2,30
3655,6669799,19.4,60.9,1023.0,False,21.6,248.0,0.5,30
3656,6729800,19.3,61.3,1022.9,False,21.6,224.0,0.1,30
3657,6789798,19.3,61.1,1023.0,False,21.5,218.0,0.4,30
3658,6849797,19.3,61.0,1023.0,False,21.5,129.0,0.1,30
3659,6909819,19.3,61.1,1022.9,False,21.5,217.0,0.3,30
3660,6969817,19.4,61.4,1022.9,False,21.5,0.0,0.1,30
3661,7029829,19.4,61.4,1022.9,False,21.5,0.0,0.1,30
3662,7089829,19.4,61.7,1022.9,False,21.5,111.0,0.3,30
3663,7149828,19.4,61.7,1022.9,False,21.5,111.0,0.3,30
3664,7209830,19.4,62.0,1023.0,False,21.4,90.0,0.3,30
3665,7269841,19.4,62.0,1023.0,False,21.4,90.0,0.3,30
3666,7329829,19.4,62.4,1023.0,False,21.4,12.0,0.4,30
3667,7389832,19.4,62.4,1023.0,False,21.4,12.0,0.4,30
3668,7449830,19.4,62.5,1023.0,False,21.4,75.0,0.1,30
3669,7509829,19.4,62.5,1023.0,False,21.4,75.0,0.1,30
3670,7569837,19.4,62.7,1023.0,False,21.3,71.0,0.0,30
3671,7629860,19.4,62.7,1023.0,False,21.3,71.0,0.0,30
3672,7689874,19.3,62.5,1022.9,False,21.4,237.0,0.2,30
3673,7749910,19.3,62.9,1023.1,False,21.4,101.0,0.3,30
3674,7809891,19.3,63.0,1022.9,False,21.3,242.0,0.2,30
3675,7869908,19.3,63.0,1022.9,False,21.3,242.0,0.2,30
3676,7929923,19.4,63.8,1023.0,False,21.3,110.0,0.3,30
3677,7989925,19.4,63.8,1023.0,False,21.3,110.0,0.3,30
3678,8049939,19.4,63.6,1023.0,False,21.1,218.0,0.1,30
3679,8109959,19.4,63.6,1023.0,False,21.1,218.0,0.1,30
3680,8169960,19.3,63.7,1022.9,False,21.1,109.0,0.1,30
3681,8229954,19.3,62.8,1023.0,False,21.2,100.0,0.2,30
3682,8289957,19.3,62.8,1023.0,False,21.2,100.0,0.2,30
3683,8349957,19.3,62.1,1022.9,False,21.1,239.0,0.2,30
3684,8409956,19.2,62.1,1022.9,False,21.1,239.0,0.2,30
3685,8469956,19.2,62.1,1022.9,False,21.1,261.0,0.1,30
3686,8529966,18.9,62.4,1022.9,True,21.1,111.0,0.3,30
3687,8589955,18.8,62.4,1022.9,True,21.1,111.0,0.3,30
3688,8649956,18.7,62.7,1023.0,True,21.0,0.0,0.0,30
3689,8709984,18.6,63.3,1023.1,True,20.9,182.0,0.7,30
3690,8769971,18.5,63.3,1023.1,True,20.9,182.0,0.7,30
3691,8829972,18.5,63.9,1023.1,True,20.8,195.0,0.5,30
3692,8889989,18.2,65.7,1023.1,True,20.7,163.0,0.8,30
3693,8950005,18.2,67.9,1023.0,True,20.2,168.0,0.9,30
3694,9010011,18.0,69.8,1023.0,True,19.6,165.0,0.7,30
3695,9070004,18.0,70.5,1023.1,True,19.6,17.0,0.4,30
3696,9130003,17.8,72.4,1023.1,True,19.6,169.0,0.2,30
3697,9190000,17.7,71.9,1023.1,True,19.6,182.0,0.9,30
3698,9250002,17.6,71.0,1023.0,True,19.5,173.0,0.9,30
3699,9310030,17.5,72.4,1023.0,True,19.1,161.0,0.6,30
3700,9370003,17.4,72.4,1023.0,True,19.1,161.0,0.6,30
3701,9430001,17.4,72.1,1023.1,True,19.0,106.0,0.3,30
3702,45625,18.7,82.3,1004.5,False,21.8,54.0,0.1,31
3703,105622,18.6,82.1,1004.5,False,22.0,78.0,0.2,31
3704,165624,18.6,82.6,1004.5,False,22.1,155.0,0.1,31
3705,225629,18.6,82.8,1004.4,False,22.2,146.0,0.1,31
3706,285655,18.6,82.7,1004.5,False,22.2,17.0,0.2,31
3707,345655,18.6,82.7,1004.5,False,22.2,64.0,0.1,31
3708,405654,18.6,82.8,1004.5,False,22.7,110.0,0.1,31
3709,465655,18.5,82.4,1004.5,False,22.7,117.0,0.2,31
3710,525655,18.4,83.3,1004.4,False,22.4,36.0,0.1,31
3711,585656,18.4,82.3,1004.4,False,22.1,75.0,0.3,31
3712,645655,18.3,82.7,1004.5,False,22.1,36.0,0.4,31
3713,705654,18.4,82.3,1004.4,False,22.4,80.0,0.5,31
3714,765661,18.4,82.3,1004.4,False,22.9,102.0,0.7,31
3715,825663,18.4,82.4,1004.4,False,23.0,92.0,0.6,31
3716,885654,18.4,82.0,1004.3,False,23.0,93.0,0.7,31
3717,945656,18.4,82.0,1004.3,False,23.0,85.0,0.7,31
3718,1005657,18.4,82.5,1004.5,False,22.8,116.0,0.7,31
3719,1065656,18.5,82.6,1004.5,False,22.7,198.0,0.3,31
3720,1125658,18.5,81.9,1004.5,False,22.7,0.0,0.2,31
3721,1185671,18.5,82.7,1004.5,True,22.5,0.0,0.1,31
3722,1245693,18.5,81.5,1004.6,True,22.5,188.0,0.2,31
3723,1305703,18.6,81.3,1004.6,True,22.4,0.0,0.1,31
3724,1365701,18.5,82.0,1004.7,True,22.6,0.0,0.2,31
3725,1425691,18.5,80.8,1004.7,True,22.6,116.0,0.3,31
3726,1485703,18.5,81.0,1004.6,True,22.7,30.0,0.2,31
3727,1545702,18.4,81.0,1004.7,True,22.5,111.0,0.2,31
3728,1605702,18.4,80.5,1004.7,True,22.3,120.0,0.2,31
3729,1665704,18.4,80.9,1004.6,True,22.0,173.0,0.3,31
3730,1725706,18.4,80.8,1004.7,True,21.9,103.0,0.3,31
3731,1785734,18.3,80.5,1004.6,True,22.0,203.0,0.4,31
3732,1845752,18.3,80.9,1004.6,True,22.0,135.0,0.2,31
3733,1905749,18.4,80.9,1004.6,True,22.0,264.0,0.3,31
3734,1965750,18.4,80.1,1004.7,True,22.0,225.0,0.3,31
3735,2025749,18.4,80.6,1004.6,False,22.1,142.0,0.4,31
3736,2085749,18.5,80.4,1004.6,False,22.1,95.0,0.2,31
3737,2145748,18.5,80.0,1004.6,True,21.9,116.0,0.5,31
3738,2205772,18.4,80.3,1004.6,True,21.9,76.0,0.6,31
3739,2265778,18.3,80.9,1004.7,False,21.8,89.0,0.5,31
3740,2325781,18.3,80.3,1004.7,False,21.8,39.0,0.6,31
3741,2385780,18.3,80.7,1004.6,False,21.6,84.0,0.6,31
3742,2445781,18.3,80.7,1004.8,False,21.5,84.0,0.6,31
3743,2505780,18.3,81.5,1004.7,False,21.5,110.0,0.5,31
3744,2565798,18.2,81.2,1004.6,False,21.9,108.0,0.5,31
3745,2625827,18.2,81.2,1004.6,False,21.9,108.0,0.5,31
3746,2685835,18.2,81.3,1004.6,False,22.2,246.0,0.4,31
3747,2745831,18.5,80.9,1004.6,False,22.6,0.0,0.1,31
3748,2805827,18.4,80.2,1004.6,False,22.6,110.0,0.2,31
3749,2865852,18.5,80.0,1004.6,False,22.5,67.0,0.2,31
3750,2925852,18.5,79.8,1004.6,False,22.5,114.0,0.4,31
3751,2985849,18.5,79.7,1004.7,False,22.5,109.0,0.5,31
3752,3045844,18.4,80.6,1004.7,False,22.7,121.0,0.6,31
3753,3105844,18.4,80.4,1004.6,False,22.7,109.0,0.5,31
3754,3165858,18.4,80.8,1004.6,False,22.7,97.0,0.6,31
3755,3225874,18.4,81.7,1004.7,False,22.8,130.0,0.3,31
3756,3285863,18.4,80.6,1004.6,False,22.8,147.0,0.2,31
3757,3345875,18.5,81.0,1004.7,False,22.9,118.0,0.3,31
3758,3405872,18.5,80.8,1004.7,False,24.0,73.0,0.4,31
3759,3465875,18.5,80.5,1004.6,False,24.0,78.0,0.6,31
3760,3525886,18.5,80.8,1004.4,False,23.8,104.0,0.7,31
3761,3585909,18.4,81.4,1004.6,False,23.6,84.0,0.5,31
3762,3645906,18.4,81.3,1004.6,False,23.3,97.0,0.6,31
3763,3705906,18.4,81.5,1004.7,False,23.3,92.0,0.6,31
3764,3765905,18.4,81.8,1004.6,False,23.7,80.0,0.6,31
3765,3825907,18.4,81.8,1004.6,False,23.7,133.0,0.7,31
3766,3885899,18.3,81.9,1004.7,False,23.9,91.0,0.6,31
3767,3945908,18.3,81.8,1004.7,False,23.9,121.0,0.6,31
3768,4005908,18.3,81.7,1004.7,False,23.6,101.0,0.6,31
3769,4065906,18.3,82.3,1004.7,False,23.6,95.0,0.6,31
3770,4125910,18.3,82.2,1004.7,False,23.5,119.0,0.7,31
3771,4185906,18.3,82.4,1004.6,False,23.5,103.0,0.7,31
3772,4245906,18.3,82.5,1004.7,False,23.8,95.0,0.8,31
3773,4305905,18.3,82.6,1004.7,False,23.8,320.0,0.4,31
3774,4365906,18.3,82.8,1004.8,False,23.4,4.0,0.3,31
3775,4425906,18.4,82.5,1004.8,False,23.4,227.0,0.1,31
3776,4485906,18.4,81.9,1004.7,False,23.3,180.0,0.2,31
3777,45079,15.5,95.5,1006.5,False,18.2,91.0,0.7,32
3778,105079,15.5,95.4,1006.4,False,18.2,93.0,0.6,32
3779,165084,15.5,95.6,1006.4,False,18.1,81.0,0.6,32
3780,225093,15.5,95.4,1006.5,False,18.0,62.0,0.8,32
3781,285092,15.5,95.4,1006.5,False,18.0,93.0,0.6,32
3782,345100,15.5,95.4,1006.5,False,18.1,89.0,0.7,32
3783,405124,15.6,95.5,1006.5,False,18.1,86.0,0.7,32
3784,465126,15.6,95.6,1006.5,False,18.1,96.0,0.5,32
3785,525124,15.5,95.2,1006.5,False,18.1,91.0,0.8,32
3786,585124,15.5,95.3,1006.6,False,18.1,83.0,0.6,32
3787,645124,15.5,95.3,1006.4,False,18.1,100.0,0.6,32
3788,705126,15.6,95.0,1006.5,False,18.0,94.0,0.6,32
3789,765123,15.6,95.1,1006.6,False,17.9,91.0,0.7,32
3790,825123,15.6,95.0,1006.5,False,18.0,101.0,0.5,32
3791,885140,15.6,95.1,1006.5,False,18.1,98.0,0.5,32
3792,945157,15.6,94.9,1006.6,False,18.1,70.0,0.6,32
3793,1005171,15.5,95.0,1006.5,False,18.1,95.0,0.6,32
3794,1065188,15.5,95.1,1006.6,False,18.1,77.0,0.6,32
3795,1125202,15.5,95.2,1006.6,False,18.1,93.0,0.5,32
3796,1185201,15.6,94.7,1006.5,False,18.1,102.0,0.6,32
3797,1245201,15.6,94.5,1006.6,False,18.1,82.0,0.7,32
3798,1305204,15.6,94.5,1006.4,False,18.1,95.0,0.6,32
3799,1365206,15.6,94.6,1006.5,False,18.1,95.0,0.6,32
3800,1425205,15.6,94.6,1006.5,False,18.0,78.0,0.6,32
3801,1485203,15.7,94.5,1006.5,False,18.0,89.0,0.6,32
3802,1545205,15.7,94.4,1006.4,False,18.2,86.0,0.5,32
3803,1605205,15.6,94.4,1006.6,False,18.1,99.0,0.5,32
3804,1665203,15.7,94.6,1006.5,False,18.2,108.0,0.5,32
3805,1725203,15.7,94.1,1006.6,False,18.4,99.0,0.5,32
3806,1785204,15.7,94.5,1006.5,False,18.5,83.0,0.5,32
3807,1845203,15.8,93.9,1006.4,False,18.5,106.0,0.6,32
3808,1905202,15.8,93.5,1006.4,False,18.3,92.0,0.6,32
3809,1965202,15.8,93.5,1006.4,False,18.3,92.0,0.6,32
3810,2025202,15.8,93.5,1006.4,False,18.3,92.0,0.6,32
3811,2085207,15.5,93.5,1006.4,False,18.3,92.0,0.6,32
3812,2145204,15.5,93.5,1006.4,False,18.3,92.0,0.6,32
3813,2205203,15.6,93.5,1006.5,False,18.3,79.0,0.6,32
3814,2265203,15.6,92.5,1006.5,False,18.2,116.0,0.5,32
3815,2325205,15.8,92.6,1006.4,False,18.2,71.0,0.4,32
3816,2385202,15.8,93.0,1006.4,False,18.2,109.0,0.3,32
3817,2445207,15.9,92.4,1006.4,False,18.2,90.0,0.6,32
3818,2505204,15.9,92.9,1006.5,False,18.1,83.0,0.5,32
3819,2565204,15.9,93.1,1006.4,False,18.3,87.0,0.4,32
3820,2625204,15.8,92.9,1006.4,False,18.3,98.0,0.4,32
3821,2685210,15.8,92.5,1006.4,False,18.3,101.0,0.7,32
3822,2745207,15.9,93.3,1006.4,False,18.2,104.0,0.5,32
3823,2805204,15.8,93.0,1006.5,False,18.3,85.0,0.4,32
3824,2865202,15.8,92.9,1006.6,False,18.3,72.0,0.6,32
3825,2925211,15.8,93.0,1006.5,False,18.3,105.0,0.5,32
3826,2985204,15.8,93.3,1006.5,False,18.3,95.0,0.3,32
3827,3045192,15.8,93.0,1006.6,False,18.3,100.0,0.5,32
3828,3105204,15.8,93.4,1006.6,False,18.4,74.0,0.5,32
3829,3165203,15.9,93.5,1006.5,False,18.4,105.0,0.3,32
3830,3225203,15.9,93.5,1006.5,False,18.5,101.0,0.5,32
3831,3285196,15.8,93.4,1006.4,False,18.5,98.0,0.5,32
3832,3345204,15.8,93.2,1006.5,False,18.4,70.0,0.5,32
3833,3405204,15.8,93.3,1006.5,False,18.4,98.0,0.5,32
3834,3465202,15.8,93.2,1006.4,False,18.5,93.0,0.5,32
3835,3525204,15.8,93.3,1006.5,False,18.4,83.0,0.6,32
3836,3585206,15.8,93.3,1006.4,False,18.4,96.0,0.5,32
3837,3645205,15.8,93.9,1006.4,False,18.4,87.0,0.5,32
3838,3705203,15.8,93.7,1006.5,False,18.4,85.0,0.6,32
3839,3765202,15.8,93.8,1006.3,False,18.4,79.0,0.7,32
3840,3825219,15.7,93.3,1006.4,False,18.4,79.0,0.8,32
3841,3885203,15.8,94.4,1006.4,False,18.3,96.0,0.5,32
3842,3945202,15.8,93.7,1006.6,False,18.3,79.0,0.6,32
3843,4005208,15.8,93.5,1006.4,False,18.5,124.0,0.7,32
3844,4065203,15.8,93.7,1006.4,False,18.4,159.0,0.7,32
3845,4125213,15.8,94.5,1006.4,False,18.5,98.0,0.3,32
3846,4185203,15.8,94.3,1006.5,False,18.6,114.0,0.6,32
3847,4245212,15.8,93.9,1006.4,False,18.6,235.0,0.5,32
3848,4305218,15.8,94.2,1006.4,False,18.6,62.0,0.5,32
3849,4365218,15.8,94.4,1006.4,False,18.5,170.0,0.3,32
3850,4425213,15.8,94.4,1006.4,False,18.5,76.0,0.4,32
3851,4485219,15.8,94.8,1006.5,False,18.5,108.0,0.2,32
3852,4545219,15.8,94.1,1006.5,False,18.5,94.0,0.5,32
3853,4605237,15.9,94.6,1006.5,False,18.5,102.0,0.5,32
3854,4665237,15.9,94.5,1006.5,False,18.4,109.0,0.6,32
3855,4725250,15.9,93.9,1006.5,False,18.4,212.0,0.5,32
3856,4785251,15.9,94.7,1006.4,False,18.4,100.0,0.4,32
3857,4845255,15.9,93.8,1006.4,False,18.4,143.0,0.5,32
3858,4905238,15.9,94.4,1006.5,False,18.4,129.0,0.3,32
3859,4965250,15.9,93.7,1006.4,False,18.4,116.0,0.3,32
3860,5025254,15.9,93.6,1006.4,False,18.4,107.0,0.5,32
3861,5085250,15.9,94.3,1006.4,False,18.5,55.0,0.4,32
3862,5145250,16.0,93.7,1006.4,False,18.5,103.0,0.5,32
3863,5205259,15.9,93.7,1006.4,False,18.5,97.0,0.6,32
3864,5265239,15.9,93.8,1006.5,False,18.4,97.0,0.4,32
3865,5325252,15.8,93.4,1006.4,False,18.4,331.0,0.6,32
3866,5385253,15.8,93.8,1006.4,False,18.2,100.0,0.3,32
3867,5445264,15.9,93.5,1006.3,False,18.2,152.0,0.4,32
3868,5505259,15.9,93.6,1006.4,False,18.4,143.0,0.3,32
3869,5565282,15.9,93.6,1006.3,False,18.4,125.0,0.3,32
3870,5625297,15.9,93.4,1006.4,False,18.2,160.0,0.4,32
3871,5685299,15.9,93.3,1006.3,False,18.2,110.0,0.5,32
3872,5745297,15.9,93.3,1006.4,False,18.3,119.0,0.5,32
3873,5805303,15.9,93.1,1006.1,False,18.4,130.0,0.5,32
3874,5865326,15.9,93.5,1006.2,False,18.4,142.0,0.4,32
3875,5925329,15.9,93.3,1006.2,False,18.3,158.0,0.5,32
3876,5985334,16.0,93.2,1006.4,False,18.2,101.0,0.5,32
3877,6045320,15.9,93.1,1006.3,False,18.3,108.0,0.5,32
3878,6105331,15.9,93.1,1006.3,False,18.3,81.0,0.5,32
3879,6165330,15.9,92.8,1006.3,False,18.3,99.0,0.6,32
3880,6225329,15.9,92.6,1006.3,False,18.1,123.0,0.5,32
3881,6285328,15.9,92.9,1006.4,False,18.1,114.0,0.5,32
3882,6345331,15.9,92.9,1006.3,False,18.1,78.0,0.5,32
3883,6405331,16.0,92.8,1006.3,False,18.1,124.0,0.6,32
3884,6465333,16.0,92.8,1006.4,False,18.1,120.0,0.3,32
3885,6525347,16.0,92.8,1006.2,False,18.1,162.0,0.4,32
3886,6585360,16.0,92.8,1006.4,False,18.0,68.0,0.4,32
3887,6645366,15.9,93.1,1006.3,False,18.0,117.0,0.1,32
3888,6705360,15.9,93.1,1006.4,False,18.0,166.0,0.4,32
3889,6765375,15.9,92.8,1006.4,False,17.8,146.0,0.3,32
3890,6825392,16.0,92.7,1006.4,False,17.8,147.0,0.4,32
3891,6885410,16.0,92.8,1006.4,False,17.8,188.0,0.3,32
3892,6945407,16.0,93.2,1006.4,False,17.7,121.0,0.3,32
3893,7005429,16.0,92.9,1006.5,False,17.8,146.0,0.5,32
3894,7065432,15.9,93.2,1006.5,False,17.8,190.0,0.2,32
3895,7125438,15.9,93.1,1006.5,False,17.8,85.0,0.4,32
3896,7185455,15.9,93.0,1006.4,False,17.8,195.0,0.3,32
3897,7245458,15.9,92.9,1006.4,False,17.8,58.0,0.3,32
3898,7305456,15.9,92.8,1006.4,False,17.8,143.0,0.3,32
3899,7365453,15.9,92.8,1006.4,False,17.8,138.0,0.3,32
3900,7425454,15.9,93.1,1006.3,False,17.8,136.0,0.3,32
3901,7485453,15.9,93.0,1006.5,False,17.9,155.0,0.4,32
3902,7545455,16.0,93.1,1006.4,False,17.9,84.0,0.2,32
3903,7605455,15.9,93.0,1006.3,False,18.0,116.0,0.2,32
3904,7665470,15.9,93.3,1006.3,False,18.0,106.0,0.4,32
3905,7725491,15.9,92.6,1006.3,False,18.0,87.0,0.7,32
3906,7785486,15.9,93.1,1006.3,False,18.1,108.0,0.5,32
3907,7845502,15.9,93.2,1006.3,False,17.8,173.0,0.4,32
3908,7905500,15.9,93.2,1006.3,False,17.8,173.0,0.4,32
3909,7965512,16.0,93.1,1006.3,False,18.0,119.0,0.3,32
3910,8025536,15.9,93.1,1006.3,False,18.1,151.0,0.5,32
3911,8085547,16.0,92.8,1006.4,False,18.1,140.0,0.5,32
3912,8145547,16.0,92.6,1006.3,False,18.1,133.0,0.4,32
3913,8205546,15.9,92.8,1006.3,False,18.1,120.0,0.4,32
3914,8265547,15.9,92.4,1006.3,False,17.9,91.0,0.6,32
3915,8325594,15.9,92.8,1006.2,False,17.9,124.0,0.5,32
3916,8385585,15.9,92.5,1006.3,False,17.9,97.0,0.5,32
3917,8445581,15.9,92.5,1006.3,False,18.1,101.0,0.4,32
3918,8505607,15.9,92.4,1006.3,False,18.1,112.0,0.4,32
3919,8565581,16.0,92.4,1006.3,False,18.1,146.0,0.5,32
3920,8625580,16.0,92.1,1006.3,False,18.1,120.0,0.6,32
3921,8685579,16.0,92.0,1006.3,False,18.1,88.0,0.6,32
3922,8745578,16.0,92.2,1006.3,False,18.1,107.0,0.5,32
3923,8805580,16.0,92.2,1006.3,False,18.2,160.0,0.5,32
3924,8865569,16.0,92.4,1006.3,False,18.0,211.0,0.3,32
3925,8925568,16.1,92.4,1006.4,False,18.0,87.0,0.3,32
3926,8985576,16.1,91.9,1006.3,False,17.9,127.0,0.6,32
3927,9045626,16.0,92.1,1006.3,False,17.9,97.0,0.5,32
3928,9105594,16.0,92.0,1006.3,False,17.8,117.0,0.5,32
3929,9165610,16.0,92.1,1006.3,False,18.1,83.0,0.4,32
3930,9225628,16.0,92.7,1006.4,False,18.1,80.0,0.5,32
3931,9285646,16.1,91.8,1006.3,False,18.0,118.0,0.4,32
3932,9345655,16.1,92.0,1006.3,False,18.0,180.0,0.5,32
3933,9405675,16.0,92.4,1006.4,False,18.0,117.0,0.5,32
3934,25082,29.4,54.6,991.9,False,37.5,103.0,1.3,33
3935,85067,29.4,53.9,992.1,False,37.3,105.0,1.2,33
3936,145058,29.5,53.5,992.1,False,37.3,116.0,1.0,33
3937,205067,29.6,52.5,992.1,False,37.6,110.0,1.0,33
3938,265067,29.8,52.2,992.0,False,38.4,103.0,0.9,33
3939,325068,29.8,52.7,992.0,False,38.4,109.0,1.1,33
3940,385074,29.9,52.9,992.0,False,38.3,93.0,0.9,33
3941,445068,29.9,52.9,992.0,False,38.3,93.0,0.9,33
3942,505067,29.8,53.0,992.0,False,37.9,113.0,1.3,33
3943,565067,29.8,53.2,991.9,False,37.5,106.0,1.1,33
3944,625067,29.7,54.1,991.9,False,37.3,106.0,1.5,33
3945,685068,29.7,54.7,991.9,False,37.2,114.0,1.5,33
3946,745072,29.7,54.9,991.8,False,37.1,108.0,1.4,33
3947,805081,29.7,54.9,991.8,False,37.1,108.0,1.4,33
3948,865076,29.9,54.6,991.9,False,37.6,107.0,1.3,33
3949,925081,29.9,55.1,991.9,False,37.8,104.0,1.3,33
3950,985067,29.9,55.2,991.8,False,37.8,115.0,1.0,33
3951,1045067,29.9,54.9,991.8,False,37.6,91.0,1.3,33
3952,1105067,29.8,55.0,991.8,False,36.7,105.0,1.2,33
3953,1165068,29.8,55.6,991.8,False,36.7,121.0,1.1,33
3954,1225067,29.7,54.2,992.0,False,36.4,118.0,1.2,33
3955,1285067,29.7,54.3,991.8,False,36.2,103.0,1.0,33
3956,1345069,29.6,55.0,991.8,False,36.1,105.0,1.1,33
3957,1405067,29.6,55.5,991.8,False,36.0,106.0,1.3,33
3958,1465073,29.7,54.9,991.9,False,36.1,111.0,1.0,33
3959,1525069,29.8,55.1,991.7,False,36.9,117.0,1.0,33
3960,1585068,29.9,54.9,991.8,False,37.3,108.0,1.5,33
3961,1645069,29.9,54.7,991.8,False,37.4,103.0,0.8,33
3962,1705068,30.1,54.4,991.8,False,37.4,94.0,1.3,33
3963,1765072,30.1,54.6,991.8,False,37.3,116.0,1.2,33
3964,1825069,30.0,55.0,991.9,False,37.2,133.0,1.1,33
3965,1885072,30.1,54.6,991.7,False,37.2,102.0,1.0,33
3966,1945072,30.1,54.3,991.8,False,37.5,149.0,1.3,33
3967,2005068,30.1,54.2,991.7,False,37.6,105.0,1.0,33
3968,2065068,30.0,53.9,991.7,False,37.7,106.0,1.2,33
3969,2125078,30.0,54.3,991.6,False,37.7,94.0,1.2,33
3970,2185071,29.9,54.4,991.6,False,37.5,92.0,1.6,33
3971,2245067,29.9,55.2,991.7,False,37.4,107.0,1.1,33
3972,2305071,29.7,55.1,991.7,False,36.9,112.0,0.9,33
3973,2365071,29.7,54.8,991.7,False,36.4,93.0,1.1,33
3974,2425070,29.6,55.7,991.7,False,36.3,102.0,1.3,33
3975,2485087,29.6,55.5,991.7,False,36.3,106.0,0.9,33
3976,2545085,29.6,55.2,991.6,False,36.7,106.0,0.7,33
3977,2605105,29.6,55.3,991.7,False,36.8,82.0,0.7,33
3978,2665133,29.6,55.4,991.5,False,36.7,112.0,0.8,33
3979,2725137,29.6,55.7,991.6,False,36.4,114.0,0.9,33
3980,2785133,29.7,56.0,991.7,False,36.5,105.0,0.9,33
3981,2845147,29.8,56.0,991.6,False,36.5,101.0,0.6,33
3982,2905166,29.9,56.0,991.7,False,37.2,102.0,0.6,33
3983,2965163,30.0,55.2,991.7,False,37.2,0.0,0.4,33
3984,3025162,30.0,53.8,991.6,False,37.3,138.0,0.2,33
3985,3085163,29.9,53.4,991.6,False,37.3,118.0,1.0,33
3986,3145181,30.0,53.0,991.8,False,37.3,113.0,1.2,33
3987,3205204,29.9,53.9,991.7,False,37.0,124.0,1.2,33
3988,3265217,30.1,53.6,991.7,False,37.0,107.0,1.0,33
3989,3325234,30.1,53.6,991.8,False,37.2,124.0,1.1,33
3990,3385240,30.2,53.5,991.6,False,37.7,114.0,1.1,33
3991,3445243,30.2,53.4,991.6,False,37.7,106.0,1.3,33
3992,3505244,30.2,53.6,991.7,False,37.7,116.0,1.4,33
3993,3565252,30.2,53.9,991.7,False,37.4,115.0,1.2,33
3994,3625245,30.1,55.0,991.3,False,37.7,90.0,1.1,33
3995,3685243,30.0,56.7,991.7,False,37.4,117.0,1.2,33
3996,3745277,29.7,57.5,991.7,False,36.4,113.0,1.2,33
3997,3805271,29.6,58.1,991.8,False,35.8,131.0,1.5,33
3998,3865283,29.2,59.0,991.7,False,35.5,117.0,1.3,33
3999,3925304,29.2,58.6,991.7,False,35.2,110.0,1.3,33
4000,3985291,29.0,58.0,991.9,False,34.7,113.0,1.3,33
4001,4045301,28.7,57.8,991.8,False,34.6,110.0,1.2,33
4002,4105291,28.6,58.4,991.8,False,34.6,114.0,1.3,33
4003,4165288,28.6,58.2,991.8,False,34.7,104.0,1.3,33
4004,4225290,28.5,58.5,991.7,False,34.6,111.0,1.1,33
4005,4285288,28.6,59.0,991.7,False,34.4,104.0,1.0,33
4006,4345290,28.7,58.6,991.8,False,34.4,111.0,1.0,33
4007,4405288,28.7,58.4,991.8,False,34.4,116.0,1.1,33
4008,4465289,28.6,58.4,991.8,False,34.6,107.0,1.0,33
4009,4525288,28.5,57.8,991.8,False,34.5,110.0,1.0,33
4010,4585289,28.5,57.9,991.6,False,34.3,115.0,1.0,33
4011,4645290,28.4,57.4,991.8,False,34.3,119.0,0.9,33
4012,4705303,28.4,57.6,991.7,True,34.2,103.0,0.8,33
4013,41194,26.4,72.5,993.4,False,32.7,108.0,0.8,34
4014,101195,26.4,71.7,993.3,False,32.9,88.0,1.3,34
4015,161204,26.4,71.9,993.4,False,33.2,117.0,0.7,34
4016,221215,26.4,69.9,993.2,False,33.7,100.0,1.1,34
4017,281219,26.4,71.2,993.2,False,33.7,110.0,1.0,34
4018,341230,26.4,70.7,993.2,False,33.8,126.0,0.5,34
4019,401244,26.6,68.7,993.3,False,34.6,106.0,0.5,34
4020,461246,26.6,69.2,993.4,False,34.7,148.0,0.8,34
4021,521244,26.9,68.7,993.3,False,35.0,331.0,0.3,34
4022,581244,27.0,66.9,993.2,False,35.0,112.0,0.5,34
4023,641264,27.0,66.8,993.1,False,35.1,94.0,1.1,34
4024,701260,26.9,68.4,993.2,False,35.0,112.0,1.1,34
4025,761261,26.8,68.5,993.2,False,35.0,26.0,0.5,34
4026,821277,26.9,68.5,993.2,False,35.0,26.0,0.5,34
4027,881278,27.0,68.5,993.2,False,35.0,26.0,0.5,34
4028,941273,27.0,68.5,993.2,False,35.0,26.0,0.5,34
4029,1001275,26.9,68.5,993.2,False,35.0,26.0,0.5,34
4030,1061273,26.9,67.4,993.1,False,35.6,291.0,0.2,34
4031,1121274,26.9,68.0,993.0,False,35.3,115.0,0.8,34
4032,1181274,26.9,68.5,992.9,False,35.1,110.0,0.3,34
4033,1241276,27.2,68.0,993.0,False,35.1,341.0,0.1,34
4034,1301280,27.3,65.9,992.8,False,35.9,102.0,0.6,34
4035,1361273,27.4,65.8,992.7,False,36.0,109.0,1.0,34
4036,1421276,27.3,66.7,992.8,False,36.0,107.0,1.4,34
4037,1481287,27.2,67.5,992.6,False,35.9,104.0,1.2,34
4038,1541301,27.2,67.9,992.7,False,35.6,146.0,1.3,34
4039,1601275,27.1,68.3,992.8,False,35.6,106.0,0.7,34
4040,1661274,27.1,66.3,992.8,False,35.6,101.0,0.8,34
4041,1721275,27.1,65.4,992.7,False,36.2,110.0,0.6,34
4042,1781276,27.3,64.2,992.7,False,36.6,113.0,0.6,34
4043,1841275,27.5,63.2,992.7,False,37.1,104.0,0.8,34
4044,1901274,27.4,63.6,992.6,False,36.6,103.0,1.1,34
4045,1961272,27.5,64.6,992.7,False,36.4,105.0,0.9,34
4046,2021273,27.6,64.4,992.5,False,36.6,100.0,0.6,34
4047,2081275,27.6,64.4,992.6,False,36.9,109.0,0.9,34
4048,2141289,27.6,63.6,992.4,False,36.9,109.0,1.0,34
4049,2201268,27.6,64.3,992.6,False,36.7,116.0,1.0,34
4050,2261277,27.6,64.3,992.6,False,36.9,114.0,0.9,34
4051,2321290,27.6,63.0,992.3,False,36.8,102.0,1.1,34
4052,2381306,27.6,64.6,992.5,False,36.9,103.0,1.2,34
4053,2441326,27.5,65.0,992.7,False,36.9,119.0,1.0,34
4054,2501337,27.5,62.8,992.6,False,36.6,98.0,0.9,34
4055,2561355,27.6,63.4,992.6,False,37.1,108.0,0.9,34
4056,2621369,27.6,63.8,992.5,False,37.0,110.0,0.9,34
4057,2681369,27.7,64.5,992.4,False,37.0,101.0,1.4,34
4058,2741386,27.6,64.3,992.5,False,37.0,92.0,1.5,34
4059,2801385,27.6,65.0,992.6,False,37.0,104.0,1.3,34
4060,2861401,27.7,65.1,992.6,False,37.0,82.0,0.7,34
4061,2921412,27.8,63.3,992.6,False,37.1,119.0,0.4,34
4062,2981415,27.9,61.7,992.6,False,38.1,110.0,0.3,34
4063,3041406,28.0,61.6,992.5,False,38.1,97.0,1.4,34
4064,3101432,27.9,62.1,992.5,False,37.8,97.0,1.5,34
4065,3161448,27.8,62.9,992.5,False,37.2,100.0,1.5,34
4066,3221462,27.8,64.0,992.5,False,37.0,107.0,1.0,34
4067,3281479,27.9,62.9,992.6,False,37.0,104.0,0.8,34
4068,3341479,28.0,61.4,992.5,False,37.7,111.0,1.0,34
4069,3401493,27.9,59.9,992.5,False,38.0,99.0,1.3,34
4070,3461498,27.8,60.8,992.5,False,37.9,115.0,1.2,34
4071,3521495,27.8,60.4,992.4,False,36.9,92.0,0.9,34
4072,3581495,27.8,61.7,992.5,False,36.3,72.0,0.8,34
4073,3641506,27.9,61.5,992.5,False,36.2,22.0,0.4,34
4074,3701511,28.0,61.1,992.5,False,36.7,3.0,0.5,34
4075,3761511,28.2,59.8,992.4,False,37.0,121.0,0.5,34
4076,3821535,28.2,59.8,992.4,False,37.5,114.0,0.8,34
4077,3881526,28.2,59.8,992.4,False,37.4,112.0,0.6,34
4078,3941537,28.2,59.6,992.4,False,36.6,110.0,0.5,34
4079,4001535,28.1,60.5,992.3,False,36.7,156.0,0.9,34
4080,4061544,28.1,60.9,992.3,False,37.0,103.0,0.5,34
4081,4121559,28.2,60.9,992.3,False,37.2,93.0,0.6,34
4082,4181573,28.2,60.3,992.2,False,37.5,93.0,0.5,34
4083,4241565,28.2,59.7,992.3,False,37.2,102.0,0.3,34
4084,4301573,28.2,60.2,992.2,False,37.2,102.0,0.8,34
4085,4361572,28.4,60.6,992.2,False,37.3,131.0,0.8,34
4086,4421590,28.4,60.1,992.2,False,37.8,123.0,1.2,34
4087,4481605,28.4,59.6,992.3,False,37.8,101.0,0.8,34
4088,4541625,28.4,60.0,992.4,False,37.8,137.0,1.3,34
4089,4601619,28.5,59.6,992.3,False,37.9,95.0,0.6,34
4090,4661622,28.5,59.4,992.4,False,37.8,103.0,0.6,34
4091,4721639,28.4,59.8,992.2,False,37.8,110.0,0.6,34
4092,4781651,28.5,59.7,992.3,False,38.0,121.0,0.7,34
4093,4841654,28.5,58.4,992.3,False,38.1,103.0,0.6,34
4094,4901653,28.4,58.7,992.2,False,38.3,111.0,1.1,34
4095,4961653,28.6,59.0,992.2,False,38.3,110.0,1.2,34
4096,5021651,28.5,60.0,992.2,False,38.2,90.0,0.9,34
4097,5081651,28.5,59.6,992.3,False,38.1,113.0,0.7,34
4098,5141652,28.6,59.1,992.1,False,38.1,108.0,0.5,34
4099,5201652,28.6,59.3,992.1,False,38.1,113.0,0.8,34
4100,5261653,28.6,58.2,992.1,False,38.2,112.0,1.2,34
4101,5321652,28.6,59.4,992.0,False,37.9,96.0,1.2,34
4102,5381652,28.5,60.4,992.1,False,37.8,112.0,0.9,34
4103,5441652,28.5,59.5,992.1,False,37.8,114.0,0.8,34
4104,5501652,28.6,59.1,992.0,False,38.4,133.0,0.6,34
4105,5561660,28.5,58.2,991.9,False,38.9,92.0,1.1,34
4106,5621653,28.5,59.3,991.9,False,38.2,100.0,1.3,34
4107,5681659,28.4,59.0,991.8,False,38.3,105.0,1.0,34
4108,5741656,28.4,59.0,991.8,False,38.3,105.0,1.0,34
4109,5801655,28.7,57.7,991.9,False,39.0,113.0,0.6,34
4110,5861653,28.6,57.5,991.8,False,39.0,83.0,1.1,34
4111,5921654,28.5,59.0,991.8,False,38.1,105.0,1.3,34
4112,5981655,28.5,59.5,991.9,False,38.1,94.0,1.1,34
4113,6041653,28.4,59.1,991.8,False,38.6,108.0,1.3,34
4114,6101653,28.4,59.1,991.8,False,38.6,108.0,1.3,34
4115,6161653,28.3,59.3,991.8,False,38.7,95.0,1.3,34
4116,6221662,28.3,59.4,991.7,False,38.6,125.0,0.9,34
4117,6281654,28.6,59.7,991.8,False,38.5,101.0,0.9,34
4118,6341653,28.6,59.5,991.8,False,38.5,97.0,0.4,34
4119,6401651,28.7,58.5,991.8,False,38.8,58.0,0.6,34
4120,6461654,28.8,57.2,991.7,False,39.4,101.0,0.3,34
4121,6521653,29.0,56.9,991.7,False,39.4,113.0,0.8,34
4122,6581654,29.1,56.1,991.7,False,39.4,116.0,0.4,34
4123,6641656,29.1,56.0,991.7,False,39.4,118.0,0.5,34
4124,6701655,29.1,56.0,991.6,False,38.5,110.0,0.4,34
4125,6761656,29.1,56.6,991.5,False,38.5,123.0,1.1,34
4126,6821670,29.0,56.3,991.6,False,38.5,107.0,1.0,34
4127,6881671,28.7,57.1,991.5,False,38.2,77.0,1.4,34
4128,6941686,28.6,58.3,991.4,False,38.0,106.0,1.2,34
4129,7001699,28.7,58.6,991.4,False,38.2,101.0,1.3,34
4130,7061706,28.6,59.3,991.4,False,38.5,85.0,1.5,34
4131,7121717,28.7,59.6,991.4,False,38.5,86.0,1.2,34
4132,7181742,28.7,58.2,991.4,False,38.7,98.0,1.0,34
4133,7241738,28.6,58.6,991.5,False,39.0,112.0,1.3,34
4134,7301751,28.6,59.0,991.5,False,39.1,110.0,1.0,34
4135,7361764,28.5,59.0,991.6,False,39.1,111.0,1.0,34
4136,7421759,28.5,59.3,991.4,False,39.1,108.0,1.1,34
4137,7481784,28.3,59.2,991.5,False,39.0,104.0,1.0,34
4138,7541784,28.3,59.7,991.5,False,37.5,98.0,1.1,34
4139,7601779,28.2,60.3,991.5,False,37.5,95.0,1.1,34
4140,7661776,28.1,61.0,991.6,False,37.0,98.0,1.1,34
4141,7721779,28.2,61.3,991.5,False,36.3,120.0,1.0,34
4142,7781781,28.2,60.6,991.5,False,37.6,104.0,1.3,34
4143,7841782,28.4,60.1,991.5,False,38.1,116.0,1.2,34
4144,7901776,28.4,60.0,991.4,False,38.1,106.0,0.9,34
4145,7961771,28.6,60.0,991.4,False,37.9,109.0,0.6,34
4146,8021780,28.7,59.3,991.5,False,38.2,103.0,0.9,34
4147,8081788,29.0,58.9,991.5,False,38.9,99.0,0.6,34
4148,8141785,29.0,58.9,991.5,False,38.9,99.0,0.6,34
4149,8201778,29.2,57.1,991.4,False,39.5,104.0,1.0,34
4150,8261784,29.1,58.1,991.3,False,39.6,115.0,0.8,34
4151,8321779,28.8,58.3,991.3,False,39.1,107.0,1.1,34
4152,8381811,28.8,58.1,991.3,False,38.9,108.0,1.0,34
4153,8441779,28.9,58.0,991.4,False,39.2,139.0,0.9,34
4154,8501780,29.0,57.1,991.3,False,39.2,115.0,0.7,34
4155,8561781,29.2,56.3,991.4,False,39.3,159.0,0.8,34
4156,8621779,29.3,54.8,991.4,False,39.3,89.0,0.6,34
4157,8681780,29.5,55.2,991.4,False,39.2,113.0,0.6,34
4158,8741779,29.5,55.7,991.4,False,38.7,104.0,0.7,34
4159,8801794,29.4,56.4,991.3,False,38.7,42.0,0.5,34
4160,8861776,29.3,56.5,991.1,False,39.0,92.0,0.5,34
4161,8921781,29.1,55.9,991.1,False,39.1,102.0,0.5,34
4162,8981798,29.1,55.5,991.2,False,39.1,90.0,1.3,34
4163,9041781,29.0,56.5,991.2,False,39.1,92.0,1.4,34
4164,9101783,29.0,56.3,991.2,False,39.0,107.0,0.7,34
4165,9161778,29.0,56.3,991.2,False,39.1,101.0,0.8,34
4166,9221779,29.0,57.0,991.3,False,39.2,100.0,0.6,34
4167,9281780,29.0,56.5,991.3,False,39.0,253.0,0.5,34
4168,9341782,29.0,55.3,991.3,False,39.0,103.0,1.0,34
4169,9401781,29.2,55.6,991.1,False,39.0,110.0,0.6,34
4170,9461783,29.2,55.5,991.2,False,38.7,98.0,0.5,34
4171,9521781,29.2,55.5,991.1,False,38.1,45.0,0.6,34
4172,9581780,29.2,55.2,991.2,False,38.1,95.0,0.3,34
4173,9641780,29.3,54.9,991.1,False,38.8,70.0,0.4,34
4174,52477,21.1,21.7,784.0,False,46.9,17.0,0.4,35
4175,112487,21.1,21.7,784.0,False,46.8,264.0,0.4,35
4176,172493,21.3,22.1,784.1,False,45.8,294.0,0.3,35
4177,232492,21.2,22.1,784.1,False,45.8,294.0,0.3,35
4178,292483,21.1,21.8,784.1,False,45.8,321.0,0.3,35
4179,352494,21.2,21.8,784.0,False,45.9,174.0,0.4,35
4180,412491,21.1,21.8,784.0,False,45.5,292.0,0.2,35
4181,472495,21.1,22.3,783.9,False,44.9,166.0,0.5,35
4182,532492,21.0,22.3,783.9,False,44.8,122.0,0.5,35
4183,592502,21.0,22.0,784.0,False,44.8,330.0,0.5,35
4184,652493,21.0,22.2,783.9,False,45.0,210.0,0.1,35
4185,712491,21.0,21.7,783.9,False,45.0,229.0,0.4,35
4186,772492,21.1,21.7,783.9,False,44.8,37.0,0.3,35
4187,832492,21.1,21.9,783.9,False,44.8,235.0,0.3,35
4188,892491,21.1,22.4,783.8,False,44.8,229.0,0.8,35
4189,952491,21.2,21.9,783.8,False,44.9,280.0,0.4,35
4190,1012492,21.3,21.9,783.9,False,45.0,0.0,0.4,35
4191,1072495,21.4,21.3,783.9,False,44.9,240.0,0.3,35
4192,1132495,21.4,20.9,783.8,False,45.0,304.0,0.4,35
4193,1192490,21.4,21.1,783.7,False,44.9,142.0,0.5,35
4194,1252500,21.3,21.2,783.7,False,44.6,161.0,0.7,35
4195,1312498,21.2,21.4,783.8,False,44.5,320.0,0.5,35
4196,1372493,21.1,21.3,783.7,False,44.5,208.0,0.3,35
4197,1432495,21.2,21.5,783.7,False,43.4,237.0,0.6,35
4198,1492485,21.1,21.5,783.7,False,42.9,263.0,0.4,35
4199,1552491,21.0,21.4,783.8,False,42.6,74.0,0.5,35
4200,1612494,21.1,20.6,783.7,False,42.6,157.0,0.3,35
4201,1672493,21.0,20.7,783.7,False,42.9,302.0,0.3,35
4202,1732494,21.1,20.3,783.7,False,43.2,112.0,0.2,35
4203,1792493,21.1,20.0,783.7,False,43.3,106.0,0.6,35
4204,1852494,21.1,20.0,783.6,False,43.8,139.0,0.7,35
4205,1912500,21.1,21.1,783.6,False,43.8,136.0,0.7,35
4206,1972492,21.1,21.4,783.7,False,43.7,71.0,0.7,35
4207,2032494,21.3,21.4,783.7,False,43.7,277.0,0.2,35
4208,2092484,21.3,20.5,783.7,False,43.6,225.0,0.4,35
4209,2152496,21.3,19.2,783.6,False,43.6,198.0,0.4,35
4210,2212494,21.3,19.5,783.5,False,44.2,243.0,0.3,35
4211,2272505,21.3,19.3,783.6,False,44.6,229.0,0.5,35
4212,2332531,21.5,19.0,783.6,False,45.0,265.0,0.6,35
4213,2392526,21.4,19.0,783.6,False,45.1,243.0,0.4,35
4214,2452541,21.5,19.0,783.6,False,45.1,171.0,0.4,35
4215,2512536,21.5,18.7,783.5,False,45.5,273.0,0.5,35
4216,2572545,21.5,19.4,783.5,False,45.6,0.0,0.2,35
4217,2632560,21.5,19.9,783.6,False,45.7,233.0,0.3,35
4218,2692574,21.5,20.2,783.5,False,45.6,280.0,0.5,35
4219,2752577,21.5,20.5,783.6,False,45.4,237.0,0.4,35
4220,2812587,21.5,20.0,783.5,False,45.3,243.0,0.4,35
4221,2872589,21.4,20.3,783.5,False,45.4,207.0,0.3,35
4222,2932588,21.3,20.4,783.5,False,45.5,69.0,0.3,35
4223,2992600,21.2,20.3,783.4,False,45.5,106.0,0.1,35
4224,3052606,21.3,20.3,783.4,False,45.6,239.0,0.1,35
4225,3112625,21.4,20.7,783.4,False,45.7,16.0,0.1,35
4226,3172612,21.5,20.4,783.4,False,45.6,278.0,0.1,35
4227,3232620,21.5,20.0,783.5,False,45.6,313.0,0.3,35
4228,3292619,21.8,19.8,783.5,False,45.6,252.0,0.3,35
4229,3352620,21.9,19.8,783.4,False,45.5,52.0,0.2,35
4230,3412617,22.0,20.0,783.5,False,45.5,77.0,0.2,35
4231,3472620,22.2,19.9,783.4,False,45.6,275.0,0.2,35
4232,3532617,22.1,20.1,783.4,False,45.7,299.0,0.4,35
4233,3592622,22.1,20.0,783.3,False,45.6,170.0,0.3,35
4234,3652622,22.1,19.6,783.4,False,45.5,260.0,0.2,35
4235,3712633,22.0,19.3,783.3,False,45.5,180.0,0.4,35
4236,3772637,22.0,19.6,783.4,False,45.8,127.0,0.4,35
4237,3832653,22.1,19.3,783.2,False,45.9,157.0,0.3,35
4238,3892654,22.1,19.2,783.3,False,45.9,123.0,0.7,35
4239,3952664,22.0,19.1,783.4,False,45.8,164.0,0.2,35
4240,4012680,21.9,19.2,783.4,False,45.8,261.0,0.4,35
4241,4072915,21.9,18.3,783.3,False,45.7,284.0,0.5,35
4242,4132713,21.9,18.3,783.3,False,45.7,254.0,0.2,35
4243,4192729,21.9,18.2,783.3,False,45.7,261.0,0.4,35
4244,4252745,21.9,17.9,783.3,False,45.7,259.0,0.6,35
4245,4312744,21.9,18.8,783.4,False,45.7,243.0,0.5,35
4246,4372746,22.1,19.0,783.3,False,45.5,241.0,0.5,35
4247,4432758,22.2,19.4,783.3,False,45.5,166.0,0.2,35
4248,4492743,22.2,19.3,783.3,False,45.6,204.0,0.6,35
4249,4552743,22.2,19.3,783.4,False,45.6,252.0,0.3,35
4250,4612743,22.3,19.2,783.4,False,45.6,253.0,0.8,35
4251,4672745,22.2,19.1,783.4,False,45.4,171.0,0.3,35
4252,4732757,22.0,18.8,783.4,False,45.4,139.0,0.3,35
4253,4792746,22.0,19.1,783.2,False,45.4,52.0,0.3,35
4254,4852755,22.0,18.9,783.4,False,45.7,268.0,0.5,35
4255,4912750,21.9,19.1,783.3,False,45.7,286.0,0.8,35
4256,4972743,21.9,19.2,783.3,False,45.2,311.0,0.4,35
4257,5032749,21.8,19.1,783.2,False,45.1,131.0,0.1,35
4258,5092764,21.9,19.1,783.3,False,45.1,281.0,0.1,35
4259,5152743,22.1,18.6,783.4,False,45.3,273.0,0.2,35
4260,5212744,22.1,18.4,783.4,False,45.4,292.0,0.3,35
4261,5272744,22.1,19.0,783.2,False,45.4,291.0,0.6,35
4262,5332746,22.0,19.4,783.2,False,45.2,291.0,0.6,35
4263,5392749,22.0,18.9,783.3,False,45.1,244.0,0.6,35
4264,5452747,22.0,19.1,783.2,False,45.2,0.0,0.1,35
4265,5512767,22.1,19.0,783.2,False,45.2,248.0,0.2,35
4266,5572746,22.2,19.4,783.2,False,45.3,269.0,0.5,35
4267,5632747,22.2,19.5,783.2,False,45.3,230.0,0.5,35
4268,5692744,22.3,19.2,783.2,False,45.0,240.0,0.6,35
4269,5752745,22.3,19.2,783.2,False,44.7,241.0,0.6,35
4270,5812743,22.3,19.4,783.2,False,44.5,305.0,0.1,35
4271,5872744,22.2,19.4,783.1,False,44.5,270.0,0.3,35
4272,5932744,22.2,19.5,783.2,False,44.3,196.0,0.2,35
4273,5992743,22.3,19.6,783.2,False,44.3,269.0,0.1,35
4274,6052744,22.2,19.3,783.2,False,44.4,243.0,0.2,35
4275,6112743,22.2,19.3,783.1,False,44.4,281.0,0.3,35
4276,6172743,22.1,19.3,783.2,False,44.2,325.0,0.7,35
4277,6232744,22.1,19.6,783.1,False,43.8,189.0,0.3,35
4278,55376,19.2,36.6,785.7,False,43.9,120.0,0.3,36
4279,115377,19.3,35.3,785.7,False,44.0,171.0,0.3,36
4280,175377,19.5,34.5,785.7,False,44.0,213.0,0.2,36
4281,235376,19.5,33.2,785.6,False,44.1,349.0,0.3,36
4282,295374,19.5,33.7,785.6,False,44.4,0.0,0.2,36
4283,355393,19.4,34.9,785.5,False,44.2,333.0,0.1,36
4284,415378,19.3,35.3,785.5,False,44.2,151.0,0.1,36
4285,475377,19.4,34.8,785.5,False,44.3,156.0,0.2,36
4286,535377,19.5,35.0,785.5,False,44.6,149.0,0.3,36
4287,595376,19.4,35.1,785.4,False,44.6,122.0,0.3,36
4288,655375,19.5,35.0,785.4,False,44.8,0.0,0.4,36
4289,715375,19.6,35.0,785.4,False,44.9,82.0,0.1,36
4290,775379,19.6,34.5,785.4,False,44.9,105.0,0.0,36
4291,835378,19.6,34.9,785.4,False,45.2,118.0,0.2,36
4292,895391,19.8,34.6,785.4,False,45.2,120.0,0.5,36
4293,955377,19.7,35.1,785.3,False,45.4,97.0,0.4,36
4294,1015378,19.6,34.6,785.3,False,45.5,97.0,0.2,36
4295,1075379,19.4,34.7,785.3,False,45.6,350.0,0.1,36
4296,1135379,19.5,34.2,785.2,False,45.7,261.0,0.1,36
4297,1195379,19.6,33.1,785.3,False,46.3,344.0,0.5,36
4298,1255419,19.7,33.7,785.2,False,45.7,163.0,0.3,36
4299,1315377,19.8,34.1,785.3,False,45.7,267.0,0.1,36
4300,1375377,20.0,33.3,785.2,False,46.0,244.0,0.3,36
4301,1435370,20.2,32.6,785.3,False,46.3,300.0,0.4,36
4302,1495379,20.1,32.6,785.2,False,46.3,262.0,0.5,36
4303,1555391,20.2,32.7,785.2,False,46.5,228.0,0.5,36
4304,1615391,20.3,32.0,785.2,False,46.7,359.0,0.5,36
4305,1675383,20.3,32.1,785.1,False,46.4,66.0,0.3,36
4306,1735415,20.4,31.6,785.2,False,46.4,158.0,0.1,36
4307,1795424,20.4,32.0,785.2,False,46.4,118.0,0.3,36
4308,1855427,20.4,31.2,785.1,False,46.7,319.0,0.1,36
4309,1915426,20.4,30.8,785.1,False,46.7,76.0,0.3,36
4310,1975426,20.3,31.0,785.2,False,46.7,253.0,0.2,36
4311,2035471,20.2,31.2,785.2,False,46.4,255.0,0.3,36
4312,2095426,20.2,31.2,785.1,False,46.6,309.0,0.1,36
4313,2155424,20.2,31.3,785.0,False,46.7,276.0,0.2,36
4314,2215425,20.3,31.7,785.0,False,46.8,220.0,0.3,36
4315,2275439,20.4,31.5,785.0,False,47.2,286.0,0.5,36
4316,2335456,20.3,31.5,785.0,False,47.3,302.0,0.7,36
4317,2395462,20.2,31.7,785.0,False,47.2,244.0,0.5,36
4318,2455476,20.3,32.0,785.0,False,47.4,302.0,0.3,36
4319,2515474,20.3,31.7,785.0,False,47.6,296.0,0.5,36
4320,2575488,20.3,31.9,784.9,False,47.7,294.0,0.6,36
4321,2635505,20.3,32.2,784.8,False,47.7,302.0,0.5,36
4322,2695505,20.2,32.3,784.8,False,47.7,279.0,0.4,36
4323,2755517,20.2,32.3,784.8,False,47.8,270.0,0.4,36
4324,2815504,20.2,32.2,784.8,False,47.7,339.0,0.5,36
4325,2875517,20.1,32.2,784.7,False,47.8,356.0,0.3,36
4326,2935504,20.2,32.2,784.7,False,47.8,356.0,0.3,36
4327,2995513,20.4,32.0,784.7,False,48.0,259.0,0.4,36
4328,3055503,20.5,31.8,784.6,False,48.0,240.0,0.7,36
4329,3115504,20.7,31.8,784.6,False,48.0,240.0,0.7,36
4330,3175513,20.8,31.8,784.6,False,48.3,4.0,0.8,36
4331,3235504,20.8,30.8,784.6,False,48.1,270.0,0.6,36
4332,3295504,21.0,30.9,784.5,False,48.1,233.0,0.6,36
4333,3355503,20.9,31.3,784.6,False,48.0,166.0,0.5,36
4334,3415503,20.8,31.7,784.5,False,47.8,285.0,0.3,36
4335,3475504,20.8,31.4,784.5,False,47.6,272.0,0.6,36
4336,3535507,20.7,31.8,784.5,False,47.6,280.0,0.4,36
4337,3595503,20.8,31.3,784.5,False,47.6,282.0,0.6,36
4338,3655504,20.7,31.0,784.4,False,47.6,289.0,0.5,36
4339,3715504,20.8,31.1,784.4,False,47.5,297.0,0.4,36
4340,3775504,20.7,31.3,784.3,False,47.5,355.0,0.6,36
4341,3835505,20.8,31.3,784.5,False,47.5,0.0,0.4,36
4342,3895547,20.9,31.3,784.4,False,47.6,335.0,0.1,36
4343,3955510,21.0,31.2,784.4,False,47.8,256.0,0.2,36
4344,4015504,21.2,31.2,784.4,False,47.8,256.0,0.2,36
4345,4075506,21.3,31.2,784.4,False,47.8,256.0,0.2,36
4346,4135522,21.2,30.5,784.3,False,47.9,238.0,0.4,36
4347,4195520,21.2,30.8,784.3,False,47.6,154.0,0.4,36
4348,4255519,21.1,32.0,784.3,False,47.2,211.0,0.2,36
4349,4315521,21.2,31.0,784.3,False,47.2,263.0,0.5,36
4350,4375537,21.2,31.1,784.3,False,47.4,311.0,0.3,36
4351,4435538,21.3,30.8,784.3,False,47.4,310.0,0.3,36
4352,4495552,21.3,31.1,784.2,False,47.4,209.0,0.3,36
4353,4555555,21.2,31.8,784.2,False,47.1,250.0,0.4,36
4354,4615550,21.1,31.7,784.2,False,47.0,175.0,0.4,36
4355,4675552,21.2,31.6,784.2,False,47.1,123.0,0.1,36
4356,4735552,21.2,31.9,784.1,False,47.2,166.0,0.3,36
4357,4795554,21.2,31.9,784.2,False,47.4,56.0,0.7,36
4358,4855555,21.2,32.1,784.1,False,47.3,146.0,0.3,36
4359,4915569,21.1,32.1,784.1,False,47.3,216.0,0.5,36
4360,4975572,21.2,31.6,784.1,False,48.0,135.0,0.3,36
4361,5035598,21.3,31.6,784.0,False,48.1,195.0,0.3,36
4362,5095602,21.3,31.4,784.0,False,48.3,130.0,0.3,36
4363,5155605,21.4,32.4,784.0,False,48.2,144.0,0.4,36
4364,5215597,21.5,31.5,784.1,False,48.2,150.0,0.5,36
4365,5275628,21.3,31.5,784.0,False,48.2,235.0,0.4,36
4366,5335631,21.3,31.3,784.0,False,48.1,266.0,0.3,36
4367,5395633,21.4,31.0,784.0,False,48.1,109.0,0.2,36
4368,5455629,21.4,30.8,784.0,False,48.4,133.0,0.4,36
4369,5515627,21.2,31.8,784.0,False,48.4,131.0,0.4,36
4370,5575633,21.2,31.8,783.9,False,48.3,158.0,0.4,36
4371,5635631,21.2,32.0,783.9,False,48.2,119.0,0.3,36
4372,5695631,21.2,32.6,783.8,False,48.3,108.0,0.7,36
4373,5755654,21.1,32.9,783.8,False,48.6,109.0,0.6,36
4374,5815629,21.2,32.6,783.8,False,48.4,112.0,0.8,36
4375,5875634,21.3,32.1,783.8,False,48.6,95.0,0.6,36
4376,5935633,21.2,32.4,783.7,False,48.2,121.0,0.3,36
4377,5995632,21.3,32.4,783.8,False,48.5,80.0,0.4,36
4378,6055654,21.5,32.0,783.8,False,48.4,110.0,0.6,36
4379,6115633,21.6,31.7,783.8,False,48.5,23.0,0.5,36
4380,6175635,21.6,31.1,783.7,False,48.8,134.0,0.2,36
4381,6235629,21.5,31.5,783.7,False,48.5,25.0,0.5,36
4382,6295633,21.5,31.6,783.7,False,48.4,8.0,0.4,36
4383,6355644,21.4,31.7,783.8,False,48.5,16.0,0.3,36
4384,6415644,21.4,31.7,783.9,False,48.5,79.0,0.4,36
4385,6475643,21.5,31.5,783.8,False,48.5,330.0,0.3,36
4386,6535642,21.7,31.3,783.8,False,48.6,0.0,0.5,36
4387,6595630,21.8,30.9,783.7,False,48.6,114.0,0.4,36
4388,6655628,21.7,31.1,783.7,False,48.6,47.0,0.2,36
4389,6715638,21.6,31.4,783.7,False,48.7,149.0,0.1,36
4390,6775631,21.6,30.5,783.7,False,48.8,259.0,0.5,36
4391,6835633,21.6,30.7,783.7,False,48.6,203.0,0.3,36
4392,6895631,21.7,31.3,783.8,False,48.6,220.0,0.3,36
4393,6955632,21.8,31.5,783.7,False,48.3,89.0,0.0,36
4394,7015632,21.7,31.3,783.6,False,48.3,285.0,0.1,36
4395,7075642,21.9,30.8,783.6,False,48.5,300.0,0.1,36
4396,7135633,21.9,30.8,783.5,False,48.6,346.0,0.4,36
4397,7195630,22.0,30.7,783.5,False,48.5,316.0,0.3,36
4398,7255633,21.9,30.6,783.5,False,48.5,292.0,0.3,36
4399,7315636,22.0,30.5,783.6,False,48.5,281.0,0.2,36
4400,7375632,22.0,29.8,783.5,False,48.9,285.0,0.4,36
4401,7435643,22.0,30.0,783.5,False,48.7,265.0,0.6,36
4402,7495633,22.0,30.1,783.4,False,48.4,270.0,0.6,36
4403,7555634,22.0,29.9,783.4,False,48.4,265.0,0.4,36
4404,7615634,22.2,30.1,783.6,False,48.4,86.0,0.4,36
4405,7675634,22.2,30.4,783.5,False,48.4,275.0,0.2,36
4406,7735659,22.3,29.9,783.5,False,48.5,0.0,0.5,36
4407,7795630,22.6,29.4,783.6,False,48.8,307.0,0.4,36
4408,7855631,22.7,29.6,783.5,False,48.5,245.0,0.3,36
4409,7915659,22.7,29.2,783.4,False,48.7,151.0,0.3,36
4410,7975643,22.7,29.2,783.4,False,48.7,151.0,0.3,36
4411,8035630,22.8,29.4,783.5,False,49.1,330.0,0.7,36
4412,8095629,22.8,29.2,783.4,False,49.1,150.0,0.2,36
4413,8155631,22.7,29.2,783.4,False,48.7,134.0,0.2,36
4414,8215630,22.6,29.2,783.4,False,48.7,134.0,0.2,36
4415,8275622,22.5,29.1,783.3,False,48.5,298.0,0.3,36
4416,8335634,22.6,28.2,783.3,False,48.4,134.0,0.2,36
4417,8395633,22.7,28.2,783.3,False,48.5,104.0,0.1,36
4418,8455654,22.7,27.4,783.3,False,48.5,52.0,0.4,36
4419,8515650,22.8,28.5,783.3,False,48.3,118.0,0.2,36
4420,8575662,22.7,28.0,783.3,False,48.3,0.0,0.3,36
4421,8635664,22.8,27.7,783.3,False,48.6,80.0,0.2,36
4422,8695676,22.9,27.9,783.2,False,48.6,118.0,0.3,36
4423,8755699,22.7,28.1,783.3,False,48.7,128.0,0.7,36
4424,8815694,22.5,28.3,783.2,False,48.9,120.0,0.8,36
4425,8875694,22.4,28.8,783.3,False,48.8,135.0,0.5,36
4426,8935712,22.4,28.1,783.3,False,48.8,138.0,0.5,36
4427,8995715,22.4,28.1,783.2,False,48.8,150.0,0.6,36
4428,9055723,22.5,28.1,783.2,False,48.9,140.0,0.5,36
4429,9115723,22.6,27.8,783.3,False,48.9,0.0,0.3,36
4430,9175725,22.6,27.8,783.3,False,48.9,0.0,0.3,36
4431,9235726,22.7,27.4,783.3,False,48.5,210.0,0.6,36
4432,9295734,22.7,27.6,783.1,False,48.3,221.0,0.3,36
4433,9355746,22.6,28.0,783.1,False,48.3,270.0,0.2,36
4434,9415757,22.5,28.0,783.1,False,48.3,299.0,0.5,36
4435,9475792,22.7,28.0,783.2,False,48.3,147.0,0.3,36
4436,9535752,23.0,27.7,783.2,False,48.3,181.0,0.3,36
4437,9595772,23.1,27.7,783.1,False,48.3,132.0,0.4,36
4438,9655775,23.2,27.3,783.2,False,48.3,146.0,0.6,36
4439,9715757,23.0,27.8,783.1,False,48.3,163.0,0.7,36
4440,9775757,22.9,27.7,783.2,False,48.2,64.0,0.5,36
4441,9835755,22.9,27.3,783.1,False,48.2,205.0,0.3,36
4442,10357,16.0,79.7,930.2,False,26.1,154.0,0.4,37
4443,70367,16.0,80.0,930.3,False,25.9,129.0,0.3,37
4444,130371,16.0,80.0,930.4,False,26.0,150.0,0.4,37
4445,190354,16.0,80.1,930.3,False,25.9,190.0,0.2,37
4446,250356,15.9,80.1,930.3,False,25.9,190.0,0.2,37
4447,310376,15.9,79.4,930.4,False,25.6,212.0,0.4,37
4448,370376,15.9,80.2,930.3,False,25.6,192.0,0.6,37
4449,430394,15.9,80.1,930.3,False,25.7,157.0,0.2,37
4450,490387,15.8,80.0,930.3,False,25.7,183.0,0.3,37
4451,550387,15.8,79.6,930.3,False,25.7,156.0,0.5,37
4452,610409,15.9,79.5,930.3,False,25.7,155.0,0.6,37
4453,670421,15.9,79.1,930.3,False,25.7,178.0,0.4,37
4454,730393,15.8,79.2,930.3,False,25.7,172.0,0.5,37
4455,790389,15.8,79.7,930.3,False,25.7,193.0,0.5,37
4456,850387,15.9,79.7,930.3,False,25.7,193.0,0.5,37
4457,910388,15.8,79.7,930.3,False,25.8,154.0,0.3,37
4458,970388,15.8,80.0,930.4,False,25.7,201.0,0.3,37
4459,1030386,15.8,80.3,930.2,False,25.9,233.0,0.4,37
4460,1090387,15.9,80.3,930.2,False,25.9,233.0,0.4,37
4461,1150388,15.9,79.4,930.2,False,26.2,173.0,0.6,37
4462,1210389,15.9,79.3,930.3,False,26.2,174.0,0.5,37
4463,1270387,15.9,78.1,930.3,False,26.2,179.0,0.5,37
4464,1330389,16.0,78.1,930.3,False,26.2,179.0,0.5,37
4465,1390379,16.0,78.7,930.3,False,25.8,167.0,0.4,37
4466,1450389,16.0,78.7,930.3,False,25.8,167.0,0.4,37
4467,1510388,16.0,78.8,930.2,False,25.8,192.0,0.3,37
4468,1570388,15.9,78.8,930.2,False,25.8,192.0,0.3,37
4469,1630389,15.9,78.8,930.2,False,25.8,192.0,0.3,37
4470,1690387,15.8,78.8,930.2,False,25.8,192.0,0.3,37
4471,1750391,15.8,79.2,930.3,False,25.1,167.0,0.6,37
4472,1810393,15.8,79.2,930.3,False,25.1,167.0,0.6,37
4473,1870407,15.8,80.5,930.3,False,25.0,166.0,0.4,37
4474,1930390,15.7,80.9,930.4,False,25.0,154.0,0.3,37
4475,1990401,15.7,81.0,930.3,False,25.0,169.0,0.3,37
4476,2050397,15.7,81.0,930.3,False,25.0,169.0,0.3,37
4477,2110397,15.7,80.4,930.3,False,24.9,173.0,0.5,37
4478,2170391,15.7,80.5,930.3,False,24.9,218.0,0.5,37
4479,2230408,15.7,80.4,930.4,False,24.9,200.0,0.5,37
4480,2290382,15.7,80.4,930.4,False,24.9,200.0,0.5,37
4481,2350389,15.7,80.1,930.4,False,24.7,175.0,0.7,37
4482,2410405,15.6,80.1,930.4,False,24.7,175.0,0.7,37
4483,2470388,15.6,79.6,930.3,False,24.6,168.0,0.4,37
4484,2530392,15.6,79.6,930.3,False,24.6,168.0,0.4,37
4485,2590389,15.6,79.9,930.4,False,24.6,169.0,0.5,37
4486,2650396,15.6,79.9,930.4,False,24.6,169.0,0.5,37
4487,2710387,15.6,80.2,930.4,False,24.7,192.0,0.5,37
4488,2770396,15.6,80.2,930.4,False,24.7,187.0,0.3,37
4489,2830388,15.6,80.1,930.5,False,24.7,164.0,0.3,37
4490,2890390,15.6,79.5,930.4,False,24.7,178.0,0.6,37
4491,2950389,15.7,79.3,930.4,False,24.6,170.0,0.7,37
4492,3010397,15.7,79.7,930.3,False,24.5,197.0,0.5,37
4493,3070440,15.6,79.5,930.4,False,24.5,169.0,0.5,37
4494,3130404,15.6,80.0,930.4,False,24.7,161.0,0.5,37
4495,3190388,15.6,80.4,930.4,False,24.8,201.0,0.5,37
4496,3250389,15.6,80.4,930.4,False,24.8,201.0,0.5,37
4497,3310388,15.7,80.7,930.4,False,24.6,148.0,0.3,37
4498,3370387,15.7,79.9,930.4,False,24.6,157.0,0.4,37
4499,3430387,15.6,80.5,930.5,False,24.4,187.0,0.8,37
4500,3490389,15.6,80.5,930.5,False,24.4,187.0,0.8,37
4501,3550386,15.6,80.6,930.5,False,24.2,171.0,0.4,37
4502,3610385,15.5,80.8,930.5,False,24.2,160.0,0.5,37
4503,3670388,15.5,80.8,930.3,False,24.2,156.0,0.6,37
4504,3730389,15.5,81.5,930.5,False,24.1,172.0,0.6,37
4505,3790386,15.5,81.4,930.4,False,24.1,178.0,0.6,37
4506,3850386,15.4,81.7,930.5,False,24.0,160.0,0.5,37
4507,3910380,15.4,81.2,930.4,False,24.0,181.0,0.6,37
4508,3970388,15.4,81.6,930.5,False,24.0,157.0,0.5,37
4509,4030391,15.4,81.3,930.4,False,24.0,161.0,0.5,37
4510,4090389,15.4,81.4,930.4,False,24.0,164.0,0.5,37
4511,4150419,15.5,81.3,930.4,False,24.1,186.0,0.5,37
4512,4210388,15.5,81.2,930.4,False,24.1,133.0,0.6,37
4513,4270386,15.5,81.4,930.4,False,24.0,163.0,0.5,37
4514,4330395,15.5,81.5,930.4,False,24.0,189.0,0.4,37
4515,4390389,15.5,81.5,930.4,False,24.1,176.0,0.5,37
4516,4450396,15.5,82.0,930.4,False,24.0,167.0,0.6,37
4517,4510391,15.4,82.0,930.4,False,24.0,167.0,0.6,37
4518,4570386,15.4,81.9,930.4,False,24.1,175.0,0.3,37
4519,4630388,15.5,81.6,930.5,False,24.1,183.0,0.5,37
4520,18370,23.9,56.7,927.1,False,55.9,0.0,0.3,38
4521,78368,23.9,57.0,927.1,False,55.7,154.0,0.1,38
4522,138369,23.8,57.0,927.2,False,55.5,187.0,0.6,38
4523,198376,23.6,57.5,927.1,False,55.5,147.0,0.6,38
4524,258384,23.6,57.4,927.2,False,55.1,190.0,0.3,38
4525,318399,23.6,56.2,927.2,False,56.3,154.0,0.2,38
4526,378413,23.7,56.2,927.2,False,56.3,154.0,0.2,38
4527,438413,23.7,56.2,927.2,False,56.3,154.0,0.2,38
4528,498418,23.6,56.2,927.2,False,56.3,154.0,0.2,38
4529,558404,23.8,56.2,927.2,False,56.3,154.0,0.2,38
4530,618413,23.8,57.0,927.2,False,55.1,169.0,0.3,38
4531,678414,23.5,57.7,927.2,False,54.7,179.0,0.6,38
4532,738415,23.5,57.8,927.1,False,54.7,158.0,0.5,38
4533,798415,23.4,57.4,927.1,False,55.3,168.0,0.4,38
4534,858414,23.6,57.2,927.2,False,55.5,211.0,0.3,38
4535,918414,23.9,56.6,927.1,False,55.5,154.0,0.3,38
4536,978417,23.9,56.3,927.0,False,55.6,210.0,0.3,38
4537,1038414,23.9,56.3,927.0,False,55.6,213.0,0.3,38
4538,1098418,23.9,55.8,927.1,False,55.4,198.0,0.5,38
4539,1158432,23.7,56.6,927.0,False,54.7,166.0,0.4,38
4540,1218439,23.6,56.3,926.9,False,54.6,194.0,0.3,38
4541,1278445,23.6,54.6,927.0,False,56.3,189.0,0.3,38
4542,1338461,24.0,55.2,926.9,False,56.3,175.0,0.3,38
4543,1398453,24.0,55.4,927.0,False,55.2,0.0,0.3,38
4544,1458463,23.9,56.9,927.0,False,55.2,168.0,0.3,38
4545,1518803,24.0,56.8,926.9,False,55.4,176.0,0.3,38
4546,1578462,23.7,55.9,926.8,False,55.4,172.0,0.5,38
4547,1638478,23.7,57.0,926.9,False,55.0,200.0,0.5,38
4548,1698470,23.7,56.6,926.9,False,54.7,152.0,0.2,38
4549,1758492,23.6,57.0,926.9,False,54.8,214.0,0.4,38
4550,1818491,23.6,57.0,926.9,False,55.2,245.0,0.4,38
4551,1878492,23.6,57.6,926.9,False,55.2,164.0,0.4,38
4552,1938485,23.4,58.1,926.9,False,54.5,197.0,0.4,38
4553,1998493,23.3,59.3,926.8,False,54.1,152.0,0.4,38
4554,2058492,23.1,59.5,926.8,False,54.1,183.0,0.4,38
4555,2118492,23.1,59.5,926.8,False,54.3,188.0,0.1,38
4556,2178492,23.0,59.2,926.7,False,54.3,130.0,0.2,38
4557,2238490,23.2,58.2,926.7,False,55.0,126.0,0.1,38
4558,2298494,23.2,58.0,926.7,False,55.1,126.0,0.2,38
4559,2358493,23.4,56.7,926.8,False,55.1,189.0,0.2,38
4560,2418494,23.3,56.8,926.8,False,54.9,162.0,0.3,38
4561,2478498,23.4,58.2,926.8,False,54.5,177.0,0.6,38
4562,2538492,23.4,58.5,926.7,False,54.5,198.0,0.4,38
4563,2598495,23.3,59.1,926.8,False,54.1,179.0,0.3,38
4564,2658497,23.3,58.7,926.9,False,54.1,146.0,0.5,38
4565,2718493,23.3,58.8,926.9,False,54.7,169.0,0.5,38
4566,2778536,23.2,58.4,926.9,False,54.7,173.0,0.4,38
4567,2838512,23.5,58.2,926.8,False,53.9,176.0,0.3,38
4568,2898510,23.5,59.1,926.9,False,54.0,187.0,0.3,38
4569,2958511,23.5,59.6,926.9,False,54.0,235.0,0.5,38
4570,3018537,23.2,58.8,927.0,False,53.7,162.0,0.2,38
4571,3078540,23.2,59.6,926.9,False,54.1,197.0,0.4,38
4572,3138555,23.1,59.8,927.0,False,54.1,171.0,0.3,38
4573,3198551,23.1,60.2,927.1,False,54.1,158.0,0.3,38
4574,3258553,23.1,60.5,927.0,False,54.0,191.0,0.3,38
4575,3318585,23.2,60.4,927.0,False,54.1,151.0,0.3,38
4576,3378570,23.4,60.5,927.0,False,54.1,205.0,0.5,38
4577,3438587,23.4,60.1,927.0,False,54.0,176.0,0.6,38
4578,3498592,23.3,60.9,926.9,False,53.9,177.0,0.5,38
4579,3558586,23.3,61.3,927.0,False,53.1,168.0,0.6,38
4580,3618588,22.9,60.6,926.9,False,53.5,168.0,0.5,38
4581,3678588,22.9,61.2,927.0,False,53.4,172.0,0.5,38
4582,3738594,22.8,61.9,927.0,False,52.1,164.0,0.5,38
4583,3798593,22.8,61.9,927.0,False,52.1,164.0,0.5,38
4584,3858586,23.0,62.5,926.9,False,51.8,178.0,0.4,38
4585,3918584,23.1,61.6,927.0,False,51.7,193.0,0.8,38
4586,3978603,23.1,62.9,927.0,False,51.9,339.0,0.5,38
4587,4038602,23.0,62.9,927.0,False,51.9,339.0,0.5,38
4588,4098625,23.0,61.9,926.8,False,51.9,156.0,0.5,38
4589,4158618,22.9,60.9,927.0,False,51.7,173.0,0.5,38
4590,4218621,22.9,61.6,927.0,False,51.4,212.0,0.5,38
4591,4278621,22.8,61.2,927.0,False,51.8,163.0,0.3,38
4592,4338617,22.8,61.5,927.1,False,51.5,175.0,0.4,38
4593,4398608,22.8,61.5,927.2,False,51.9,160.0,0.6,38
4594,4458619,22.8,61.2,927.0,False,51.8,198.0,0.2,38
4595,4518621,22.8,61.2,927.0,False,51.8,198.0,0.2,38
4596,4578619,22.8,61.1,927.0,False,52.1,148.0,0.4,38
4597,4638619,22.7,60.2,926.9,False,52.3,239.0,0.4,38
4598,4698617,22.7,60.2,926.9,False,52.3,239.0,0.4,38
4599,4758617,22.7,60.7,926.9,False,51.2,1.0,0.3,38
4600,4818620,22.6,60.2,926.9,False,51.2,93.0,0.3,38
4601,4878616,22.7,62.1,927.1,False,50.0,251.0,0.4,38
4602,4938618,22.6,62.1,927.1,False,50.0,251.0,0.4,38
4603,4998625,22.6,62.3,927.0,False,50.0,135.0,0.5,38
4604,5058634,22.7,63.0,927.0,False,50.2,206.0,0.3,38
4605,5118638,22.7,62.4,927.0,False,50.4,137.0,0.3,38
4606,5178638,22.6,62.1,927.2,False,50.5,40.0,0.4,38
4607,5238645,22.6,62.7,927.0,False,50.2,181.0,0.5,38
4608,5298666,22.7,62.7,927.0,False,50.2,181.0,0.5,38
4609,5358682,22.7,63.0,927.1,False,50.2,199.0,0.4,38
4610,5418700,22.6,62.9,927.1,False,49.8,152.0,0.5,38
4611,5478694,22.6,63.0,927.1,False,49.6,151.0,0.3,38
4612,5538712,22.8,63.0,927.1,False,49.6,151.0,0.3,38
4613,5598718,22.8,62.8,927.1,False,49.6,147.0,0.5,38
4614,5658713,22.9,62.8,927.1,False,49.6,147.0,0.5,38
4615,5718711,22.8,62.2,927.1,False,49.1,173.0,0.4,38
4616,5778727,22.9,62.2,927.1,False,49.1,173.0,0.4,38
4617,5838749,23.0,61.5,927.0,False,49.2,182.0,0.2,38
4618,5898742,23.0,61.0,927.0,False,49.2,169.0,0.5,38
4619,5958742,23.0,61.0,927.0,False,49.2,169.0,0.5,38
4620,6018754,23.1,61.3,927.0,False,49.0,196.0,0.5,38
4621,6078744,23.1,61.3,927.0,False,49.0,196.0,0.5,38
4622,6138747,23.2,62.0,926.9,False,49.3,169.0,0.3,38
4623,6198744,23.2,62.0,926.9,False,49.3,169.0,0.3,38
4624,6258760,23.3,60.6,927.0,False,50.8,160.0,0.3,38
4625,6318738,23.3,60.6,927.0,False,50.8,160.0,0.3,38
4626,6378741,23.1,61.6,926.9,False,51.7,229.0,0.4,38
4627,6438745,23.0,61.6,926.9,False,51.7,229.0,0.4,38
4628,6498743,23.1,61.1,927.0,False,50.7,172.0,0.3,38
4629,6558741,23.1,60.3,926.9,False,51.2,148.0,0.3,38
4630,6618742,23.2,60.5,926.9,False,51.2,207.0,0.3,38
4631,6678742,23.2,60.7,927.0,False,51.3,161.0,0.4,38
4632,6738744,23.2,60.7,927.0,False,51.3,161.0,0.4,38
4633,6798741,23.1,59.9,926.9,False,51.3,184.0,0.4,38
4634,6858742,23.2,59.4,926.9,False,51.0,253.0,0.5,38
4635,6918743,23.2,59.5,927.0,False,51.0,185.0,0.7,38
4636,6978742,23.2,58.9,926.9,False,50.4,238.0,0.3,38
4637,7038746,23.2,58.6,926.9,False,50.4,160.0,0.3,38
4638,7098744,23.2,58.7,927.0,False,50.4,198.0,0.6,38
4639,7158743,23.1,59.2,927.0,False,50.7,196.0,0.6,38
4640,7218746,23.0,60.2,926.9,False,49.6,184.0,0.7,38
4641,7278742,22.9,60.1,926.9,False,49.6,207.0,0.6,38
4642,7338744,22.9,61.4,926.7,False,49.3,184.0,0.5,38
4643,7398753,22.9,60.9,926.9,False,49.7,152.0,0.4,38
4644,7458781,22.9,59.1,926.8,False,49.8,167.0,0.3,38
4645,7518743,22.9,59.6,926.9,False,49.6,123.0,0.3,38
4646,7578744,23.0,58.8,926.8,False,49.6,150.0,0.2,38
4647,7638742,23.0,57.9,926.7,False,49.8,175.0,0.3,38
4648,7698743,23.2,58.7,926.8,False,50.1,180.0,0.3,38
4649,7758744,23.2,59.6,926.8,False,49.7,170.0,0.4,38
4650,7818746,23.2,59.6,926.8,False,49.7,170.0,0.4,38
4651,7878741,23.3,60.8,926.8,False,48.6,175.0,0.3,38
4652,7938743,23.2,60.6,926.8,False,48.6,164.0,0.5,38
4653,7998759,23.2,62.4,926.8,False,48.3,192.0,0.7,38
4654,8058743,22.9,61.7,926.7,False,48.3,192.0,0.3,38
4655,8118742,22.9,60.8,926.8,False,48.5,144.0,0.5,38
4656,8178744,22.8,61.4,926.8,False,48.5,179.0,0.4,38
4657,8238743,22.8,62.0,926.8,False,47.8,173.0,0.4,38
4658,8298744,22.7,61.4,926.8,False,47.8,165.0,0.3,38
4659,8358743,22.8,61.7,926.9,False,47.8,192.0,0.4,38
4660,8418750,22.8,62.0,926.8,False,47.0,157.0,0.4,38
4661,8478744,22.8,62.0,926.8,False,47.0,157.0,0.4,38
4662,8538742,22.9,62.4,926.8,False,47.0,164.0,0.4,38
4663,8598745,22.9,63.3,926.8,False,47.0,192.0,0.5,38
4664,8658743,22.9,64.2,926.8,False,46.7,157.0,0.2,38
4665,8718747,22.6,64.2,926.8,False,46.7,157.0,0.2,38
4666,8778745,22.8,64.1,926.8,False,46.4,173.0,0.3,38
4667,8838744,22.8,63.5,926.7,False,46.3,231.0,0.5,38
4668,8898742,22.8,63.5,926.7,False,46.3,231.0,0.5,38
4669,8958743,22.8,63.2,926.7,False,46.3,169.0,0.4,38
4670,9018742,22.8,63.0,926.7,False,46.1,178.0,0.3,38
4671,9078743,22.8,62.7,926.7,False,46.0,182.0,0.4,38
4672,9138744,22.7,62.8,926.7,False,45.5,197.0,0.4,38
4673,9198744,22.7,63.2,926.6,False,44.6,184.0,0.5,38
4674,9258741,22.6,63.7,926.6,False,43.9,181.0,0.5,38
4675,9318745,22.5,63.7,926.6,False,43.9,181.0,0.5,38
4676,9378741,22.6,62.8,926.6,False,43.4,195.0,0.5,38
4677,9438742,22.7,63.2,926.7,False,42.7,174.0,0.6,38
4678,31636,26.3,64.6,1009.3,False,30.3,145.0,0.2,39
4679,91636,26.3,64.9,1009.4,False,30.2,144.0,0.3,39
4680,151642,26.3,65.3,1009.4,False,30.1,110.0,0.5,39
4681,211647,26.2,65.3,1009.3,False,30.1,131.0,0.5,39
4682,271634,26.2,65.2,1009.4,False,30.1,119.0,0.4,39
4683,331651,26.2,65.1,1009.2,False,30.1,130.0,0.1,39
4684,391667,26.2,65.2,1009.4,False,30.1,173.0,0.4,39
4685,451679,26.2,65.2,1009.3,False,30.1,166.0,0.1,39
4686,511669,26.2,65.3,1009.4,False,30.1,169.0,0.2,39
4687,571668,26.2,65.6,1009.4,False,29.9,150.0,0.2,39
4688,631667,26.2,65.7,1009.3,False,29.8,153.0,0.3,39
4689,691667,26.2,65.6,1009.3,False,29.8,125.0,0.2,39
4690,751663,26.2,65.8,1009.2,False,29.8,133.0,0.3,39
4691,811671,26.2,65.8,1009.4,False,29.8,128.0,0.2,39
4692,871668,26.2,65.8,1009.3,False,29.9,162.0,0.3,39
4693,931667,26.2,66.1,1009.4,False,29.8,146.0,0.2,39
4694,991678,26.1,66.4,1009.4,False,29.8,156.0,0.4,39
4695,1051660,26.1,66.5,1009.4,False,29.6,143.0,0.3,39
4696,1111670,26.1,66.5,1009.4,False,29.6,157.0,0.2,39
4697,1171666,26.1,66.3,1009.4,False,29.7,160.0,0.3,39
4698,1231668,26.0,66.3,1009.4,False,29.6,164.0,0.1,39
4699,1291667,26.1,66.3,1009.5,False,29.5,151.0,0.1,39
4700,1351667,26.1,66.4,1009.5,False,29.5,127.0,0.1,39
4701,1411671,26.1,66.2,1009.5,False,29.5,172.0,0.3,39
4702,1471670,26.1,66.1,1009.5,False,29.6,123.0,0.2,39
4703,1531710,26.1,65.9,1009.5,False,29.5,130.0,0.1,39
4704,1591667,26.1,66.0,1009.6,False,29.5,129.0,0.1,39
4705,1651665,26.1,65.8,1009.5,False,29.5,126.0,0.3,39
4706,1711665,26.1,65.5,1009.7,False,29.5,144.0,0.3,39
4707,1771672,26.1,65.5,1009.6,False,29.4,150.0,0.4,39
4708,1831658,26.1,65.3,1009.6,False,29.5,94.0,0.3,39
4709,1891671,26.1,65.4,1009.7,False,29.5,157.0,0.1,39
4710,1951684,26.1,65.5,1009.6,False,29.5,125.0,0.1,39
4711,2011674,26.0,65.8,1009.5,False,29.3,130.0,0.1,39
4712,2071656,26.0,66.1,1009.6,False,29.1,0.0,0.2,39
4713,2131665,26.0,66.2,1009.6,False,29.1,166.0,0.2,39
4714,2191667,26.0,66.4,1009.6,False,29.2,166.0,0.1,39
4715,2251666,26.0,66.3,1009.6,False,29.2,145.0,0.2,39
4716,2311668,26.0,65.8,1009.6,False,29.4,145.0,0.3,39
4717,2371687,26.0,66.0,1009.6,False,29.3,173.0,0.2,39
4718,2431667,25.9,66.3,1009.6,False,29.2,141.0,0.2,39
4719,2491667,25.9,66.4,1009.6,False,29.1,166.0,0.2,39
4720,2551672,25.9,66.7,1009.6,False,29.1,102.0,0.1,39
4721,2611683,25.9,66.9,1009.6,False,29.0,182.0,0.1,39
4722,2672250,25.8,67.1,1009.6,False,29.0,0.0,0.1,39
4723,2731667,25.8,67.1,1009.7,False,29.0,165.0,0.1,39
4724,2791666,25.9,67.3,1009.6,False,29.0,138.0,0.2,39
4725,2851667,25.9,67.3,1009.6,False,29.0,165.0,0.2,39
4726,2911668,25.8,67.4,1009.6,False,29.0,134.0,0.2,39
4727,2971670,25.9,67.1,1009.6,False,29.0,120.0,0.2,39
4728,3031668,25.8,67.3,1009.7,False,29.0,0.0,0.1,39
4729,3091682,25.8,67.4,1009.7,False,29.1,133.0,0.1,39
4730,3151664,25.8,67.3,1009.7,False,28.9,178.0,0.2,39
4731,3211666,25.8,67.4,1009.6,False,28.9,119.0,0.2,39
4732,3271668,25.8,67.3,1009.6,False,28.9,144.0,0.2,39
4733,3331667,25.8,67.4,1009.8,False,28.9,116.0,0.2,39
4734,3391667,25.7,67.5,1009.8,False,28.8,107.0,0.1,39
4735,3451677,25.8,67.5,1009.8,False,28.8,124.0,0.1,39
4736,3511666,25.8,67.7,1009.8,False,28.7,139.0,0.3,39
4737,3571666,25.8,67.3,1009.8,False,28.8,149.0,0.3,39
4738,3631668,25.8,67.1,1009.8,False,28.9,100.0,0.2,39
4739,3691658,25.8,67.3,1009.8,False,28.9,112.0,0.1,39
4740,3751663,25.7,67.3,1009.8,False,28.7,189.0,0.1,39
4741,3811674,25.7,67.6,1009.8,False,28.7,93.0,0.1,39
4742,3871664,25.7,67.6,1009.8,False,28.6,102.0,0.1,39
4743,3931654,25.6,67.7,1009.8,False,28.6,144.0,0.1,39
4744,3991664,25.6,67.9,1009.7,False,28.6,0.0,0.1,39
4745,4051666,25.6,68.1,1009.8,False,28.5,4.0,0.1,39
4746,4111667,25.6,68.0,1009.8,False,28.6,151.0,0.1,39
4747,4171671,25.6,68.0,1009.9,False,28.6,176.0,0.2,39
4748,4231670,25.6,68.1,1009.9,False,28.6,133.0,0.1,39
4749,4291673,25.6,68.0,1009.8,False,28.5,124.0,0.1,39
4750,4351686,25.6,68.0,1009.9,False,28.5,138.0,0.2,39
4751,4411710,25.6,68.1,1010.0,False,28.5,173.0,0.2,39
4752,4471698,25.6,68.2,1009.9,False,28.5,145.0,0.1,39
4753,4531696,25.6,68.2,1009.9,False,28.5,140.0,0.1,39
4754,4591714,25.6,68.4,1010.0,False,28.4,147.0,0.3,39
4755,4651715,25.6,68.6,1009.9,False,28.4,0.0,0.3,39
4756,35648,27.4,69.1,1011.6,False,33.8,155.0,0.3,40
4757,95635,27.4,69.2,1011.7,False,33.5,155.0,0.4,40
4758,155644,27.3,69.6,1011.7,False,33.4,106.0,0.4,40
4759,215660,27.3,69.7,1011.7,False,32.7,119.0,0.6,40
4760,275660,27.2,69.5,1011.7,False,32.7,131.0,0.5,40
4761,335668,27.2,69.6,1011.7,False,32.8,114.0,0.6,40
4762,395679,27.2,69.9,1011.8,False,32.8,107.0,0.7,40
4763,455675,27.2,69.9,1011.7,False,32.6,98.0,0.6,40
4764,515705,27.2,70.2,1011.7,False,32.5,91.0,0.5,40
4765,575685,27.1,70.1,1011.7,False,32.4,106.0,0.5,40
4766,635699,27.1,70.1,1011.8,False,32.5,171.0,0.4,40
4767,695725,27.1,69.6,1011.7,False,32.6,113.0,0.2,40
4768,755722,27.1,69.3,1011.8,False,33.2,109.0,0.5,40
4769,815721,27.1,69.5,1011.8,False,33.2,100.0,0.4,40
4770,875736,27.1,69.1,1011.8,False,32.6,95.0,0.4,40
4771,935755,27.0,69.6,1011.9,False,32.6,107.0,0.8,40
4772,995756,27.0,69.9,1011.8,False,32.4,86.0,0.4,40
4773,1055752,27.0,70.0,1011.9,False,32.4,94.0,0.3,40
4774,1115755,27.1,70.1,1011.8,False,32.5,116.0,0.2,40
4775,1175754,27.0,69.9,1011.9,False,32.5,94.0,0.6,40
4776,1235751,27.0,70.2,1011.8,False,32.7,123.0,0.5,40
4777,1295754,27.0,70.2,1011.9,False,32.3,106.0,0.5,40
4778,1355753,27.0,70.6,1011.9,False,32.1,121.0,0.4,40
4779,1415753,26.9,70.3,1011.8,False,32.0,103.0,0.5,40
4780,1475755,27.0,70.5,1011.9,False,32.1,97.0,0.5,40
4781,1535770,27.0,70.8,1011.9,False,32.3,115.0,0.5,40
4782,1596256,27.0,70.8,1011.9,False,32.2,104.0,0.6,40
4783,1655783,26.9,71.5,1011.9,False,32.1,120.0,0.5,40
4784,1715769,26.9,71.5,1011.9,False,32.1,120.0,0.5,40
4785,1775760,26.9,72.5,1011.9,False,32.0,194.0,0.2,40
4786,1835775,26.9,72.8,1011.9,False,32.0,117.0,0.4,40
4787,1895783,26.9,73.1,1012.0,False,31.9,162.0,0.6,40
4788,1955787,26.8,73.3,1012.0,True,31.9,114.0,0.4,40
4789,2015801,26.8,73.6,1012.0,True,31.8,133.0,0.4,40
4790,2075817,26.7,74.1,1012.0,True,31.7,0.0,0.4,40
4791,2135831,26.7,74.1,1011.8,False,31.6,111.0,0.5,40
4792,2195849,26.7,74.5,1011.9,False,31.6,114.0,0.5,40
4793,2255845,26.7,74.7,1012.0,False,31.6,99.0,0.4,40
4794,2315849,26.7,75.0,1012.0,False,31.5,121.0,0.4,40
4795,2375842,26.6,75.0,1012.0,False,31.5,105.0,0.6,40
4796,2435847,26.6,75.1,1012.0,False,31.3,120.0,0.5,40
4797,2495846,26.6,75.0,1012.1,False,31.3,106.0,0.4,40
4798,2555863,26.6,75.3,1012.0,False,31.3,142.0,0.6,40
4799,2615868,26.6,75.1,1012.0,False,31.3,100.0,0.2,40
4800,2675879,26.5,74.8,1012.1,False,31.4,100.0,0.5,40
4801,2735877,26.5,74.9,1012.0,False,31.4,109.0,0.4,40
4802,2795879,26.5,75.0,1012.1,False,31.2,97.0,0.5,40
4803,2855875,26.5,75.3,1012.1,False,31.2,96.0,0.6,40
4804,2915879,26.5,75.6,1012.1,False,30.9,110.0,0.6,40
4805,2975879,26.5,75.5,1012.0,False,31.0,92.0,0.4,40
4806,3035878,26.5,75.4,1012.1,False,31.1,88.0,0.4,40
4807,3095878,26.5,75.4,1012.1,False,31.1,88.0,0.4,40
4808,3155878,26.4,75.4,1012.1,False,31.1,88.0,0.4,40
4809,3215878,26.3,75.4,1012.1,False,31.1,88.0,0.4,40
4810,3275882,26.3,75.4,1012.1,False,31.1,88.0,0.4,40
4811,3335880,26.3,75.4,1012.1,False,31.3,101.0,0.3,40
4812,3395889,26.4,75.2,1012.1,False,31.3,108.0,0.5,40
4813,3455878,26.4,75.5,1012.1,False,31.3,100.0,0.6,40
4814,3515880,26.4,75.3,1012.1,False,30.8,114.0,0.3,40
4815,3575878,26.4,75.4,1012.2,False,31.0,95.0,0.4,40
4816,3635877,26.4,75.2,1012.2,False,30.8,119.0,0.2,40
4817,3695870,26.4,75.2,1012.0,False,30.8,105.0,0.3,40
4818,3755876,26.4,74.9,1012.1,False,30.9,105.0,0.6,40
4819,3815869,26.4,75.3,1012.0,False,30.9,101.0,0.7,40
4820,3875881,26.3,75.4,1012.0,False,30.6,103.0,0.3,40
4821,3935879,26.4,75.5,1012.0,False,30.6,176.0,0.5,40
4822,3995869,26.4,75.4,1012.1,False,30.8,109.0,0.3,40
4823,4055880,26.4,75.4,1012.0,False,30.4,132.0,0.4,40
4824,4115877,26.3,75.2,1012.0,False,30.8,177.0,0.4,40
4825,4175880,26.3,75.1,1012.1,False,30.6,146.0,0.5,40
4826,4235879,26.3,75.3,1012.0,False,30.4,121.0,0.4,40
4827,4295879,26.3,75.5,1012.1,False,30.4,118.0,0.5,40
4828,4355877,26.3,75.6,1012.0,False,30.4,110.0,0.4,40
4829,4415886,26.3,75.3,1012.0,False,30.5,110.0,0.3,40
4830,4475879,26.3,75.6,1012.3,False,30.4,106.0,0.7,40
4831,4535878,26.3,75.7,1012.1,False,30.3,121.0,0.5,40
4832,4595877,26.3,75.7,1012.2,False,30.4,89.0,0.6,40
4833,4655893,26.3,75.8,1012.1,False,30.4,140.0,0.5,40
4834,4715893,26.3,75.9,1012.1,False,30.2,146.0,0.5,40
4835,4775910,26.3,75.9,1012.1,False,30.4,98.0,0.3,40
4836,4835924,26.3,75.8,1012.2,False,30.4,119.0,0.7,40
4837,4895924,26.3,76.1,1012.1,False,30.4,107.0,0.7,40
4838,4955924,26.3,76.2,1012.2,False,30.0,97.0,0.5,40
4839,5015925,26.3,76.3,1012.1,False,30.1,135.0,0.6,40
4840,5075924,26.3,76.3,1012.2,False,30.1,32.0,0.3,40
4841,5135924,26.3,76.3,1012.3,False,30.1,148.0,0.4,40
4842,5195929,26.2,76.4,1012.3,False,30.0,143.0,0.4,40
4843,5255928,26.2,76.6,1012.3,False,30.1,0.0,0.4,40
4844,5315924,26.2,76.9,1012.3,False,30.1,209.0,0.4,40
4845,5375924,26.2,76.9,1012.3,False,30.1,100.0,0.5,40
4846,5435927,26.2,77.1,1012.4,False,30.0,95.0,0.4,40
4847,5495926,26.2,77.3,1012.4,False,29.8,112.0,0.4,40
4848,5555926,26.2,77.6,1012.4,False,29.8,182.0,0.5,40
4849,5615936,26.2,77.6,1012.4,False,29.8,98.0,0.2,40
4850,5675933,26.2,77.8,1012.4,False,29.7,136.0,0.6,40
4851,5735924,26.2,78.0,1012.3,False,29.8,95.0,0.2,40
4852,5795946,26.2,78.2,1012.3,False,29.7,105.0,0.3,40
4853,5855940,26.1,78.5,1012.4,False,29.7,111.0,0.3,40
4854,5915955,26.1,78.7,1012.4,False,29.6,107.0,0.3,40
4855,5975975,26.1,78.8,1012.4,False,29.6,104.0,0.4,40
4856,6035988,26.1,78.9,1012.4,False,29.6,118.0,0.4,40
4857,6095986,26.1,79.0,1012.4,False,29.5,111.0,0.5,40
4858,6155989,26.1,79.0,1012.4,False,29.7,194.0,0.3,40
4859,6215987,26.1,79.0,1012.5,False,29.7,153.0,0.4,40
4860,6276003,26.1,79.1,1012.6,False,29.7,111.0,0.3,40
4861,6336019,26.1,79.1,1012.5,False,29.7,97.0,0.3,40
4862,6396183,26.1,79.1,1012.6,False,29.7,147.0,0.5,40
4863,6456003,26.1,79.2,1012.6,False,29.7,104.0,0.5,40
4864,6516002,26.1,79.3,1012.5,False,29.5,113.0,0.3,40
4865,6576007,26.1,79.4,1012.6,False,29.5,195.0,0.5,40
4866,6636003,26.0,79.6,1012.6,False,29.4,193.0,0.4,40
4867,6696004,26.0,79.6,1012.6,False,29.4,104.0,0.2,40
4868,6756004,26.0,79.6,1012.6,False,29.5,102.0,0.3,40
4869,6816007,26.0,79.9,1012.8,False,29.5,116.0,0.3,40
4870,6876002,26.0,80.0,1012.6,False,29.2,96.0,0.5,40
4871,6936007,26.0,80.0,1012.7,False,29.2,108.0,0.3,40
4872,6996020,26.0,80.1,1012.8,False,29.3,102.0,0.3,40
4873,7056020,26.0,80.1,1012.7,False,29.3,163.0,0.4,40
4874,7116019,26.0,80.1,1012.9,False,29.3,61.0,0.3,40
4875,7176027,26.0,80.2,1012.8,False,29.3,106.0,0.2,40
4876,7236025,26.0,80.2,1012.8,False,29.3,106.0,0.2,40
4877,7296020,26.0,79.9,1012.8,False,29.5,124.0,0.3,40
4878,7356034,26.0,79.7,1012.8,False,29.6,99.0,0.2,40
4879,7416050,26.0,79.6,1012.9,False,29.6,107.0,0.3,40
4880,7476049,26.0,79.8,1012.9,False,29.2,95.0,0.3,40
4881,7536057,26.0,79.4,1012.9,False,29.3,106.0,0.5,40
4882,7596053,26.0,79.5,1012.9,False,29.3,96.0,0.2,40
4883,7656059,26.1,79.0,1012.9,False,29.4,109.0,0.3,40
4884,7716050,26.0,78.9,1012.9,False,29.4,106.0,0.3,40
4885,7776056,26.0,78.9,1012.9,False,29.3,134.0,0.4,40
4886,7836051,26.1,78.3,1012.9,False,29.3,175.0,0.3,40
4887,7896048,26.1,78.2,1013.0,False,29.5,106.0,0.2,40
4888,7956056,26.1,78.0,1012.9,False,29.5,200.0,0.4,40
4889,8016050,26.1,77.7,1012.9,False,29.5,110.0,0.4,40
4890,8076048,26.1,77.3,1012.9,False,29.2,95.0,0.5,40
4891,8136064,26.1,77.4,1013.0,False,29.2,101.0,0.5,40
4892,8196075,26.1,77.1,1013.0,False,29.2,110.0,0.4,40
4893,8256064,26.1,76.9,1012.9,False,29.2,101.0,0.5,40
4894,8316081,26.1,77.0,1013.0,False,29.2,116.0,0.6,40
4895,8376110,26.1,76.9,1013.0,False,29.1,101.0,0.4,40
4896,8436111,26.1,76.7,1013.1,False,29.1,132.0,0.4,40
4897,8496128,26.1,76.8,1013.1,False,29.2,102.0,0.5,40
4898,8556128,26.1,76.8,1013.2,False,29.0,109.0,0.5,40
4899,8616118,26.1,76.7,1013.1,False,28.9,137.0,0.4,40
4900,8676131,26.1,76.8,1013.2,False,28.9,146.0,0.4,40
4901,8736147,26.0,76.8,1013.0,False,28.9,101.0,0.5,40
4902,8796158,26.0,76.8,1013.1,False,28.8,103.0,0.5,40
4903,8856175,26.0,76.8,1013.1,False,28.8,153.0,0.4,40
4904,8916173,26.0,76.8,1013.2,False,28.8,114.0,0.3,40
4905,8976193,26.0,76.8,1013.1,False,28.9,148.0,0.3,40
4906,9036208,26.0,76.7,1013.1,False,29.0,98.0,0.4,40
4907,9096223,26.0,76.9,1013.2,False,28.8,89.0,0.5,40
4908,35267,28.1,72.3,1013.6,False,31.5,164.0,0.3,41
4909,95274,28.1,72.1,1013.6,False,31.6,158.0,0.4,41
4910,155275,28.1,71.9,1013.6,False,31.6,156.0,0.5,41
4911,215277,28.1,71.4,1013.5,False,31.6,158.0,0.5,41
4912,275279,28.1,71.3,1013.6,False,31.5,155.0,0.5,41
4913,335275,28.1,71.8,1013.6,False,31.4,160.0,0.5,41
4914,395277,28.1,71.6,1013.5,False,31.3,148.0,0.6,41
4915,455294,28.1,72.4,1013.6,False,31.3,154.0,0.5,41
4916,515308,28.1,72.0,1013.6,False,31.3,146.0,0.6,41
4917,575310,28.1,72.2,1013.5,False,31.3,164.0,0.6,41
4918,635331,28.0,72.3,1013.6,False,31.3,156.0,0.6,41
4919,695326,28.0,72.8,1013.6,False,31.0,152.0,0.6,41
4920,755324,28.0,72.0,1013.5,False,31.0,161.0,0.7,41
4921,815324,28.0,72.6,1013.5,False,31.1,141.0,0.6,41
4922,875327,28.0,73.3,1013.6,False,31.1,168.0,0.5,41
4923,935331,28.0,73.1,1013.6,False,31.2,160.0,0.5,41
4924,995325,28.0,72.2,1013.6,False,31.1,161.0,0.6,41
4925,1055326,28.0,72.2,1013.6,False,31.2,160.0,0.5,41
4926,1115323,28.0,71.7,1013.6,False,31.1,155.0,0.5,41
4927,1175326,28.1,72.3,1013.6,False,31.1,160.0,0.7,41
4928,1235323,28.2,71.9,1013.7,False,31.3,162.0,0.9,41
4929,1295323,28.4,71.8,1013.6,False,31.7,160.0,1.1,41
4930,1355325,28.4,71.3,1013.6,False,31.7,158.0,1.1,41
4931,1415339,28.4,70.8,1013.6,False,31.5,161.0,0.8,41
4932,1475355,28.4,70.8,1013.6,False,31.5,161.0,0.8,41
4933,1535358,28.5,70.9,1013.5,False,31.6,156.0,1.2,41
4934,1595357,28.5,69.8,1013.7,False,31.6,156.0,0.8,41
4935,1655372,28.4,70.3,1013.7,False,30.9,155.0,0.8,41
4936,1715395,28.4,70.8,1013.8,False,30.8,153.0,0.7,41
4937,1775404,28.3,71.0,1013.7,False,30.7,156.0,0.6,41
4938,1835417,28.3,71.5,1013.8,False,30.7,155.0,0.5,41
4939,1895407,28.2,71.0,1013.7,False,30.7,159.0,0.8,41
4940,1955403,28.3,71.4,1013.7,False,31.3,154.0,0.8,41
4941,2015405,28.3,70.8,1013.7,False,31.4,151.0,0.8,41
4942,2075405,28.3,71.0,1013.7,False,31.2,160.0,0.9,41
4943,2135406,28.4,71.2,1013.7,False,31.2,164.0,1.0,41
4944,2195420,28.4,71.6,1013.6,False,30.8,153.0,0.9,41
4945,2255419,28.4,71.4,1013.7,False,31.2,146.0,0.6,41
4946,2315420,28.3,70.9,1013.7,False,30.6,148.0,0.7,41
4947,2375421,28.1,71.5,1013.7,False,30.3,147.0,0.6,41
4948,2435420,28.1,72.1,1013.8,False,30.3,157.0,0.5,41
4949,2495419,28.1,72.2,1013.8,False,30.3,144.0,0.6,41
4950,2555422,28.1,72.5,1013.8,False,30.3,152.0,0.5,41
4951,2615435,28.1,72.0,1013.8,False,30.2,157.0,0.6,41
4952,2675450,28.0,72.8,1013.8,False,30.2,154.0,0.8,41
4953,2735449,28.2,71.8,1013.8,False,30.8,156.0,0.7,41
4954,2795450,28.2,72.4,1013.8,False,30.9,151.0,0.7,41
4955,2855469,28.2,72.3,1013.8,False,30.8,159.0,0.6,41
4956,2915466,28.3,72.4,1013.8,False,31.2,153.0,0.8,41
4957,2975483,28.3,71.5,1013.9,False,30.9,158.0,0.6,41
4958,3035481,28.3,71.7,1013.9,False,31.1,152.0,0.7,41
4959,3095481,28.2,71.8,1013.9,False,30.6,162.0,0.7,41
4960,3155495,28.2,72.8,1013.8,False,30.6,164.0,0.7,41
4961,3215482,28.2,72.8,1013.8,False,30.9,156.0,0.8,41
4962,3275483,28.3,72.2,1013.7,False,30.9,148.0,0.8,41
4963,3335492,28.2,72.6,1013.8,False,30.7,156.0,0.7,41
4964,3395473,28.2,72.5,1013.8,False,30.7,155.0,0.8,41
4965,3455486,28.2,72.2,1013.8,False,30.8,139.0,0.9,41
4966,3515482,28.2,71.7,1013.9,False,30.7,138.0,0.7,41
4967,3575485,28.2,71.4,1013.9,False,30.4,144.0,0.7,41
4968,3635482,28.1,71.9,1013.8,False,29.8,137.0,0.6,41
4969,3695485,28.0,72.7,1013.9,False,29.8,127.0,0.3,41
4970,3755498,28.0,73.2,1014.0,False,29.8,157.0,0.3,41
4971,3815483,27.9,73.2,1013.8,False,30.2,152.0,0.3,41
4972,3875484,27.9,73.1,1014.0,False,30.3,153.0,0.4,41
4973,3935496,27.9,73.4,1013.9,False,30.1,141.0,0.3,41
4974,3995482,27.9,73.7,1013.9,False,30.1,147.0,0.4,41
4975,4055495,27.9,74.0,1013.9,False,30.1,154.0,0.5,41
4976,4115485,28.0,73.2,1013.9,False,30.3,160.0,0.6,41
4977,4175488,28.0,73.2,1014.0,False,30.3,146.0,0.5,41
4978,4235482,28.0,73.1,1013.9,False,30.5,160.0,0.5,41
4979,4295482,28.0,73.1,1013.9,False,30.5,158.0,0.5,41
4980,4355489,28.1,73.1,1014.0,False,30.7,151.0,0.5,41
4981,4415488,28.1,72.5,1014.0,False,30.8,162.0,0.5,41
4982,4475484,28.1,72.1,1013.9,False,30.7,137.0,0.7,41
4983,4535484,28.1,72.1,1013.9,False,30.5,159.0,0.6,41
4984,4595490,28.1,72.1,1014.0,False,30.4,134.0,0.6,41
4985,4655495,28.1,72.1,1013.9,False,30.4,148.0,0.5,41
4986,32238,28.8,76.0,1013.3,False,32.8,135.0,0.2,42
4987,92230,28.7,75.9,1013.3,False,32.7,121.0,0.2,42
4988,152252,28.7,75.9,1013.3,False,32.7,121.0,0.2,42
4989,212246,28.8,75.9,1013.3,False,32.7,121.0,0.2,42
4990,272245,28.7,75.9,1013.3,False,32.7,121.0,0.2,42
4991,332404,28.8,75.9,1013.3,False,32.7,121.0,0.2,42
4992,392266,28.8,76.3,1013.3,False,32.7,162.0,0.1,42
4993,452280,28.7,75.8,1013.3,False,32.8,138.0,0.0,42
4994,512282,28.7,76.0,1013.4,False,32.6,139.0,0.1,42
4995,572279,28.7,76.1,1013.4,False,32.6,106.0,0.1,42
4996,632293,28.7,76.1,1013.3,False,32.6,0.0,0.0,42
4997,692299,28.7,76.1,1013.3,False,32.7,0.0,0.0,42
4998,752293,28.7,75.7,1013.4,False,32.8,155.0,0.0,42
4999,812297,28.7,75.7,1013.4,False,32.8,165.0,0.2,42
5000,872309,28.7,75.6,1013.4,False,32.6,165.0,0.1,42
5001,932323,28.7,75.5,1013.4,False,32.6,0.0,0.0,42
5002,992323,28.7,75.1,1013.4,False,32.6,80.0,0.0,42
5003,1052330,28.8,75.8,1013.4,False,32.9,13.0,0.1,42
5004,1112325,28.8,75.7,1013.5,False,33.1,15.0,0.3,42
5005,1172322,28.7,75.6,1013.5,False,33.1,60.0,0.3,42
5006,1232326,28.8,75.8,1013.4,False,33.1,23.0,0.3,42
5007,1292325,28.7,75.9,1013.5,False,33.1,20.0,0.3,42
5008,1352341,28.7,76.0,1013.5,False,32.7,54.0,0.2,42
5009,1412358,28.8,76.0,1013.4,False,32.7,30.0,0.1,42
5010,1472353,28.8,76.0,1013.4,False,32.7,30.0,0.1,42
5011,1532368,28.9,75.6,1013.5,False,32.8,41.0,0.0,42
5012,1592362,28.9,75.2,1013.5,False,33.2,155.0,0.1,42
5013,1652359,28.9,75.4,1013.5,False,33.5,0.0,0.1,42
5014,1712360,28.9,74.2,1013.4,False,34.2,152.0,0.1,42
5015,1772356,28.9,74.4,1013.4,False,33.1,70.0,0.1,42
5016,1832370,28.9,74.1,1013.4,False,33.4,43.0,0.1,42
5017,1892375,28.9,74.2,1013.5,False,32.8,8.0,0.2,42
5018,1952385,28.9,74.5,1013.5,False,32.7,28.0,0.3,42
5019,2012416,28.8,75.0,1013.5,False,32.6,37.0,0.1,42
5020,2072438,28.8,75.1,1013.5,False,32.6,23.0,0.2,42
5021,2132453,28.8,75.2,1013.5,False,32.6,28.0,0.3,42
5022,2192465,28.8,75.6,1013.5,False,32.3,11.0,0.3,42
5023,2252466,28.7,75.9,1013.5,False,32.2,8.0,0.3,42
5024,2312457,28.7,76.2,1013.7,False,32.0,6.0,0.4,42
5025,2372480,28.6,76.4,1013.6,False,32.0,24.0,0.3,42
5026,2432480,28.6,76.2,1013.6,False,32.0,16.0,0.2,42
5027,2492481,28.6,76.5,1013.5,False,32.1,17.0,0.3,42
5028,2552482,28.6,76.5,1013.6,False,32.1,15.0,0.3,42
5029,2612482,28.7,76.5,1013.6,False,32.2,18.0,0.1,42
5030,2672484,28.7,76.4,1013.6,False,32.2,27.0,0.2,42
5031,2732484,28.6,76.6,1013.7,False,32.0,36.0,0.3,42
5032,2792501,28.6,76.8,1013.6,False,32.0,35.0,0.4,42
5033,2852495,28.6,76.9,1013.6,False,32.1,38.0,0.2,42
5034,2912495,28.6,76.6,1013.7,False,32.2,34.0,0.2,42
5035,2972496,28.6,76.4,1013.6,False,32.1,38.0,0.3,42
5036,3032500,28.6,76.4,1013.6,False,32.1,25.0,0.2,42
5037,3092531,28.6,76.6,1013.7,False,31.9,27.0,0.1,42
5038,3152512,28.6,76.7,1013.5,False,31.9,44.0,0.1,42
5039,3212531,28.6,77.0,1013.6,False,31.9,9.0,0.1,42
5040,3272531,28.6,76.9,1013.6,False,31.9,5.0,0.1,42
5041,3332528,28.6,76.9,1013.6,False,32.0,357.0,0.2,42
5042,3392528,28.6,76.9,1013.6,False,32.0,357.0,0.2,42
5043,3452530,28.6,76.8,1013.6,False,31.8,6.0,0.3,42
5044,3512546,28.6,76.9,1013.5,False,31.9,6.0,0.3,42
5045,3572561,28.6,76.9,1013.7,False,31.9,14.0,0.3,42
5046,3632579,28.6,76.7,1013.7,False,31.9,17.0,0.3,42
5047,3692577,28.6,76.8,1013.8,False,32.0,19.0,0.3,42
5048,3752595,28.6,77.3,1013.6,False,32.0,7.0,0.2,42
5049,3812606,28.6,76.6,1013.7,False,32.0,9.0,0.4,42
5050,3872608,28.6,76.2,1013.7,False,32.0,20.0,0.3,42
5051,3932612,28.7,76.7,1013.8,False,32.0,116.0,0.5,42
5052,3992607,28.7,76.4,1013.6,False,32.0,12.0,0.3,42
5053,4052609,28.8,76.6,1013.7,False,31.9,0.0,0.4,42
5054,4112607,28.8,75.9,1013.7,False,32.0,157.0,0.1,42
5055,4172629,29.0,75.5,1013.7,False,32.2,38.0,0.6,42
5056,4232610,29.0,75.2,1013.6,False,32.2,167.0,0.2,42
5057,4292610,29.2,74.5,1013.6,False,32.2,190.0,0.4,42
5058,4352625,29.2,74.7,1013.7,False,32.6,141.0,0.5,42
5059,4412643,29.2,74.3,1013.7,False,32.1,160.0,0.2,42
5060,4472640,29.2,74.5,1013.8,False,32.1,28.0,0.4,42
5061,4532654,29.2,74.8,1013.8,False,32.1,164.0,0.6,42
5062,4592659,29.2,74.5,1013.8,False,31.9,157.0,0.1,42
5063,4652658,29.2,74.8,1013.8,False,32.4,79.0,0.6,42
5064,4712655,29.2,74.8,1013.9,False,31.9,157.0,0.3,42
5065,4772665,29.2,74.4,1013.8,False,32.3,76.0,0.2,42
5066,4832653,29.1,74.5,1013.8,False,31.9,131.0,0.1,42
5067,4892669,29.1,74.7,1013.8,False,31.9,119.0,0.4,42
5068,4952681,29.0,74.7,1013.8,False,31.7,0.0,0.1,42
5069,5012707,28.9,74.9,1013.8,False,31.7,129.0,0.3,42
5070,5072704,28.9,74.8,1013.8,False,31.6,42.0,0.3,42
5071,5132700,28.9,75.4,1013.9,False,31.3,155.0,0.2,42
5072,5192721,28.9,75.3,1013.8,False,31.3,108.0,0.4,42
5073,5252738,28.8,75.1,1013.8,False,31.6,32.0,0.1,42
5074,5312737,28.8,75.4,1013.9,False,31.6,0.0,0.2,42
5075,5372735,28.8,75.5,1013.9,False,31.5,356.0,0.1,42
5076,5432732,28.8,75.5,1013.9,False,31.4,358.0,0.3,42
5077,5492737,28.8,75.9,1013.9,False,31.2,1.0,0.3,42
5078,5552737,28.8,76.5,1013.9,False,30.9,29.0,0.3,42
5079,5612738,28.7,77.3,1013.8,False,30.9,4.0,0.3,42
5080,5672734,28.7,77.3,1013.9,False,31.1,12.0,0.5,42
5081,5732749,28.7,77.5,1013.8,False,31.1,356.0,0.4,42
5082,5792781,28.7,77.5,1013.9,False,31.1,29.0,0.4,42
5083,5852767,28.6,77.5,1013.9,False,31.3,11.0,0.4,42
5084,5912787,28.7,77.7,1013.9,False,31.1,25.0,0.4,42
5085,5972796,28.7,77.9,1014.0,False,31.1,359.0,0.3,42
5086,6032796,28.7,77.7,1013.9,False,31.1,9.0,0.4,42
5087,6092803,28.6,77.9,1013.9,False,31.1,5.0,0.5,42
5088,6152822,28.6,78.1,1013.9,False,31.2,5.0,0.3,42
5089,6212797,28.6,78.0,1013.9,False,31.2,9.0,0.4,42
5090,6272814,28.6,77.8,1013.9,False,31.1,1.0,0.5,42
5091,6332827,28.6,77.8,1013.9,False,31.1,4.0,0.3,42
5092,6392832,28.7,77.9,1013.9,False,31.1,3.0,0.5,42
5093,6452853,28.7,77.6,1013.9,False,31.2,15.0,0.5,42
5094,6512861,28.7,77.7,1014.0,False,31.2,352.0,0.5,42
5095,6572867,28.7,77.8,1014.0,False,31.2,27.0,0.2,42
5096,6632882,28.7,77.0,1013.9,False,31.8,356.0,0.4,42
5097,6692876,28.7,77.2,1013.9,False,31.8,341.0,0.4,42
5098,6753298,28.7,77.5,1013.9,False,31.3,353.0,0.3,42
5099,6812890,28.7,77.5,1013.9,False,31.3,1.0,0.4,42
5100,6872906,28.7,77.7,1014.0,False,31.1,333.0,0.3,42
5101,6932915,28.7,77.8,1013.9,False,31.1,359.0,0.3,42
5102,6992908,28.7,77.9,1013.9,False,31.3,2.0,0.4,42
5103,7052912,28.6,77.5,1014.0,False,31.2,345.0,0.3,42
5104,7112911,28.6,77.6,1014.0,False,31.2,0.0,0.4,42
5105,7172913,28.7,77.5,1013.9,False,31.2,11.0,0.4,42
5106,7232935,28.7,77.3,1014.0,False,31.2,5.0,0.3,42
5107,7292907,28.7,77.6,1013.9,False,31.1,1.0,0.4,42
5108,7352922,28.7,77.5,1014.0,False,31.2,5.0,0.4,42
5109,7412913,28.6,77.4,1014.0,False,31.3,359.0,0.6,42
5110,7472935,28.6,77.6,1013.9,False,30.9,6.0,0.5,42
5111,7532938,28.6,77.8,1013.9,False,30.9,359.0,0.4,42
5112,7592965,28.6,78.1,1013.9,False,31.1,356.0,0.6,42
5113,7652950,28.5,78.2,1013.9,False,31.1,344.0,0.5,42
5114,7712972,28.5,78.2,1014.0,False,31.1,7.0,0.4,42
5115,7772968,28.5,78.3,1014.0,False,31.0,346.0,0.3,42
5116,7832983,28.6,78.1,1013.9,False,31.1,355.0,0.4,42
5117,7892987,28.6,77.9,1014.1,False,31.2,353.0,0.3,42
5118,7952985,28.6,77.8,1014.0,False,31.1,352.0,0.5,42
5119,8013002,28.7,77.9,1013.9,False,30.9,2.0,0.3,42
5120,8073027,28.7,78.3,1014.0,False,30.8,40.0,0.2,42
5121,8133018,28.6,77.9,1014.0,False,31.3,358.0,0.3,42
5122,8193033,28.7,77.7,1013.8,False,31.4,142.0,0.3,42
5123,8253034,28.8,77.4,1013.9,False,31.5,58.0,0.1,42
5124,8313038,28.8,77.5,1014.0,False,31.8,132.0,0.4,42
5125,8373047,29.0,76.4,1014.0,False,31.8,180.0,0.3,42
5126,8433064,29.1,76.6,1014.0,False,32.0,6.0,0.3,42
5127,8493063,29.1,76.4,1014.0,False,32.0,336.0,0.2,42
5128,8553088,29.1,76.1,1014.1,False,31.1,126.0,0.3,42
5129,8613081,29.2,76.5,1014.0,False,31.7,0.0,0.3,42
5130,8673084,29.2,76.2,1014.0,False,31.7,254.0,0.1,42
5131,8733097,29.2,76.0,1014.1,False,31.7,296.0,0.3,42
5132,8793094,29.2,75.8,1014.0,False,31.7,231.0,0.3,42
5133,8853111,29.1,76.2,1014.0,False,31.2,169.0,0.3,42
5134,8913111,29.1,76.6,1014.0,False,31.1,182.0,0.4,42
5135,8973111,29.1,76.5,1014.0,False,31.1,164.0,0.3,42
5136,9033111,29.1,76.4,1014.0,False,31.2,287.0,0.3,42
5137,9093132,29.1,76.6,1013.9,False,31.1,197.0,0.1,42
5138,9153584,29.1,76.4,1014.0,False,31.0,308.0,0.3,42
5139,9213114,29.1,76.7,1014.0,False,31.0,279.0,0.3,42
5140,9273123,29.1,76.5,1014.0,False,31.1,184.0,0.4,42
5141,9333112,29.1,76.4,1014.1,False,31.3,235.0,0.3,42
5142,9393122,29.1,76.3,1014.0,False,31.3,295.0,0.1,42
5143,9453117,29.0,76.4,1014.1,False,30.9,314.0,0.3,42
5144,9513113,29.0,76.6,1014.0,False,31.0,309.0,0.3,42
5145,9573112,28.9,76.7,1014.1,False,31.0,314.0,0.3,42
5146,9633114,28.9,77.0,1014.0,False,31.0,279.0,0.3,42
5147,9693113,28.9,77.1,1014.1,False,30.7,278.0,0.3,42
5148,9753165,28.9,77.4,1014.1,False,30.7,279.0,0.3,42
5149,9813141,28.9,77.7,1014.1,False,30.7,252.0,0.3,42
5150,9873142,28.9,77.2,1014.1,False,31.0,229.0,0.1,42
5151,9933160,29.0,77.2,1014.0,False,31.1,230.0,0.3,42
5152,9993175,29.0,76.7,1014.0,False,31.1,234.0,0.2,42
5153,10053178,28.9,76.9,1014.1,False,31.1,253.0,0.2,42
5154,10113177,28.9,77.0,1014.0,False,30.8,203.0,0.2,42
5155,10173175,28.9,76.7,1014.1,False,30.8,181.0,0.1,42
5156,10233191,29.0,76.4,1014.0,False,31.3,221.0,0.4,42
5157,10293206,29.0,76.0,1014.1,False,31.3,296.0,0.3,42
5158,10353208,29.0,75.8,1014.1,False,31.3,227.0,0.2,42
5159,10413208,29.0,75.2,1014.1,False,31.1,306.0,0.3,42
5160,10473206,28.9,75.2,1014.0,False,30.9,151.0,0.2,42
5161,10533212,29.0,75.0,1014.1,False,30.9,201.0,0.1,42
5162,10593228,29.0,74.9,1014.1,False,30.9,198.0,0.1,42
5163,10653240,29.0,74.4,1014.1,False,31.0,147.0,0.3,42
5164,10713242,29.0,74.4,1014.1,False,31.0,222.0,0.3,42
5165,10773241,29.0,74.1,1014.0,False,31.1,216.0,0.4,42
5166,10833233,29.0,74.0,1014.1,False,30.7,166.0,0.2,42
5167,10893251,28.9,74.1,1014.1,False,30.8,195.0,0.4,42
5168,10953238,28.9,73.9,1014.1,False,30.8,232.0,0.3,42
5169,11013238,28.9,73.7,1014.0,False,30.8,249.0,0.2,42
5170,11073240,28.9,74.1,1014.1,False,30.6,186.0,0.3,42
5171,11133239,28.9,74.0,1014.0,False,30.8,191.0,0.3,42
5172,11193239,28.9,74.0,1014.1,False,30.8,0.0,0.2,42
5173,11253238,28.9,73.8,1014.0,False,30.9,177.0,0.1,42
5174,11313238,28.9,73.6,1014.0,False,30.9,209.0,0.4,42
5175,11373284,28.9,73.7,1014.1,False,30.8,312.0,0.3,42
5176,11433249,28.9,73.5,1014.1,False,30.8,299.0,0.2,42
5177,11493239,28.9,73.6,1014.1,False,30.7,184.0,0.3,42
5178,11553238,28.9,73.8,1014.1,False,30.7,4.0,0.1,42
5179,58963,25.8,53.5,1018.6,False,31.2,314.0,0.3,43
5180,118963,25.7,54.0,1018.5,False,31.2,287.0,0.3,43
5181,178962,25.7,53.9,1018.6,False,31.0,300.0,0.4,43
5182,238968,25.7,53.4,1018.6,False,30.9,309.0,0.3,43
5183,298961,25.7,51.7,1018.5,False,30.8,307.0,0.5,43
5184,358961,25.7,51.9,1018.6,False,30.8,289.0,0.3,43
5185,418981,25.7,53.8,1018.6,False,30.6,282.0,0.4,43
5186,478996,25.7,54.3,1018.5,False,30.6,274.0,0.3,43
5187,539010,25.7,54.3,1018.5,False,30.6,277.0,0.2,43
5188,599008,25.7,53.6,1018.6,False,30.6,275.0,0.5,43
5189,659010,25.7,54.4,1018.5,False,30.6,286.0,0.3,43
5190,719017,25.7,53.1,1018.5,False,30.5,296.0,0.4,43
5191,779024,25.7,53.7,1018.5,False,30.1,308.0,0.5,43
5192,839024,25.6,54.2,1018.6,False,30.1,287.0,0.3,43
5193,899043,25.6,54.3,1018.5,False,30.1,314.0,0.3,43
5194,959057,25.5,54.5,1018.5,False,30.1,313.0,0.5,43
5195,1019073,25.5,54.3,1018.5,False,30.0,296.0,0.4,43
5196,1079088,25.5,54.6,1018.6,False,29.9,287.0,0.3,43
5197,1139089,25.5,54.8,1018.5,False,29.9,290.0,0.3,43
5198,1199090,25.5,55.0,1018.5,False,29.9,273.0,0.5,43
5199,1259090,25.4,55.0,1018.5,False,29.9,301.0,0.5,43
5200,1319089,25.4,55.0,1018.5,False,29.9,301.0,0.5,43
5201,1379091,25.4,54.8,1018.5,False,29.9,285.0,0.4,43
5202,1439087,25.4,54.0,1018.6,False,29.9,333.0,0.5,43
5203,1499089,25.4,53.6,1018.6,False,29.9,318.0,0.4,43
5204,1559092,25.4,53.8,1018.6,False,29.9,277.0,0.4,43
5205,1619089,25.4,55.2,1018.5,False,29.6,291.0,0.4,43
5206,1679087,25.4,55.2,1018.5,False,29.6,291.0,0.4,43
5207,1739094,25.4,55.9,1018.5,False,29.5,325.0,0.3,43
5208,1799091,25.3,55.9,1018.6,False,29.4,349.0,0.3,43
5209,1859089,25.3,56.5,1018.5,False,29.3,299.0,0.3,43
5210,1919088,25.2,56.0,1018.6,False,29.4,313.0,0.2,43
5211,1979087,25.2,55.5,1018.6,False,29.4,283.0,0.2,43
5212,2039091,25.2,55.5,1018.6,False,29.4,283.0,0.2,43
5213,2099094,25.2,55.5,1018.5,False,29.3,294.0,0.4,43
5214,2159091,25.1,55.5,1018.5,False,29.3,294.0,0.4,43
5215,2219090,25.1,56.1,1018.5,False,29.3,274.0,0.5,43
5216,2279089,25.2,56.1,1018.5,False,29.3,274.0,0.5,43
5217,2339091,25.2,56.3,1018.6,False,29.3,289.0,0.4,43
5218,2399087,25.2,56.3,1018.6,False,29.3,289.0,0.4,43
5219,2459087,25.2,57.4,1018.6,False,29.0,291.0,0.3,43
5220,2519092,25.1,57.4,1018.6,False,29.0,291.0,0.3,43
5221,2579090,25.1,58.1,1018.7,False,28.9,340.0,0.2,43
5222,2639105,25.0,57.9,1018.7,False,29.0,278.0,0.3,43
5223,2699103,25.0,58.4,1018.6,False,28.8,305.0,0.3,43
5224,2759153,25.0,58.8,1018.6,False,28.7,306.0,0.2,43
5225,2819134,25.0,59.2,1018.6,False,28.7,289.0,0.2,43
5226,2879134,25.0,59.6,1018.6,False,28.8,279.0,0.2,43
5227,2939136,24.9,59.1,1018.6,False,28.7,278.0,0.3,43
5228,2999139,24.8,58.3,1018.6,False,28.9,274.0,0.4,43
5229,3059141,24.8,58.8,1018.6,False,28.7,278.0,0.3,43
5230,3119137,24.9,58.9,1018.6,False,28.8,275.0,0.4,43
5231,3179139,24.9,58.7,1018.6,False,28.8,310.0,0.3,43
5232,3239134,24.9,58.8,1018.7,False,28.8,324.0,0.2,43
5233,3299135,24.9,59.2,1018.7,False,28.4,288.0,0.2,43
5234,3359142,24.9,59.4,1018.7,False,28.4,306.0,0.1,43
5235,3419165,24.9,59.4,1018.7,False,28.4,291.0,0.3,43
5236,3479166,24.8,59.3,1018.8,False,28.4,291.0,0.2,43
5237,3539183,24.8,59.6,1018.7,False,28.2,278.0,0.2,43
5238,3599216,24.8,59.5,1018.7,False,28.2,285.0,0.3,43
5239,3659215,24.8,59.7,1018.7,False,28.6,291.0,0.3,43
5240,3719214,24.9,58.9,1018.7,False,28.6,295.0,0.3,43
5241,3779212,24.9,59.6,1018.7,False,28.6,302.0,0.3,43
5242,3839214,24.8,60.4,1018.8,False,28.1,278.0,0.2,43
5243,3899206,24.8,60.2,1018.8,False,28.0,278.0,0.3,43
5244,3959214,24.7,60.4,1018.8,False,28.0,305.0,0.3,43
5245,4019220,24.7,60.7,1018.8,False,28.0,307.0,0.2,43
5246,4079215,24.7,60.7,1018.7,False,28.0,323.0,0.3,43
5247,4139217,24.7,60.8,1018.8,False,28.1,307.0,0.3,43
5248,4199214,24.7,61.3,1018.8,False,28.1,323.0,0.2,43
5249,4259215,24.7,61.8,1018.8,False,28.1,273.0,0.3,43
5250,4319213,24.6,61.9,1018.8,False,28.1,289.0,0.3,43
5251,4379215,24.7,61.5,1018.9,False,28.1,295.0,0.3,43
5252,4439215,24.6,61.5,1018.8,False,28.2,332.0,0.3,43
5253,4499214,24.6,62.1,1018.8,False,27.9,346.0,0.2,43
5254,4559213,24.6,62.3,1018.7,False,27.7,359.0,0.2,43
5255,4619234,24.6,62.1,1018.8,False,27.7,303.0,0.2,43
5256,4679232,24.5,62.2,1018.8,False,27.8,330.0,0.2,43
5257,4739241,24.5,62.6,1018.8,False,27.8,277.0,0.2,43
5258,4799245,24.5,62.3,1018.8,False,27.8,278.0,0.3,43
5259,4859244,24.5,62.2,1018.8,False,27.8,284.0,0.3,43
5260,3778,25.6,53.5,1017.3,False,33.0,274.0,0.7,44
5261,63777,25.6,52.6,1017.2,False,32.8,279.0,0.7,44
5262,123779,25.6,53.3,1017.3,False,32.7,280.0,0.3,44
5263,183772,25.7,53.3,1017.3,False,32.7,280.0,0.3,44
5264,243783,25.7,53.3,1017.3,False,32.7,341.0,0.6,44
5265,303809,25.7,52.8,1017.3,False,32.7,0.0,0.5,44
5266,363807,25.5,52.1,1017.2,False,32.3,309.0,0.5,44
5267,423826,25.5,52.3,1017.3,False,32.3,353.0,0.6,44
5268,483823,25.4,52.5,1017.3,False,32.2,319.0,0.5,44
5269,543826,25.4,52.4,1017.3,False,32.2,354.0,0.4,44
5270,603840,25.5,52.1,1017.3,False,32.2,316.0,0.5,44
5271,663837,25.5,52.3,1017.4,False,32.2,287.0,0.5,44
5272,723857,25.4,53.0,1017.2,False,31.9,349.0,0.5,44
5273,783872,25.4,53.8,1017.4,False,31.0,288.0,0.4,44
5274,843869,25.3,55.0,1017.3,False,31.0,345.0,0.7,44
5275,903872,25.3,55.0,1017.4,False,31.0,358.0,0.6,44
5276,963869,25.3,55.7,1017.3,False,30.9,280.0,0.6,44
5277,1023869,25.3,56.0,1017.4,False,30.9,322.0,0.5,44
5278,1083868,25.1,56.4,1017.4,False,30.9,295.0,0.6,44
5279,1143884,25.1,56.0,1017.3,False,30.8,310.0,0.6,44
5280,1203885,25.0,56.6,1017.3,False,30.8,285.0,0.4,44
5281,1263901,25.0,56.5,1017.3,False,30.9,11.0,0.5,44
5282,1323918,24.9,55.6,1017.5,False,30.9,285.0,0.5,44
5283,1383925,24.9,56.0,1017.5,False,30.8,295.0,0.4,44
5284,1443915,25.0,56.3,1017.4,False,30.7,343.0,0.3,44
5285,1503931,25.0,56.4,1017.4,False,30.6,299.0,0.5,44
5286,1563948,25.1,56.5,1017.5,False,30.6,281.0,0.5,44
5287,1623946,25.1,56.5,1017.5,False,31.0,289.0,0.4,44
5288,1683948,25.2,55.7,1017.5,False,31.0,316.0,0.4,44
5289,1743952,25.2,55.6,1017.5,False,30.9,291.0,0.5,44
5290,1803948,25.3,56.0,1017.5,False,30.5,279.0,0.5,44
5291,1863947,25.3,55.6,1017.5,False,30.1,299.0,0.5,44
5292,1923963,25.2,56.0,1017.5,False,30.1,295.0,0.5,44
5293,1983961,25.2,56.3,1017.4,False,29.9,11.0,0.4,44
5294,2043991,25.2,55.9,1017.5,False,30.2,309.0,0.2,44
5295,2103993,25.2,55.7,1017.5,False,30.3,311.0,0.6,44
5296,2163998,25.1,55.5,1017.5,False,30.3,300.0,0.6,44
5297,2223993,25.1,55.2,1017.7,False,30.2,278.0,0.5,44
5298,2283994,25.0,55.2,1017.5,False,30.0,278.0,0.4,44
5299,2343997,25.0,55.1,1017.5,False,30.2,301.0,0.5,44
5300,2403996,25.0,54.6,1017.5,False,30.3,307.0,0.5,44
5301,2463999,24.9,54.3,1017.6,False,29.5,292.0,0.5,44
5302,2523995,24.9,55.1,1017.5,False,29.5,284.0,0.6,44
5303,2583994,24.9,54.6,1017.6,False,29.8,311.0,0.5,44
5304,2643994,24.9,54.6,1017.5,False,30.3,290.0,0.5,44
5305,2704012,24.9,53.8,1017.6,False,29.9,283.0,0.6,44
5306,2764027,24.9,53.8,1017.6,False,29.9,280.0,0.5,44
5307,2824025,24.9,54.1,1017.5,False,29.9,327.0,0.5,44
5308,2884029,24.9,54.2,1017.6,False,29.7,291.0,0.4,44
5309,2944031,24.9,54.2,1017.7,False,29.6,328.0,0.5,44
5310,3004028,24.9,54.4,1017.6,False,29.3,273.0,0.4,44
5311,3064025,24.9,55.2,1017.6,False,29.5,292.0,0.4,44
5312,3124025,24.8,55.9,1017.6,False,29.5,279.0,0.5,44
5313,3184039,24.8,56.1,1017.6,False,29.5,289.0,0.5,44
5314,3244026,24.8,56.1,1017.6,False,29.5,289.0,0.5,44
5315,3304027,24.8,56.9,1017.7,False,29.4,290.0,0.4,44
5316,3364027,24.7,56.9,1017.7,False,29.4,290.0,0.4,44
5317,3424026,24.7,57.3,1017.5,False,29.1,309.0,0.3,44
5318,3484027,24.7,57.3,1017.5,False,29.1,309.0,0.3,44
5319,3544026,24.7,57.7,1017.6,False,28.5,279.0,0.4,44
5320,3604028,24.7,57.8,1017.6,False,28.6,315.0,0.4,44
5321,3664028,24.7,57.6,1017.6,False,28.7,310.0,0.3,44
5322,3724025,24.6,57.6,1017.6,False,28.7,310.0,0.3,44
5323,3784027,24.6,58.0,1017.6,False,28.4,276.0,0.4,44
5324,3844026,24.6,58.0,1017.6,False,28.4,276.0,0.4,44
5325,3904042,24.6,57.6,1017.7,False,28.7,308.0,0.3,44
5326,3964030,24.6,57.6,1017.7,False,28.7,308.0,0.3,44
5327,4024044,24.6,57.5,1017.8,False,28.4,286.0,0.6,44
5328,4084042,24.5,57.5,1017.8,False,28.4,286.0,0.6,44
5329,4144041,24.5,58.3,1017.7,False,28.4,331.0,0.5,44
5330,4204048,24.5,58.3,1017.7,False,28.4,331.0,0.5,44
5331,4264042,24.5,58.1,1017.7,False,28.2,282.0,0.4,44
5332,4324066,24.5,58.1,1017.7,False,28.2,282.0,0.4,44
5333,4384073,24.5,58.0,1017.8,False,28.1,276.0,0.5,44
5334,4444095,24.5,58.0,1017.8,False,28.1,276.0,0.5,44
5335,4504105,24.5,58.3,1017.8,False,28.1,334.0,0.4,44
5336,4564104,24.5,58.3,1017.8,False,28.1,334.0,0.4,44
5337,4624119,24.5,57.3,1017.7,False,28.4,336.0,0.4,44
5338,4684138,24.6,57.3,1017.7,False,28.4,336.0,0.4,44
5339,4744138,24.6,57.6,1017.8,False,28.2,273.0,0.4,44
5340,4804135,24.6,57.6,1017.8,False,28.2,273.0,0.4,44
5341,4864153,24.6,58.2,1017.7,False,28.2,277.0,0.5,44
5342,4924151,24.6,59.0,1017.8,False,27.9,274.0,0.6,44
5343,4984160,24.6,59.0,1017.7,False,27.9,296.0,0.4,44
5344,5044152,24.5,59.0,1017.7,False,27.8,282.0,0.5,44
5345,5104174,24.5,59.4,1017.7,False,27.8,283.0,0.6,44
5346,5164181,24.4,59.4,1017.7,False,27.8,288.0,0.5,44
5347,5224199,24.4,59.3,1017.8,False,27.6,292.0,0.5,44
5348,5284198,24.4,59.8,1017.8,False,27.6,279.0,0.3,44
5349,5344204,24.4,59.6,1017.9,False,27.5,290.0,0.5,44
5350,5404198,24.4,59.8,1017.9,False,27.7,283.0,0.4,44
5351,5464202,24.4,60.0,1017.8,False,27.5,280.0,0.5,44
5352,5524224,24.3,59.8,1017.9,False,27.5,282.0,0.4,44
5353,5584237,24.3,59.9,1017.8,False,27.5,295.0,0.5,44
5354,5644244,24.3,59.9,1017.9,False,27.5,279.0,0.3,44
5355,5704271,24.3,59.6,1017.8,False,27.6,284.0,0.5,44
5356,5764245,24.3,59.8,1017.8,False,27.5,318.0,0.5,44
5357,5824259,24.3,60.2,1017.9,False,27.5,275.0,0.4,44
5358,5884264,24.3,60.1,1017.8,False,27.5,301.0,0.3,44
5359,5944260,24.3,60.4,1017.8,False,27.5,282.0,0.5,44
5360,6004264,24.3,60.6,1017.8,False,27.5,283.0,0.4,44
5361,6064267,24.3,60.9,1017.8,False,27.5,276.0,0.4,44
5362,6124292,24.3,61.3,1017.8,False,27.5,276.0,0.3,44
5363,6184276,24.3,61.0,1017.9,False,27.3,289.0,0.4,44
5364,6244274,24.3,61.1,1017.8,False,27.3,281.0,0.4,44
5365,6304472,24.3,61.5,1017.9,False,27.3,277.0,0.4,44
5366,6364275,24.3,61.5,1017.9,False,27.2,303.0,0.3,44
5367,6424279,24.3,61.4,1017.8,False,27.3,296.0,0.3,44
5368,6484282,24.3,61.6,1017.8,False,27.3,287.0,0.4,44
5369,6544276,24.3,61.7,1017.8,False,27.2,301.0,0.3,44
5370,6604276,24.3,61.7,1017.8,False,27.2,301.0,0.3,44
5371,6664275,24.3,61.9,1017.8,False,27.2,283.0,0.3,44
5372,6724281,24.1,61.9,1017.8,False,27.2,283.0,0.3,44
5373,6784275,24.1,62.1,1017.8,False,27.0,285.0,0.4,44
5374,6844277,24.2,62.4,1017.8,False,27.0,278.0,0.4,44
5375,6904276,24.2,62.5,1017.9,False,26.9,281.0,0.4,44
5376,6964278,24.2,62.7,1017.8,False,26.8,281.0,0.3,44
5377,7024279,24.2,63.0,1017.9,False,26.6,283.0,0.4,44
5378,7084277,23.9,63.0,1017.9,False,26.6,283.0,0.4,44
5379,7144280,23.9,63.6,1017.9,False,26.6,280.0,0.3,44
5380,7204278,23.8,63.6,1017.9,False,26.6,280.0,0.3,44
5381,7264276,23.8,64.2,1017.9,False,26.4,287.0,0.3,44
5382,7324285,23.8,64.2,1017.9,False,26.4,287.0,0.3,44
5383,7384277,23.8,64.3,1018.0,False,26.3,281.0,0.3,44
5384,7444279,23.8,64.3,1018.0,False,26.3,281.0,0.3,44
5385,7504285,23.8,64.4,1017.9,False,26.4,307.0,0.4,44
5386,7564276,23.8,64.4,1018.0,False,26.4,275.0,0.4,44
5387,7624278,23.8,64.6,1018.0,False,26.3,282.0,0.4,44
5388,7684277,23.8,64.6,1018.0,False,26.3,282.0,0.4,44
5389,7744273,23.7,64.6,1018.0,False,26.3,282.0,0.3,44
5390,7804281,23.7,64.6,1018.0,False,26.3,282.0,0.3,44
5391,7864280,23.7,64.6,1017.9,False,26.3,325.0,0.3,44
5392,7924276,23.8,64.6,1017.9,False,26.3,280.0,0.3,44
5393,7984284,23.8,64.8,1018.0,False,26.3,280.0,0.2,44
5394,8044279,23.8,64.8,1018.0,False,26.3,280.0,0.2,44
5395,8104303,23.8,64.8,1018.0,False,26.3,304.0,0.3,44
5396,8164276,23.8,64.9,1018.0,False,26.3,281.0,0.3,44
5397,8224276,23.8,64.7,1018.0,False,26.2,286.0,0.3,44
5398,8284277,23.8,64.7,1018.0,False,26.2,286.0,0.3,44
5399,8344283,23.8,64.5,1018.0,False,26.2,288.0,0.3,44
5400,8404275,23.8,64.7,1018.1,False,26.2,280.0,0.4,44
5401,8464279,23.8,64.3,1017.9,False,25.9,292.0,0.3,44
5402,8524277,23.7,64.3,1017.9,False,25.9,292.0,0.3,44
5403,8584275,23.7,64.6,1018.0,False,26.0,281.0,0.2,44
5404,8644282,23.7,64.6,1018.0,False,26.0,281.0,0.2,44
5405,8704305,23.7,64.5,1018.1,False,25.8,317.0,0.3,44
5406,8764334,23.7,64.5,1018.1,False,25.8,317.0,0.3,44
5407,8824326,23.7,64.1,1018.1,False,25.9,346.0,0.4,44
5408,8884324,23.7,64.1,1018.1,False,25.9,346.0,0.4,44
5409,8944332,23.7,64.6,1018.1,False,25.8,273.0,0.4,44
5410,9004324,23.7,64.6,1018.1,False,25.8,273.0,0.4,44
5411,9064322,23.7,64.9,1018.0,False,25.8,275.0,0.3,44
5412,9124327,23.6,64.9,1018.0,False,25.8,275.0,0.3,44
5413,9184331,23.5,65.2,1018.1,False,25.7,290.0,0.2,44
5414,9244324,23.5,65.2,1018.1,False,25.7,290.0,0.2,44
5415,9304323,23.5,64.8,1018.1,False,25.7,283.0,0.4,44
5416,9364326,23.5,64.8,1018.1,False,25.7,283.0,0.4,44
5417,57793,19.7,57.0,1013.7,False,26.8,74.0,0.5,45
5418,117807,19.7,58.0,1013.7,False,26.7,35.0,0.5,45
5419,177781,19.7,58.0,1013.7,False,26.6,17.0,0.5,45
5420,237787,19.7,58.0,1013.7,False,26.5,14.0,0.6,45
5421,297782,19.6,58.0,1013.7,False,26.6,11.0,0.4,45
5422,357795,19.7,58.0,1013.7,False,26.6,357.0,0.5,45
5423,417782,19.6,58.0,1013.7,False,26.5,17.0,0.5,45
5424,477784,19.6,58.0,1013.7,False,26.5,27.0,0.8,45
5425,537782,19.5,58.0,1013.7,False,26.5,6.0,0.5,45
5426,597782,19.6,58.0,1013.7,False,26.4,58.0,0.5,45
5427,657784,19.5,58.0,1013.7,False,26.3,11.0,0.4,45
5428,717783,19.5,58.0,1013.7,False,26.3,8.0,0.5,45
5429,777785,19.5,58.0,1013.7,False,26.3,25.0,0.5,45
5430,837785,19.5,58.0,1013.7,False,26.3,16.0,0.5,45
5431,897784,19.5,58.0,1013.7,False,26.1,12.0,0.4,45
5432,957806,19.5,58.0,1013.7,False,26.1,12.0,0.7,45
5433,1017783,19.5,58.0,1013.7,False,26.1,354.0,0.6,45
5434,1077813,19.5,58.0,1013.7,False,26.0,14.0,0.6,45
5435,1137815,19.4,58.0,1013.7,False,26.0,13.0,0.6,45
5436,1197786,19.4,58.0,1013.7,False,26.0,8.0,0.6,45
5437,1257785,19.4,58.0,1013.7,False,26.0,356.0,0.3,45
5438,1317829,19.5,57.0,1013.7,False,26.0,20.0,0.5,45
5439,1377817,19.4,57.0,1013.7,False,25.9,12.0,0.6,45
5440,1437811,19.4,57.0,1013.7,False,25.9,349.0,0.4,45
5441,1497791,19.5,57.0,1013.7,False,25.9,5.0,0.5,45
5442,1557802,19.5,57.0,1013.7,False,25.9,350.0,0.6,45
5443,1617816,19.5,57.0,1013.7,False,25.8,10.0,0.5,45
5444,1677831,19.5,57.0,1013.7,False,25.8,26.0,0.3,45
5445,1737849,19.5,56.0,1013.7,False,25.9,20.0,0.5,45
5446,1797846,19.5,56.0,1013.7,False,25.9,344.0,0.2,45
5447,1857844,19.5,56.0,1013.7,False,25.7,11.0,0.4,45
5448,1917847,19.5,56.0,1013.7,False,25.6,352.0,0.6,45
5449,1977855,19.5,56.0,1013.7,False,25.6,9.0,0.5,45
5450,2037868,19.4,56.0,1013.7,False,25.5,15.0,0.7,45
5451,2097875,19.4,56.0,1013.7,False,25.4,358.0,0.6,45
5452,2157896,19.4,56.0,1013.7,False,25.4,16.0,0.4,45
5453,2217892,19.4,55.0,1013.7,False,25.4,20.0,0.3,45
5454,2277918,19.4,55.0,1013.7,False,25.6,1.0,0.3,45
5455,2337908,19.4,55.0,1013.7,False,25.6,1.0,0.5,45
5456,2397908,19.4,55.0,1013.7,False,25.6,348.0,0.4,45
5457,2457909,19.5,55.0,1013.7,False,25.3,17.0,0.6,45
5458,2517909,19.4,55.0,1013.7,False,25.3,12.0,0.5,45
5459,2577933,19.4,55.0,1013.7,False,25.2,0.0,0.3,45
5460,2637920,19.4,55.0,1013.5,False,25.2,353.0,0.4,45
5461,2697914,19.4,55.0,1013.7,False,25.1,7.0,0.5,45
5462,2758393,19.4,55.0,1013.5,False,25.1,358.0,0.5,45
5463,2817913,19.4,55.0,1013.7,False,25.1,62.0,0.4,45
5464,2877910,19.4,55.0,1013.5,False,25.1,3.0,0.5,45
5465,2937908,19.4,56.0,1013.5,False,25.0,336.0,0.4,45
5466,2997908,19.4,56.0,1013.5,False,25.0,16.0,0.4,45
5467,3057900,19.4,55.0,1013.7,False,25.0,17.0,0.3,45
5468,3117914,19.4,55.0,1013.7,False,25.0,13.0,0.4,45
5469,3177911,19.4,56.0,1013.7,False,25.0,6.0,0.3,45
5470,3237926,19.4,56.0,1013.7,False,25.0,22.0,0.4,45
5471,3297922,19.3,55.0,1013.7,False,25.0,10.0,0.6,45
5472,3357934,19.3,56.0,1013.7,False,25.0,10.0,0.6,45
5473,3417985,19.3,56.0,1013.7,False,24.6,7.0,0.4,45
5474,3477958,19.4,55.0,1013.5,False,24.8,54.0,0.3,45
5475,3537959,19.4,55.0,1013.7,False,24.8,37.0,0.3,45
5476,3597958,19.4,54.0,1013.5,False,24.8,13.0,0.4,45
5477,3657971,19.4,54.0,1013.7,False,24.6,18.0,0.6,45
5478,3717958,19.3,55.0,1013.7,False,24.6,6.0,0.4,45
5479,3777959,19.3,54.0,1013.7,False,24.6,7.0,0.6,45
5480,3837957,19.3,54.0,1013.7,False,24.6,10.0,0.7,45
5481,3897974,19.2,54.0,1013.5,False,24.5,8.0,0.6,45
5482,3957989,19.2,54.0,1013.7,False,24.5,8.0,0.6,45
5483,4018000,19.3,53.0,1013.7,False,24.5,354.0,0.5,45
5484,4077991,19.3,53.0,1013.7,False,24.5,6.0,0.5,45
5485,4138005,19.3,53.0,1013.7,False,24.4,8.0,0.6,45
5486,4198003,19.3,53.0,1013.7,False,24.4,15.0,0.6,45
5487,4258003,19.3,52.0,1013.7,False,24.4,48.0,0.5,45
5488,4318011,19.4,52.0,1013.7,False,24.4,5.0,0.6,45
5489,4378003,19.4,52.0,1013.7,False,24.4,5.0,0.5,45
5490,4438010,19.4,51.0,1013.7,False,24.3,343.0,0.6,45
5491,4498031,19.4,51.0,1013.7,False,24.2,2.0,0.8,45
5492,4558035,19.4,51.0,1013.7,False,24.2,7.0,0.5,45
5493,4618035,19.4,51.0,1013.9,False,24.2,3.0,0.7,45
5494,4678035,19.4,51.0,1013.7,False,24.2,8.0,0.5,45
5495,63204,25.6,17.0,1010.2,False,32.3,346.0,0.5,46
5496,123202,25.7,17.0,1010.2,False,32.3,347.0,0.6,46
5497,183205,25.7,17.0,1010.0,False,32.2,359.0,0.4,46
5498,243220,25.7,17.0,1010.2,False,32.2,8.0,0.4,46
5499,303218,25.6,17.0,1010.0,False,32.1,16.0,0.5,46
5500,363216,25.5,17.0,1010.2,False,32.1,29.0,0.4,46
5501,423217,25.5,17.0,1010.2,False,32.1,19.0,0.5,46
5502,483217,25.5,17.0,1010.0,False,32.0,3.0,0.4,46
5503,543218,25.5,17.0,1010.2,False,31.9,348.0,0.4,46
5504,603216,25.5,16.0,1010.2,False,31.9,7.0,0.5,46
5505,663217,25.5,16.0,1010.2,False,31.8,359.0,0.6,46
5506,723218,25.4,16.0,1010.2,False,31.6,14.0,0.6,46
5507,783217,25.4,16.0,1010.2,False,31.6,9.0,0.6,46
5508,843219,25.3,16.0,1010.0,False,31.5,5.0,0.6,46
5509,903228,25.3,17.0,1010.2,False,31.4,9.0,0.6,46
5510,963239,25.3,17.0,1010.2,False,31.3,16.0,0.6,46
5511,1023218,25.3,17.0,1010.2,False,31.3,356.0,0.5,46
5512,1083216,25.2,17.0,1010.2,False,31.3,12.0,0.6,46
5513,1143215,25.2,17.0,1010.2,False,31.1,357.0,0.6,46
5514,1203215,25.1,17.0,1010.2,False,31.1,9.0,0.5,46
5515,1263228,25.1,17.0,1010.2,False,31.0,358.0,0.6,46
5516,1323212,25.1,18.0,1010.2,False,31.0,9.0,0.6,46
5517,1383218,25.1,18.0,1010.2,False,30.8,341.0,0.5,46
5518,1443217,25.0,18.0,1010.2,False,31.1,358.0,0.6,46
5519,1503218,25.0,18.0,1010.2,False,31.1,340.0,0.5,46
5520,1563225,25.0,18.0,1010.2,False,31.0,353.0,0.4,46
5521,1623216,24.9,18.0,1010.2,False,30.9,344.0,0.4,46
5522,1683220,24.9,18.0,1010.2,False,30.9,0.0,0.4,46
5523,1743218,24.9,19.0,1010.2,False,30.9,7.0,0.5,46
5524,1803220,24.9,19.0,1010.2,False,30.7,347.0,0.5,46
5525,1863219,24.9,19.0,1010.2,False,30.7,351.0,0.4,46
5526,1923218,24.9,19.0,1010.2,False,30.7,4.0,0.4,46
5527,1983233,24.9,19.0,1010.2,False,30.8,349.0,0.3,46
5528,2043254,24.8,19.0,1010.2,False,30.8,341.0,0.4,46
5529,2103263,24.8,19.0,1010.2,False,30.5,2.0,0.4,46
5530,2163262,24.7,20.0,1010.2,False,30.5,19.0,0.4,46
5531,2223286,24.7,20.0,1010.2,False,30.4,20.0,0.4,46
5532,2283281,24.7,20.0,1010.2,False,30.4,11.0,0.3,46
5533,2343296,24.6,21.0,1010.2,False,30.7,3.0,0.4,46
5534,2403316,24.5,21.0,1010.2,False,30.5,11.0,0.4,46
5535,2463326,24.5,22.0,1010.2,False,30.5,7.0,0.4,46
5536,2523331,24.4,22.0,1010.2,False,30.3,11.0,0.4,46
5537,2583343,24.4,22.0,1010.2,False,30.3,11.0,0.4,46
5538,2643345,24.4,22.0,1010.2,False,30.3,11.0,0.6,46
5539,2703346,24.3,22.0,1010.2,False,30.3,17.0,0.4,46
5540,2763345,24.4,23.0,1010.2,False,30.2,24.0,0.3,46
5541,2823342,24.3,23.0,1010.2,False,30.2,13.0,0.6,46
5542,2883344,24.3,23.0,1010.2,False,30.0,12.0,0.5,46
5543,2943362,24.3,23.0,1010.2,False,29.9,14.0,0.4,46
5544,3003367,24.2,23.0,1010.2,False,29.8,9.0,0.5,46
5545,3063358,24.2,23.0,1010.2,False,29.8,10.0,0.6,46
5546,3123368,24.1,23.0,1010.2,False,29.8,17.0,0.7,46
5547,3183379,24.1,23.0,1010.2,False,29.6,9.0,0.5,46
5548,3243384,24.1,23.0,1010.4,False,29.6,11.0,0.4,46
5549,3303392,24.1,22.0,1010.2,False,29.6,17.0,0.4,46
5550,3363391,24.1,22.0,1010.4,False,29.6,17.0,0.8,46
5551,3423392,24.1,24.0,1010.4,False,29.3,28.0,0.8,46
5552,3483405,24.0,24.0,1010.4,False,29.3,19.0,0.4,46
5553,3543406,24.0,24.0,1010.2,False,29.4,352.0,0.3,46
5554,3603444,24.0,25.0,1010.2,False,29.4,10.0,0.3,46
5555,3663442,24.0,25.0,1010.2,False,29.2,4.0,0.3,46
5556,3723439,24.0,25.0,1010.2,False,29.1,10.0,0.5,46
5557,3783464,23.9,25.0,1010.2,False,29.1,20.0,0.5,46
5558,3843474,23.9,26.0,1010.4,False,29.0,13.0,0.3,46
5559,3903470,23.8,26.0,1010.4,False,29.0,357.0,0.5,46
5560,3963471,23.8,27.0,1010.4,False,29.0,12.0,0.5,46
5561,4023468,23.8,29.0,1010.2,False,28.8,13.0,0.4,46
5562,4083471,23.8,29.0,1010.4,False,28.7,12.0,0.4,46
5563,4143470,23.8,31.0,1010.4,False,28.7,50.0,0.3,46
5564,4203471,23.8,33.0,1010.4,False,28.5,316.0,0.4,46
5565,4263469,23.7,33.0,1010.4,False,28.3,314.0,0.2,46
5566,4323485,23.6,34.0,1010.4,False,28.3,12.0,0.2,46
5567,4383484,23.6,34.0,1010.4,False,28.3,37.0,0.1,46
5568,4443470,23.6,35.0,1010.4,False,28.3,354.0,0.3,46
5569,4503469,23.5,35.0,1010.4,False,28.1,204.0,0.3,46
5570,4563471,23.5,36.0,1010.4,False,28.1,339.0,0.1,46
5571,4623472,23.4,36.0,1010.4,False,28.0,26.0,0.2,46
5572,4683471,23.3,36.0,1010.2,False,28.0,50.0,0.2,46
5573,4743491,23.3,36.0,1010.4,False,28.0,357.0,0.1,46
5574,4803485,23.3,36.0,1010.4,False,28.0,36.0,0.2,46
5575,4863501,23.3,37.0,1010.4,False,27.9,258.0,0.1,46
5576,4923519,23.2,37.0,1010.4,False,27.9,309.0,0.2,46
5577,4983516,23.1,37.0,1010.4,False,27.8,242.0,0.2,46
5578,5043523,23.1,37.0,1010.5,False,27.8,8.0,0.1,46
5579,5103531,23.1,38.0,1010.4,False,27.8,27.0,0.1,46
5580,5163548,23.2,38.0,1010.5,False,27.8,31.0,0.2,46
5581,5223564,23.1,38.0,1010.5,False,27.7,20.0,0.2,46
5582,5283563,23.1,38.0,1010.5,False,27.7,54.0,0.2,46
5583,5343566,23.0,38.0,1010.4,False,27.7,148.0,0.3,46
5584,5403563,23.0,38.0,1010.5,False,27.8,65.0,0.1,46
5585,5463570,22.9,38.0,1010.5,False,27.8,1.0,0.2,46
5586,5523579,22.9,38.0,1010.5,False,27.9,24.0,0.3,46
5587,5583595,22.8,38.0,1010.5,False,27.9,69.0,0.3,46
5588,5643594,22.8,37.0,1010.2,False,27.7,45.0,0.2,46
5589,5703583,22.7,38.0,1010.4,False,27.7,78.0,0.4,46
5590,5763595,22.7,37.0,1010.5,False,27.6,16.0,0.4,46
5591,5823599,22.8,37.0,1010.4,False,27.6,29.0,0.3,46
5592,5883595,22.8,37.0,1010.4,False,27.5,18.0,0.3,46
5593,5943596,22.8,37.0,1010.4,False,27.5,0.0,0.4,46
5594,6003595,22.8,36.0,1010.5,False,27.5,7.0,0.3,46
5595,6063596,22.8,36.0,1010.5,False,27.5,40.0,0.2,46
5596,6123594,22.8,36.0,1010.4,False,27.5,48.0,0.4,46
5597,6183598,22.8,36.0,1010.5,False,27.4,0.0,0.2,46
5598,6243598,22.8,36.0,1010.5,False,27.4,22.0,0.1,46
5599,6303595,22.8,35.0,1010.5,False,27.5,19.0,0.2,46
5600,6363594,22.8,36.0,1010.5,False,27.4,11.0,0.3,46
5601,6423593,22.8,36.0,1010.4,False,27.4,66.0,0.2,46
5602,6483595,22.8,36.0,1010.5,False,27.4,277.0,0.3,46
5603,6543599,22.9,36.0,1010.5,False,27.4,277.0,0.3,46
5604,6603596,22.9,36.0,1010.4,False,27.3,97.0,0.1,46
5605,6663616,22.9,36.0,1010.4,False,27.3,6.0,0.2,46
5606,6723626,22.9,36.0,1010.4,False,27.3,288.0,0.1,46
5607,6783644,22.9,36.0,1010.4,False,27.1,0.0,0.2,46
5608,6843642,22.8,36.0,1010.5,False,27.2,3.0,0.1,46
5609,6903660,22.8,36.0,1010.5,False,27.3,57.0,0.1,46
5610,6963671,22.8,36.0,1010.5,False,27.2,9.0,0.1,46
5611,7023690,22.8,36.0,1010.5,False,27.2,15.0,0.2,46
5612,7083686,22.8,36.0,1010.5,False,27.1,317.0,0.0,46
5613,7143691,22.8,36.0,1010.5,False,27.1,0.0,0.2,46
5614,7203689,22.7,36.0,1010.5,False,27.0,50.0,0.0,46
5615,7263704,22.7,36.0,1010.5,False,27.0,239.0,0.0,46
5616,7323724,22.8,36.0,1010.5,False,27.0,205.0,0.1,46
5617,7383720,22.8,36.0,1010.5,False,27.1,49.0,0.1,46
5618,7443723,22.8,36.0,1010.5,False,27.1,317.0,0.2,46
5619,7503718,22.8,35.0,1010.7,False,27.0,53.0,0.2,46
5620,7563719,22.8,35.0,1010.7,False,27.0,54.0,0.1,46
5621,7623724,22.8,35.0,1010.5,False,27.0,62.0,0.1,46
5622,7683720,22.7,36.0,1010.5,False,26.9,7.0,0.1,46
5623,7743721,22.7,36.0,1010.5,False,26.8,40.0,0.1,46
5624,7803720,22.7,36.0,1010.5,False,26.8,183.0,0.2,46
5625,7863723,22.7,36.0,1010.5,False,26.9,164.0,0.2,46
5626,7923722,22.7,36.0,1010.5,False,26.9,195.0,0.1,46
5627,7983721,22.7,36.0,1010.5,False,27.0,186.0,0.1,46
5628,8043731,22.7,36.0,1010.5,False,26.9,0.0,0.3,46
5629,8103721,22.7,36.0,1010.5,False,26.7,0.0,0.2,46
5630,8163738,22.7,36.0,1010.5,False,26.7,247.0,0.2,46
5631,8223726,22.7,36.0,1010.5,False,26.7,56.0,0.1,46
5632,8283721,22.7,36.0,1010.5,False,26.7,0.0,0.1,46
5633,8343721,22.7,36.0,1010.5,False,26.6,264.0,0.1,46
5634,8403725,22.7,37.0,1010.5,False,26.6,359.0,0.1,46
5635,8463753,22.7,36.0,1010.5,False,26.6,345.0,0.1,46
5636,8523718,22.6,36.0,1010.5,False,26.6,3.0,0.2,46
5637,8583728,22.6,36.0,1010.5,False,26.5,352.0,0.1,46
5638,8643727,22.5,36.0,1010.5,False,26.5,21.0,0.2,46
5639,8703720,22.5,36.0,1010.7,False,26.5,354.0,0.2,46
5640,8763722,22.4,36.0,1010.7,False,26.4,321.0,0.2,46
5641,8823736,22.4,36.0,1010.7,False,26.4,320.0,0.2,46
5642,8883724,22.4,36.0,1010.7,False,26.4,359.0,0.1,46
5643,8943718,22.4,36.0,1010.7,False,26.5,300.0,0.1,46
5644,9003723,22.4,36.0,1010.7,False,26.5,261.0,0.1,46
5645,9063724,22.4,37.0,1010.7,False,26.5,0.0,0.0,46
5646,9123721,22.4,36.0,1010.7,False,26.3,29.0,0.2,46
5647,9183720,22.4,35.0,1010.7,False,26.4,39.0,0.1,46
5648,9243729,22.4,36.0,1010.7,False,26.5,329.0,0.1,46
5649,9303720,22.4,36.0,1010.7,False,26.3,186.0,0.1,46
5650,9363720,22.4,36.0,1010.7,False,26.3,354.0,0.3,46
5651,9424457,22.4,35.0,1010.7,False,26.3,353.0,0.2,46
5652,9483734,22.3,36.0,1010.7,False,26.3,205.0,0.2,46
5653,9543722,22.4,36.0,1010.7,False,26.3,243.0,0.3,46
5654,9603752,22.3,36.0,1010.7,False,26.3,203.0,0.2,46
5655,9663740,22.3,35.0,1010.7,False,26.3,225.0,0.1,46
5656,9723720,22.3,35.0,1010.7,False,26.3,232.0,0.3,46
5657,9783726,22.3,34.0,1010.7,False,26.3,166.0,0.2,46
5658,21102,23.9,55.0,1013.5,False,26.1,324.0,3.0,47
5659,81159,23.8,55.0,1013.5,False,26.0,334.0,3.4,47
5660,141101,23.9,55.0,1013.5,False,26.0,329.0,3.5,47
5661,201119,23.8,55.0,1013.7,False,26.0,345.0,3.0,47
5662,261117,23.8,55.0,1013.7,False,26.0,349.0,2.5,47
5663,321118,23.8,56.0,1013.7,False,26.0,326.0,2.7,47
5664,381124,23.8,55.0,1013.5,False,26.1,358.0,4.1,47
5665,441139,23.7,56.0,1013.5,False,25.9,340.0,3.7,47
5666,501139,23.8,55.0,1013.7,False,26.0,309.0,4.0,47
5667,561137,23.8,55.0,1013.7,False,26.0,342.0,4.9,47
5668,621128,23.8,55.0,1013.7,False,26.0,328.0,4.3,47
5669,681127,23.8,55.0,1013.7,False,25.9,335.0,3.4,47
5670,741133,23.7,56.0,1013.7,False,25.8,346.0,4.0,47
5671,801134,23.8,55.0,1013.9,False,25.9,4.0,4.3,47
5672,861661,23.8,56.0,1013.9,False,25.8,341.0,3.0,47
5673,921134,23.7,55.0,1013.9,False,25.9,332.0,2.5,47
5674,981133,23.7,55.0,1013.9,False,25.9,337.0,2.5,47
5675,1041159,23.7,55.0,1013.9,False,25.9,347.0,3.0,47
5676,1101134,23.8,55.0,1014.0,False,25.8,21.0,3.0,47
5677,1161134,23.8,55.0,1014.0,False,26.0,343.0,1.7,47
5678,1221140,23.8,55.0,1014.0,False,26.1,335.0,3.2,47
5679,1281136,23.9,55.0,1013.9,False,26.1,6.0,2.2,47
5680,1341134,23.9,55.0,1014.0,False,26.1,328.0,1.3,47
5681,1401135,23.9,55.0,1013.9,False,26.1,337.0,3.0,47
5682,1461134,23.9,55.0,1013.9,False,26.1,347.0,3.4,47
5683,1521133,23.9,55.0,1013.9,False,25.9,327.0,3.0,47
5684,1581138,23.9,56.0,1013.9,False,25.8,334.0,3.0,47
5685,1641134,23.8,56.0,1013.9,False,25.8,341.0,3.0,47
5686,1701136,23.7,56.0,1014.0,False,25.8,353.0,4.1,47
5687,1761139,23.6,56.0,1014.0,False,25.6,340.0,3.7,47
5688,1821149,23.7,56.0,1014.0,False,25.6,341.0,2.9,47
5689,1881133,23.6,57.0,1014.0,False,25.6,352.0,2.7,47
5690,1941146,23.6,57.0,1014.0,False,25.6,341.0,1.3,47
5691,2001170,23.8,56.0,1014.0,False,25.8,331.0,1.8,47
5692,2061135,23.8,56.0,1014.0,False,26.1,347.0,1.8,47
5693,2121138,23.8,56.0,1014.0,False,26.1,323.0,2.0,47
5694,2181138,23.8,57.0,1014.0,False,25.9,1.0,2.2,47
5695,2241139,23.8,57.0,1014.2,False,25.9,320.0,1.2,47
5696,2301147,23.8,57.0,1014.0,False,26.0,332.0,1.6,47
5697,2361135,23.8,57.0,1014.2,False,25.9,331.0,2.4,47
5698,2421155,23.8,57.0,1014.2,False,25.9,87.0,2.2,47
5699,2481167,23.8,57.0,1014.2,False,25.9,4.0,1.6,47
5700,2541167,23.8,57.0,1014.2,False,26.0,340.0,2.5,47
5701,2601182,23.7,58.0,1014.2,False,25.9,341.0,3.7,47
5702,2661180,23.7,58.0,1014.2,False,25.9,336.0,3.5,47
5703,2721187,23.6,58.0,1014.2,False,25.6,337.0,2.7,47
5704,2781185,23.6,58.0,1014.2,False,25.5,340.0,2.5,47
5705,2841198,23.5,58.0,1014.2,False,25.6,329.0,3.0,47
5706,2901181,23.5,58.0,1014.2,False,25.5,316.0,3.5,47
5707,2961197,23.4,58.0,1014.2,False,25.5,326.0,2.7,47
5708,3021198,23.4,58.0,1014.2,False,25.6,337.0,3.4,47
5709,3081213,23.4,58.0,1014.2,False,25.6,307.0,3.7,47
5710,3141229,23.5,58.0,1014.2,False,25.5,343.0,3.4,47
5711,3201229,23.6,58.0,1014.2,False,25.6,346.0,3.0,47
5712,3261233,23.6,57.0,1014.2,False,25.6,346.0,2.7,47
5713,3321244,23.6,57.0,1014.4,False,25.5,347.0,3.5,47
5714,3381256,23.6,57.0,1014.4,False,25.5,324.0,2.7,47
5715,3441247,23.6,57.0,1014.2,False,25.5,334.0,3.2,47
5716,3501253,23.6,58.0,1014.2,False,25.4,346.0,3.7,47
5717,3561261,23.5,58.0,1014.4,False,25.4,353.0,3.0,47
5718,3621254,23.5,58.0,1014.2,False,25.3,306.0,4.0,47
5719,3681258,23.5,58.0,1014.2,False,25.3,336.0,4.5,47
5720,3741265,23.5,58.0,1014.4,False,25.3,322.0,3.2,47
5721,3801257,23.5,58.0,1014.2,False,25.4,351.0,3.5,47
5722,3861274,23.4,58.0,1014.2,False,25.3,332.0,2.9,47
5723,3921260,23.4,58.0,1014.4,False,25.3,336.0,3.5,47
5724,3981261,23.4,58.0,1014.2,False,25.3,328.0,3.2,47
5725,4041306,23.5,58.0,1014.4,False,25.3,330.0,3.9,47
5726,4101266,23.5,59.0,1014.5,False,25.3,343.0,3.4,47
5727,4161262,23.4,59.0,1014.5,False,25.4,342.0,2.5,47
5728,4221273,23.4,59.0,1014.4,False,25.3,344.0,3.2,47
5729,4281258,23.4,59.0,1014.5,False,25.3,347.0,3.2,47
5730,4341261,23.4,59.0,1014.5,False,25.3,329.0,2.7,47
5731,4401268,23.4,59.0,1014.5,False,25.2,346.0,4.4,47
5732,4461259,23.4,59.0,1014.4,False,25.2,332.0,3.2,47
5733,4521263,23.4,59.0,1014.5,False,25.2,342.0,3.0,47
5734,4581258,23.3,59.0,1014.5,False,25.3,321.0,3.2,47
5735,4641275,23.3,59.0,1014.4,False,25.3,335.0,3.0,47
5736,4701271,23.4,59.0,1014.5,False,25.2,345.0,3.0,47
5737,4761276,23.4,59.0,1014.5,False,25.3,327.0,3.2,47
5738,4821291,23.4,60.0,1014.5,False,25.3,344.0,3.0,47
5739,4881294,23.4,59.0,1014.5,False,25.3,329.0,3.5,47
5740,4941293,23.4,59.0,1014.5,False,25.3,347.0,3.2,47
5741,5001294,23.3,60.0,1014.5,False,25.1,356.0,2.5,47
5742,5061306,23.3,60.0,1014.7,False,25.2,328.0,2.7,47
5743,5121327,23.3,60.0,1014.7,False,25.2,328.0,2.7,47
5744,5181327,23.3,60.0,1014.7,False,25.2,328.0,2.7,47
5745,5241319,23.3,60.0,1014.7,False,25.2,328.0,2.7,47
5746,5301341,23.3,60.0,1014.7,False,25.2,328.0,2.7,47
5747,5361342,23.3,60.0,1014.7,False,25.1,348.0,3.2,47
5748,5421376,23.3,60.0,1014.7,False,25.1,346.0,2.5,47
5749,5481352,23.3,60.0,1014.7,False,25.1,340.0,3.0,47
5750,5541369,23.3,60.0,1014.7,False,25.2,335.0,3.2,47
5751,5601354,23.3,60.0,1014.7,False,25.1,327.0,3.2,47
5752,5661361,23.3,60.0,1014.7,False,25.1,352.0,2.5,47
5753,5721354,23.3,60.0,1014.7,False,25.1,351.0,3.2,47
5754,5781370,23.4,60.0,1014.7,False,25.2,342.0,2.5,47
5755,5841379,23.3,60.0,1014.7,False,25.2,326.0,2.5,47
5756,5901359,23.4,60.0,1014.7,False,25.1,341.0,3.5,47
5757,5961370,23.3,60.0,1014.5,False,25.1,339.0,2.9,47
5758,6021369,23.3,61.0,1014.7,False,25.1,321.0,3.2,47
5759,6081378,23.3,61.0,1014.7,False,25.0,349.0,3.4,47
5760,6141387,23.3,61.0,1014.7,False,25.0,332.0,3.4,47
5761,6201399,23.2,61.0,1014.7,False,25.0,346.0,2.7,47
5762,6261391,23.3,61.0,1014.7,False,24.9,340.0,2.2,47
5763,6321386,23.2,61.0,1014.7,False,25.0,327.0,4.1,47
5764,6381391,23.3,61.0,1014.7,False,24.9,345.0,2.9,47
5765,6441385,23.2,61.0,1014.5,False,24.9,342.0,3.5,47
5766,6501385,23.2,61.0,1014.7,False,24.9,340.0,3.5,47
5767,6561434,23.2,61.0,1014.7,False,24.9,341.0,4.0,47
5768,6621377,23.2,61.0,1014.7,False,24.8,323.0,2.2,47
5769,6681384,23.2,61.0,1014.7,False,24.8,328.0,3.2,47
5770,6741388,23.2,62.0,1014.7,False,24.8,329.0,3.5,47
5771,6801387,23.2,62.0,1014.7,False,24.8,328.0,3.5,47
5772,6861391,23.2,62.0,1014.7,False,24.8,332.0,2.7,47
5773,6921392,23.2,62.0,1014.7,False,24.9,354.0,3.0,47
5774,6981384,23.2,62.0,1014.7,False,24.8,319.0,2.5,47
5775,7041386,23.2,62.0,1014.7,False,24.9,314.0,2.7,47
5776,7101398,23.2,62.0,1014.7,False,24.9,335.0,2.9,47
5777,7161379,23.3,62.0,1014.7,False,24.9,7.0,2.2,47
5778,7221386,23.3,62.0,1014.5,False,25.0,322.0,2.7,47
5779,7281386,23.3,61.0,1014.5,False,25.0,340.0,2.7,47
5780,7341387,23.4,61.0,1014.7,False,25.0,340.0,2.9,47
5781,7401385,23.4,61.0,1014.5,False,25.0,323.0,3.2,47
5782,7461397,23.4,61.0,1014.5,False,24.8,331.0,3.5,47
5783,7521388,23.3,61.0,1014.7,False,24.8,348.0,3.5,47
5784,7581377,23.3,61.0,1014.7,False,24.8,348.0,3.5,47
5785,7641389,23.2,62.0,1014.7,False,24.8,321.0,2.7,47
5786,7701385,23.2,62.0,1014.7,False,24.8,343.0,2.7,47
5787,7761390,23.2,62.0,1014.7,False,24.8,342.0,3.0,47
5788,7821392,23.2,61.0,1014.7,False,24.8,351.0,2.2,47
5789,7881398,23.2,61.0,1014.7,False,24.8,349.0,3.7,47
5790,7941385,23.2,62.0,1014.7,False,24.8,345.0,2.9,47
5791,8001391,23.2,62.0,1014.7,False,24.7,332.0,2.2,47
5792,8061390,23.2,62.0,1014.7,False,24.7,336.0,2.7,47
5793,8121397,23.3,62.0,1014.5,False,24.9,0.0,2.5,47
5794,8181402,23.3,62.0,1014.7,False,24.8,338.0,2.2,47
5795,8241397,23.2,61.0,1014.7,False,24.8,3.0,2.7,47
5796,8301385,23.2,62.0,1014.7,False,24.7,337.0,3.0,47
5797,8361399,23.2,62.0,1014.7,False,24.7,338.0,2.7,47
5798,8421392,23.2,62.0,1014.7,False,24.7,331.0,2.4,47
5799,8481388,23.2,62.0,1014.9,False,24.7,350.0,3.2,47
5800,8541387,23.3,62.0,1014.7,False,24.6,348.0,2.7,47
5801,61220,25.3,64.0,1012.0,False,29.6,350.0,2.5,48
5802,121235,25.3,65.0,1012.0,False,29.6,337.0,3.2,48
5803,181220,25.3,65.0,1012.0,False,29.6,349.0,2.5,48
5804,241222,25.3,64.0,1012.0,False,29.7,338.0,3.0,48
5805,301223,25.3,64.0,1012.0,False,29.8,354.0,3.0,48
5806,361221,25.3,65.0,1012.0,False,29.8,347.0,2.7,48
5807,421231,25.3,64.0,1012.0,False,29.4,326.0,1.7,48
5808,481222,25.3,64.0,1012.0,False,29.7,333.0,2.2,48
5809,541223,25.4,64.0,1012.0,False,29.7,338.0,2.5,48
5810,601222,25.4,64.0,1012.2,False,29.7,6.0,2.5,48
5811,661223,25.4,64.0,1012.2,False,29.8,324.0,2.2,48
5812,721278,25.4,65.0,1012.2,False,29.8,344.0,2.0,48
5813,781261,25.4,64.0,1012.0,False,29.8,341.0,3.0,48
5814,841307,25.3,64.0,1012.2,False,29.6,0.0,3.0,48
5815,901273,25.3,64.0,1012.2,False,29.3,330.0,2.5,48
5816,961269,25.3,64.0,1012.2,False,29.6,348.0,2.5,48
5817,1021269,25.3,64.0,1012.4,False,29.5,355.0,2.7,48
5818,1081268,25.3,64.0,1012.4,False,29.4,339.0,2.9,48
5819,1141269,25.3,64.0,1012.2,False,29.5,342.0,2.2,48
5820,1201271,25.3,63.0,1012.4,False,29.5,344.0,2.7,48
5821,1261270,25.3,63.0,1012.2,False,29.5,357.0,2.9,48
5822,1321284,25.3,63.0,1012.2,False,29.3,3.0,2.5,48
5823,1381300,25.3,63.0,1012.4,False,29.3,346.0,2.5,48
5824,1441285,25.5,62.0,1012.4,False,29.3,340.0,2.7,48
5825,1501287,25.5,62.0,1012.4,False,29.6,323.0,3.4,48
5826,1561285,25.6,62.0,1012.2,False,29.5,351.0,2.5,48
5827,1621285,25.6,61.0,1012.5,False,29.6,329.0,2.7,48
5828,1681287,25.6,61.0,1012.4,False,29.4,347.0,3.5,48
5829,1741283,25.6,61.0,1012.4,False,29.3,346.0,2.9,48
5830,1801303,25.5,61.0,1012.4,False,29.1,337.0,3.0,48
5831,1861310,25.5,61.0,1012.4,False,29.1,337.0,3.0,48
5832,1921309,25.4,60.0,1012.4,False,29.6,347.0,2.7,48
5833,1981311,25.4,60.0,1012.5,False,29.3,358.0,3.2,48
5834,2041319,25.5,61.0,1012.4,False,29.3,357.0,3.2,48
5835,2101317,25.4,61.0,1012.5,False,29.3,351.0,3.7,48
5836,2161316,25.4,61.0,1012.5,False,29.0,347.0,3.4,48
5837,2221317,25.4,62.0,1012.4,False,28.7,346.0,3.0,48
5838,2281322,25.4,62.0,1012.5,False,28.7,345.0,3.0,48
5839,2341323,25.4,62.0,1012.5,False,29.1,345.0,3.0,48
5840,2401350,25.4,62.0,1012.5,False,29.1,348.0,2.5,48
5841,2461348,25.4,62.0,1012.5,False,29.1,348.0,2.5,48
5842,2521348,25.3,61.0,1012.5,False,28.8,330.0,3.0,48
5843,2581376,25.4,61.0,1012.5,False,28.9,336.0,2.7,48
5844,2641358,25.4,62.0,1012.5,False,28.7,351.0,2.5,48
5845,2701347,25.3,61.0,1012.5,False,28.7,357.0,2.4,48
5846,2761350,25.3,61.0,1012.5,False,28.8,338.0,2.2,48
5847,2821354,25.4,61.0,1012.5,False,28.8,344.0,2.7,48
5848,2881358,25.4,61.0,1012.5,False,28.8,345.0,2.7,48
5849,2941350,25.3,61.0,1012.5,False,28.8,358.0,2.5,48
5850,3001350,25.3,61.0,1012.5,False,28.7,328.0,2.5,48
5851,3061359,25.3,61.0,1012.5,False,28.6,341.0,2.4,48
5852,3121350,25.4,60.0,1012.5,False,28.6,352.0,2.7,48
5853,3181351,25.4,61.0,1012.5,False,28.5,348.0,2.0,48
5854,3241350,25.3,61.0,1012.7,False,28.6,335.0,2.5,48
5855,3301342,25.3,60.0,1012.5,False,29.0,343.0,2.5,48
5856,3361350,25.3,59.0,1012.7,False,29.0,333.0,2.0,48
5857,3421348,25.4,59.0,1012.7,False,29.0,333.0,2.0,48
5858,3481350,25.4,59.0,1012.7,False,28.9,351.0,2.5,48
5859,3541354,25.4,58.0,1012.7,False,28.7,333.0,2.2,48
5860,3601348,25.3,58.0,1012.7,False,28.5,341.0,2.0,48
5861,3661351,25.3,58.0,1012.7,False,28.5,351.0,2.2,48
5862,3721347,25.3,58.0,1012.7,False,28.6,326.0,1.8,48
5863,3781348,25.3,58.0,1012.5,False,28.6,333.0,2.5,48
5864,3841359,25.4,58.0,1012.5,False,28.6,343.0,3.5,48
5865,3901355,25.4,58.0,1012.5,False,28.5,352.0,3.5,48
5866,3961352,25.4,58.0,1012.7,False,28.5,343.0,1.8,48
5867,4021350,25.5,58.0,1012.5,False,28.5,356.0,3.4,48
5868,4081350,25.5,58.0,1012.7,False,28.5,320.0,3.5,48
5869,4141350,25.6,58.0,1012.7,False,28.2,348.0,3.5,48
5870,4201361,25.6,59.0,1012.7,False,28.2,338.0,2.2,48
5871,4261348,25.5,59.0,1012.7,False,28.5,348.0,1.6,48
5872,4321361,25.5,59.0,1012.7,False,28.5,161.0,2.4,48
5873,4381350,25.5,60.0,1012.7,False,28.6,340.0,1.8,48
5874,4441364,25.6,60.0,1012.9,False,28.2,339.0,2.4,48
5875,4501350,25.5,61.0,1012.7,False,28.4,342.0,2.9,48
5876,4561390,25.5,61.0,1012.9,False,28.1,330.0,2.5,48
5877,4621355,25.5,61.0,1012.9,False,28.3,314.0,2.2,48
5878,4681348,25.5,60.0,1012.7,False,28.4,334.0,1.2,48
5879,4741354,25.5,60.0,1012.9,False,28.4,339.0,1.8,48
5880,4801351,25.5,60.0,1012.9,False,28.5,319.0,1.8,48
5881,4861350,25.5,59.0,1012.9,False,28.4,343.0,1.6,48
5882,4921351,25.5,59.0,1012.9,False,28.4,25.0,1.6,48
5883,4981350,25.5,59.0,1012.9,False,28.3,329.0,2.2,48
5884,5041353,25.5,59.0,1012.9,False,28.3,328.0,2.5,48
5885,5101352,25.6,59.0,1013.0,False,28.2,343.0,2.0,48
5886,5161351,25.6,59.0,1013.0,False,28.4,331.0,2.2,48
5887,5221361,25.5,59.0,1013.0,False,28.3,345.0,3.0,48
5888,5281361,25.6,59.0,1013.0,False,28.3,355.0,2.7,48
5889,5341360,25.5,59.0,1012.9,False,28.2,357.0,2.0,48
5890,5401351,25.5,59.0,1013.0,False,28.0,352.0,2.5,48
5891,5461355,25.5,59.0,1012.9,False,27.9,330.0,2.2,48
5892,5521353,25.4,59.0,1012.9,False,27.9,352.0,2.5,48
5893,5581359,25.4,59.0,1013.0,False,28.2,344.0,2.0,48
5894,5641380,25.4,59.0,1012.9,False,28.2,329.0,2.9,48
5895,5701399,25.4,60.0,1013.0,False,28.1,334.0,2.2,48
5896,5761402,25.4,60.0,1013.0,False,28.1,331.0,1.2,48
5897,5821402,25.4,59.0,1013.0,False,28.2,344.0,1.7,48
5898,5881399,25.4,60.0,1013.0,False,28.2,132.0,1.8,48
5899,5941401,25.4,60.0,1013.0,False,27.9,345.0,1.0,48
5900,6001412,25.4,60.0,1013.0,False,27.8,319.0,1.6,48
5901,6061431,25.4,60.0,1013.0,False,27.7,15.0,1.5,48
5902,6121444,25.4,60.0,1013.0,False,27.7,148.0,1.6,48
5903,6181459,25.4,59.0,1013.0,False,28.1,341.0,2.2,48
5904,6241475,25.4,59.0,1013.2,False,27.9,337.0,1.3,48
5905,6301478,25.5,59.0,1013.0,False,27.8,336.0,2.0,48
5906,6361480,25.4,59.0,1013.0,False,27.8,288.0,2.2,48
5907,6421479,25.4,60.0,1013.0,False,27.8,11.0,1.8,48
5908,6481494,25.4,59.0,1013.0,False,27.8,344.0,1.7,48
5909,6541499,25.5,59.0,1013.0,False,27.8,359.0,2.7,48
5910,6601497,25.5,59.0,1013.2,False,27.8,16.0,2.5,48
5911,6661498,25.5,59.0,1013.2,False,27.8,328.0,2.2,48
5912,6721508,25.5,59.0,1013.2,False,27.7,326.0,2.2,48
5913,6781524,25.5,59.0,1013.2,False,27.8,311.0,1.7,48
5914,6841538,25.5,58.0,1013.2,False,27.8,344.0,1.2,48
5915,6901542,25.5,57.0,1013.2,False,27.8,342.0,2.2,48
5916,6961539,25.5,57.0,1013.2,False,27.9,329.0,2.7,48
5917,7021557,25.5,57.0,1013.2,False,27.7,349.0,2.9,48
5918,7081580,25.5,58.0,1013.0,False,27.4,294.0,2.0,48
5919,7141582,25.4,57.0,1013.2,False,27.6,311.0,1.8,48
5920,7201601,25.5,57.0,1013.2,False,27.7,341.0,1.7,48
5921,7261607,25.5,57.0,1013.4,False,27.7,33.0,2.7,48
5922,7321603,25.5,57.0,1013.2,False,27.6,342.0,1.7,48
5923,7381635,25.5,57.0,1013.2,False,27.6,300.0,1.7,48
5924,7441634,25.5,57.0,1013.2,False,27.5,0.0,2.0,48
5925,7501650,25.5,56.0,1013.2,False,27.5,326.0,1.7,48
5926,7561653,25.5,56.0,1013.4,False,27.6,329.0,2.7,48
5927,7621663,25.5,56.0,1013.2,False,27.5,340.0,1.7,48
5928,7681681,25.5,56.0,1013.2,False,27.5,340.0,1.8,48
5929,7741698,25.5,56.0,1013.2,False,27.5,354.0,1.7,48
5930,7801700,25.5,56.0,1013.2,False,27.5,332.0,3.5,48
5931,7861702,25.5,56.0,1013.2,False,27.5,5.0,2.9,48
5932,7921703,25.4,57.0,1013.2,False,27.5,349.0,1.7,48
5933,7981704,25.3,57.0,1013.2,False,27.4,351.0,2.4,48
5934,8041705,25.4,56.0,1013.2,False,27.4,351.0,2.7,48
5935,8101713,25.3,56.0,1013.2,False,27.4,338.0,1.6,48
5936,8161729,25.4,57.0,1013.2,False,27.4,20.0,2.0,48
5937,8221734,25.4,56.0,1013.2,False,27.3,24.0,1.6,48
5938,8281732,25.4,56.0,1013.2,False,27.4,324.0,4.0,48
5939,8341728,25.4,57.0,1013.2,False,27.3,325.0,2.5,48
5940,8401727,25.3,57.0,1013.2,False,27.3,320.0,1.8,48
5941,8461743,25.3,56.0,1013.4,False,27.3,338.0,1.1,48
5942,8521766,25.4,56.0,1013.2,False,27.6,0.0,2.0,48
5943,8581805,25.4,56.0,1013.2,False,27.5,296.0,1.7,48
5944,8641782,25.5,56.0,1013.2,False,27.5,322.0,2.2,48
5945,8701775,25.4,57.0,1013.2,False,27.3,331.0,3.2,48
5946,8761775,25.4,57.0,1013.4,False,27.3,333.0,2.4,48
5947,8821776,25.4,57.0,1013.4,False,27.3,333.0,2.4,48
5948,8881776,25.4,57.0,1013.4,False,27.3,340.0,2.2,48
5949,8941790,25.4,57.0,1013.5,False,27.5,341.0,2.4,48
5950,9001802,25.4,57.0,1013.4,False,27.4,334.0,1.8,48
5951,9061801,25.3,57.0,1013.5,False,27.3,342.0,1.1,48
5952,9121807,25.3,57.0,1013.5,False,27.2,8.0,2.4,48
5953,23418,23.8,56.0,1017.5,False,31.4,321.0,1.5,49
5954,83418,23.8,55.0,1017.5,False,31.7,290.0,1.2,49
5955,143431,23.8,54.0,1017.5,False,31.5,316.0,1.7,49
5956,203447,23.8,54.0,1017.5,False,31.1,315.0,1.7,49
5957,263447,23.8,55.0,1017.5,False,31.2,296.0,2.0,49
5958,323447,23.7,55.0,1017.5,False,31.3,314.0,1.0,49
5959,383464,23.8,54.0,1017.5,False,31.4,282.0,1.6,49
5960,443438,23.8,54.0,1017.5,False,32.0,289.0,1.8,49
5961,503448,23.9,54.0,1017.5,False,32.1,303.0,2.0,49
5962,563449,23.9,54.0,1017.4,False,31.9,330.0,2.4,49
5963,623447,23.8,54.0,1017.5,False,31.8,318.0,1.8,49
5964,683448,23.9,55.0,1017.5,False,31.8,282.0,1.6,49
5965,743447,24.0,55.0,1017.5,False,32.0,318.0,2.0,49
5966,803449,24.0,55.0,1017.5,False,32.0,296.0,2.0,49
5967,863450,24.1,55.0,1017.5,False,31.8,288.0,2.4,49
5968,923480,23.9,55.0,1017.5,False,31.6,309.0,1.5,49
5969,983462,23.8,55.0,1017.5,False,31.4,321.0,1.3,49
5970,1043480,23.8,55.0,1017.5,False,31.3,286.0,1.1,49
5971,1103495,23.8,55.0,1017.5,False,31.3,322.0,0.8,49
5972,1163496,23.7,55.0,1017.5,False,31.1,152.0,1.1,49
5973,1223493,23.8,56.0,1017.5,False,31.1,0.0,1.0,49
5974,1283495,23.8,54.0,1017.5,False,31.5,162.0,0.8,49
5975,1343506,23.8,54.0,1017.5,False,31.5,180.0,1.1,49
5976,1403501,23.8,54.0,1017.5,False,31.3,126.0,0.6,49
5977,1463516,23.8,54.0,1017.5,False,31.0,123.0,1.0,49
5978,1523526,23.8,54.0,1017.5,False,31.0,86.0,0.8,49
5979,1583541,23.9,54.0,1017.5,False,30.8,89.0,0.6,49
5980,1643540,23.8,54.0,1017.5,False,30.7,163.0,0.8,49
5981,1703543,23.8,54.0,1017.5,False,30.5,184.0,0.8,49
5982,1763564,23.8,54.0,1017.4,False,30.4,0.0,1.1,49
5983,1823557,23.7,54.0,1017.5,False,30.2,163.0,0.8,49
5984,1883574,23.6,55.0,1017.5,False,30.2,263.0,1.1,49
5985,1943575,23.6,55.0,1017.5,False,30.0,161.0,0.8,49
5986,2003573,23.6,55.0,1017.5,False,29.9,186.0,0.6,49
5987,2063574,23.6,55.0,1017.5,False,30.0,301.0,0.8,49
5988,2123574,23.5,55.0,1017.4,False,29.9,316.0,1.6,49
5989,2183574,23.4,56.0,1017.5,False,29.8,315.0,0.8,49
5990,2243574,23.4,56.0,1017.4,False,29.8,123.0,0.5,49
5991,2303575,23.4,56.0,1017.5,False,29.9,326.0,1.1,49
5992,2363579,23.3,56.0,1017.5,False,29.9,298.0,0.5,49
5993,2423574,23.3,56.0,1017.4,False,29.8,0.0,1.1,49
5994,2483577,23.3,56.0,1017.4,False,29.8,318.0,1.6,49
5995,2543563,23.3,57.0,1017.4,False,29.8,317.0,1.2,49
5996,2603579,23.3,57.0,1017.4,False,29.6,232.0,1.1,49
5997,2663585,23.2,57.0,1017.5,False,29.5,300.0,1.2,49
5998,2723572,23.2,57.0,1017.4,False,29.4,291.0,1.6,49
5999,2783589,23.2,57.0,1017.4,False,29.2,284.0,1.6,49
6000,2843574,23.1,57.0,1017.4,False,29.2,320.0,1.3,49
6001,2903575,23.1,58.0,1017.4,False,29.1,292.0,1.3,49
6002,2963574,23.2,57.0,1017.4,False,29.2,222.0,0.8,49
6003,3023572,23.2,57.0,1017.4,False,29.2,295.0,0.8,49
6004,3083575,23.2,57.0,1017.4,False,29.1,0.0,0.8,49
6005,3143577,23.3,57.0,1017.4,False,29.2,226.0,0.5,49
6006,3203575,23.2,57.0,1017.4,False,28.9,345.0,1.2,49
6007,3263574,23.2,57.0,1017.2,False,29.1,321.0,1.8,49
6008,3323577,23.1,58.0,1017.4,False,28.8,332.0,1.6,49
6009,3383573,23.1,58.0,1017.4,False,28.9,293.0,1.0,49
6010,3443573,22.9,58.0,1017.4,False,28.8,298.0,1.5,49
6011,3503578,22.9,59.0,1017.4,False,28.7,320.0,1.6,49
6012,3563575,22.9,59.0,1017.4,False,28.9,316.0,1.6,49
6013,3623578,22.9,59.0,1017.2,False,28.9,316.0,1.2,49
6014,3683575,23.0,59.0,1017.4,False,29.0,308.0,0.4,49
6015,3743573,23.0,58.0,1017.2,False,29.0,303.0,1.0,49
6016,3803576,23.2,58.0,1017.2,False,29.0,169.0,1.0,49
6017,3863575,23.2,59.0,1017.2,False,29.1,154.0,1.1,49
6018,3923575,23.3,58.0,1017.2,False,29.3,153.0,0.8,49
6019,3983575,23.3,57.0,1017.2,False,29.4,151.0,0.6,49
6020,4043573,23.4,57.0,1017.2,False,29.3,320.0,0.4,49
6021,4103574,23.4,58.0,1017.2,False,28.9,295.0,1.3,49
6022,4163586,23.3,59.0,1017.2,False,28.4,288.0,1.6,49
6023,4223575,23.2,59.0,1017.2,False,28.2,273.0,1.0,49
6024,4283575,23.2,60.0,1017.2,False,28.1,328.0,0.6,49
6025,4343574,23.1,60.0,1017.2,False,28.1,314.0,0.6,49
6026,4403575,23.0,61.0,1017.2,False,28.2,170.0,0.6,49
6027,4463573,23.0,60.0,1017.2,False,28.4,332.0,0.6,49
6028,4523615,23.1,59.0,1017.2,False,28.4,193.0,0.8,49
6029,4583573,23.2,59.0,1017.4,False,28.2,207.0,0.8,49
6030,4643573,23.2,58.0,1017.4,False,28.2,326.0,0.6,49
6031,4703575,23.2,58.0,1017.2,False,28.2,334.0,1.6,49
6032,4763574,23.1,59.0,1017.2,False,27.7,321.0,1.0,49
6033,4823582,23.1,60.0,1017.4,False,27.4,291.0,1.0,49
6034,4883576,23.1,60.0,1017.4,False,27.4,322.0,1.2,49
6035,4943574,23.0,60.0,1017.4,False,27.4,284.0,1.6,49
6036,5003574,22.9,60.0,1017.2,False,27.4,319.0,1.2,49
6037,5063576,22.9,60.0,1017.2,False,27.3,293.0,1.6,49
6038,5123589,22.9,61.0,1017.2,False,26.9,311.0,1.2,49
6039,5183577,22.8,61.0,1017.4,False,27.1,43.0,1.0,49
6040,5243574,22.8,61.0,1017.2,False,27.2,321.0,0.8,49
6041,5303575,22.8,61.0,1017.2,False,27.4,328.0,0.6,49
6042,5363574,22.7,61.0,1017.2,False,27.3,317.0,0.5,49
6043,5423574,22.8,61.0,1017.2,False,27.3,300.0,0.8,49
6044,5483579,22.8,61.0,1017.2,False,27.2,300.0,0.8,49
6045,5543576,22.7,61.0,1017.2,False,26.9,320.0,1.2,49
6046,5603576,22.7,61.0,1017.2,False,26.7,337.0,1.6,49
6047,5663573,22.5,61.0,1017.2,False,26.8,322.0,1.5,49
6048,5723577,22.5,61.0,1017.2,False,26.8,289.0,1.6,49
6049,5783576,22.5,61.0,1017.2,False,26.8,335.0,1.7,49
6050,5843576,22.5,61.0,1017.2,False,26.9,300.0,1.6,49
6051,5903577,22.5,61.0,1017.2,False,26.9,325.0,2.0,49
6052,5963577,22.5,61.0,1017.2,False,26.9,317.0,2.2,49
6053,6023577,22.5,61.0,1017.2,False,26.9,281.0,1.7,49
6054,6083576,22.5,61.0,1017.2,False,27.0,308.0,1.8,49
6055,6143577,22.5,61.0,1017.2,False,27.0,309.0,1.8,49
6056,6203576,22.5,61.0,1017.2,False,26.8,318.0,1.8,49
6057,6263575,22.5,61.0,1017.2,False,26.9,331.0,1.2,49
6058,6323577,22.5,61.0,1017.2,False,27.0,291.0,1.3,49
6059,6383574,22.5,62.0,1017.2,False,26.9,324.0,0.5,49
6060,6443576,22.5,62.0,1017.2,False,26.9,327.0,0.6,49
6061,6503577,22.5,62.0,1017.0,False,27.0,98.0,0.8,49
6062,6563576,22.6,62.0,1017.0,False,27.1,155.0,0.6,49
6063,6623574,22.7,61.0,1017.2,False,27.1,295.0,1.2,49
6064,27733,26.0,48.0,1014.5,False,40.6,299.0,2.9,50
6065,87730,25.9,48.0,1014.5,False,40.6,284.0,2.5,50
6066,147732,25.9,48.0,1014.5,False,40.6,342.0,2.4,50
6067,207735,25.9,48.0,1014.5,False,40.7,295.0,2.4,50
6068,267764,25.8,48.0,1014.5,False,41.2,289.0,2.7,50
6069,327774,25.9,47.0,1014.5,False,41.0,291.0,4.4,50
6070,387786,25.9,48.0,1014.5,False,41.1,282.0,2.2,50
6071,447779,25.9,48.0,1014.5,False,41.1,311.0,2.2,50
6072,507775,25.9,48.0,1014.5,False,41.1,291.0,2.4,50
6073,567800,26.1,47.0,1014.5,False,41.2,304.0,2.5,50
6074,627776,26.0,48.0,1014.5,False,40.7,328.0,1.8,50
6075,687775,26.0,48.0,1014.5,False,40.3,288.0,1.7,50
6076,747785,26.1,48.0,1014.5,False,40.4,297.0,1.7,50
6077,807778,26.2,47.0,1014.5,False,40.3,280.0,1.7,50
6078,867765,26.2,47.0,1014.4,False,40.5,324.0,2.2,50
6079,927789,26.2,46.0,1014.4,False,40.6,297.0,2.5,50
6080,987774,26.1,47.0,1014.4,False,40.3,294.0,1.7,50
6081,1047784,26.1,46.0,1014.4,False,40.1,299.0,2.2,50
6082,1107775,26.1,47.0,1014.4,False,40.1,272.0,2.0,50
6083,1167775,26.0,46.0,1014.4,False,40.0,293.0,2.5,50
6084,1227775,26.1,47.0,1014.4,False,40.3,290.0,3.0,50
6085,1287786,26.1,46.0,1014.4,False,40.5,299.0,2.5,50
6086,1347785,26.2,46.0,1014.4,False,40.8,290.0,2.4,50
6087,1407775,26.2,46.0,1014.5,False,40.8,285.0,2.4,50
6088,1467773,26.3,46.0,1014.2,False,40.8,283.0,2.2,50
6089,1527792,26.5,46.0,1014.2,False,40.7,312.0,2.0,50
6090,1587786,26.7,45.0,1014.4,False,40.7,333.0,2.5,50
6091,1647780,26.6,46.0,1014.4,False,40.7,305.0,2.0,50
6092,1707784,26.5,46.0,1014.5,False,40.0,311.0,1.6,50
6093,1767778,26.8,45.0,1014.2,False,40.1,328.0,2.0,50
6094,1827797,26.9,45.0,1014.4,False,40.4,311.0,1.2,50
6095,1887784,27.0,45.0,1014.4,False,40.2,303.0,1.8,50
6096,1947776,26.9,45.0,1014.4,False,40.2,280.0,2.2,50
6097,2007778,26.8,45.0,1014.4,False,40.6,333.0,2.7,50
6098,2067785,26.8,44.0,1014.4,False,40.9,288.0,2.4,50
6099,2127783,26.8,44.0,1014.4,False,40.1,311.0,3.4,50
6100,2187781,26.6,44.0,1014.4,False,40.0,279.0,3.2,50
6101,2247767,26.5,45.0,1014.5,False,39.4,293.0,3.2,50
6102,2307775,26.4,44.0,1014.5,False,39.2,275.0,2.5,50
6103,2367775,26.4,44.0,1014.5,False,39.2,321.0,1.2,50
6104,2427794,26.4,44.0,1014.4,False,36.0,328.0,1.7,50
6105,2487822,26.3,45.0,1014.5,False,36.0,280.0,2.0,50
6106,2547823,26.4,44.0,1014.4,False,35.4,287.0,1.7,50
6107,2607826,26.3,45.0,1014.5,False,34.0,304.0,2.2,50
6108,2667830,26.2,45.0,1014.5,False,34.0,289.0,2.5,50
6109,2727825,26.2,43.0,1014.5,False,31.9,291.0,4.0,50
6110,2787840,26.1,44.0,1014.4,False,31.9,290.0,2.4,50
6111,2847855,26.1,45.0,1014.4,False,35.5,282.0,2.0,50
6112,2907863,26.3,45.0,1014.5,False,38.5,290.0,2.0,50
6113,2967853,26.2,45.0,1014.4,False,38.5,288.0,1.8,50
6114,3027857,26.3,44.0,1014.4,False,38.9,316.0,2.7,50
6115,3087854,26.4,45.0,1014.4,False,38.9,309.0,1.5,50
6116,3147853,26.5,44.0,1014.5,False,39.2,291.0,2.0,50
6117,3207855,26.6,44.0,1014.4,False,39.2,307.0,2.7,50
6118,3267854,26.5,44.0,1014.4,False,39.0,291.0,2.7,50
6119,3327866,26.7,44.0,1014.2,False,39.1,307.0,2.7,50
6120,3387858,26.7,44.0,1014.4,False,39.6,313.0,2.2,50
6121,3447864,26.7,44.0,1014.4,False,39.6,298.0,2.2,50
6122,3507873,26.7,44.0,1014.4,False,39.8,279.0,2.4,50
6123,3567870,26.7,43.0,1014.4,False,39.8,282.0,1.6,50
6124,3627913,26.7,43.0,1014.4,False,39.8,300.0,2.7,50
6125,3687916,26.7,43.0,1014.4,False,39.4,319.0,2.2,50
6126,3747901,26.6,44.0,1014.4,False,39.3,312.0,1.7,50
6127,3807903,26.6,44.0,1014.4,False,39.3,299.0,1.8,50
6128,3867920,26.6,43.0,1014.4,False,39.1,285.0,2.5,50
6129,3927919,26.6,43.0,1014.4,False,39.0,311.0,2.7,50
6130,3987943,26.6,43.0,1014.5,False,38.4,264.0,1.6,50
6131,4047949,26.5,43.0,1014.4,False,38.1,312.0,2.0,50
6132,4107946,26.6,44.0,1014.5,False,37.9,286.0,2.0,50
6133,4167954,26.5,44.0,1014.5,False,37.4,302.0,2.5,50
6134,4227966,26.4,44.0,1014.4,False,36.8,312.0,2.7,50
6135,4287949,26.3,44.0,1014.4,False,36.7,307.0,2.0,50
6136,4347965,26.2,44.0,1014.4,False,36.7,312.0,2.4,50
6137,4407947,26.1,44.0,1014.4,False,36.6,309.0,2.5,50
6138,4467947,26.1,45.0,1014.5,False,36.3,287.0,1.6,50
6139,4527956,26.2,45.0,1014.4,False,36.2,296.0,2.0,50
6140,4587993,26.3,45.0,1014.4,False,36.2,311.0,1.7,50
6141,4647951,26.4,44.0,1014.2,False,36.2,180.0,1.5,50
6142,4707950,26.6,44.0,1014.4,False,36.1,260.0,0.6,50
6143,4767963,26.6,45.0,1014.4,False,36.2,311.0,1.2,50
6144,4827963,26.6,45.0,1014.5,False,36.2,317.0,2.0,50
6145,4887984,26.6,44.0,1014.2,False,36.7,340.0,1.3,50
6146,4947981,26.6,44.0,1014.2,False,37.2,295.0,2.5,50
6147,5007979,26.6,44.0,1014.5,False,37.5,321.0,1.5,50
6148,5067978,26.7,43.0,1014.2,False,37.7,20.0,1.7,50
6149,5127979,26.9,44.0,1014.2,False,37.5,346.0,0.5,50
6150,5187981,26.9,43.0,1014.2,False,36.8,307.0,0.5,50
6151,5247982,27.0,43.0,1014.2,False,37.6,0.0,0.6,50
6152,5308016,27.1,43.0,1014.2,False,37.7,165.0,0.4,50
6153,5367981,27.1,42.0,1014.2,False,37.0,321.0,1.1,50
6154,5427982,26.9,43.0,1014.2,False,36.4,37.0,1.6,50
6155,5487982,26.8,44.0,1014.2,False,36.4,335.0,1.7,50
6156,5547998,26.7,44.0,1014.2,False,36.6,322.0,1.0,50
6157,5607979,26.7,44.0,1014.2,False,36.7,313.0,1.6,50
6158,5667984,26.6,44.0,1014.2,False,36.8,343.0,2.0,50
6159,5727989,26.8,44.0,1014.2,False,36.8,317.0,1.0,50
6160,5787986,27.0,43.0,1014.2,False,36.5,315.0,1.3,50
6161,5847981,27.1,43.0,1014.2,False,36.5,349.0,2.0,50
6162,5907983,27.0,43.0,1014.2,False,36.6,283.0,1.2,50
6163,5967994,27.1,43.0,1014.2,False,36.6,334.0,1.2,50
6164,6027981,27.1,43.0,1014.2,False,37.0,329.0,1.3,50
6165,6087982,27.2,43.0,1014.0,False,37.0,316.0,1.8,50
6166,6147980,27.1,43.0,1014.0,False,36.6,335.0,1.8,50
6167,6207998,27.2,43.0,1014.0,False,36.5,323.0,2.0,50
6168,6267983,27.0,43.0,1014.0,False,36.4,300.0,2.0,50
6169,6327980,27.0,44.0,1014.0,False,36.5,240.0,1.7,50
6170,6387985,27.0,43.0,1014.2,False,36.5,265.0,1.0,50
6171,6447979,27.0,42.0,1014.0,False,36.7,298.0,1.8,50
6172,6507980,26.9,43.0,1014.0,False,36.3,320.0,1.8,50
6173,6567988,27.0,42.0,1014.0,False,36.4,286.0,1.6,50
6174,6627978,27.0,42.0,1014.0,False,36.4,158.0,1.7,50
6175,6687978,27.0,42.0,1014.0,False,36.1,332.0,1.7,50
6176,6747979,27.1,42.0,1014.0,False,36.2,308.0,2.0,50
6177,6807984,27.0,42.0,1014.0,False,36.2,210.0,2.2,50
6178,6868001,27.0,42.0,1014.0,False,36.2,336.0,1.6,50
6179,6927981,27.0,42.0,1014.0,False,35.9,202.0,1.7,50
6180,6987995,27.0,42.0,1014.0,False,35.9,313.0,0.6,50
6181,7047988,27.1,42.0,1014.0,False,36.1,154.0,1.2,50
6182,7107986,27.2,42.0,1014.0,False,36.1,0.0,0.6,50
6183,7167980,27.3,41.0,1014.0,False,35.9,128.0,1.3,50
6184,7227983,27.3,41.0,1014.0,False,35.9,159.0,1.1,50
6185,7287981,27.4,41.0,1014.0,False,35.9,320.0,0.8,50
6186,7347981,27.3,40.0,1014.0,False,35.9,339.0,1.7,50
6187,7407981,27.3,41.0,1014.0,False,35.5,332.0,1.7,50
6188,7467981,27.2,41.0,1014.0,False,35.5,324.0,2.0,50
6189,7528009,27.2,42.0,1014.0,False,35.5,286.0,2.0,50
6190,7587979,27.1,41.0,1014.0,False,35.5,324.0,1.8,50
6191,7647980,27.1,42.0,1014.0,False,35.5,338.0,2.2,50
6192,7707982,27.0,41.0,1013.9,False,35.5,284.0,2.4,50
6193,7767993,27.1,42.0,1014.0,False,35.4,348.0,2.4,50
6194,7827981,27.0,42.0,1014.0,False,35.4,313.0,1.7,50
6195,7887986,27.0,42.0,1014.0,False,35.4,320.0,2.0,50
6196,7947981,27.0,42.0,1014.0,False,35.2,183.0,1.2,50
6197,8007999,27.1,42.0,1014.0,False,35.2,150.0,0.8,50
6198,8067986,27.1,41.0,1014.0,False,35.2,73.0,1.2,50
6199,8128087,27.1,41.0,1014.0,False,35.2,143.0,0.6,50
6200,8187983,27.1,40.0,1013.9,False,35.2,154.0,0.8,50
6201,8247982,27.1,41.0,1014.0,False,35.2,152.0,1.2,50
6202,8307981,27.1,40.0,1013.9,False,35.1,178.0,0.8,50
6203,8367982,27.1,40.0,1014.0,False,35.0,105.0,1.2,50
6204,8427983,27.1,40.0,1014.0,False,34.9,0.0,0.8,50
6205,8487983,27.1,40.0,1014.0,False,34.7,322.0,1.0,50
6206,8548008,27.2,41.0,1014.0,False,34.7,0.0,0.8,50
6207,8607998,27.2,40.0,1013.9,False,34.8,149.0,0.4,50
6208,8667987,27.2,41.0,1014.0,False,34.7,8.0,0.8,50
6209,8727990,27.3,40.0,1014.0,False,34.5,275.0,1.2,50
6210,8787993,27.4,41.0,1014.0,False,34.4,167.0,0.8,50
6211,8847987,27.2,41.0,1014.0,False,34.2,342.0,1.0,50
6212,8907981,27.3,41.0,1014.0,False,34.2,314.0,0.8,50
6213,8967992,27.3,41.0,1014.0,False,33.9,316.0,1.1,50
6214,9027988,27.3,41.0,1014.0,False,34.0,147.0,1.2,50
6215,9087982,27.3,42.0,1014.0,False,34.0,318.0,1.2,50
6216,9147983,27.2,42.0,1014.0,False,34.0,184.0,0.8,50
6217,9207981,27.1,41.0,1013.9,False,34.0,285.0,1.5,50
6218,9267983,27.1,40.0,1014.0,False,33.8,305.0,1.8,50
6219,9327985,27.0,42.0,1014.0,False,33.4,286.0,2.0,50
6220,53011,12.7,84.0,997.2,False,15.5,247.0,4.5,51
6221,113024,12.6,83.0,997.2,False,15.4,257.0,4.6,51
6222,173040,12.6,83.0,997.2,False,15.2,252.0,3.9,51
6223,233040,12.6,84.0,997.2,False,15.2,258.0,4.5,51
6224,293042,12.6,83.0,997.2,False,15.2,275.0,3.7,51
6225,353041,12.7,84.0,997.2,False,15.1,259.0,2.5,51
6226,413043,12.6,83.0,997.2,False,15.2,263.0,3.5,51
6227,473041,12.7,83.0,997.2,False,15.2,273.0,3.2,51
6228,533040,12.7,83.0,997.2,False,15.0,275.0,3.7,51
6229,593043,12.6,83.0,997.2,False,15.0,262.0,3.7,51
6230,653067,12.6,83.0,997.2,False,15.0,275.0,3.7,51
6231,713076,12.6,83.0,997.2,False,14.9,241.0,4.0,51
6232,773057,12.6,83.0,997.4,False,14.8,268.0,3.5,51
6233,833075,12.6,83.0,997.2,False,14.8,264.0,3.5,51
6234,893082,12.6,84.0,997.2,False,14.8,265.0,2.2,51
6235,953116,12.6,84.0,997.4,False,14.9,219.0,1.8,51
6236,1013119,12.7,83.0,997.4,False,15.0,265.0,1.7,51
6237,1073121,12.7,83.0,997.4,False,15.0,242.0,1.6,51
6238,1133121,12.7,84.0,997.4,False,15.0,264.0,1.7,51
6239,1193123,12.6,83.0,997.5,False,15.0,258.0,4.0,51
6240,1253120,12.6,84.0,997.4,False,14.9,256.0,3.4,51
6241,1313121,12.5,83.0,997.4,False,14.7,250.0,4.1,51
6242,1373118,12.5,84.0,997.4,False,14.6,255.0,2.7,51
6243,1433118,12.5,84.0,997.5,False,14.7,276.0,2.2,51
6244,1493120,12.6,84.0,997.5,False,14.7,267.0,2.9,51
6245,1553119,12.5,84.0,997.5,False,14.7,249.0,2.7,51
6246,1613121,12.5,84.0,997.5,False,14.6,262.0,3.0,51
6247,1673125,12.5,84.0,997.5,False,14.6,243.0,3.2,51
6248,1733171,12.6,84.0,997.5,False,14.7,252.0,2.5,51
6249,1793167,12.5,84.0,997.5,False,14.7,284.0,2.2,51
6250,1853169,12.5,84.0,997.5,False,14.7,265.0,2.0,51
6251,1913166,12.6,84.0,997.5,False,14.7,300.0,1.7,51
6252,1973168,12.7,84.0,997.5,False,14.8,269.0,1.6,51
6253,2033183,12.7,84.0,997.5,False,14.8,290.0,1.8,51
6254,2093197,12.8,84.0,997.5,False,14.7,276.0,1.1,51
6255,2153218,12.7,84.0,997.7,False,14.7,0.0,0.6,51
6256,2213215,12.7,84.0,997.5,False,14.8,270.0,1.6,51
6257,2273239,12.7,84.0,997.5,False,14.7,270.0,0.6,51
6258,2333221,12.8,84.0,997.7,False,14.7,279.0,1.2,51
6259,2393213,12.7,83.0,997.5,False,14.7,216.0,1.7,51
6260,2453245,12.7,83.0,997.5,False,14.7,224.0,1.0,51
6261,2513214,12.8,84.0,997.7,False,14.7,251.0,0.6,51
6262,2573231,12.7,83.0,997.7,False,14.7,229.0,2.2,51
6263,2633244,12.7,83.0,997.7,False,14.6,247.0,2.4,51
6264,2693246,12.7,83.0,997.7,False,14.4,267.0,1.5,51
6265,2753244,12.7,83.0,997.7,False,14.4,246.0,2.5,51
6266,2813254,12.8,84.0,997.5,False,14.4,263.0,2.0,51
6267,2873268,12.8,83.0,997.7,False,14.5,266.0,2.5,51
6268,2933278,12.7,83.0,997.7,False,14.5,254.0,2.5,51
6269,2993334,12.7,83.0,997.7,False,14.5,256.0,2.5,51
6270,3053321,12.7,84.0,997.7,False,14.4,191.0,2.5,51
6271,3113328,12.7,84.0,997.7,False,14.4,286.0,1.2,51
6272,3173338,12.6,84.0,997.7,False,14.6,243.0,1.3,51
6273,3233358,12.7,84.0,997.7,False,14.6,264.0,1.1,51
6274,3293359,12.7,84.0,997.7,False,14.6,254.0,2.2,51
6275,3353362,12.7,83.0,997.7,False,14.5,263.0,2.2,51
6276,3413355,12.7,83.0,997.7,False,14.5,273.0,2.0,51
6277,3473356,12.7,83.0,997.7,False,14.3,257.0,1.8,51
6278,3533373,12.6,83.0,997.9,False,14.1,272.0,2.5,51
6279,3593375,12.6,84.0,997.9,False,14.1,262.0,3.2,51
6280,3653382,12.6,84.0,997.7,False,14.0,257.0,3.7,51
6281,3713362,12.5,85.0,997.9,True,13.7,261.0,3.2,51
6282,3773371,12.5,85.0,997.7,True,13.8,268.0,3.4,51
6283,3833374,12.5,85.0,997.7,True,13.8,252.0,3.4,51
6284,3893392,12.4,86.0,997.9,True,13.9,256.0,3.2,51
6285,3953379,12.3,86.0,997.9,True,13.8,259.0,3.7,51
6286,4013369,12.3,87.0,997.9,True,13.6,254.0,3.2,51
6287,4073372,12.3,87.0,997.9,True,13.6,265.0,3.2,51
6288,4133374,12.3,88.0,997.9,True,13.6,253.0,2.7,51
6289,4193448,12.3,88.0,997.9,True,13.7,278.0,2.5,51
6290,4253377,12.3,88.0,997.9,True,13.7,254.0,2.0,51
6291,4313394,12.3,89.0,997.9,True,13.7,261.0,2.2,51
6292,4373372,12.3,89.0,997.9,True,13.7,270.0,2.0,51
6293,4433369,12.3,89.0,997.9,True,13.7,269.0,1.7,51
6294,4493369,12.3,89.0,997.9,True,13.8,257.0,1.5,51
6295,4553360,12.3,89.0,998.0,True,13.7,281.0,1.5,51
6296,4613370,12.2,90.0,997.9,True,13.7,257.0,1.6,51
6297,4673384,12.1,90.0,998.0,False,13.7,265.0,1.6,51
6298,4733373,12.2,90.0,998.0,False,13.7,265.0,1.6,51
6299,4793373,12.2,90.0,998.0,False,13.7,265.0,1.6,51
6300,4853373,12.1,90.0,998.0,False,13.7,265.0,1.6,51
6301,4913385,12.1,90.0,998.0,False,13.7,265.0,1.6,51
6302,4973401,12.2,90.0,998.0,False,13.9,258.0,1.7,51
6303,5033417,12.2,90.0,998.0,False,14.0,0.0,1.1,51
6304,5093432,12.1,91.0,998.0,False,13.9,32.0,0.4,51
6305,5153444,12.2,91.0,998.0,False,13.9,225.0,0.6,51
6306,5213448,12.3,91.0,998.0,False,13.9,268.0,1.0,51
6307,5273449,12.2,91.0,998.0,False,14.0,253.0,0.8,51
6308,5333465,12.2,91.0,998.0,False,14.0,249.0,1.0,51
6309,5393480,12.2,91.0,998.0,True,14.0,255.0,1.6,51
6310,5453499,12.2,91.0,998.0,True,14.0,245.0,1.6,51
6311,5513496,12.2,91.0,998.0,True,14.0,250.0,1.8,51
6312,5573496,12.2,91.0,998.0,True,14.0,280.0,1.2,51
6313,5633542,12.2,91.0,998.0,False,14.0,287.0,2.0,51
6314,5693497,12.2,91.0,998.0,False,14.1,254.0,1.2,51
6315,5753494,12.2,91.0,998.0,False,14.0,236.0,1.2,51
6316,5813496,12.2,91.0,998.0,False,14.0,253.0,0.8,51
6317,5873500,12.2,91.0,998.0,False,13.9,250.0,1.7,51
6318,5933499,12.1,91.0,998.0,False,14.0,257.0,2.0,51
6319,5993507,12.1,91.0,998.2,False,14.0,262.0,1.8,51
6320,6053496,12.1,91.0,998.0,True,13.9,262.0,1.7,51
6321,6113499,12.1,91.0,998.0,True,13.9,258.0,1.2,51
6322,6173496,12.1,91.0,998.2,True,13.8,257.0,1.6,51
6323,6233498,12.1,91.0,998.0,True,13.8,256.0,1.6,51
6324,6293496,12.0,91.0,998.0,True,13.7,253.0,1.7,51
6325,6353497,12.1,91.0,998.2,True,13.7,253.0,1.8,51
6326,6413517,12.1,91.0,998.2,True,13.7,253.0,1.8,51
6327,6473486,12.1,91.0,998.2,True,13.7,253.0,1.8,51
6328,6533497,12.0,91.0,998.2,True,13.7,253.0,1.8,51
6329,6593497,12.0,91.0,998.2,True,13.7,253.0,1.8,51
6330,6653498,12.0,92.0,998.2,True,13.7,253.0,2.5,51
6331,6713517,12.0,92.0,998.2,True,13.7,260.0,1.8,51
6332,6773526,12.0,92.0,998.2,True,13.8,245.0,1.7,51
6333,34268,11.1,91.0,1001.7,False,17.6,65.0,1.7,52
6334,94268,11.1,91.0,1001.7,False,17.6,88.0,1.3,52
6335,154269,11.1,91.0,1001.5,False,17.6,46.0,0.8,52
6336,214293,11.2,91.0,1001.7,False,17.6,95.0,1.5,52
6337,274315,11.2,91.0,1001.7,False,17.7,127.0,1.2,52
6338,334315,11.1,91.0,1001.7,False,17.8,99.0,1.0,52
6339,394335,11.4,92.0,1001.7,False,17.9,56.0,1.0,52
6340,454348,11.4,90.0,1001.5,False,18.1,106.0,1.0,52
6341,514347,11.5,91.0,1001.5,False,18.2,67.0,1.0,52
6342,574346,11.6,91.0,1001.5,False,18.4,75.0,1.5,52
6343,634348,11.5,91.0,1001.5,False,18.7,88.0,1.5,52
6344,694347,11.6,92.0,1001.5,False,18.8,71.0,0.8,52
6345,754347,11.7,91.0,1001.5,False,19.0,94.0,1.6,52
6346,814346,11.7,91.0,1001.5,False,19.0,93.0,2.4,52
6347,874364,11.6,90.0,1001.5,False,19.0,79.0,2.4,52
6348,934378,11.6,90.0,1001.5,False,18.7,94.0,2.4,52
6349,994378,11.5,91.0,1001.5,False,18.6,101.0,2.2,52
6350,1054378,11.6,91.0,1001.5,False,18.5,80.0,2.2,52
6351,1114380,11.7,91.0,1001.5,False,18.5,99.0,1.7,52
6352,1174378,11.7,91.0,1001.5,False,18.5,96.0,2.2,52
6353,1234376,11.7,91.0,1001.5,False,18.4,99.0,2.2,52
6354,1294378,11.7,90.0,1001.5,False,18.3,66.0,2.2,52
6355,1354379,11.8,90.0,1001.4,False,18.3,108.0,2.0,52
6356,1414381,11.8,90.0,1001.5,False,18.4,99.0,2.2,52
6357,1474378,11.8,90.0,1001.5,False,18.4,90.0,2.2,52
6358,1534378,11.9,91.0,1001.5,False,18.5,97.0,2.0,52
6359,1594370,11.9,90.0,1001.5,False,18.5,79.0,1.7,52
6360,1654379,11.9,90.0,1001.5,False,18.6,70.0,1.7,52
6361,1714380,12.0,90.0,1001.5,False,18.6,79.0,2.0,52
6362,1774385,12.2,89.0,1001.5,False,18.6,81.0,1.8,52
6363,1834408,12.3,90.0,1001.5,False,18.7,78.0,2.0,52
6364,1894427,12.3,89.0,1001.5,False,19.0,85.0,2.0,52
6365,1954427,12.3,89.0,1001.5,False,18.8,114.0,2.2,52
6366,2014437,12.2,89.0,1001.4,False,18.5,82.0,2.0,52
6367,2074442,12.2,89.0,1001.5,False,18.6,62.0,1.6,52
6368,2134456,12.2,89.0,1001.5,False,18.6,96.0,2.0,52
6369,2194471,12.2,89.0,1001.4,False,18.5,70.0,1.7,52
6370,2254491,12.3,89.0,1001.5,False,18.5,78.0,1.0,52
6371,2314503,12.3,89.0,1001.4,False,18.6,125.0,1.3,52
6372,2374513,12.3,88.0,1001.4,False,18.6,17.0,1.6,52
6373,2434496,12.3,88.0,1001.4,False,18.6,210.0,0.8,52
6374,2494515,12.4,88.0,1001.4,False,18.7,273.0,1.0,52
6375,2554524,12.4,88.0,1001.4,False,18.7,212.0,1.1,52
6376,2614520,12.6,88.0,1001.2,False,18.7,173.0,0.8,52
6377,2674520,12.6,88.0,1001.2,False,18.7,56.0,0.6,52
6378,2734519,12.7,88.0,1001.2,False,18.7,164.0,0.8,52
6379,2794531,12.6,87.0,1001.2,False,18.9,349.0,0.4,52
6380,2854522,12.7,87.0,1001.2,False,19.1,130.0,0.8,52
6381,2914520,12.6,87.0,1001.2,False,18.9,0.0,0.6,52
6382,2974535,12.6,87.0,1001.2,False,19.0,287.0,0.4,52
6383,3034553,12.6,86.0,1001.2,False,19.0,191.0,1.2,52
6384,3094555,12.6,86.0,1001.2,False,18.9,160.0,1.2,52
6385,3154550,12.7,85.0,1001.2,False,18.8,63.0,1.2,52
6386,3214555,12.7,85.0,1001.2,False,18.8,343.0,0.5,52
6387,3274552,12.6,84.0,1001.2,False,18.7,142.0,0.6,52
6388,3334551,12.6,83.0,1001.0,False,18.5,209.0,0.8,52
6389,3394568,12.8,84.0,1001.0,False,18.5,107.0,1.0,52
6390,3454564,12.8,83.0,1001.0,False,18.6,182.0,0.6,52
6391,3514582,12.9,82.0,1001.0,False,18.5,55.0,0.6,52
6392,3574583,12.9,82.0,1001.0,False,18.4,97.0,0.6,52
6393,3634591,12.8,81.0,1001.0,False,18.3,12.0,1.0,52
6394,3694598,12.9,80.0,1001.0,False,18.1,244.0,1.1,52
6395,3754599,12.8,80.0,1001.0,False,18.0,103.0,0.6,52
6396,3814612,12.9,79.0,1001.0,False,17.9,7.0,1.7,52
6397,3874629,13.0,79.0,1001.0,False,17.9,13.0,0.5,52
6398,3934662,13.0,79.0,1001.0,False,17.8,331.0,0.4,52
6399,3994634,13.1,79.0,1000.9,False,17.8,58.0,1.1,52
6400,4054631,13.1,79.0,1001.0,False,17.8,7.0,0.8,52
6401,4114642,13.1,78.0,1000.9,False,17.7,6.0,0.8,52
6402,4174637,13.0,78.0,1000.9,False,17.6,96.0,1.1,52
6403,4234632,13.1,78.0,1000.9,False,17.5,351.0,0.8,52
6404,4294710,13.0,77.0,1000.7,False,17.5,99.0,1.1,52
6405,4354651,13.1,78.0,1000.9,False,17.5,294.0,1.2,52
6406,4414635,13.1,78.0,1000.7,False,17.3,35.0,1.2,52
6407,4474647,13.1,77.0,1000.9,False,17.3,49.0,0.8,52
6408,4534623,13.1,77.0,1000.7,False,17.1,69.0,2.0,52
6409,4594657,13.1,76.0,1000.7,False,17.1,50.0,0.8,52
6410,4654669,13.1,76.0,1000.7,False,17.0,43.0,2.0,52
6411,4714661,13.0,75.0,1000.7,False,17.1,46.0,0.8,52
6412,4774662,13.1,75.0,1000.7,False,17.0,63.0,1.7,52
6413,4834679,13.2,75.0,1000.7,False,17.0,69.0,1.7,52
6414,4894736,13.3,76.0,1000.7,False,17.0,95.0,1.5,52
6415,4954709,13.4,76.0,1000.9,False,17.0,40.0,1.1,52
6416,5014699,13.4,76.0,1000.9,False,17.0,67.0,1.7,52
6417,5074702,13.4,76.0,1000.9,False,16.9,82.0,1.7,52
6418,5134717,13.4,76.0,1000.9,False,16.7,56.0,1.3,52
6419,5194736,13.4,76.0,1000.9,False,16.7,69.0,1.5,52
6420,5254731,13.5,77.0,1000.7,False,16.7,66.0,1.2,52
6421,5314727,13.3,77.0,1000.9,False,16.7,73.0,2.2,52
6422,5374729,13.3,77.0,1000.9,False,16.5,89.0,2.2,52
6423,5434755,13.4,79.0,1000.9,False,16.2,81.0,2.0,52
6424,5494756,13.4,79.0,1000.9,False,16.2,66.0,1.6,52
6425,5554749,13.3,80.0,1000.7,False,16.3,82.0,1.5,52
6426,5614761,13.3,80.0,1000.7,False,16.2,88.0,2.4,52
6427,5674756,13.4,80.0,1000.7,False,16.1,108.0,2.4,52
6428,5734754,13.4,80.0,1000.9,False,16.1,95.0,1.8,52
6429,5794757,13.4,81.0,1000.9,False,16.0,83.0,1.8,52
6430,5854756,13.4,80.0,1000.7,False,16.1,54.0,1.1,52
6431,5914756,13.4,80.0,1000.9,False,16.1,74.0,1.2,52
6432,5974810,13.3,81.0,1000.9,False,16.0,80.0,2.2,52
6433,6034757,13.4,81.0,1000.9,False,16.0,89.0,2.5,52
6434,6094755,13.3,81.0,1000.9,False,16.0,85.0,2.0,52
6435,6154753,13.2,81.0,1000.9,False,15.6,35.0,1.7,52
6436,6214756,13.2,81.0,1000.9,False,15.8,4.0,1.1,52
6437,6274756,13.1,81.0,1000.9,False,15.9,52.0,0.6,52
6438,6334754,13.2,81.0,1000.9,False,16.1,34.0,1.2,52
6439,6394756,13.1,81.0,1001.0,False,16.1,52.0,1.0,52
6440,6454763,13.1,81.0,1000.9,False,16.1,78.0,1.5,52
6441,6514756,13.1,81.0,1000.9,False,16.2,9.0,1.6,52
6442,6574745,13.2,81.0,1000.9,False,16.3,34.0,1.1,52
6443,6634763,13.3,81.0,1000.9,False,16.4,60.0,1.8,52
6444,6694773,13.3,81.0,1000.9,False,16.5,47.0,1.2,52
6445,6754758,13.2,81.0,1000.9,False,16.6,69.0,1.2,52
6446,6814756,13.2,81.0,1000.7,False,16.6,77.0,1.8,52
6447,6874760,13.3,81.0,1000.9,False,16.4,74.0,1.7,52
6448,6934755,13.4,81.0,1000.7,False,16.4,46.0,1.5,52
6449,6994760,13.4,81.0,1000.7,False,16.5,64.0,1.6,52
6450,7054753,13.4,81.0,1000.7,False,16.6,68.0,2.4,52
6451,7114755,13.4,81.0,1000.7,False,16.6,68.0,1.8,52
6452,7174757,13.4,81.0,1000.7,False,16.7,78.0,2.0,52
6453,7234759,13.5,81.0,1000.7,False,16.7,74.0,2.0,52
6454,7294759,13.4,81.0,1000.9,False,16.7,91.0,2.2,52
6455,7354760,13.4,81.0,1000.9,False,16.6,61.0,2.4,52
6456,7414750,13.4,81.0,1000.7,False,16.5,70.0,1.7,52
6457,7474757,13.5,81.0,1000.7,False,16.5,78.0,2.2,52
6458,7534755,13.4,82.0,1000.7,False,16.5,78.0,1.3,52
6459,7594758,13.5,82.0,1000.7,False,16.6,89.0,1.5,52
6460,7654758,13.5,82.0,1000.7,False,16.7,70.0,1.5,52
6461,7714757,13.5,82.0,1000.7,False,16.7,69.0,2.0,52
6462,7774755,13.5,82.0,1000.7,False,16.6,83.0,1.6,52
6463,7834755,13.6,82.0,1000.7,False,16.6,64.0,1.7,52
6464,7894756,13.6,82.0,1000.7,False,16.7,37.0,1.5,52
6465,7954758,13.5,82.0,1000.7,False,16.7,66.0,1.7,52
6466,8014765,13.5,81.0,1000.7,False,16.8,70.0,1.7,52
6467,8074754,13.5,82.0,1000.7,False,16.9,59.0,1.6,52
6468,8134756,13.6,82.0,1000.7,False,17.0,53.0,1.6,52
6469,8194754,13.7,82.0,1000.7,False,17.0,59.0,2.4,52
6470,8254772,13.6,81.0,1000.7,False,17.0,59.0,1.3,52
6471,8314773,13.7,81.0,1000.7,False,17.0,79.0,2.0,52
6472,8374830,13.7,82.0,1000.9,False,17.0,72.0,2.2,52
6473,8434786,13.7,81.0,1000.7,False,16.9,78.0,2.0,52
6474,8494804,13.7,81.0,1000.7,False,16.8,70.0,1.7,52
6475,8554818,13.7,81.0,1000.9,False,16.8,71.0,1.7,52
6476,8614838,13.8,81.0,1000.9,False,16.7,60.0,2.5,52
6477,8674852,13.9,81.0,1000.7,False,16.7,77.0,2.0,52
6478,8734841,14.0,80.0,1000.7,False,16.6,62.0,1.7,52
6479,8794858,13.9,80.0,1000.7,False,16.5,62.0,2.0,52
6480,8854866,14.0,80.0,1000.9,False,16.5,86.0,1.5,52
6481,8914909,14.1,81.0,1000.7,False,16.5,70.0,1.5,52
6482,8974870,14.1,80.0,1000.9,False,16.5,47.0,1.6,52
6483,9034879,14.0,80.0,1000.9,False,16.6,66.0,1.3,52
6484,9094881,14.0,80.0,1000.9,False,16.6,68.0,1.2,52
6485,9154886,14.1,80.0,1000.9,False,16.4,31.0,1.2,52
6486,9214880,14.1,80.0,1000.9,False,16.6,32.0,0.6,52
6487,9274893,14.1,80.0,1000.7,False,16.7,38.0,1.1,52
6488,9334884,14.1,79.0,1000.7,False,16.7,61.0,1.0,52
6489,9394882,14.1,79.0,1000.9,False,16.8,4.0,1.6,52
6490,9454881,14.2,78.0,1000.7,False,16.8,96.0,0.6,52
6491,27904,33.5,38.0,1009.0,False,53.6,16.0,0.6,53
6492,87909,33.7,38.0,1009.0,False,53.6,40.0,0.6,53
6493,147909,34.0,36.0,1009.0,False,53.8,13.0,0.8,53
6494,207911,34.0,36.0,1009.0,False,53.9,47.0,1.2,53
6495,267909,33.9,36.0,1009.0,False,53.9,101.0,1.2,53
6496,327911,34.0,35.0,1009.0,False,53.9,62.0,1.3,53
6497,387909,33.8,36.0,1008.7,False,53.1,119.0,2.5,53
6498,447910,33.6,37.0,1008.7,False,53.0,78.0,2.4,53
6499,507908,33.5,37.0,1008.7,False,52.9,78.0,3.2,53
6500,567909,33.5,38.0,1008.9,False,53.1,78.0,3.2,53
6501,627910,33.4,39.0,1008.7,False,53.1,85.0,2.5,53
6502,687911,33.3,39.0,1008.7,False,53.1,39.0,1.2,53
6503,747912,33.2,39.0,1008.9,False,52.9,0.0,2.2,53
6504,807914,33.3,38.0,1009.0,False,53.2,83.0,1.2,53
6505,867911,33.2,38.0,1008.7,False,53.3,73.0,3.0,53
6506,927920,33.2,39.0,1008.9,False,53.2,159.0,1.2,53
6507,987910,33.3,39.0,1008.9,False,53.2,23.0,1.2,53
6508,1047920,33.3,38.0,1008.7,False,53.7,337.0,1.6,53
6509,1107910,33.4,39.0,1008.7,False,53.7,350.0,1.6,53
6510,1167909,33.5,39.0,1008.7,False,53.2,328.0,2.2,53
6511,1227910,33.4,40.0,1008.7,False,50.9,310.0,2.2,53
6512,1287907,33.3,40.0,1008.7,False,50.3,348.0,2.2,53
6513,1347910,33.3,40.0,1008.9,False,49.6,333.0,2.9,53
6514,1407913,33.2,40.0,1008.7,False,49.5,44.0,2.0,53
6515,1467912,33.1,41.0,1008.7,False,49.1,327.0,0.8,53
6516,1527910,33.3,41.0,1008.7,False,50.4,326.0,1.5,53
6517,1587918,33.5,40.0,1008.7,False,51.8,0.0,2.4,53
6518,1647913,33.6,39.0,1008.7,False,51.9,328.0,1.3,53
6519,1707924,33.7,38.0,1008.5,False,51.9,52.0,1.3,53
6520,1767910,33.5,40.0,1008.5,False,50.8,80.0,0.8,53
6521,1827912,33.5,39.0,1008.5,False,50.8,343.0,1.5,53
6522,1887909,33.5,39.0,1008.5,False,51.0,19.0,1.7,53
6523,1947921,33.5,38.0,1008.5,False,52.3,113.0,2.2,53
6524,2007910,33.3,39.0,1008.4,False,51.1,353.0,1.2,53
6525,2067919,33.2,40.0,1008.5,False,50.8,342.0,1.6,53
6526,2127910,33.4,39.0,1008.5,False,51.8,339.0,1.7,53
6527,2187914,33.5,39.0,1008.5,False,51.8,351.0,1.2,53
6528,2247902,33.5,39.0,1008.5,False,52.0,78.0,0.8,53
6529,2307910,33.4,38.0,1008.5,False,51.8,84.0,1.1,53
6530,2367912,33.2,39.0,1008.5,False,51.7,75.0,1.6,53
6531,2427910,33.1,40.0,1008.5,False,51.2,128.0,3.0,53
6532,2487913,32.9,41.0,1008.5,False,50.3,115.0,1.7,53
6533,2547912,32.8,41.0,1008.5,False,50.4,88.0,2.5,53
6534,2607913,32.9,41.0,1008.5,False,50.4,87.0,2.2,53
6535,2667909,32.8,42.0,1008.5,False,50.4,308.0,2.0,53
6536,2727920,32.9,42.0,1008.4,False,51.1,305.0,3.2,53
6537,2787911,33.1,41.0,1008.4,False,51.3,69.0,2.2,53
6538,2847913,33.1,41.0,1008.4,False,51.5,344.0,1.2,53
6539,2907911,33.3,41.0,1008.2,False,51.1,323.0,1.7,53
6540,2967911,33.3,41.0,1008.2,False,51.1,160.0,1.7,53
6541,3027913,33.3,39.0,1008.2,False,51.1,85.0,1.3,53
6542,3087921,33.2,39.0,1008.2,False,50.8,58.0,1.3,53
6543,3147902,33.0,40.0,1008.2,False,50.4,99.0,1.0,53
6544,3207912,33.1,39.0,1008.2,False,50.3,0.0,2.0,53
6545,3267913,32.9,40.0,1008.4,False,50.2,338.0,0.8,53
6546,3327910,33.1,40.0,1008.2,False,50.3,1.0,1.3,53
6547,3387911,33.0,41.0,1008.4,False,49.7,27.0,1.3,53
6548,3447910,33.1,40.0,1008.4,False,49.7,310.0,1.8,53
6549,3507911,33.0,40.0,1008.4,False,50.4,336.0,1.0,53
6550,3567910,33.0,39.0,1008.2,False,50.5,347.0,1.6,53
6551,3627912,32.9,39.0,1008.4,False,49.8,69.0,1.2,53
6552,3687918,32.9,39.0,1008.4,False,49.6,132.0,2.2,53
6553,3747913,32.8,40.0,1008.4,False,50.0,59.0,0.6,53
6554,3807929,32.9,39.0,1008.4,False,50.0,143.0,2.2,53
6555,3867911,32.9,40.0,1008.2,False,50.4,358.0,1.0,53
6556,3927912,32.9,40.0,1008.4,False,49.9,98.0,1.7,53
6557,3987920,32.9,40.0,1008.4,False,49.9,57.0,2.2,53
6558,4047912,32.9,40.0,1008.5,False,49.9,343.0,2.2,53
6559,4107916,32.8,41.0,1008.4,False,50.0,1.0,2.2,53
6560,4167913,32.8,40.0,1008.2,False,50.0,359.0,1.5,53
6561,4227915,33.0,40.0,1008.2,False,49.7,0.0,1.6,53
6562,4287911,33.1,40.0,1008.4,False,49.8,48.0,0.8,53
6563,4347911,33.1,39.0,1008.2,False,49.8,82.0,2.0,53
6564,4407919,33.0,40.0,1008.4,False,49.8,122.0,2.5,53
6565,4467922,32.8,41.0,1008.5,False,49.4,202.0,2.4,53
6566,4527911,32.6,41.0,1008.5,False,49.4,79.0,1.0,53
6567,4587914,32.6,41.0,1008.4,False,49.4,240.0,1.5,53
6568,4647912,32.8,40.0,1008.5,False,49.8,100.0,1.3,53
6569,4707905,32.9,40.0,1008.4,False,49.8,58.0,1.8,53
6570,4767916,32.8,41.0,1008.5,False,49.4,136.0,2.5,53
6571,30789,31.7,49.0,1010.0,True,42.8,322.0,3.5,54
6572,90783,31.4,49.0,1010.0,True,42.8,322.0,3.5,54
6573,150788,31.3,49.0,1010.0,True,42.8,322.0,3.5,54
6574,210789,31.2,49.0,1010.0,True,42.8,322.0,3.5,54
6575,270788,30.8,53.0,1010.0,True,36.2,312.0,2.7,54
6576,330788,30.8,57.0,1010.0,True,36.6,311.0,2.5,54
6577,390789,30.7,55.0,1010.0,True,37.5,301.0,2.2,54
6578,450788,30.6,55.0,1010.0,True,38.0,302.0,1.8,54
6579,510788,30.6,56.0,1010.0,True,38.9,293.0,2.0,54
6580,570802,30.6,55.0,1010.0,False,39.7,283.0,2.2,54
6581,630790,30.7,55.0,1010.0,False,41.1,300.0,2.5,54
6582,690800,30.7,53.0,1010.0,False,43.4,289.0,2.9,54
6583,750788,30.8,54.0,1010.0,False,43.7,289.0,1.8,54
6584,810787,31.0,52.0,1009.9,False,45.7,311.0,2.2,54
6585,870788,31.1,51.0,1009.9,False,45.9,330.0,2.2,54
6586,930791,31.3,52.0,1010.0,False,47.1,283.0,1.6,54
6587,990788,31.6,51.0,1009.9,False,48.3,301.0,1.7,54
6588,1050788,31.9,50.0,1009.9,False,48.3,320.0,1.6,54
6589,1110798,31.9,50.0,1009.9,False,46.8,297.0,1.3,54
6590,1170790,31.9,50.0,1009.9,False,45.1,291.0,2.2,54
6591,1230797,31.7,49.0,1009.9,False,44.8,319.0,2.2,54
6592,1290788,31.6,49.0,1009.9,False,45.1,324.0,1.6,54
6593,1350787,31.7,49.0,1009.7,False,45.1,0.0,1.2,54
6594,1410789,32.1,49.0,1009.7,False,46.2,288.0,1.2,54
6595,1470788,32.2,49.0,1009.7,False,46.2,315.0,1.5,54
6596,1530795,32.3,48.0,1009.7,False,46.0,321.0,1.7,54
6597,1590806,32.3,48.0,1009.7,False,46.3,332.0,1.6,54
6598,1650804,32.3,48.0,1009.9,False,46.6,47.0,0.6,54
6599,1710803,32.3,49.0,1009.9,False,46.6,8.0,1.1,54
6600,1770807,32.3,48.0,1009.7,False,47.6,329.0,0.8,54
6601,1830827,32.3,48.0,1009.7,False,46.8,51.0,1.3,54
6602,1890836,32.3,48.0,1009.7,False,45.9,314.0,1.2,54
6603,1950836,32.3,48.0,1009.7,False,45.0,0.0,1.8,54
6604,2010841,32.2,49.0,1009.7,False,43.9,349.0,0.8,54
6605,2070835,32.1,49.0,1009.5,False,43.8,325.0,1.8,54
6606,2130836,32.2,49.0,1009.7,False,44.3,322.0,1.7,54
6607,2190835,32.1,50.0,1009.5,False,44.4,316.0,3.0,54
6608,2250842,32.0,48.0,1009.5,False,44.4,269.0,2.0,54
6609,2310836,32.0,47.0,1009.7,False,45.1,333.0,0.4,54
6610,2370835,32.0,48.0,1009.5,False,45.5,289.0,1.7,54
6611,2430835,32.2,47.0,1009.7,False,45.5,285.0,2.2,54
6612,2490853,32.2,47.0,1009.5,False,45.1,292.0,1.8,54
6613,2550853,32.1,47.0,1009.5,False,45.1,300.0,2.5,54
6614,2610853,32.2,47.0,1009.5,False,45.1,313.0,2.0,54
6615,2670855,32.1,47.0,1009.5,False,44.3,310.0,1.5,54
6616,2730873,31.9,48.0,1009.5,False,43.2,320.0,1.7,54
6617,2790875,31.9,48.0,1009.5,False,43.2,316.0,2.0,54
6618,2850882,31.8,48.0,1009.4,False,43.0,20.0,1.2,54
6619,2910896,31.8,47.0,1009.5,False,42.8,63.0,1.2,54
6620,2970912,31.6,47.0,1009.4,False,42.8,33.0,1.2,54
6621,3030912,31.5,47.0,1009.5,False,42.6,53.0,0.8,54
6622,3090928,31.5,47.0,1009.5,False,42.7,43.0,0.8,54
6623,3150963,31.4,50.0,1009.5,False,42.5,42.0,2.2,54
6624,3210949,31.1,54.0,1009.5,False,41.2,44.0,1.0,54
6625,3270960,31.0,57.0,1009.5,False,39.9,0.0,0.6,54
6626,3330961,30.8,58.0,1009.5,False,39.9,94.0,0.5,54
6627,3390963,30.5,59.0,1009.5,False,39.6,100.0,1.5,54
6628,3450975,30.3,60.0,1009.5,False,39.1,147.0,1.7,54
6629,3510976,30.2,61.0,1009.7,False,38.9,156.0,1.8,54
6630,3570976,30.0,63.0,1009.5,False,38.1,147.0,1.2,54
6631,3630981,30.0,63.0,1009.5,False,38.2,127.0,1.7,54
6632,3691006,30.1,64.0,1009.5,False,39.0,161.0,1.0,54
6633,3751021,30.2,64.0,1009.7,False,39.0,156.0,2.5,54
6634,3811037,30.2,63.0,1009.7,False,39.7,119.0,2.0,54
6635,3871039,30.2,63.0,1009.4,False,39.7,150.0,1.6,54
6636,3931048,30.4,62.0,1009.5,False,40.4,140.0,1.7,54
6637,3991038,30.7,62.0,1009.2,False,42.4,153.0,1.7,54
6638,4051041,31.0,61.0,1009.2,False,44.0,94.0,2.5,54
6639,4111038,31.3,60.0,1009.4,False,46.5,165.0,1.7,54
6640,4171047,31.4,59.0,1009.4,False,46.5,139.0,2.2,54
6641,4231045,31.3,60.0,1009.2,False,46.4,142.0,2.0,54
6642,4291038,31.3,61.0,1009.4,False,46.0,161.0,2.4,54
6643,4351038,31.4,61.0,1009.4,False,46.0,89.0,1.5,54
6644,4411038,31.5,60.0,1009.4,False,46.3,182.0,1.2,54
6645,4471040,31.7,60.0,1009.2,False,48.1,152.0,2.2,54
6646,4531038,31.7,59.0,1009.2,False,46.7,104.0,2.7,54
6647,4591038,31.6,60.0,1009.2,False,46.7,163.0,1.7,54
6648,4651031,31.6,59.0,1009.2,False,46.6,118.0,1.7,54
6649,4711039,31.3,60.0,1009.2,False,45.0,110.0,2.4,54
6650,4771038,31.1,60.0,1009.2,False,44.9,117.0,1.7,54
6651,4831037,31.0,61.0,1009.2,False,44.9,148.0,2.0,54
6652,4891038,30.9,60.0,1009.2,False,45.6,99.0,2.7,54
6653,4951037,30.7,61.0,1009.2,False,45.2,182.0,2.2,54
6654,5011042,30.6,61.0,1009.2,False,45.2,155.0,2.2,54
6655,5071038,30.5,60.0,1009.2,False,45.2,181.0,2.5,54
6656,5131039,30.3,60.0,1009.2,False,46.5,148.0,3.5,54
6657,5191059,30.2,61.0,1009.2,False,45.1,133.0,2.2,54
6658,5251098,30.0,62.0,1009.2,False,44.8,151.0,2.7,54
6659,5311085,30.2,62.0,1009.2,False,45.7,161.0,1.7,54
6660,5371082,30.2,62.0,1009.2,False,45.3,165.0,2.2,54
6661,5431086,30.2,63.0,1009.2,False,44.7,155.0,1.7,54
6662,5491086,30.1,62.0,1009.2,False,43.3,128.0,2.2,54
6663,5551085,30.0,62.0,1009.2,False,42.9,155.0,2.2,54
6664,5611086,29.9,63.0,1009.4,False,42.6,142.0,3.5,54
6665,5671095,29.8,64.0,1009.4,False,42.6,136.0,2.5,54
6666,5731089,29.7,64.0,1009.2,False,42.3,106.0,2.4,54
6667,5791088,29.8,64.0,1009.2,False,42.3,109.0,4.0,54
6668,5851086,29.7,64.0,1009.4,False,42.4,153.0,3.4,54
6669,5911114,29.8,63.0,1009.0,False,42.1,154.0,2.7,54
6670,5971101,29.9,63.0,1009.2,False,42.3,112.0,3.2,54
6671,6031100,30.0,63.0,1009.2,False,42.1,100.0,3.5,54
6672,6091116,30.0,64.0,1009.2,False,42.5,149.0,3.7,54
6673,6151133,30.0,64.0,1009.0,False,43.7,139.0,2.5,54
6674,6211131,30.1,64.0,1009.2,False,44.1,104.0,1.8,54
6675,6271133,30.2,63.0,1009.2,False,44.5,160.0,2.0,54
6676,6331131,30.2,63.0,1009.0,False,44.5,164.0,3.4,54
6677,6391135,30.3,62.0,1009.2,False,46.4,177.0,4.1,54
6678,6451136,30.1,63.0,1009.0,False,46.4,158.0,3.5,54
6679,6511158,30.0,63.0,1009.0,False,45.6,171.0,4.6,54
6680,6571135,30.0,63.0,1009.2,False,45.1,163.0,3.7,54
6681,6631152,29.9,63.0,1009.0,False,43.8,114.0,5.0,54
6682,6691167,29.8,63.0,1009.2,False,43.8,176.0,3.2,54
6683,6751168,29.9,63.0,1009.0,False,45.0,129.0,3.5,54
6684,6811155,29.8,63.0,1009.0,False,44.3,167.0,2.7,54
6685,6871168,29.9,64.0,1009.2,False,44.3,128.0,3.7,54
6686,6931180,29.9,64.0,1009.0,False,44.3,142.0,3.0,54
6687,6991196,29.8,63.0,1009.0,False,43.0,125.0,3.0,54
6688,7051202,29.6,64.0,1009.0,False,42.1,128.0,3.2,54
6689,7111202,29.5,64.0,1009.0,False,41.8,136.0,3.7,54
6690,7171212,29.4,64.0,1009.0,False,41.8,160.0,3.4,54
6691,7231225,29.4,65.0,1009.0,False,41.0,106.0,2.7,54
6692,7291242,29.6,64.0,1009.0,False,41.7,112.0,3.4,54
6693,7351257,29.6,64.0,1009.0,False,41.7,131.0,2.9,54
6694,7411262,29.7,64.0,1008.9,False,42.9,164.0,2.4,54
6695,7471262,29.8,63.0,1009.0,False,42.7,149.0,2.7,54
6696,7531272,29.8,63.0,1008.9,False,41.4,155.0,2.9,54
6697,7591269,29.9,64.0,1008.9,False,41.4,114.0,2.7,54
6698,7651285,29.8,64.0,1008.9,False,41.1,138.0,3.0,54
6699,7711291,29.9,64.0,1008.9,False,41.1,148.0,3.4,54
6700,7771280,29.9,65.0,1009.0,False,40.4,128.0,2.2,54
6701,7831288,29.8,65.0,1008.9,False,40.5,125.0,3.0,54
6702,7891287,29.7,66.0,1009.0,False,40.2,137.0,2.5,54
6703,7951285,29.6,66.0,1008.9,False,40.2,150.0,2.5,54
6704,8011288,29.5,66.0,1009.0,False,40.3,167.0,3.2,54
6705,8071286,29.5,66.0,1008.9,False,40.6,158.0,3.0,54
6706,8131288,29.4,66.0,1008.9,False,40.3,169.0,2.7,54
6707,8191290,29.5,65.0,1008.7,False,40.1,166.0,3.4,54
6708,8251290,29.5,66.0,1008.7,False,39.8,151.0,3.0,54
6709,8311287,29.5,66.0,1008.7,False,39.6,128.0,2.9,54
6710,8371288,29.5,67.0,1008.9,False,40.4,150.0,2.2,54
6711,8431288,29.5,67.0,1008.7,False,40.5,107.0,2.4,54
6712,8491301,29.6,67.0,1008.7,False,40.7,174.0,2.0,54
6713,8551293,29.5,66.0,1008.9,False,40.7,150.0,2.0,54
6714,8611288,29.6,66.0,1008.7,False,39.8,116.0,2.4,54
6715,8671289,29.6,66.0,1008.7,False,39.6,150.0,2.2,54
6716,8731288,29.7,66.0,1008.7,False,39.5,131.0,1.8,54
6717,8791300,29.7,66.0,1008.7,False,39.5,158.0,2.0,54
6718,8851287,29.6,67.0,1008.7,False,38.6,166.0,1.7,54
6719,8911291,29.6,67.0,1008.7,False,38.7,153.0,1.8,54
6720,8971287,29.7,67.0,1008.7,False,39.2,151.0,2.7,54
6721,9031288,29.7,65.0,1008.7,False,39.4,154.0,2.4,54
6722,9091313,29.5,66.0,1008.7,False,38.5,100.0,2.7,54
6723,9151288,29.5,66.0,1008.9,False,38.5,86.0,2.7,54
6724,9211287,29.4,67.0,1008.7,False,38.5,91.0,1.1,54
6725,9271292,29.6,67.0,1008.7,False,39.2,122.0,1.7,54
6726,9331305,29.6,66.0,1008.9,False,39.2,125.0,2.7,54
6727,9391323,29.7,67.0,1008.9,False,39.7,136.0,2.5,54
6728,9451353,29.7,67.0,1008.9,False,40.0,69.0,1.7,54
6729,9511368,29.7,67.0,1008.9,False,40.6,119.0,2.5,54
6730,9571380,29.8,67.0,1008.7,False,41.3,146.0,2.4,54
6731,9631396,29.9,66.0,1008.7,False,41.0,142.0,1.7,54
6732,9691381,30.0,66.0,1008.7,False,40.8,124.0,2.5,54
6733,8634,34.5,21.0,1004.0,False,47.9,178.0,3.0,55
6734,68633,34.6,21.0,1003.7,False,47.4,177.0,3.2,55
6735,128633,34.5,22.0,1003.9,False,47.3,166.0,2.4,55
6736,188636,34.4,22.0,1003.9,False,47.5,168.0,2.9,55
6737,248640,34.5,21.0,1003.7,False,47.5,169.0,2.5,55
6738,308635,34.3,21.0,1003.9,False,47.2,157.0,3.0,55
6739,368636,34.5,21.0,1003.7,False,47.4,190.0,3.5,55
6740,428639,34.6,21.0,1003.7,False,47.3,180.0,3.2,55
6741,488637,34.6,21.0,1003.7,False,47.1,173.0,3.0,55
6742,548634,34.5,21.0,1003.7,False,47.0,170.0,3.4,55
6743,608633,34.3,21.0,1003.7,False,46.9,122.0,3.7,55
6744,668635,34.1,22.0,1003.7,False,47.0,166.0,3.9,55
6745,728636,34.1,20.0,1003.7,False,47.0,169.0,3.4,55
6746,788634,34.2,21.0,1003.7,False,47.0,179.0,3.7,55
6747,848635,34.4,21.0,1003.5,False,47.0,181.0,3.4,55
6748,908636,34.5,20.0,1003.7,False,47.0,180.0,3.5,55
6749,968637,34.5,21.0,1003.5,False,47.3,183.0,3.9,55
6750,1028636,34.5,21.0,1003.5,False,47.9,160.0,3.0,55
6751,1088634,34.5,21.0,1003.5,False,47.4,175.0,2.9,55
6752,1148647,34.6,21.0,1003.5,False,47.6,168.0,2.2,55
6753,1208642,34.5,20.0,1003.5,False,47.6,166.0,2.5,55
6754,1268635,34.5,21.0,1003.5,False,47.6,169.0,1.6,55
6755,1328634,34.5,20.0,1003.5,False,47.7,0.0,2.7,55
6756,1388637,34.6,20.0,1003.5,False,47.9,166.0,1.5,55
6757,1448649,34.6,20.0,1003.5,False,47.6,189.0,2.9,55
6758,1508641,34.6,20.0,1003.5,False,47.5,162.0,2.7,55
6759,1568636,34.7,20.0,1003.5,False,47.3,161.0,3.2,55
6760,1628638,34.8,20.0,1003.5,False,47.3,119.0,1.8,55
6761,1688634,34.9,20.0,1003.5,False,47.3,197.0,2.2,55
6762,1748636,34.9,18.0,1003.4,False,47.7,190.0,3.9,55
6763,1808641,35.0,18.0,1003.5,False,47.8,185.0,3.0,55
6764,1868638,34.9,18.0,1003.4,False,47.8,164.0,3.0,55
6765,1928637,35.1,18.0,1003.4,False,47.8,191.0,4.0,55
6766,1988625,35.0,18.0,1003.4,False,47.5,170.0,3.7,55
6767,2048637,35.0,18.0,1003.4,False,47.5,116.0,2.5,55
6768,2108634,34.8,18.0,1003.5,False,47.4,177.0,1.0,55
6769,2168637,34.8,17.0,1003.4,False,47.4,177.0,3.9,55
6770,2228659,34.8,18.0,1003.2,False,47.0,193.0,3.9,55
6771,2288653,34.7,18.0,1003.4,False,46.7,167.0,3.4,55
6772,2348693,34.7,18.0,1003.4,False,46.7,186.0,3.0,55
6773,2408669,34.7,18.0,1003.4,False,46.7,184.0,3.2,55
6774,2468687,34.6,18.0,1003.2,False,46.7,189.0,3.5,55
6775,2528687,34.6,18.0,1003.4,False,47.0,193.0,4.0,55
6776,2588686,34.7,18.0,1003.2,False,47.0,208.0,3.2,55
6777,2648687,34.6,18.0,1003.4,False,47.2,192.0,3.2,55
6778,2708706,34.6,18.0,1003.4,False,47.4,183.0,2.7,55
6779,2768714,34.7,18.0,1003.2,False,47.4,180.0,2.0,55
6780,2828717,34.7,18.0,1003.2,False,47.4,180.0,2.0,55
6781,2888731,34.8,18.0,1003.2,False,47.4,170.0,3.0,55
6782,2948732,34.8,18.0,1003.2,False,47.6,132.0,1.7,55
6783,3008764,35.0,17.0,1003.2,False,47.6,168.0,1.5,55
6784,3068765,35.0,17.0,1003.2,False,47.8,189.0,2.7,55
6785,3128779,35.1,16.0,1003.2,False,47.6,184.0,2.5,55
6786,3188779,35.2,16.0,1003.2,False,47.6,188.0,3.7,55
6787,3248779,35.0,17.0,1003.2,False,47.6,154.0,3.5,55
6788,3308779,34.7,17.0,1003.2,False,46.8,174.0,3.7,55
6789,3368780,34.7,17.0,1003.2,False,46.9,173.0,3.0,55
6790,3428782,34.6,18.0,1003.2,False,46.9,188.0,3.0,55
6791,3488779,34.7,18.0,1003.2,False,47.1,194.0,4.0,55
6792,3548826,34.8,18.0,1003.2,False,47.1,189.0,3.7,55
6793,3608779,34.9,18.0,1003.2,False,47.1,169.0,3.2,55
6794,3668799,34.8,18.0,1003.2,False,47.0,175.0,2.9,55
6795,3728814,34.8,18.0,1003.2,False,46.8,166.0,2.7,55
6796,3788808,34.7,18.0,1003.2,False,46.7,133.0,2.4,55
6797,3848821,34.7,18.0,1003.2,False,46.8,192.0,1.7,55
6798,3908820,34.6,17.0,1003.2,False,47.1,183.0,3.0,55
6799,3968825,34.5,17.0,1003.2,False,46.9,182.0,3.9,55
6800,4028817,34.6,17.0,1003.2,False,46.9,197.0,3.0,55
6801,4088810,34.7,17.0,1003.2,False,47.0,159.0,3.7,55
6802,4148823,34.8,17.0,1003.0,False,46.9,178.0,2.7,55
6803,4208827,34.7,17.0,1003.0,False,46.6,189.0,3.0,55
6804,4268823,34.7,17.0,1003.0,False,46.6,168.0,3.5,55
6805,4328827,34.7,17.0,1003.0,False,46.7,171.0,3.2,55
6806,4388842,34.8,18.0,1003.0,False,46.5,155.0,4.0,55
6807,4448867,34.6,18.0,1002.9,False,46.5,186.0,3.5,55
6808,4508843,34.7,17.0,1002.9,False,46.6,157.0,3.5,55
6809,4568858,34.6,18.0,1002.9,False,46.6,159.0,2.2,55
6810,4628875,34.7,17.0,1002.9,False,46.6,161.0,3.9,55
6811,13023,36.3,8.0,996.9,False,48.3,196.0,3.2,56
6812,73014,36.2,8.0,996.9,False,48.4,190.0,3.5,56
6813,133011,36.1,8.0,996.7,False,48.6,170.0,3.5,56
6814,193038,36.1,7.0,996.7,False,48.8,155.0,4.0,56
6815,253041,36.1,7.0,996.7,False,48.8,183.0,5.5,56
6816,313040,36.1,7.0,996.7,False,48.4,182.0,5.5,56
6817,373053,36.0,7.0,996.7,False,48.3,164.0,5.0,56
6818,433053,36.1,8.0,996.9,False,48.3,170.0,4.4,56
6819,493054,36.1,7.0,996.7,False,48.3,191.0,3.5,56
6820,553070,36.1,8.0,996.7,False,48.4,195.0,4.6,56
6821,613084,36.3,8.0,996.9,False,48.4,189.0,4.8,56
6822,673105,36.2,8.0,996.7,False,48.4,192.0,4.8,56
6823,733126,36.0,8.0,996.7,False,48.3,190.0,4.8,56
6824,793121,35.9,8.0,996.7,False,48.4,182.0,4.5,56
6825,853130,36.0,8.0,996.7,False,48.5,178.0,3.9,56
6826,913137,36.0,8.0,996.7,False,48.5,187.0,4.0,56
6827,973128,36.0,9.0,996.7,False,48.5,200.0,1.5,56
6828,1033138,36.1,9.0,996.7,False,48.8,207.0,3.2,56
6829,1093128,36.2,8.0,996.5,False,48.8,190.0,4.0,56
6830,1153128,36.3,8.0,996.7,False,48.8,186.0,4.8,56
6831,1213138,36.3,8.0,996.7,False,48.7,191.0,4.0,56
6832,1273121,36.2,8.0,996.7,False,48.7,192.0,4.0,56
6833,1333134,36.2,8.0,996.5,False,48.7,178.0,3.2,56
6834,1393141,36.4,7.0,996.7,False,48.8,194.0,5.0,56
6835,1453138,36.4,7.0,996.7,False,48.7,189.0,4.0,56
6836,1513131,36.3,7.0,996.7,False,48.8,195.0,4.6,56
6837,1573496,36.2,8.0,996.7,False,48.8,195.0,3.0,56
6838,1633131,36.3,8.0,996.5,False,48.7,195.0,4.0,56
6839,1693130,36.3,8.0,996.5,False,48.7,187.0,4.0,56
6840,1753131,36.3,8.0,996.5,False,48.7,209.0,3.0,56
6841,1813130,36.2,7.0,996.5,False,48.9,190.0,3.7,56
6842,1873135,36.4,8.0,996.5,False,48.9,180.0,2.7,56
6843,1933149,36.3,7.0,996.5,False,48.9,171.0,4.9,56
6844,1993136,36.2,7.0,996.5,False,48.8,168.0,3.0,56
6845,2053131,36.3,7.0,996.5,False,48.7,161.0,5.0,56
6846,2113134,36.2,7.0,996.5,False,48.6,186.0,5.0,56
6847,2173129,36.1,7.0,996.5,False,48.6,180.0,4.8,56
6848,2233131,36.1,7.0,996.5,False,48.7,198.0,4.6,56
6849,2293137,36.0,7.0,996.5,False,48.8,194.0,3.0,56
6850,2353131,36.1,7.0,996.5,False,49.0,180.0,2.7,56
6851,2413142,36.1,7.0,996.4,False,49.1,183.0,4.3,56
6852,2473130,36.2,7.0,996.5,False,49.2,182.0,5.0,56
6853,2533136,36.2,7.0,996.5,False,49.1,167.0,5.0,56
6854,2593129,36.3,7.0,996.5,False,48.9,213.0,2.5,56
6855,2653128,36.3,7.0,996.5,False,49.1,181.0,3.0,56
6856,2713132,36.3,7.0,996.2,False,49.0,157.0,4.5,56
6857,2773130,36.3,7.0,996.4,False,49.1,193.0,4.5,56
6858,2833129,36.4,7.0,996.4,False,49.1,197.0,4.9,56
6859,2893521,36.4,7.0,996.4,False,49.1,184.0,4.5,56
6860,2953131,36.2,7.0,996.4,False,49.1,182.0,3.9,56
6861,3013133,36.2,7.0,996.4,False,49.1,185.0,4.0,56
6862,3073131,36.1,6.0,996.4,False,49.1,191.0,4.8,56
6863,3133137,36.2,7.0,996.5,False,49.1,180.0,4.4,56
6864,3193134,36.2,7.0,996.2,False,49.1,174.0,4.0,56
6865,3253130,36.2,6.0,996.5,False,49.2,184.0,3.5,56
6866,3313137,36.2,7.0,996.2,False,49.1,186.0,4.6,56
6867,3373128,36.3,7.0,996.2,False,49.2,196.0,4.8,56
6868,3433130,36.3,7.0,996.4,False,49.2,180.0,4.0,56
6869,3493138,36.4,7.0,996.2,False,49.3,187.0,3.0,56
6870,3553129,36.4,7.0,996.2,False,49.3,175.0,4.5,56
6871,3613129,36.4,7.0,996.0,False,49.3,182.0,3.0,56
6872,3673129,36.5,7.0,996.2,False,49.3,174.0,3.4,56
6873,3733136,36.6,7.0,996.2,False,49.3,163.0,3.2,56
6874,3793132,36.6,6.0,996.2,False,49.3,170.0,4.0,56
6875,3853131,36.7,7.0,996.2,False,49.4,174.0,2.7,56
6876,3913140,36.7,7.0,996.2,False,49.4,178.0,2.9,56
6877,3973134,36.9,6.0,996.2,False,49.4,194.0,3.5,56
6878,4033133,36.9,6.0,996.0,False,49.4,177.0,4.4,56
6879,4093134,37.0,6.0,996.2,False,49.5,187.0,3.2,56
6880,4153132,37.0,6.0,996.0,False,49.3,178.0,3.7,56
6881,4213132,37.0,6.0,996.0,False,49.3,172.0,2.9,56
6882,4273131,36.9,6.0,996.2,False,49.5,113.0,3.5,56
6883,4333131,36.8,6.0,996.0,False,49.5,190.0,2.4,56
6884,4393124,37.0,6.0,996.2,False,49.5,167.0,3.2,56
6885,4453132,37.0,6.0,996.2,False,49.5,180.0,3.2,56
6886,4513131,36.9,6.0,996.2,False,49.3,195.0,3.7,56
6887,4573130,37.0,6.0,996.0,False,49.6,181.0,2.5,56
6888,4633134,37.0,6.0,996.0,False,49.7,185.0,4.3,56
6889,4693130,36.9,6.0,996.0,False,49.7,182.0,4.0,56
6890,4753129,37.0,6.0,996.2,False,49.7,191.0,4.4,56
6891,4813132,37.0,6.0,996.0,False,49.7,196.0,3.2,56
6892,4873131,37.0,6.0,996.0,False,49.7,189.0,3.2,56
6893,4933136,36.9,6.0,996.0,False,49.7,184.0,3.9,56
6894,4993137,36.8,6.0,995.9,False,49.7,179.0,3.5,56
6895,5053133,36.8,5.0,995.9,False,49.7,188.0,4.5,56
6896,5113133,36.7,6.0,996.0,False,49.7,195.0,4.5,56
6897,5173143,36.6,6.0,996.0,False,49.7,193.0,3.2,56
6898,5233134,36.7,6.0,996.0,False,49.7,168.0,2.5,56
6899,5293136,36.9,6.0,996.0,False,49.7,184.0,3.2,56
6900,5353135,37.2,5.0,995.7,False,49.7,172.0,3.5,56
6901,5413155,37.1,5.0,996.0,False,49.7,164.0,3.4,56
6902,5473151,37.1,6.0,996.0,False,49.7,190.0,2.5,56
6903,5533152,37.1,5.0,995.9,False,49.7,193.0,3.9,56
6904,5593168,37.0,6.0,996.0,False,49.0,189.0,3.5,56
6905,5653183,37.1,6.0,995.9,False,49.0,159.0,2.5,56
6906,5713201,37.0,6.0,995.7,False,49.0,190.0,2.5,56
6907,5773213,37.1,6.0,995.9,False,49.5,126.0,2.0,56
6908,5833227,37.1,6.0,995.9,False,49.4,171.0,4.3,56
6909,5893227,37.0,6.0,995.7,False,49.4,176.0,2.7,56
6910,5953228,37.0,6.0,995.7,False,49.4,139.0,2.5,56
6911,6013226,37.0,6.0,995.7,False,49.4,161.0,2.2,56
6912,6073238,37.0,7.0,995.7,False,49.4,192.0,1.0,56
6913,6133251,37.0,7.0,995.9,False,49.4,173.0,2.2,56
6914,6193226,37.0,6.0,995.9,False,49.4,180.0,3.4,56
6915,6253227,37.0,7.0,995.7,False,49.4,151.0,3.5,56
6916,6313243,37.2,7.0,995.7,False,49.3,174.0,3.7,56
6917,6373259,37.2,6.0,995.7,False,49.3,180.0,4.3,56
6918,6433242,37.2,6.0,995.7,False,49.3,180.0,4.3,56
6919,6493257,37.2,6.0,995.7,False,49.3,201.0,3.5,56
6920,6553258,37.1,6.0,995.9,False,49.5,190.0,2.2,56
6921,6613258,37.1,6.0,995.9,False,49.5,195.0,4.6,56
6922,6673263,37.0,6.0,995.9,False,49.5,191.0,3.7,56
6923,6733258,36.7,6.0,995.9,False,49.3,192.0,4.5,56
6924,6793262,36.7,7.0,995.7,False,49.2,180.0,2.9,56
6925,6853258,36.7,7.0,995.7,False,49.1,165.0,3.2,56
6926,6913279,36.6,7.0,995.7,False,49.1,169.0,3.0,56
6927,6973262,36.6,7.0,995.7,False,49.0,151.0,3.0,56
6928,7033261,36.6,7.0,995.7,False,49.0,173.0,2.7,56
6929,7093263,36.8,7.0,995.7,False,49.3,174.0,3.5,56
6930,7153258,36.9,7.0,995.5,False,49.1,193.0,3.7,56
6931,7213259,36.7,7.0,995.7,False,49.1,155.0,3.7,56
6932,7273260,36.8,8.0,995.5,False,49.1,154.0,2.0,56
6933,7333259,36.8,8.0,995.7,False,49.0,155.0,3.2,56
6934,7393289,36.6,8.0,995.7,False,49.0,175.0,3.5,56
6935,7453275,36.6,7.0,995.7,False,49.0,172.0,3.7,56
6936,7513281,36.6,7.0,995.5,False,49.0,185.0,3.0,56
6937,7573284,36.6,8.0,995.5,False,48.7,192.0,2.5,56
6938,7633298,36.6,8.0,995.5,False,48.9,175.0,3.2,56
6939,7693333,36.6,8.0,995.5,False,49.1,185.0,2.4,56
6940,7753309,36.7,8.0,995.5,False,49.1,168.0,3.0,56
6941,7813307,36.8,8.0,995.5,False,49.1,170.0,3.0,56
6942,7873321,36.8,7.0,995.5,False,49.0,191.0,2.9,56
6943,7933320,36.8,7.0,995.5,False,49.0,147.0,2.7,56
6944,7993340,36.6,7.0,995.5,False,49.0,185.0,2.0,56
6945,8053398,36.6,8.0,995.5,False,49.0,200.0,1.7,56
6946,8113366,36.5,8.0,995.5,False,49.0,155.0,1.3,56
6947,8173354,36.8,8.0,995.5,False,48.8,152.0,2.2,56
6948,8233353,36.9,7.0,995.4,False,48.8,164.0,3.2,56
6949,8293355,36.9,7.0,995.5,False,48.8,164.0,3.4,56
6950,8353350,36.9,7.0,995.4,False,48.9,166.0,2.7,56
6951,8413368,36.9,7.0,995.5,False,48.9,172.0,3.7,56
6952,8473378,36.7,7.0,995.4,False,48.8,168.0,2.7,56
6953,8533388,36.6,8.0,995.4,False,48.5,137.0,2.0,56
6954,8593396,36.6,8.0,995.4,False,48.4,194.0,2.2,56
6955,8653390,36.5,9.0,995.4,False,48.3,109.0,2.5,56
6956,8713386,36.5,9.0,995.4,False,48.3,176.0,2.2,56
6957,8773386,36.4,8.0,995.2,False,48.4,192.0,2.0,56
6958,8833386,36.3,8.0,995.5,False,48.4,191.0,3.5,56
6959,8893386,36.3,7.0,995.4,False,48.4,194.0,5.5,56
6960,8953386,36.3,8.0,995.2,False,48.3,187.0,4.5,56
6961,9013401,36.3,9.0,995.4,False,48.3,161.0,2.7,56
6962,9073427,36.4,9.0,995.2,False,48.2,162.0,2.7,56
6963,9133418,36.4,11.0,995.2,False,48.1,119.0,2.4,56
6964,9193416,36.5,9.0,995.2,False,47.9,173.0,3.2,56
6965,9253418,36.5,9.0,995.4,False,48.0,145.0,4.5,56
6966,9313415,36.5,8.0,995.2,False,48.0,179.0,4.3,56
6967,9373431,36.4,8.0,995.4,False,48.0,156.0,3.2,56
6968,9433433,36.5,8.0,995.2,False,47.9,168.0,2.7,56
6969,9493432,36.4,7.0,995.2,False,48.1,162.0,4.3,56
6970,9553439,36.4,7.0,995.2,False,48.1,169.0,4.1,56
6971,9613438,36.4,8.0,995.2,False,47.8,189.0,3.5,56
6972,9673440,36.6,8.0,995.2,False,47.8,69.0,2.2,56
6973,9733432,36.7,9.0,995.2,False,47.9,118.0,1.6,56
6974,9793464,36.7,11.0,995.2,False,47.6,150.0,1.5,56
6975,59917,27.6,37.0,1004.0,False,55.3,344.0,0.8,57
6976,119913,27.6,37.0,1004.0,False,55.3,3.0,0.8,57
6977,179934,27.6,38.0,1004.0,False,54.8,328.0,0.6,57
6978,239929,27.6,39.0,1004.0,False,54.8,313.0,1.0,57
6979,299925,27.5,39.0,1004.2,False,53.0,303.0,1.1,57
6980,359934,27.4,39.0,1004.0,False,51.7,238.0,0.8,57
6981,419968,27.2,38.0,1004.2,False,51.3,98.0,0.8,57
6982,479982,27.0,42.0,1004.2,False,50.4,195.0,1.3,57
6983,539972,26.6,45.0,1004.2,False,48.7,0.0,1.5,57
6984,599967,26.3,45.0,1004.2,False,48.4,176.0,0.8,57
6985,659972,26.2,45.0,1004.2,False,48.0,201.0,0.6,57
6986,719973,26.0,45.0,1004.2,False,47.8,187.0,1.1,57
6987,779969,25.9,47.0,1004.2,False,47.7,45.0,0.6,57
6988,839984,25.9,50.0,1004.0,False,47.5,181.0,0.6,57
6989,899979,25.9,52.0,1004.2,False,47.3,0.0,0.8,57
6990,959975,25.8,54.0,1004.2,False,47.2,0.0,0.5,57
6991,1019998,25.7,49.0,1004.0,False,47.3,0.0,0.0,57
6992,1079999,25.7,53.0,1004.2,False,47.3,131.0,0.6,57
6993,1140005,25.7,53.0,1004.2,False,47.0,0.0,0.6,57
6994,1200019,25.9,55.0,1004.0,False,47.1,164.0,0.6,57
6995,1260005,25.8,52.0,1004.2,False,46.5,146.0,0.5,57
6996,1320009,26.0,54.0,1004.0,False,46.4,223.0,0.4,57
6997,1380042,26.1,52.0,1004.2,False,46.4,131.0,0.5,57
6998,1440034,26.3,52.0,1004.0,False,46.4,128.0,0.6,57
6999,1500032,26.3,51.0,1004.0,False,46.2,200.0,0.5,57
7000,1560053,26.4,48.0,1004.0,False,46.3,58.0,0.6,57
7001,1620052,26.5,44.0,1004.0,False,46.7,193.0,0.6,57
7002,1680052,26.5,45.0,1004.0,False,46.7,182.0,1.1,57
7003,1740060,26.6,47.0,1004.0,False,45.9,184.0,0.8,57
7004,1800052,26.6,50.0,1004.0,False,45.6,275.0,0.6,57
7005,1860056,26.6,50.0,1004.0,False,45.6,275.0,0.6,57
7006,1920051,26.5,51.0,1004.0,False,45.6,210.0,1.1,57
7007,1980070,26.5,53.0,1003.9,False,45.7,0.0,1.6,57
7008,2040064,26.5,52.0,1003.9,False,45.4,287.0,0.4,57
7009,2100047,26.5,52.0,1003.7,False,45.4,280.0,0.8,57
7010,2160061,26.2,51.0,1003.7,False,45.0,0.0,1.0,57
7011,2220080,26.0,51.0,1003.9,False,44.9,254.0,0.0,57
7012,2280073,25.9,51.0,1003.7,False,44.9,297.0,0.6,57
7013,2340093,25.8,52.0,1003.7,False,45.0,137.0,0.5,57
7014,2400123,26.0,52.0,1003.7,False,45.3,178.0,0.6,57
7015,2460117,26.3,48.0,1003.5,False,47.9,308.0,0.6,57
7016,2520127,26.5,48.0,1003.5,False,47.9,308.0,0.6,57
7017,2580121,26.5,48.0,1003.5,False,48.9,271.0,0.6,57
7018,2640157,26.6,48.0,1003.5,False,49.1,277.0,0.5,57
7019,2700142,26.7,45.0,1003.5,False,49.1,8.0,0.4,57
7020,2760131,26.9,45.0,1003.5,False,51.2,179.0,1.0,57
7021,2820128,27.0,47.0,1003.5,False,51.0,147.0,0.6,57
7022,2880139,27.1,46.0,1003.5,False,51.2,177.0,0.8,57
7023,2940138,27.1,46.0,1003.5,False,51.2,177.0,0.8,57
7024,3000139,27.2,47.0,1003.5,False,51.0,176.0,2.0,57
7025,3060151,27.2,47.0,1003.5,False,51.0,175.0,1.2,57
7026,3120157,27.2,46.0,1003.5,False,51.0,165.0,1.7,57
7027,3180163,27.4,47.0,1003.5,False,51.0,174.0,0.8,57
7028,3240165,27.4,46.0,1003.5,False,51.0,50.0,1.1,57
7029,3300174,27.4,45.0,1003.5,False,51.3,163.0,0.6,57
7030,3360180,27.5,45.0,1003.5,False,51.2,182.0,0.5,57
7031,3420184,27.4,45.0,1003.5,False,51.2,0.0,0.0,57
7032,3480182,27.4,45.0,1003.5,False,51.5,302.0,0.8,57
7033,3540179,27.4,43.0,1003.5,False,51.8,181.0,1.2,57
7034,3600177,27.6,42.0,1003.5,False,51.8,166.0,2.2,57
7035,3660200,27.4,43.0,1003.5,False,51.3,187.0,1.3,57
7036,3720200,27.3,45.0,1003.5,False,50.5,178.0,1.6,57
7037,3780195,27.4,46.0,1003.5,False,50.3,198.0,0.8,57
7038,3840208,27.4,46.0,1003.5,False,50.3,182.0,1.2,57
7039,3900218,27.2,45.0,1003.5,False,50.2,184.0,1.5,57
7040,3960243,27.0,44.0,1003.4,False,49.8,0.0,1.0,57
7041,4020223,27.0,43.0,1003.5,False,49.0,204.0,0.6,57
7042,4080243,27.0,43.0,1003.2,False,48.8,91.0,0.8,57
7043,4140243,27.4,43.0,1003.2,False,47.8,215.0,1.1,57
7044,4200266,27.2,41.0,1003.2,False,47.5,194.0,1.1,57
7045,4260260,26.7,42.0,1003.2,False,47.4,0.0,1.0,57
7046,4320270,26.7,42.0,1003.2,False,47.0,197.0,0.6,57
7047,4380268,26.6,43.0,1003.2,False,46.6,85.0,0.6,57
7048,4440276,26.7,42.0,1003.2,False,46.6,181.0,0.4,57
7049,4500279,26.6,42.0,1003.2,False,45.7,3.0,1.0,57
7050,4560276,26.6,42.0,1003.2,False,45.6,10.0,0.6,57
7051,4620275,26.5,42.0,1003.2,False,45.6,0.0,0.8,57
7052,4680300,26.6,42.0,1003.2,False,45.3,0.0,0.3,57
7053,4740304,26.7,44.0,1003.0,False,44.7,176.0,0.5,57
7054,4800309,26.6,43.0,1003.2,False,44.5,0.0,1.0,57
7055,4860308,26.6,44.0,1003.0,False,44.4,0.0,0.6,57
7056,3938,24.2,68.0,1002.9,False,42.1,70.0,0.8,58
7057,63941,24.2,68.0,1002.7,False,41.5,346.0,0.8,58
7058,123935,24.2,68.0,1002.9,False,41.5,335.0,2.4,58
7059,183939,24.1,68.0,1002.9,False,41.3,320.0,0.6,58
7060,243938,24.2,69.0,1002.9,False,41.2,51.0,0.6,58
7061,303930,24.1,68.0,1002.7,False,41.4,192.0,1.0,58
7062,363939,24.1,68.0,1002.7,False,41.6,335.0,0.8,58
7063,423938,24.1,68.0,1002.7,False,41.4,0.0,0.8,58
7064,483938,24.2,68.0,1002.7,False,41.4,333.0,1.3,58
7065,543946,24.3,68.0,1002.7,False,41.2,65.0,0.8,58
7066,603953,24.3,67.0,1002.7,False,41.2,344.0,0.8,58
7067,663944,24.2,66.0,1002.7,False,40.8,330.0,2.2,58
7068,723940,24.1,67.0,1002.7,False,40.1,0.0,1.2,58
7069,783939,24.0,68.0,1002.7,False,40.0,345.0,0.8,58
7070,843943,24.0,69.0,1002.7,False,40.0,41.0,1.1,58
7071,903941,23.9,68.0,1002.7,False,39.8,337.0,1.3,58
7072,963944,23.8,69.0,1002.7,False,39.7,349.0,2.2,58
7073,1023940,23.7,69.0,1002.7,False,39.1,358.0,1.8,58
7074,1083939,23.6,70.0,1002.9,False,39.2,335.0,1.2,58
7075,1143938,23.5,70.0,1002.9,False,39.2,355.0,1.2,58
7076,1203939,23.5,70.0,1002.7,False,39.3,339.0,1.3,58
7077,1263941,23.5,70.0,1002.7,False,39.0,353.0,1.6,58
7078,1323939,23.6,70.0,1002.9,False,39.0,345.0,1.0,58
7079,1383941,23.6,70.0,1002.7,False,39.6,336.0,1.7,58
7080,1443975,23.5,70.0,1002.9,False,38.9,346.0,1.5,58
7081,1503939,23.5,70.0,1002.7,False,38.9,325.0,2.0,58
7082,1563944,23.5,70.0,1002.7,False,39.1,353.0,1.2,58
7083,1623940,23.5,70.0,1002.7,False,39.1,322.0,1.7,58
7084,1683944,23.4,70.0,1002.7,False,39.1,354.0,0.8,58
7085,1743940,23.5,71.0,1002.7,False,39.1,6.0,1.2,58
7086,1803939,23.5,70.0,1002.7,False,39.6,0.0,0.8,58
7087,1863939,23.5,69.0,1002.7,False,39.8,351.0,1.1,58
7088,1923936,23.3,69.0,1002.9,False,39.6,1.0,1.0,58
7089,1983958,23.2,70.0,1002.9,False,38.0,347.0,1.2,58
7090,2043940,23.2,70.0,1002.9,False,37.9,348.0,1.2,58
7091,2103940,23.2,71.0,1002.9,False,37.7,346.0,1.7,58
7092,2163940,23.0,71.0,1002.9,False,37.7,346.0,1.7,58
7093,2223940,23.0,71.0,1003.0,False,37.6,4.0,1.0,58
7094,2283941,23.0,72.0,1002.9,False,37.4,339.0,1.0,58
7095,2343940,22.9,71.0,1003.0,False,37.7,357.0,1.8,58
7096,2403940,23.0,71.0,1003.0,False,37.4,57.0,1.2,58
7097,2463941,23.0,71.0,1003.0,False,37.4,334.0,0.6,58
7098,2523939,23.0,72.0,1003.0,False,37.5,340.0,1.7,58
7099,2583943,23.1,72.0,1002.9,False,37.5,340.0,1.6,58
7100,2643939,23.1,71.0,1002.9,False,37.5,37.0,1.7,58
7101,2703943,23.0,70.0,1002.9,False,37.3,341.0,1.3,58
7102,2763941,22.9,70.0,1002.9,False,36.6,341.0,1.2,58
7103,2823962,22.9,70.0,1002.9,False,36.5,332.0,1.7,58
7104,2883940,22.9,72.0,1002.9,True,36.4,341.0,1.2,58
7105,2943940,22.8,72.0,1002.7,True,36.0,335.0,1.5,58
7106,3003940,22.8,72.0,1002.7,True,36.0,341.0,1.6,58
7107,3063950,22.9,73.0,1002.7,True,35.0,3.0,1.1,58
7108,3123942,22.9,74.0,1002.7,True,34.2,338.0,0.8,58
7109,3183941,23.0,74.0,1002.7,True,33.9,18.0,0.8,58
7110,3243964,23.1,74.0,1002.7,True,33.4,329.0,0.8,58
7111,3303974,22.9,75.0,1002.9,True,32.5,342.0,1.2,58
7112,3363941,22.9,76.0,1002.7,True,32.5,341.0,1.7,58
7113,3423942,22.9,77.0,1002.7,True,32.4,330.0,2.0,58
7114,3483942,22.6,76.0,1002.7,True,32.3,337.0,1.5,58
7115,3543942,22.5,77.0,1002.7,True,32.0,338.0,1.2,58
7116,3603943,22.5,77.0,1002.7,True,32.3,332.0,1.0,58
7117,3663943,22.6,77.0,1002.7,True,32.3,354.0,1.2,58
7118,3723953,22.4,78.0,1002.7,True,32.2,334.0,0.5,58
7119,3783941,22.4,77.0,1002.5,True,32.2,343.0,1.5,58
7120,3843933,22.3,77.0,1002.7,True,32.2,343.0,1.8,58
7121,3903951,22.2,77.0,1002.7,True,31.3,329.0,2.0,58
7122,3963941,22.2,77.0,1002.7,True,30.4,352.0,1.6,58
7123,4023943,22.2,77.0,1002.7,True,30.4,3.0,1.6,58
7124,4083942,22.1,78.0,1002.7,True,30.3,348.0,1.3,58
7125,4143943,22.2,79.0,1002.7,True,30.0,344.0,1.6,58
7126,4203944,22.1,78.0,1002.7,True,30.0,40.0,1.5,58
7127,4263948,22.0,80.0,1002.7,True,29.0,342.0,0.6,58
7128,4323943,21.9,80.0,1002.7,True,28.7,338.0,1.0,58
7129,4383947,21.9,81.0,1002.7,True,28.7,344.0,1.0,58
7130,4443943,21.9,81.0,1002.7,True,28.7,344.0,1.0,58
7131,4503944,21.9,81.0,1002.7,True,28.7,344.0,1.0,58
7132,4563944,21.7,81.0,1002.7,True,28.7,344.0,1.0,58
7133,4623957,21.8,81.0,1002.7,True,28.7,344.0,1.0,58
7134,4683946,21.7,83.0,1002.7,True,29.6,339.0,1.1,58
7135,4743943,21.8,84.0,1002.7,True,30.2,234.0,0.5,58
7136,4803946,21.9,85.0,1002.7,True,28.6,337.0,1.1,58
7137,4863961,22.1,82.0,1002.9,True,27.6,349.0,2.2,58
7138,4923942,22.0,84.0,1002.9,True,26.4,336.0,1.3,58
7139,4983943,21.8,86.0,1002.7,True,26.3,320.0,0.6,58
7140,5043949,21.8,86.0,1002.9,True,26.3,330.0,0.6,58
7141,5103953,21.8,87.0,1002.9,True,27.5,321.0,1.0,58
7142,5163945,21.7,86.0,1002.7,True,28.4,328.0,0.8,58
7143,5223943,21.7,86.0,1002.9,True,28.6,335.0,0.8,58
7144,5283942,21.4,87.0,1003.0,True,28.9,0.0,1.1,58
7145,5343941,21.3,87.0,1002.9,True,29.0,268.0,0.0,58
7146,5403946,21.3,88.0,1002.9,True,29.2,344.0,0.6,58
7147,5463962,21.4,88.0,1002.9,True,29.6,344.0,0.8,58
7148,5523974,21.4,88.0,1003.0,True,29.6,346.0,0.5,58
7149,5583993,21.4,87.0,1003.0,True,29.9,311.0,0.8,58
7150,5643978,21.5,87.0,1003.0,True,29.9,311.0,0.8,58
7151,5703994,21.4,86.0,1002.9,True,29.5,258.0,0.6,58
7152,5764000,21.4,87.0,1002.9,True,29.6,326.0,0.6,58
7153,5824006,21.2,87.0,1002.9,True,29.6,351.0,0.8,58
7154,5884022,21.2,87.0,1002.9,True,29.6,352.0,1.2,58
7155,5944037,21.2,86.0,1002.9,True,29.5,337.0,1.0,58
7156,6004038,21.3,87.0,1002.9,True,29.2,343.0,1.2,58
7157,6064053,21.1,86.0,1002.9,True,28.7,1.0,2.0,58
7158,6124061,21.1,87.0,1002.9,True,28.7,348.0,1.2,58
7159,6184079,21.1,86.0,1002.9,True,28.7,340.0,1.6,58
7160,6244080,21.1,87.0,1002.9,True,28.4,353.0,1.1,58
7161,6304068,21.1,87.0,1002.7,True,27.9,349.0,2.2,58
7162,6364069,21.1,87.0,1002.9,True,27.9,343.0,1.3,58
7163,6424068,21.0,87.0,1002.9,True,28.4,20.0,1.7,58
7164,6484069,21.1,86.0,1002.9,True,28.4,341.0,1.0,58
7165,6544077,21.1,86.0,1003.0,True,28.6,318.0,1.1,58
7166,6604070,21.2,86.0,1003.0,True,28.6,351.0,1.1,58
7167,6664072,21.1,86.0,1003.0,True,28.6,6.0,1.7,58
7168,6724069,20.9,86.0,1002.9,True,28.6,0.0,1.5,58
7169,6784070,20.9,87.0,1002.9,True,28.6,16.0,1.7,58
7170,6844075,21.0,86.0,1003.0,True,28.7,322.0,0.8,58
7171,6904068,21.0,87.0,1003.0,False,28.8,272.0,1.0,58
7172,6964077,21.2,85.0,1002.9,True,29.1,12.0,1.2,58
7173,7024069,21.2,86.0,1003.0,False,29.2,329.0,0.6,58
7174,7084069,21.1,86.0,1003.0,False,29.4,14.0,0.6,58
7175,7144071,21.1,85.0,1003.0,False,29.4,340.0,1.0,58
7176,7204073,21.2,85.0,1003.0,False,29.4,323.0,1.2,58
7177,7264069,21.2,86.0,1003.0,False,29.4,8.0,0.6,58
7178,7324070,21.2,84.0,1003.0,False,29.3,0.0,0.6,58
7179,7384074,21.2,85.0,1003.0,False,29.2,64.0,1.0,58
7180,7444071,21.2,84.0,1003.0,False,29.1,2.0,2.2,58
7181,7504072,21.2,84.0,1003.0,False,28.9,0.0,1.3,58
7182,7564079,21.1,85.0,1003.0,False,28.8,348.0,0.6,58
7183,7624081,21.2,84.0,1003.0,False,29.1,340.0,1.7,58
7184,7684070,21.3,82.0,1003.0,False,29.1,139.0,3.2,58
7185,7744072,21.3,85.0,1003.0,False,28.8,4.0,0.8,58
7186,7804078,21.3,83.0,1003.0,False,28.6,6.0,1.2,58
7187,7864100,21.3,84.0,1003.0,False,28.8,358.0,1.1,58
7188,7924081,21.4,83.0,1003.0,False,28.6,103.0,0.8,58
7189,7984072,21.5,83.0,1003.0,False,28.5,12.0,0.6,58
7190,8044070,21.6,83.0,1003.0,False,28.5,127.0,0.6,58
7191,8104074,21.5,82.0,1003.0,False,28.4,298.0,0.6,58
7192,8164081,21.6,83.0,1003.0,True,28.3,200.0,0.8,58
7193,8224071,21.7,82.0,1003.0,True,28.5,27.0,0.8,58
7194,8284076,21.8,81.0,1003.0,True,28.2,278.0,1.2,58
7195,8344086,21.7,81.0,1003.0,True,28.1,2.0,0.5,58
7196,8404146,21.6,81.0,1003.0,True,28.1,202.0,0.6,58
7197,8464124,21.7,81.0,1003.2,True,28.2,271.0,0.6,58
7198,8524138,21.9,80.0,1003.2,True,28.3,183.0,0.8,58
7199,8584151,21.9,80.0,1003.2,True,27.9,357.0,1.1,58
7200,8644166,22.0,79.0,1003.2,True,27.6,79.0,0.8,58
7201,8704156,21.9,78.0,1003.2,True,27.3,254.0,0.5,58
7202,8764167,22.0,79.0,1003.2,True,27.1,28.0,0.6,58
7203,8824181,22.0,77.0,1003.2,True,27.0,98.0,1.3,58
7204,8884231,21.9,78.0,1003.2,True,27.0,346.0,0.6,58
7205,8944204,21.8,79.0,1003.2,True,26.4,187.0,0.4,58
7206,9004198,21.9,78.0,1003.2,True,27.2,214.0,1.1,58
7207,9064202,21.9,78.0,1003.2,True,27.0,214.0,1.0,58
7208,9124198,21.9,77.0,1003.2,True,26.9,4.0,1.0,58
7209,9184205,22.1,76.0,1003.2,False,26.9,0.0,0.8,58
7210,9244198,22.0,77.0,1003.2,True,26.8,355.0,0.4,58
7211,9304202,22.0,77.0,1003.2,True,27.1,110.0,0.6,58
7212,9364202,22.1,76.0,1003.2,True,27.1,139.0,0.6,58
7213,9424217,22.0,77.0,1003.2,True,27.1,117.0,0.5,58
7214,9484205,22.0,76.0,1003.2,True,27.5,111.0,0.4,58
7215,9544188,22.1,76.0,1003.2,True,27.6,108.0,0.5,58
7216,9604200,22.2,76.0,1003.2,True,27.4,116.0,0.5,58
7217,9664203,22.1,76.0,1003.0,True,27.3,78.0,0.3,58
7218,9724204,22.2,75.0,1003.2,True,27.3,0.0,0.0,58
7219,9784200,22.1,76.0,1003.2,True,27.2,173.0,0.0,58
7220,9844199,22.2,75.0,1003.2,True,27.6,0.0,0.8,58
7221,9904201,22.2,75.0,1003.2,True,27.8,0.0,0.8,58
7222,9964200,22.3,76.0,1003.2,True,27.9,292.0,0.3,58
7223,10024207,22.3,75.0,1003.2,True,27.9,170.0,0.8,58
7224,10084198,22.2,75.0,1003.2,True,27.9,170.0,1.0,58
7225,10144223,22.3,75.0,1003.2,True,28.0,153.0,0.6,58
7226,10204212,22.4,75.0,1003.2,True,28.3,131.0,0.8,58
7227,10264200,22.3,73.0,1003.2,True,28.7,41.0,0.5,58
7228,10324275,22.4,73.0,1003.2,True,28.7,72.0,0.6,58
7229,10384199,22.3,73.0,1003.0,True,28.3,0.0,0.6,58
7230,10444201,22.3,73.0,1003.2,False,27.8,346.0,0.5,58
7231,10504201,22.3,74.0,1003.2,False,27.8,102.0,0.6,58
7232,10564202,22.2,75.0,1003.2,False,27.8,191.0,0.6,58
7233,10624199,22.2,74.0,1003.2,False,28.4,343.0,0.6,58
7234,10684244,22.2,74.0,1003.2,False,28.4,342.0,1.1,58
7235,10744318,22.2,73.0,1003.2,False,28.4,3.0,1.3,58
7236,10804230,22.1,74.0,1003.0,False,28.2,338.0,1.1,58
7237,10864230,22.1,74.0,1003.2,False,28.2,159.0,1.5,58
7238,10924278,22.0,74.0,1003.2,False,28.1,63.0,0.6,58
7239,10984246,22.0,75.0,1003.2,False,28.2,333.0,0.4,58
7240,11044251,22.0,74.0,1003.2,False,28.5,10.0,0.8,58
7241,11104250,22.0,74.0,1003.2,False,28.6,30.0,0.0,58
7242,11164245,22.0,74.0,1003.2,False,28.5,56.0,1.0,58
7243,11224259,22.0,75.0,1003.2,False,28.5,312.0,0.6,58
7244,11284276,21.9,74.0,1003.2,False,28.5,0.0,0.0,58
7245,11344276,21.9,73.0,1003.2,False,28.5,28.0,0.5,58
7246,11404291,21.9,74.0,1003.2,False,28.5,12.0,0.6,58
7247,11464308,21.9,73.0,1003.2,False,28.3,1.0,0.8,58
7248,11524322,21.9,74.0,1003.2,False,28.2,281.0,0.5,58
7249,11584323,21.9,73.0,1003.2,False,28.2,40.0,0.5,58
7250,11644342,21.9,73.0,1003.2,False,28.1,13.0,1.2,58
7251,11704364,21.9,73.0,1003.2,False,28.1,13.0,1.2,58
7252,11764371,21.8,73.0,1003.2,False,28.0,0.0,0.6,58
7253,11824371,21.9,73.0,1003.2,False,28.0,0.0,0.3,58
7254,11884371,21.9,74.0,1003.2,False,28.0,323.0,0.6,58
7255,11944398,21.9,74.0,1003.2,False,28.3,0.0,0.8,58
7256,12004424,21.9,73.0,1003.2,False,28.5,0.0,0.6,58
7257,12064419,22.0,73.0,1003.2,False,28.6,186.0,0.4,58
7258,12124416,22.0,73.0,1003.2,False,28.8,257.0,1.0,58
7259,12184439,22.1,72.0,1003.2,False,28.8,159.0,1.1,58
7260,12244450,22.2,72.0,1003.0,False,28.9,86.0,0.6,58
7261,12304448,22.3,71.0,1003.2,False,28.9,239.0,0.5,58
7262,12364448,22.3,72.0,1003.0,True,29.1,260.0,1.2,58
7263,12424461,22.3,70.0,1003.0,False,29.1,330.0,1.2,58
7264,12484451,22.4,70.0,1003.2,False,28.8,0.0,0.6,58
7265,12544448,22.3,70.0,1003.2,False,28.8,55.0,0.6,58
7266,12604448,22.3,71.0,1003.0,False,28.7,300.0,0.4,58
7267,12664451,22.4,71.0,1003.2,False,28.9,188.0,0.6,58
7268,12724450,22.5,71.0,1003.2,False,29.1,146.0,0.6,58
7269,12784448,22.5,71.0,1003.2,False,29.4,178.0,0.8,58
7270,12844457,22.6,70.0,1003.2,False,29.4,201.0,0.8,58
7271,12904452,22.4,69.0,1003.2,False,29.5,161.0,1.1,58
7272,12964453,22.4,69.0,1003.2,False,29.0,189.0,1.0,58
7273,13024455,22.3,70.0,1003.2,False,28.7,170.0,0.6,58
7274,13084456,22.4,71.0,1003.2,False,29.0,183.0,1.2,58
7275,13144448,22.5,70.0,1003.2,False,29.0,158.0,0.8,58
7276,13204449,22.5,69.0,1003.2,False,29.6,0.0,1.5,58
7277,13264457,22.6,69.0,1003.2,False,29.7,195.0,0.8,58
7278,13324465,22.5,68.0,1003.2,False,29.8,211.0,1.5,58
7279,13384451,22.6,68.0,1003.2,False,29.5,200.0,1.2,58
7280,13444448,22.6,68.0,1003.2,False,29.5,185.0,1.2,58
7281,13504450,22.6,68.0,1003.2,False,29.2,300.0,1.7,58
7282,13564450,22.5,67.0,1003.2,False,29.2,296.0,1.1,58
7283,13624463,22.4,64.0,1003.4,False,29.2,121.0,1.0,58
7284,13684465,22.4,66.0,1003.2,False,29.2,183.0,0.6,58
7285,13744480,22.5,67.0,1003.2,False,29.1,134.0,0.8,58
7286,13804506,22.3,67.0,1003.2,False,29.1,340.0,0.4,58
7287,13864513,22.4,66.0,1003.4,False,29.1,187.0,1.2,58
7288,13924518,22.5,66.0,1003.2,False,29.1,104.0,0.5,58
7289,13984521,22.4,66.0,1003.2,False,29.1,168.0,0.6,58
7290,14044543,22.4,67.0,1003.2,False,29.5,87.0,0.8,58
7291,14104545,22.4,65.0,1003.2,False,29.3,0.0,0.6,58
7292,14164545,22.3,65.0,1003.2,False,29.1,199.0,0.4,58
7293,14224545,22.3,65.0,1003.4,False,29.1,173.0,1.1,58
7294,14284549,22.2,65.0,1003.2,False,29.1,0.0,0.8,58
7295,14344686,22.2,66.0,1003.2,False,28.9,40.0,0.5,58
7296,14404543,22.3,65.0,1003.4,False,29.5,166.0,1.0,58
7297,14464560,22.4,65.0,1003.2,False,29.9,165.0,1.1,58
7298,14524561,22.4,66.0,1003.2,False,29.8,142.0,0.6,58
7299,14584570,22.5,66.0,1003.2,False,30.1,0.0,0.6,58
7300,14644596,22.6,65.0,1003.2,True,30.4,180.0,0.6,58
7301,41345,25.8,59.0,1015.5,False,39.2,158.0,0.5,59
7302,101347,25.8,59.0,1015.5,False,39.1,96.0,0.6,59
7303,161345,25.8,58.0,1015.5,False,39.1,0.0,0.5,59
7304,221342,25.6,58.0,1015.5,False,38.9,298.0,0.5,59
7305,281339,25.7,59.0,1015.5,False,39.2,317.0,1.0,59
7306,341345,25.6,60.0,1015.5,False,39.1,24.0,1.0,59
7307,401344,25.5,61.0,1015.5,False,39.0,118.0,0.8,59
7308,461350,25.5,62.0,1015.5,False,38.5,0.0,0.4,59
7309,521340,25.4,62.0,1015.5,False,38.5,276.0,1.2,59
7310,581362,25.5,63.0,1015.5,False,38.5,285.0,1.2,59
7311,641377,25.5,63.0,1015.5,False,38.7,30.0,1.0,59
7312,701406,25.4,63.0,1015.5,False,38.5,106.0,0.0,59
7313,761394,25.4,64.0,1015.5,False,37.9,0.0,0.5,59
7314,821398,25.4,64.0,1015.4,False,37.4,190.0,0.4,59
7315,881391,25.4,64.0,1015.5,False,37.9,138.0,0.4,59
7316,941408,25.3,64.0,1015.5,False,37.5,92.0,0.8,59
7317,1001429,25.2,65.0,1015.5,False,37.2,57.0,0.8,59
7318,1061426,25.2,65.0,1015.5,False,37.2,120.0,0.8,59
7319,1121429,25.1,65.0,1015.4,False,37.1,74.0,0.8,59
7320,1181440,25.0,66.0,1015.5,False,36.9,96.0,0.6,59
7321,1241465,25.0,66.0,1015.5,False,36.9,294.0,0.5,59
7322,1301464,24.9,66.0,1015.5,False,36.8,314.0,1.2,59
7323,1361455,25.0,67.0,1015.5,False,37.3,258.0,1.2,59
7324,1421456,25.0,67.0,1015.5,False,37.3,270.0,0.8,59
7325,1481470,25.0,67.0,1015.5,False,37.1,330.0,0.8,59
7326,1541471,24.9,67.0,1015.5,False,37.1,285.0,1.0,59
7327,1601471,25.0,68.0,1015.5,False,36.7,190.0,1.1,59
7328,1661470,25.0,69.0,1015.5,False,36.3,100.0,0.4,59
7329,1721486,24.8,69.0,1015.5,False,35.5,100.0,1.0,59
7330,1781509,24.9,70.0,1015.5,False,35.7,0.0,0.6,59
7331,1841527,24.9,69.0,1015.5,False,36.5,21.0,0.0,59
7332,1901523,24.8,70.0,1015.5,False,37.1,111.0,0.4,59
7333,1961529,24.9,69.0,1015.5,False,37.1,31.0,0.3,59
7334,2021522,24.9,69.0,1015.5,False,36.8,305.0,0.4,59
7335,2081518,25.0,69.0,1015.5,False,36.6,259.0,0.8,59
7336,2141523,25.0,69.0,1015.5,False,36.5,266.0,1.7,59
7337,2201538,25.0,69.0,1015.5,False,36.3,284.0,1.7,59
7338,2261551,25.1,69.0,1015.5,False,36.0,257.0,1.6,59
7339,2321594,25.1,70.0,1015.5,False,35.3,270.0,1.5,59
7340,2381555,25.1,69.0,1015.5,False,35.3,276.0,1.5,59
7341,2441553,25.2,69.0,1015.4,False,35.3,241.0,1.3,59
7342,2501552,25.2,69.0,1015.5,False,35.8,259.0,1.2,59
7343,2561552,25.2,69.0,1015.5,False,35.8,249.0,1.2,59
7344,2621552,25.2,70.0,1015.5,False,35.1,271.0,1.5,59
7345,2681551,25.1,70.0,1015.5,False,34.8,297.0,1.3,59
7346,2741551,24.9,70.0,1015.5,False,35.0,261.0,1.5,59
7347,2801554,25.0,69.0,1015.5,False,35.3,267.0,1.8,59
7348,2861552,24.9,70.0,1015.5,False,35.1,288.0,1.2,59
7349,2921587,25.0,70.0,1015.5,False,34.6,252.0,1.8,59
7350,2981558,24.9,70.0,1015.5,False,34.6,288.0,1.5,59
7351,3041566,24.7,70.0,1015.5,False,34.5,217.0,1.3,59
7352,3101584,24.7,71.0,1015.7,False,34.9,275.0,0.4,59
7353,3161610,24.6,70.0,1015.7,False,34.3,277.0,1.2,59
7354,3221601,24.5,71.0,1015.5,False,34.3,277.0,0.8,59
7355,3281602,24.6,71.0,1015.7,False,34.3,303.0,1.0,59
7356,3341617,24.4,71.0,1015.5,False,34.6,304.0,0.6,59
7357,3401633,24.6,72.0,1015.7,False,34.6,227.0,0.5,59
7358,3461633,24.5,70.0,1015.5,False,34.6,314.0,0.8,59
7359,3521652,24.6,70.0,1015.7,False,34.5,286.0,0.8,59
7360,3581662,24.6,71.0,1015.7,False,34.7,263.0,1.3,59
7361,3641665,24.7,70.0,1015.5,False,34.7,270.0,1.5,59
7362,3701675,24.6,70.0,1015.7,False,34.7,277.0,1.6,59
7363,3761678,24.5,70.0,1015.7,False,34.9,265.0,1.3,59
7364,3821678,24.4,70.0,1015.5,False,34.0,281.0,1.2,59
7365,3881667,24.5,70.0,1015.7,False,33.9,272.0,0.8,59
7366,3942642,24.5,69.0,1015.7,False,34.4,75.0,0.8,59
7367,4001678,24.4,70.0,1015.7,False,34.4,0.0,0.0,59
7368,4061680,24.5,70.0,1015.7,False,34.0,103.0,0.5,59
7369,4121720,24.8,70.0,1015.5,False,34.0,58.0,0.0,59
7370,4181685,24.8,69.0,1015.7,False,34.4,240.0,0.5,59
7371,4241681,24.9,69.0,1015.7,False,34.6,252.0,1.2,59
7372,4301682,25.0,69.0,1015.7,False,34.6,302.0,1.5,59
7373,4361679,24.9,69.0,1015.7,False,34.5,337.0,0.8,59
7374,4421684,24.9,69.0,1015.7,False,34.2,265.0,1.2,59
7375,4481690,25.0,69.0,1015.7,False,34.3,302.0,1.2,59
7376,4541682,24.9,69.0,1015.7,False,34.3,289.0,0.6,59
7377,4601680,24.9,68.0,1015.7,False,34.2,286.0,1.0,59
7378,4661682,24.9,69.0,1015.7,False,34.2,292.0,1.1,59
7379,4721685,24.9,69.0,1015.7,False,34.2,269.0,1.2,59
7380,4781683,25.0,69.0,1015.7,False,34.4,305.0,0.6,59
7381,4841674,25.0,69.0,1015.7,False,34.4,270.0,1.1,59
7382,4901681,24.9,70.0,1015.7,False,33.8,253.0,0.8,59
7383,4961682,24.9,70.0,1015.7,False,33.8,335.0,0.8,59
7384,5021684,24.8,70.0,1015.7,False,33.8,274.0,0.8,59
7385,5081694,24.8,69.0,1015.9,False,34.2,300.0,1.0,59
7386,5141714,24.7,70.0,1015.7,False,34.0,296.0,1.2,59
7387,5201727,24.7,70.0,1015.7,False,33.9,0.0,0.8,59
7388,5261736,24.6,70.0,1015.9,False,33.7,347.0,0.0,59
7389,5321744,24.5,70.0,1016.0,False,33.7,0.0,0.0,59
7390,5381731,24.6,69.0,1015.7,False,33.8,310.0,0.6,59
7391,5441733,24.5,70.0,1016.0,False,33.7,276.0,0.6,59
7392,5501729,24.6,70.0,1015.7,False,33.4,0.0,0.6,59
7393,5561734,24.6,69.0,1015.7,False,33.5,2.0,0.4,59
7394,5621765,24.6,69.0,1015.7,False,33.8,311.0,0.5,59
7395,5681762,24.5,69.0,1015.9,False,33.9,278.0,1.1,59
7396,5741778,24.4,69.0,1015.7,False,33.3,296.0,1.2,59
7397,5801776,24.4,70.0,1015.7,False,33.4,283.0,0.8,59
7398,5861794,24.3,69.0,1015.9,False,33.2,297.0,0.6,59
7399,5921792,24.3,70.0,1015.7,False,33.2,6.0,0.5,59
7400,5981791,24.2,70.0,1015.9,False,33.2,233.0,0.6,59
7401,6041807,24.2,70.0,1015.9,False,33.2,239.0,0.6,59
7402,6101828,24.2,70.0,1015.9,False,33.2,301.0,0.6,59
7403,6161840,24.2,70.0,1015.9,False,32.5,330.0,1.1,59
7404,6221856,24.2,70.0,1015.7,False,32.5,3.0,0.8,59
7405,6281854,24.1,70.0,1015.7,False,32.6,29.0,0.5,59
7406,6341872,24.1,70.0,1015.7,False,32.2,353.0,0.6,59
7407,6401871,24.1,71.0,1015.9,False,32.2,336.0,0.5,59
7408,6461892,24.1,71.0,1015.9,False,32.1,0.0,0.5,59
7409,6521909,24.1,71.0,1015.7,False,32.6,302.0,0.5,59
7410,6581903,24.1,71.0,1015.7,False,32.5,15.0,0.6,59
7411,6641902,24.0,71.0,1015.7,False,32.5,228.0,0.6,59
7412,6701917,24.1,71.0,1015.7,False,32.0,0.0,0.0,59
7413,6761919,24.0,71.0,1015.7,False,31.8,261.0,0.4,59
7414,45873,25.7,56.0,1010.7,False,49.2,284.0,0.8,60
7415,105871,25.8,54.0,1010.7,False,50.1,264.0,0.8,60
7416,165872,25.8,55.0,1010.7,False,49.5,322.0,0.8,60
7417,225884,25.8,55.0,1010.5,False,48.9,172.0,1.0,60
7418,285872,25.7,55.0,1010.7,False,48.8,174.0,0.8,60
7419,345884,25.8,54.0,1010.7,False,48.9,322.0,0.6,60
7420,405873,25.5,55.0,1010.7,False,48.9,331.0,1.5,60
7421,465871,25.5,56.0,1010.7,False,48.8,66.0,1.1,60
7422,525870,25.5,56.0,1010.5,False,48.8,293.0,0.8,60
7423,585872,25.7,54.0,1010.7,False,48.8,274.0,1.3,60
7424,645878,25.7,54.0,1010.5,False,49.4,279.0,1.5,60
7425,705874,25.6,53.0,1010.5,False,50.1,273.0,1.6,60
7426,765874,25.8,52.0,1010.5,False,50.1,280.0,1.3,60
7427,825874,25.8,53.0,1010.5,False,50.3,287.0,2.2,60
7428,885874,25.6,56.0,1010.5,False,49.9,272.0,1.8,60
7429,945872,25.6,56.0,1010.5,False,50.2,216.0,1.6,60
7430,1005874,25.5,56.0,1010.5,False,50.2,271.0,1.8,60
7431,1065881,25.4,58.0,1010.5,False,49.4,279.0,1.0,60
7432,1125886,25.5,56.0,1010.4,False,49.4,293.0,0.8,60
7433,1185874,25.4,56.0,1010.5,False,49.8,280.0,0.6,60
7434,1245874,25.3,55.0,1010.5,False,50.0,324.0,1.2,60
7435,1305905,25.4,54.0,1010.4,False,49.6,281.0,1.0,60
7436,1365878,25.5,54.0,1010.4,False,50.5,248.0,2.0,60
7437,1425874,25.5,56.0,1010.5,False,50.5,189.0,1.7,60
7438,1485878,25.7,55.0,1010.5,False,50.5,273.0,0.8,60
7439,1545875,25.7,55.0,1010.4,False,50.9,0.0,0.6,60
7440,1605873,25.8,55.0,1010.5,False,50.9,283.0,0.8,60
7441,1665873,25.7,53.0,1010.5,False,49.4,164.0,1.1,60
7442,1725866,25.8,53.0,1010.4,False,49.4,109.0,0.6,60
7443,1785872,25.7,52.0,1010.5,False,47.9,298.0,1.2,60
7444,1845874,25.5,53.0,1010.4,False,48.3,264.0,1.6,60
7445,1905874,25.6,55.0,1010.4,False,49.3,239.0,2.0,60
7446,1965873,25.7,55.0,1010.4,False,49.7,249.0,1.1,60
7447,2025872,25.7,56.0,1010.4,False,49.7,221.0,1.7,60
7448,2085886,25.7,56.0,1010.4,False,49.7,279.0,1.7,60
7449,2145874,25.5,57.0,1010.4,False,40.9,299.0,1.8,60
7450,2205879,25.6,58.0,1010.4,False,48.0,281.0,1.7,60
7451,2265874,25.4,58.0,1010.2,False,48.0,342.0,1.2,60
7452,2325876,25.3,56.0,1010.4,False,48.0,0.0,1.1,60
7453,2385874,25.4,56.0,1010.2,False,48.0,282.0,1.2,60
7454,2445894,25.4,57.0,1010.2,False,48.0,127.0,1.2,60
7455,2505874,25.5,57.0,1010.2,False,48.0,247.0,1.0,60
7456,2565884,25.5,57.0,1010.2,False,48.5,299.0,1.1,60
7457,2625873,25.4,58.0,1010.4,False,48.5,213.0,0.8,60
7458,2685871,25.5,57.0,1010.2,False,48.5,316.0,1.2,60
7459,2745875,25.6,57.0,1010.2,False,48.5,332.0,1.1,60
7460,2805875,25.7,55.0,1010.2,False,48.5,0.0,1.0,60
7461,2865875,25.7,54.0,1010.2,False,48.5,284.0,0.5,60
7462,2925884,25.8,56.0,1010.2,False,48.5,337.0,0.8,60
7463,2985875,26.1,54.0,1010.4,False,48.5,338.0,0.5,60
7464,3045879,26.1,56.0,1010.2,False,48.5,165.0,0.8,60
7465,3105866,26.1,56.0,1010.2,False,48.5,301.0,1.1,60
7466,3165878,25.9,57.0,1010.2,False,48.2,281.0,2.0,60
7467,3225876,25.7,57.0,1010.2,False,48.2,182.0,2.0,60
7468,3285885,25.7,57.0,1010.2,False,48.2,320.0,1.7,60
7469,3345901,25.5,59.0,1010.2,False,48.2,312.0,1.5,60
7470,3405893,25.5,59.0,1010.2,False,47.9,273.0,0.8,60
7471,3465892,25.6,57.0,1010.2,False,47.9,260.0,0.8,60
7472,3525906,25.7,55.0,1010.2,False,46.7,145.0,0.8,60
7473,3586014,25.7,56.0,1010.2,False,48.3,117.0,0.8,60
7474,3645949,25.8,57.0,1010.2,False,48.1,312.0,0.8,60
7475,3705923,25.8,56.0,1010.2,False,49.3,242.0,1.1,60
7476,3765924,25.9,56.0,1010.0,False,48.6,2.0,0.6,60
7477,3825923,25.9,57.0,1010.2,False,47.6,120.0,1.1,60
7478,3885921,25.9,57.0,1010.0,False,47.6,271.0,0.5,60
7479,3945920,25.9,56.0,1010.0,False,48.5,256.0,1.2,60
7480,4006773,25.8,56.0,1010.0,False,48.5,256.0,1.2,60
7481,4065922,25.8,56.0,1010.0,False,48.5,256.0,1.2,60
7482,4125924,25.2,56.0,1010.0,False,48.5,256.0,1.2,60
7483,4185938,25.3,56.0,1010.0,False,48.5,256.0,1.2,60
7484,4245953,25.7,60.0,1010.2,False,47.4,282.0,1.7,60
7485,4305959,25.6,59.0,1010.0,False,47.9,297.0,1.8,60
7486,4365971,25.6,60.0,1009.9,False,47.7,287.0,1.7,60
7487,4425971,25.6,59.0,1010.2,False,47.7,307.0,2.2,60
7488,4485971,25.4,60.0,1010.0,False,46.9,271.0,1.7,60
7489,4545995,25.5,60.0,1010.2,False,46.9,285.0,2.0,60
7490,4605995,25.5,62.0,1010.0,False,47.0,309.0,1.7,60
7491,4665985,25.7,61.0,1010.0,False,47.0,314.0,1.8,60
7492,4726006,25.8,61.0,1010.0,False,46.8,302.0,2.2,60
7493,4786007,25.7,60.0,1010.0,False,46.7,308.0,1.0,60
7494,4846006,25.6,60.0,1010.0,False,47.2,177.0,1.7,60
7495,4906008,25.5,61.0,1010.0,False,47.2,286.0,1.0,60
7496,4966006,25.5,61.0,1010.0,False,46.7,280.0,1.2,60
7497,5026014,25.4,61.0,1010.0,False,47.2,271.0,1.6,60
7498,5086016,25.4,62.0,1010.0,False,47.9,285.0,1.7,60
7499,5146016,25.3,60.0,1010.0,False,47.2,286.0,1.8,60
7500,5206012,25.3,60.0,1010.0,False,47.2,315.0,2.4,60
7501,5266006,25.5,60.0,1009.9,False,47.2,235.0,1.2,60
7502,5326009,25.6,61.0,1010.0,False,47.2,308.0,1.7,60
7503,5386004,25.6,61.0,1009.9,False,47.2,283.0,1.5,60
7504,5446006,25.6,61.0,1009.9,False,46.5,299.0,2.0,60
7505,5506011,25.6,61.0,1009.9,False,46.8,356.0,1.6,60
7506,5566008,25.6,62.0,1009.9,False,46.5,188.0,1.2,60
7507,5626007,25.8,61.0,1009.9,False,46.5,266.0,1.0,60
7508,5686006,25.8,61.0,1009.9,False,46.5,268.0,1.2,60
7509,5746008,25.8,60.0,1009.9,False,46.5,327.0,1.0,60
7510,5806008,25.8,60.0,1009.9,False,46.5,284.0,1.2,60
7511,5866045,25.6,60.0,1009.7,False,46.6,285.0,2.0,60
7512,5926012,25.5,61.0,1009.7,False,46.5,305.0,1.7,60
7513,5986011,25.4,62.0,1009.7,False,46.1,311.0,1.7,60
7514,6046018,25.4,62.0,1009.9,False,46.1,356.0,1.2,60
7515,6106020,25.6,61.0,1009.7,False,46.2,265.0,0.6,60
7516,6166042,25.6,60.0,1009.5,False,45.6,277.0,1.3,60
7517,6226035,25.5,60.0,1009.5,False,45.6,276.0,1.7,60
7518,6286053,25.4,61.0,1009.7,False,45.3,257.0,1.6,60
7519,6346068,25.4,61.0,1009.7,False,45.7,232.0,1.6,60
7520,6406078,25.5,62.0,1009.7,False,45.7,247.0,1.7,60
7521,6466071,25.6,62.0,1009.7,False,45.7,277.0,1.6,60
7522,6526066,25.5,63.0,1009.5,False,45.8,289.0,1.7,60
7523,6586092,25.3,62.0,1009.5,False,45.8,246.0,1.7,60
7524,6646098,25.3,63.0,1009.5,False,45.8,282.0,1.7,60
7525,6706101,25.2,63.0,1009.5,False,45.7,290.0,1.7,60
7526,6766098,25.1,64.0,1009.5,False,46.1,205.0,2.0,60
7527,6826125,25.1,62.0,1009.5,False,45.9,291.0,1.7,60
7528,6886117,25.2,64.0,1009.5,False,45.8,285.0,2.5,60
7529,6946130,25.2,64.0,1009.5,False,45.3,294.0,2.5,60
7530,7006129,25.2,64.0,1009.5,False,45.3,275.0,2.5,60
7531,7066129,25.3,65.0,1009.5,False,45.3,294.0,1.2,60
7532,7126144,25.2,64.0,1009.5,False,45.5,285.0,2.0,60
7533,7186168,25.1,63.0,1009.5,False,45.5,285.0,1.7,60
7534,7246162,25.0,63.0,1009.5,False,45.7,290.0,2.0,60
7535,7306161,25.1,64.0,1009.4,False,45.7,288.0,1.8,60
7536,7366195,25.0,64.0,1009.4,False,45.7,286.0,2.2,60
7537,7426166,24.9,64.0,1009.4,False,45.7,322.0,1.6,60
7538,7486178,25.0,65.0,1009.4,False,45.2,290.0,1.7,60
7539,7546176,24.9,64.0,1009.4,False,45.1,276.0,1.7,60
7540,7606177,24.9,64.0,1009.4,False,45.2,253.0,1.6,60
7541,7666178,24.9,64.0,1009.4,False,45.4,296.0,2.2,60
7542,7726186,25.1,64.0,1009.4,False,46.1,288.0,2.2,60
7543,7786179,24.9,64.0,1009.4,False,46.1,301.0,1.2,60
7544,7846193,24.9,64.0,1009.4,False,45.8,289.0,1.7,60
7545,7906209,25.0,65.0,1009.4,False,45.7,297.0,2.0,60
7546,7966215,24.9,65.0,1009.2,False,45.2,293.0,1.7,60
7547,8026223,25.0,65.0,1009.2,False,45.7,258.0,1.7,60
7548,8086245,25.1,65.0,1009.2,False,45.7,294.0,1.5,60
7549,8146240,25.1,65.0,1009.2,False,45.7,302.0,1.3,60
7550,8206254,25.1,63.0,1009.2,False,45.7,280.0,1.8,60
7551,8266257,25.0,64.0,1009.2,False,45.7,302.0,2.7,60
7552,8326255,25.0,64.0,1009.2,False,45.1,299.0,2.5,60
7553,8386266,25.0,64.0,1009.2,False,45.0,283.0,2.5,60
7554,8446335,25.0,65.0,1009.2,False,45.0,293.0,2.2,60
7555,8506266,25.0,65.0,1009.4,False,45.1,280.0,2.0,60
7556,8566258,25.1,64.0,1009.2,False,45.3,282.0,2.0,60
7557,8626256,25.0,64.0,1009.2,False,45.2,284.0,2.2,60
7558,8686263,24.9,64.0,1009.2,False,45.0,284.0,2.4,60
7559,8746263,24.9,64.0,1009.2,False,44.8,312.0,2.4,60
7560,8806255,25.0,64.0,1009.2,False,44.9,284.0,2.7,60
7561,8866268,25.2,65.0,1009.2,False,44.8,338.0,2.0,60
7562,8926249,25.3,63.0,1009.2,False,44.7,336.0,1.7,60
7563,8986258,25.2,62.0,1009.2,False,45.0,285.0,1.7,60
7564,9046255,24.9,61.0,1009.2,False,45.0,289.0,2.9,60
7565,9106266,24.9,62.0,1009.2,False,45.0,294.0,2.0,60
7566,9166264,25.0,63.0,1009.2,False,44.6,285.0,2.2,60
7567,9226437,25.2,63.0,1009.2,False,44.6,255.0,2.0,60
7568,9286264,25.1,62.0,1009.0,False,44.1,299.0,2.0,60
7569,9346254,25.1,63.0,1009.2,False,44.1,274.0,2.4,60
7570,9406262,25.0,63.0,1009.0,False,44.3,285.0,2.2,60
7571,9466258,25.0,64.0,1009.2,False,44.6,303.0,2.5,60
7572,9526262,25.0,63.0,1009.2,False,44.6,264.0,2.0,60
7573,9586288,25.1,63.0,1009.2,False,44.6,276.0,1.7,60
7574,9646291,25.2,63.0,1009.0,False,44.7,266.0,1.6,60
7575,43822,12.2,84.0,1006.5,True,17.5,46.0,3.0,61
7576,103832,12.2,84.0,1006.5,True,17.3,7.0,2.0,61
7577,163828,12.1,84.0,1006.5,True,17.3,2.0,2.2,61
7578,223831,12.2,85.0,1006.7,True,17.4,349.0,1.7,61
7579,283852,12.2,85.0,1006.7,True,17.5,6.0,1.7,61
7580,343840,12.1,83.0,1006.7,True,17.7,18.0,2.2,61
7581,403860,12.1,84.0,1006.7,True,17.6,18.0,2.7,61
7582,463859,12.1,84.0,1006.7,True,17.6,328.0,2.0,61
7583,523876,12.2,84.0,1006.7,True,17.6,5.0,1.7,61
7584,583875,12.2,84.0,1006.7,True,17.6,335.0,1.8,61
7585,643876,12.4,84.0,1006.7,True,17.7,340.0,1.3,61
7586,703875,12.3,83.0,1006.7,True,17.8,320.0,2.0,61
7587,763877,12.2,83.0,1006.7,True,17.8,31.0,1.7,61
7588,823877,12.3,84.0,1006.7,True,17.7,20.0,1.6,61
7589,883874,12.5,84.0,1006.7,True,17.8,6.0,1.7,61
7590,943874,12.6,84.0,1006.9,True,17.9,35.0,1.0,61
7591,1003891,12.5,84.0,1006.7,True,18.1,19.0,1.6,61
7592,1063891,12.6,84.0,1006.7,True,18.1,55.0,1.2,61
7593,1123917,12.7,84.0,1006.9,True,18.2,291.0,1.3,61
7594,1183910,12.7,84.0,1006.7,True,18.2,39.0,1.0,61
7595,1243924,12.8,85.0,1006.7,True,18.2,41.0,1.1,61
7596,1303943,12.8,84.0,1006.9,True,18.2,348.0,1.7,61
7597,1363943,12.8,85.0,1007.0,True,18.2,349.0,1.3,61
7598,1424246,12.9,85.0,1006.9,True,18.2,347.0,1.7,61
7599,1483958,12.7,84.0,1006.7,True,18.1,19.0,1.6,61
7600,1543954,12.7,84.0,1007.0,True,18.2,13.0,1.7,61
7601,1603961,12.8,85.0,1007.0,True,18.1,4.0,1.5,61
7602,1663953,12.9,85.0,1006.9,True,18.1,326.0,1.7,61
7603,1723961,12.9,85.0,1007.0,True,18.1,344.0,1.0,61
7604,1783954,12.9,84.0,1007.0,True,18.3,354.0,2.5,61
7605,1843955,12.9,84.0,1007.0,True,18.3,317.0,2.2,61
7606,1903962,12.8,84.0,1007.0,True,18.2,358.0,1.2,61
7607,1963956,12.9,84.0,1007.0,True,18.2,7.0,1.7,61
7608,2023948,12.8,83.0,1007.0,True,18.2,10.0,2.0,61
7609,2083953,13.0,83.0,1006.9,True,18.3,47.0,1.2,61
7610,2143953,13.0,83.0,1007.0,True,18.4,346.0,1.7,61
7611,2203952,13.0,83.0,1007.0,True,18.3,7.0,1.7,61
7612,2263952,13.0,82.0,1007.0,True,18.4,358.0,1.2,61
7613,2323952,13.1,82.0,1007.0,True,18.4,347.0,1.3,61
7614,2383952,13.1,82.0,1007.0,True,18.4,5.0,1.1,61
7615,2443952,13.2,81.0,1007.0,True,18.5,3.0,1.6,61
7616,2503963,13.2,81.0,1007.0,True,18.5,152.0,1.3,61
7617,2563953,13.1,81.0,1007.0,True,18.5,328.0,0.8,61
7618,2623957,13.0,82.0,1007.0,False,18.6,326.0,0.8,61
7619,2683953,13.3,81.0,1007.0,False,18.6,341.0,1.2,61
7620,2743952,13.4,80.0,1007.0,False,18.6,4.0,2.0,61
7621,2803968,13.5,81.0,1007.0,False,18.6,339.0,1.5,61
7622,2863951,13.5,81.0,1007.2,False,18.5,295.0,1.2,61
7623,2923952,13.6,80.0,1007.0,False,18.5,310.0,0.8,61
7624,2983952,13.5,79.0,1007.0,False,18.6,351.0,1.0,61
7625,3043993,13.5,79.0,1007.0,False,18.6,346.0,1.5,61
7626,3103951,13.4,77.0,1007.2,True,18.5,14.0,2.0,61
7627,3163950,13.3,76.0,1007.0,True,18.5,346.0,3.0,61
7628,3223952,13.5,75.0,1007.2,True,18.4,8.0,3.4,61
7629,3283952,13.5,74.0,1007.0,False,18.1,339.0,2.4,61
7630,3343957,13.7,74.0,1007.2,False,18.0,9.0,1.3,61
7631,3403951,13.7,73.0,1007.2,False,18.0,5.0,2.9,61
7632,3463954,13.7,72.0,1007.0,False,18.1,12.0,2.7,61
7633,3523956,13.9,70.0,1007.0,False,18.1,99.0,3.0,61
7634,3583992,13.9,71.0,1007.2,False,18.1,336.0,1.3,61
7635,3643971,14.1,72.0,1007.2,False,17.9,4.0,1.6,61
7636,3703973,14.0,69.0,1007.0,False,18.0,355.0,3.9,61
7637,3763971,14.0,68.0,1007.0,False,18.2,9.0,3.0,61
7638,3823993,14.1,67.0,1006.9,False,18.0,4.0,3.2,61
7639,3884009,14.2,66.0,1007.0,False,17.9,18.0,4.0,61
7640,3943999,14.3,68.0,1007.0,False,17.8,1.0,2.2,61
7641,4004001,14.4,66.0,1007.0,False,17.8,10.0,2.5,61
7642,4064000,14.6,67.0,1007.0,False,17.9,348.0,2.5,61
7643,4124000,14.7,67.0,1007.0,False,18.0,1.0,2.2,61
7644,4183999,14.6,66.0,1007.0,False,18.0,352.0,2.9,61
7645,4243998,14.8,68.0,1007.0,False,18.1,309.0,1.7,61
7646,4304013,14.8,66.0,1006.9,False,18.2,8.0,2.7,61
7647,4364030,14.8,66.0,1007.0,False,18.3,344.0,2.2,61
7648,4424029,14.7,66.0,1007.0,False,18.3,293.0,1.2,61
7649,4484081,14.7,66.0,1007.0,False,18.3,4.0,1.5,61
7650,4544047,14.8,65.0,1007.0,False,18.5,349.0,2.0,61
7651,4604051,14.7,66.0,1007.0,False,18.5,11.0,2.2,61
7652,4664050,14.7,64.0,1007.0,False,18.3,18.0,1.8,61
7653,4724047,14.6,64.0,1007.0,False,18.3,19.0,3.7,61
7654,4784054,14.9,65.0,1007.0,False,18.3,12.0,1.6,61
7655,4844048,14.9,64.0,1007.0,False,18.3,25.0,2.2,61
7656,4904045,14.9,65.0,1007.0,False,18.3,2.0,1.6,61
7657,4964048,15.0,64.0,1007.0,False,18.4,9.0,2.2,61
7658,5024045,15.0,63.0,1007.0,False,18.3,347.0,2.7,61
7659,5084046,15.0,64.0,1007.2,False,18.3,94.0,1.8,61
7660,5144050,15.1,65.0,1007.2,False,18.1,358.0,1.3,61
7661,5204064,15.2,62.0,1007.2,False,18.1,10.0,2.7,61
7662,5264064,15.1,62.0,1007.2,False,18.0,353.0,4.0,61
7663,5324077,15.1,62.0,1007.2,False,17.9,9.0,2.2,61
7664,5384081,15.1,61.0,1007.2,False,17.7,354.0,2.7,61
7665,49358,19.1,32.0,1012.7,False,38.9,339.0,3.9,62
7666,109357,19.1,32.0,1012.9,False,38.9,32.0,1.7,62
7667,169347,19.1,33.0,1012.7,False,39.1,16.0,2.2,62
7668,229357,19.1,33.0,1012.9,False,39.2,13.0,3.7,62
7669,289355,19.2,35.0,1012.9,False,39.4,308.0,3.0,62
7670,349354,19.1,34.0,1013.0,False,39.5,5.0,2.7,62
7671,409356,19.0,33.0,1013.0,False,39.1,348.0,3.7,62
7672,469358,19.0,33.0,1013.0,False,39.2,8.0,2.7,62
7673,529355,19.0,33.0,1013.0,False,39.2,2.0,4.0,62
7674,589355,18.8,33.0,1013.0,False,39.1,342.0,2.5,62
7675,649356,18.9,34.0,1012.9,False,39.1,4.0,2.2,62
7676,709356,18.8,32.0,1012.7,False,39.3,354.0,3.5,62
7677,769356,18.9,34.0,1012.7,False,39.6,20.0,2.7,62
7678,829353,19.0,33.0,1012.7,False,39.6,9.0,3.0,62
7679,889356,19.2,34.0,1012.7,False,39.7,6.0,3.4,62
7680,949358,19.3,31.0,1012.7,False,39.7,9.0,3.7,62
7681,1009376,19.3,34.0,1012.7,False,39.6,8.0,3.5,62
7682,1069362,19.4,32.0,1012.9,False,39.7,12.0,2.0,62
7683,1129373,19.3,32.0,1012.7,False,39.7,15.0,4.3,62
7684,1189396,19.3,32.0,1012.7,False,39.8,10.0,4.5,62
7685,1249381,19.2,32.0,1012.7,False,39.7,8.0,4.5,62
7686,1309371,19.2,32.0,1012.9,False,39.6,351.0,4.5,62
7687,1369360,19.1,32.0,1012.7,False,39.6,17.0,2.9,62
7688,1429359,19.2,33.0,1012.7,False,39.5,352.0,2.9,62
7689,1489356,19.4,33.0,1012.7,False,39.6,10.0,3.2,62
7690,1549353,19.4,33.0,1012.7,False,39.7,14.0,2.0,62
7691,1609358,19.4,32.0,1012.7,False,40.0,15.0,3.7,62
7692,1669355,19.4,32.0,1012.5,False,40.2,12.0,4.1,62
7693,1729353,19.3,31.0,1012.7,False,40.3,12.0,2.7,62
7694,1789360,19.6,32.0,1012.7,False,40.5,10.0,3.0,62
7695,1849357,19.7,31.0,1012.7,False,40.5,5.0,2.5,62
7696,1909355,19.8,32.0,1012.7,False,40.6,3.0,2.4,62
7697,1969360,19.8,32.0,1012.7,False,40.6,13.0,2.0,62
7698,2029354,20.0,31.0,1012.7,False,40.6,6.0,3.9,62
7699,2089349,20.0,31.0,1012.7,False,40.7,344.0,4.1,62
7700,2149355,20.0,32.0,1012.7,False,40.7,352.0,3.2,62
7701,2209361,20.0,31.0,1012.7,False,40.8,353.0,2.9,62
7702,2269354,19.9,30.0,1012.9,False,40.9,350.0,4.3,62
7703,2329353,19.7,30.0,1012.7,False,40.9,354.0,4.3,62
7704,2389354,19.6,31.0,1012.7,False,40.5,34.0,2.5,62
7705,2449356,19.6,29.0,1012.7,False,40.6,7.0,3.5,62
7706,2509356,19.7,30.0,1012.7,False,40.7,356.0,3.0,62
7707,2569356,19.8,31.0,1012.7,False,41.2,350.0,3.0,62
7708,2629346,19.8,29.0,1012.7,False,41.2,355.0,2.7,62
7709,2689355,19.8,29.0,1012.7,False,41.2,357.0,2.7,62
7710,2749363,19.7,30.0,1012.7,False,41.0,10.0,5.0,62
7711,2809355,19.7,31.0,1012.7,False,40.8,351.0,2.7,62
7712,2869357,19.9,31.0,1012.7,False,40.8,5.0,3.7,62
7713,2929355,20.0,30.0,1012.7,False,41.4,353.0,4.1,62
7714,2989372,20.1,29.0,1012.7,False,41.4,15.0,3.7,62
7715,3049355,20.0,30.0,1012.5,False,41.4,15.0,4.3,62
7716,3109360,20.1,30.0,1012.5,False,41.4,14.0,3.5,62
7717,3169355,20.1,30.0,1012.5,False,41.3,354.0,3.5,62
7718,3229354,20.0,29.0,1012.5,False,41.3,346.0,2.9,62
7719,3289355,20.0,31.0,1012.5,False,41.4,13.0,2.2,62
7720,3349353,20.2,30.0,1012.5,False,41.5,15.0,2.2,62
7721,3409357,20.3,33.0,1012.5,False,41.5,315.0,1.5,62
7722,3469357,20.3,30.0,1012.5,False,41.3,10.0,2.7,62
7723,3529346,20.2,30.0,1012.5,False,41.4,343.0,3.9,62
7724,3589367,20.2,31.0,1012.5,False,41.2,345.0,4.0,62
7725,3649358,20.1,29.0,1012.4,False,41.2,357.0,3.4,62
7726,3709364,20.0,29.0,1012.5,False,41.4,358.0,4.6,62
7727,3769356,20.2,29.0,1012.5,False,41.7,355.0,3.5,62
7728,3829354,20.5,29.0,1012.5,False,41.7,19.0,3.9,62
7729,3889355,20.5,28.0,1012.5,False,41.8,2.0,4.3,62
7730,3949374,20.5,27.0,1012.4,False,42.0,15.0,4.1,62
7731,4009345,20.6,28.0,1012.5,False,41.8,5.0,4.3,62
7732,4069784,20.7,28.0,1012.5,False,41.8,8.0,4.5,62
7733,4129363,20.6,29.0,1012.5,False,41.2,352.0,3.5,62
7734,4189354,20.6,28.0,1012.5,False,41.3,352.0,4.5,62
7735,4249372,20.7,28.0,1012.5,False,41.2,344.0,4.6,62
7736,4309357,20.6,28.0,1012.5,False,41.2,358.0,2.7,62
7737,4369353,20.5,28.0,1012.2,False,41.2,350.0,2.7,62
7738,4429355,20.7,30.0,1012.2,False,41.6,12.0,4.9,62
7739,4489362,20.8,29.0,1012.4,False,41.6,17.0,4.5,62
7740,4549356,20.9,30.0,1012.4,False,41.5,1.0,4.1,62
7741,4609357,20.9,31.0,1012.2,False,41.5,9.0,4.1,62
7742,4669354,20.9,29.0,1012.4,False,41.8,8.0,3.2,62
7743,4729353,20.9,30.0,1012.2,False,41.7,359.0,3.7,62
7744,4789358,21.0,30.0,1012.2,False,41.7,359.0,3.7,62
7745,4849375,21.2,30.0,1012.2,False,41.7,7.0,4.1,62
7746,4909371,21.3,29.0,1012.5,False,41.7,340.0,3.7,62
7747,4969370,21.2,30.0,1012.5,False,41.6,23.0,2.0,62
7748,5029364,21.3,30.0,1012.4,False,41.6,358.0,2.2,62
7749,5089372,21.4,31.0,1012.4,False,41.6,336.0,2.5,62
7750,5149384,21.4,30.0,1012.2,False,41.9,10.0,2.4,62
7751,5209394,21.4,29.0,1012.4,False,42.0,26.0,2.5,62
7752,5269401,21.3,28.0,1012.2,False,42.1,10.0,3.2,62
7753,5329414,21.3,31.0,1012.4,False,42.2,327.0,2.5,62
7754,5389406,21.3,29.0,1012.2,False,42.5,1.0,2.0,62
7755,5449400,21.3,27.0,1012.4,False,42.1,3.0,4.3,62
7756,5509400,21.2,26.0,1012.5,False,42.2,353.0,4.8,62
7757,5569417,21.0,27.0,1012.4,False,42.1,353.0,5.5,62
7758,5629416,20.9,28.0,1012.2,False,41.7,359.0,4.0,62
7759,5689434,21.0,27.0,1012.2,False,41.7,14.0,5.6,62
7760,5749453,21.1,27.0,1012.4,False,41.8,354.0,4.5,62
7761,5809450,21.1,27.0,1012.4,False,41.8,1.0,4.0,62
7762,5869461,21.2,27.0,1012.2,False,41.8,11.0,3.9,62
7763,5929454,21.4,27.0,1012.4,False,41.7,359.0,3.7,62
7764,5989495,21.4,26.0,1012.2,False,41.9,7.0,4.4,62
7765,6049458,21.2,27.0,1012.2,False,41.9,15.0,4.5,62
7766,6109447,21.1,27.0,1012.2,False,41.9,16.0,4.4,62
7767,6169462,21.2,26.0,1012.2,False,41.9,354.0,4.0,62
7768,6229465,21.2,27.0,1012.2,False,42.0,8.0,4.0,62
7769,6289475,21.2,28.0,1012.0,False,41.9,12.0,4.0,62
7770,6349477,21.3,30.0,1012.0,False,41.9,18.0,4.5,62
7771,6409479,21.3,28.0,1012.2,False,41.9,10.0,4.8,62
7772,6469478,21.5,28.0,1012.2,False,41.9,15.0,4.5,62
7773,6529477,21.6,28.0,1012.2,False,41.8,7.0,3.9,62
7774,6589486,21.6,27.0,1012.2,False,42.0,2.0,4.8,62
7775,6649479,21.6,27.0,1012.2,False,41.8,18.0,5.0,62
7776,6709479,21.6,27.0,1012.2,False,41.8,0.0,4.0,62
7777,6769478,21.6,27.0,1012.2,False,41.9,18.0,3.2,62
7778,6829475,21.7,29.0,1012.2,False,41.9,7.0,2.7,62
7779,6889480,21.7,28.0,1012.2,False,42.0,348.0,2.7,62
7780,6949502,21.8,28.0,1012.2,False,42.0,353.0,2.4,62
7781,7009482,21.9,28.0,1012.2,False,42.1,336.0,3.9,62
7782,7069480,22.0,28.0,1012.2,False,42.1,21.0,3.2,62
7783,7129478,22.0,26.0,1012.2,False,42.4,359.0,4.1,62
7784,7189480,22.0,28.0,1012.2,False,42.4,345.0,3.4,62
7785,7249494,22.1,27.0,1012.2,False,42.4,1.0,2.7,62
7786,7309535,21.9,25.0,1012.2,False,42.4,3.0,3.4,62
7787,7369529,21.8,26.0,1012.0,False,42.4,0.0,4.4,62
7788,7429525,21.8,25.0,1012.2,False,42.2,14.0,3.5,62
7789,7489533,21.9,27.0,1012.2,False,42.0,359.0,3.5,62
7790,7549541,21.8,25.0,1012.2,False,42.2,356.0,3.5,62
7791,7609556,21.8,26.0,1012.2,False,42.2,0.0,5.0,62
7792,7669579,21.7,27.0,1012.2,False,41.9,354.0,4.0,62
7793,7729577,21.7,26.0,1012.0,False,41.8,9.0,5.0,62
7794,7789562,21.8,27.0,1012.2,False,41.8,353.0,5.0,62
7795,7849593,21.8,26.0,1012.2,False,41.8,359.0,4.8,62
7796,7909600,21.7,25.0,1012.2,False,41.8,6.0,5.1,62
7797,7969608,21.7,26.0,1012.2,False,41.7,358.0,4.0,62
7798,8029615,21.8,27.0,1012.2,False,41.7,21.0,2.7,62
7799,8089598,21.9,27.0,1012.2,False,41.8,345.0,2.9,62
7800,8149601,21.9,26.0,1012.2,False,41.9,2.0,2.4,62
7801,8209613,21.8,25.0,1012.2,False,41.8,353.0,4.1,62
7802,8269614,21.6,25.0,1012.2,False,41.7,5.0,4.8,62
7803,8329616,21.8,26.0,1012.0,False,41.7,358.0,3.2,62
7804,8389605,21.7,26.0,1012.0,False,41.7,6.0,4.0,62
7805,8449602,21.8,25.0,1012.0,False,41.7,156.0,3.2,62
7806,8509610,21.9,26.0,1012.0,False,41.7,353.0,2.0,62
7807,8569603,21.9,26.0,1012.2,False,41.9,356.0,2.5,62
7808,8629605,22.0,26.0,1012.0,False,41.9,3.0,3.0,62
7809,8689610,22.1,27.0,1012.2,False,41.9,13.0,3.2,62
7810,8749604,22.1,25.0,1012.0,False,41.9,14.0,3.7,62
7811,8809603,22.1,26.0,1012.0,False,42.2,15.0,4.5,62
7812,8869612,22.2,24.0,1012.0,False,42.2,3.0,4.5,62
7813,8929605,22.2,27.0,1012.0,False,42.1,343.0,4.1,62
7814,8989616,22.1,27.0,1012.2,False,41.6,7.0,1.8,62
7815,9049603,22.1,27.0,1012.0,False,41.6,13.0,2.7,62
7816,9109600,22.2,27.0,1012.2,False,41.9,350.0,3.4,62
7817,9169602,22.1,27.0,1012.0,False,42.1,19.0,2.7,62
7818,9229617,22.0,26.0,1012.0,False,42.1,4.0,4.1,62
7819,9289604,22.0,27.0,1011.9,False,41.6,8.0,4.1,62
7820,9349604,22.1,26.0,1012.0,False,41.8,16.0,4.0,62
7821,9409613,22.1,27.0,1011.9,False,41.8,2.0,3.7,62
7822,9469615,22.3,26.0,1012.0,False,41.8,18.0,4.4,62
7823,9529606,22.3,26.0,1012.2,False,41.8,348.0,5.3,62
7824,9589601,22.3,27.0,1012.0,False,41.6,8.0,3.0,62
7825,9649603,22.3,25.0,1012.0,False,41.6,12.0,2.7,62
7826,9709603,22.3,26.0,1012.0,False,41.6,0.0,3.0,62
7827,46187,17.0,72.0,999.4,False,25.4,248.0,3.7,63
7828,106186,17.0,72.0,999.2,False,25.5,207.0,3.5,63
7829,166187,17.2,72.0,999.4,False,25.5,190.0,3.2,63
7830,226179,17.3,72.0,999.2,False,25.7,244.0,3.2,63
7831,286186,17.2,71.0,999.4,False,25.7,256.0,2.7,63
7832,346188,17.2,71.0,999.4,False,25.7,260.0,3.2,63
7833,406191,16.9,72.0,999.4,False,25.3,251.0,5.0,63
7834,466188,16.9,73.0,999.5,True,24.9,214.0,4.0,63
7835,526188,16.8,75.0,999.5,True,24.9,251.0,4.0,63
7836,586188,16.9,76.0,999.5,True,23.7,244.0,3.7,63
7837,646189,16.8,78.0,999.5,True,22.3,263.0,4.0,63
7838,706190,16.7,80.0,999.5,True,22.1,216.0,4.3,63
7839,766188,16.3,80.0,999.5,True,22.0,243.0,3.9,63
7840,826188,16.1,82.0,999.5,True,21.2,246.0,2.7,63
7841,886188,15.8,82.0,999.5,True,21.1,230.0,2.7,63
7842,946186,15.7,83.0,999.5,True,21.2,205.0,2.7,63
7843,1006193,15.6,84.0,999.5,True,21.2,201.0,2.9,63
7844,1066189,15.5,84.0,999.7,True,20.9,244.0,4.9,63
7845,1126194,15.4,85.0,999.7,True,20.9,219.0,4.0,63
7846,1186188,15.3,85.0,999.7,True,20.5,233.0,2.9,63
7847,1246191,15.0,86.0,999.7,True,20.5,251.0,3.2,63
7848,1306194,14.8,86.0,999.7,True,20.4,245.0,2.7,63
7849,1366198,14.8,87.0,999.7,True,20.3,253.0,2.7,63
7850,1426191,14.7,87.0,999.7,True,20.4,251.0,2.5,63
7851,1486187,14.6,87.0,999.7,False,20.3,221.0,2.7,63
7852,1546189,14.6,87.0,999.7,False,20.4,226.0,2.5,63
7853,1606188,14.5,87.0,999.7,False,20.4,224.0,2.0,63
7854,1666217,14.5,88.0,999.7,False,20.5,249.0,2.2,63
7855,1726189,14.4,88.0,999.7,False,20.5,245.0,2.2,63
7856,1786204,14.4,88.0,999.7,False,20.5,230.0,2.2,63
7857,1846201,14.4,88.0,999.7,False,20.6,232.0,2.0,63
7858,1906198,14.4,88.0,999.7,False,20.5,201.0,1.3,63
7859,1966186,14.5,88.0,999.7,False,20.4,207.0,2.0,63
7860,2026188,14.4,88.0,999.7,False,20.4,202.0,2.4,63
7861,2086201,14.3,88.0,999.7,False,20.4,204.0,2.5,63
7862,2146218,14.3,89.0,999.7,False,20.4,262.0,2.9,63
7863,2206221,14.3,89.0,999.7,True,20.4,216.0,2.5,63
7864,2266227,14.5,89.0,999.9,True,20.4,237.0,1.7,63
7865,2326234,14.5,88.0,999.9,True,20.4,181.0,2.2,63
7866,2386234,14.4,88.0,999.9,True,20.4,238.0,4.1,63
7867,2446247,14.3,89.0,999.9,True,20.3,223.0,3.0,63
7868,2506242,14.4,89.0,999.9,True,20.0,204.0,2.9,63
7869,2566276,14.3,89.0,999.9,True,19.9,208.0,3.2,63
7870,2626236,14.2,89.0,999.9,True,19.7,230.0,2.9,63
7871,2686237,14.3,89.0,999.9,True,19.7,242.0,1.6,63
7872,2746238,14.4,89.0,999.9,True,19.9,199.0,1.7,63
7873,2806232,14.4,89.0,999.7,True,20.0,236.0,3.0,63
7874,2866253,14.4,89.0,999.7,True,20.1,210.0,2.4,63
7875,2926266,14.4,90.0,999.9,True,20.1,231.0,2.2,63
7876,2986257,14.3,89.0,999.7,True,20.0,228.0,3.0,63
7877,3046274,14.3,90.0,999.9,True,20.0,218.0,2.7,63
7878,3106285,14.4,90.0,999.7,True,19.9,202.0,2.9,63
7879,3166295,14.4,90.0,999.9,True,19.9,198.0,3.2,63
7880,3226292,14.4,90.0,999.7,True,19.9,233.0,2.0,63
7881,3286282,14.3,90.0,999.7,True,20.0,208.0,3.0,63
7882,3346296,14.3,90.0,999.7,True,20.1,240.0,2.5,63
7883,3406298,14.3,90.0,999.7,True,20.0,252.0,2.7,63
7884,3466311,14.3,90.0,999.7,True,20.0,181.0,2.7,63
7885,3526322,14.4,90.0,999.7,False,20.1,196.0,3.2,63
7886,3586330,14.4,90.0,999.7,False,20.1,252.0,2.9,63
7887,3646313,14.3,90.0,999.7,False,20.0,245.0,3.0,63
7888,3706329,14.3,91.0,999.9,False,20.0,248.0,2.7,63
7889,3766346,14.2,91.0,999.9,False,19.9,206.0,2.9,63
7890,3826359,14.3,91.0,999.9,False,19.9,193.0,2.0,63
7891,3886362,14.3,90.0,999.9,False,20.0,243.0,3.4,63
7892,3946359,14.3,91.0,999.9,False,20.0,198.0,2.4,63
7893,4006366,14.3,91.0,999.7,True,19.8,199.0,2.7,63
7894,4066366,14.2,91.0,999.9,True,19.8,199.0,1.7,63
7895,4126361,14.2,91.0,999.9,True,19.8,251.0,3.2,63
7896,4186359,14.3,91.0,999.9,True,19.7,245.0,3.0,63
7897,4246358,14.2,91.0,999.9,True,19.5,216.0,2.0,63
7898,4306373,14.2,91.0,999.9,False,19.5,219.0,1.7,63
7899,4366360,14.2,91.0,999.9,True,19.4,242.0,1.2,63
7900,4426369,14.2,91.0,1000.0,True,19.4,198.0,3.0,63
7901,4486388,14.2,91.0,999.9,True,19.4,238.0,3.0,63
7902,4546378,14.2,91.0,999.9,True,19.3,209.0,2.9,63
7903,4606376,14.2,91.0,999.9,True,19.3,201.0,2.7,63
7904,4666375,14.3,91.0,999.9,True,19.4,250.0,3.2,63
7905,4726376,14.2,91.0,999.7,True,19.4,253.0,2.5,63
7906,49810,19.1,55.0,1001.9,False,30.9,227.0,1.2,64
7907,109812,19.0,55.0,1001.9,False,30.6,293.0,1.6,64
7908,169811,19.0,55.0,1001.9,False,30.6,213.0,1.2,64
7909,229811,18.9,55.0,1001.9,False,30.0,206.0,1.2,64
7910,289809,19.0,56.0,1002.0,False,29.9,273.0,1.2,64
7911,349810,19.0,56.0,1001.9,False,29.9,239.0,1.6,64
7912,409811,18.7,58.0,1002.0,False,29.0,0.0,1.2,64
7913,469811,18.7,58.0,1001.9,False,28.8,39.0,0.8,64
7914,529811,18.5,59.0,1002.0,False,28.7,258.0,1.5,64
7915,589809,18.3,60.0,1002.0,True,28.5,272.0,1.5,64
7916,649811,18.3,61.0,1002.0,True,28.5,237.0,0.8,64
7917,709810,18.4,62.0,1002.0,True,28.2,239.0,1.7,64
7918,769811,18.4,61.0,1002.0,True,28.2,240.0,2.2,64
7919,829810,18.3,62.0,1002.0,False,28.3,209.0,2.7,64
7920,889828,18.3,62.0,1002.0,False,28.1,254.0,2.2,64
7921,949825,18.4,62.0,1002.0,False,27.4,277.0,2.0,64
7922,1009824,18.4,61.0,1002.0,False,27.9,264.0,1.1,64
7923,1069842,18.4,62.0,1002.0,True,27.9,255.0,1.2,64
7924,1129858,18.4,62.0,1002.0,True,27.8,264.0,1.2,64
7925,1189865,18.4,61.0,1002.0,False,27.8,317.0,1.2,64
7926,1249857,18.4,61.0,1002.0,False,27.8,89.0,0.6,64
7927,1309862,18.4,60.0,1002.0,False,27.8,250.0,1.0,64
7928,1369864,18.5,59.0,1001.9,True,27.8,221.0,1.2,64
7929,1429856,18.6,60.0,1002.0,True,27.8,172.0,2.7,64
7930,1489845,18.6,59.0,1002.0,False,28.1,259.0,1.1,64
7931,1549857,18.7,58.0,1002.0,False,28.1,268.0,1.2,64
7932,1609857,18.7,59.0,1002.0,False,28.2,243.0,1.0,64
7933,1669858,18.6,57.0,1002.0,False,28.3,216.0,1.6,64
7934,1729880,18.7,56.0,1002.0,False,28.1,232.0,2.7,64
7935,1789904,18.7,55.0,1002.0,False,28.1,226.0,2.2,64
7936,1849906,18.7,55.0,1002.0,False,28.2,259.0,1.5,64
7937,1909921,18.8,56.0,1002.2,False,28.2,275.0,2.7,64
7938,1969920,18.9,55.0,1002.0,False,28.4,155.0,1.6,64
7939,2029940,19.0,56.0,1002.2,False,29.2,91.0,1.5,64
7940,2089940,19.0,59.0,1002.0,False,29.1,89.0,1.8,64
7941,2149951,18.7,61.0,1002.2,False,28.8,187.0,2.4,64
7942,2209937,18.5,63.0,1002.2,False,28.8,140.0,2.5,64
7943,2269936,18.4,64.0,1002.2,False,28.0,87.0,1.7,64
7944,2329940,18.1,64.0,1002.2,False,28.0,119.0,1.0,64
7945,2389936,17.8,64.0,1002.2,False,28.0,119.0,1.0,64
7946,2449976,17.7,64.0,1002.2,True,28.2,187.0,1.7,64
7947,2509937,17.8,64.0,1002.2,False,28.7,102.0,1.7,64
7948,2569937,17.7,65.0,1002.2,False,28.6,68.0,0.6,64
7949,2629938,17.9,63.0,1002.2,False,28.6,105.0,1.7,64
7950,2689945,17.9,64.0,1002.2,False,27.3,104.0,3.0,64
7951,2749938,17.8,65.0,1002.0,False,27.5,129.0,2.0,64
7952,2809935,17.8,65.0,1002.2,False,27.5,127.0,2.5,64
7953,2869961,17.7,65.0,1002.2,False,27.7,344.0,1.7,64
7954,2929955,17.7,64.0,1002.4,False,27.4,270.0,1.2,64
7955,2989968,17.6,64.0,1002.4,False,27.4,270.0,1.2,64
7956,3049979,17.6,64.0,1002.4,False,27.4,253.0,1.7,64
7957,3109989,17.6,63.0,1002.2,False,27.5,142.0,1.7,64
7958,3170022,17.5,64.0,1002.4,False,27.5,208.0,1.2,64
7959,3230030,17.5,62.0,1002.2,False,27.8,200.0,2.2,64
7960,3290043,17.5,64.0,1002.5,False,28.0,219.0,2.2,64
7961,3350047,17.6,63.0,1002.2,False,28.0,203.0,1.1,64
7962,3410049,17.5,63.0,1002.4,False,28.0,207.0,2.7,64
7963,3470049,17.7,64.0,1002.2,False,27.9,266.0,1.2,64
7964,3530064,17.7,63.0,1002.2,False,27.5,206.0,0.8,64
7965,3590062,17.8,62.0,1002.2,False,27.6,141.0,1.1,64
7966,3650070,17.7,63.0,1002.2,False,27.8,205.0,1.2,64
7967,3710069,17.7,63.0,1002.2,False,28.4,79.0,1.7,64
7968,3770107,17.7,63.0,1002.2,False,28.0,98.0,3.4,64
7969,3830102,17.7,64.0,1002.2,False,28.0,80.0,3.9,64
7970,3890090,17.6,65.0,1002.2,False,28.1,35.0,2.7,64
7971,3950094,17.7,65.0,1002.2,False,28.1,236.0,1.5,64
7972,4010087,17.9,64.0,1002.4,False,28.6,269.0,0.6,64
7973,4070085,17.8,64.0,1002.2,False,28.6,149.0,1.2,64
7974,4130089,17.9,64.0,1002.5,False,28.9,245.0,1.5,64
7975,4190104,17.9,63.0,1002.4,False,30.1,173.0,1.0,64
7976,4250093,18.0,62.0,1002.5,False,30.4,10.0,1.8,64
7977,4310083,17.9,62.0,1002.4,False,30.3,153.0,2.2,64
7978,4370097,17.8,63.0,1002.5,False,30.1,289.0,0.8,64
7979,4430091,17.8,62.0,1002.4,False,30.0,319.0,1.1,64
7980,4490106,17.8,62.0,1002.5,False,29.9,189.0,1.0,64
7981,4550149,17.7,62.0,1002.5,False,29.8,256.0,1.3,64
7982,4610099,17.7,62.0,1002.5,False,30.0,24.0,1.2,64
7983,4670084,17.6,62.0,1002.4,False,30.0,243.0,1.2,64
7984,4730083,17.8,63.0,1002.5,False,29.7,312.0,2.0,64
7985,4790103,17.8,62.0,1002.5,False,29.6,73.0,2.5,64
7986,4850106,17.9,62.0,1002.5,False,29.6,93.0,1.7,64
7987,4910086,17.8,63.0,1002.4,False,29.4,126.0,1.7,64
7988,4970098,17.8,63.0,1002.4,False,29.6,115.0,0.8,64
7989,5030090,17.7,63.0,1002.5,False,29.4,342.0,2.2,64
7990,5090098,17.6,63.0,1002.5,False,29.5,173.0,1.7,64
7991,5150105,17.7,64.0,1002.5,False,29.5,94.0,1.6,64
7992,5210082,17.6,64.0,1002.4,False,29.5,106.0,1.8,64
7993,5270102,17.7,64.0,1002.5,False,29.5,157.0,2.5,64
7994,5330102,17.7,64.0,1002.5,False,29.8,116.0,1.7,64
7995,5390100,17.6,63.0,1002.4,False,30.1,101.0,2.5,64
7996,5450113,17.6,64.0,1002.4,False,30.7,81.0,2.2,64
7997,5510109,17.6,64.0,1002.5,False,30.7,109.0,1.2,64
7998,5570123,17.5,64.0,1002.5,False,30.5,206.0,1.2,64
7999,5630135,17.6,64.0,1002.5,False,30.2,163.0,1.1,64
8000,5690150,17.7,63.0,1002.4,False,30.4,93.0,1.5,64
8001,5750145,17.6,62.0,1002.5,False,30.6,22.0,2.2,64
8002,5810155,17.6,61.0,1002.5,False,30.4,0.0,1.8,64
8003,5870171,17.6,62.0,1002.5,False,30.2,242.0,2.5,64
8004,5930201,17.6,62.0,1002.5,False,30.2,178.0,1.3,64
8005,5990187,17.7,62.0,1002.5,False,30.4,247.0,0.8,64
8006,6050193,17.9,61.0,1002.5,False,30.6,137.0,0.8,64
8007,6110185,18.0,61.0,1002.5,False,30.7,0.0,1.0,64
8008,6170232,18.0,60.0,1002.5,False,30.7,250.0,0.6,64
8009,6230214,18.1,59.0,1002.5,False,30.8,65.0,0.8,64
8010,6290234,18.1,59.0,1002.5,False,31.4,86.0,2.4,64
8011,6350235,18.2,59.0,1002.5,False,31.5,94.0,1.7,64
8012,6410251,18.2,59.0,1002.5,False,31.4,94.0,2.4,64
8013,6470271,18.3,60.0,1002.5,False,31.4,45.0,1.2,64
8014,6530285,18.3,60.0,1002.5,False,31.4,92.0,1.6,64
8015,6590281,18.4,60.0,1002.5,False,30.6,121.0,1.5,64
8016,6650279,18.3,60.0,1002.5,False,30.3,28.0,1.2,64
8017,6710280,18.2,61.0,1002.5,False,30.1,102.0,0.8,64
8018,6770299,18.1,60.0,1002.5,False,30.1,43.0,1.5,64
8019,6830312,18.2,60.0,1002.5,False,30.2,125.0,1.6,64
8020,6890310,18.3,59.0,1002.5,False,30.8,180.0,1.0,64
8021,6950312,18.3,59.0,1002.5,False,31.2,271.0,0.6,64
8022,7010314,18.4,58.0,1002.5,False,32.4,277.0,0.6,64
8023,7070314,18.5,58.0,1002.5,False,32.6,305.0,1.1,64
8024,7130312,18.7,58.0,1002.5,False,32.7,155.0,1.1,64
8025,7190313,18.7,57.0,1002.5,False,32.8,93.0,0.8,64
8026,7250310,18.7,56.0,1002.4,False,33.1,43.0,0.6,64
8027,7310311,18.7,57.0,1002.5,False,33.1,101.0,1.2,64
8028,7370311,18.7,55.0,1002.5,False,33.5,303.0,0.6,64
8029,7430310,18.7,55.0,1002.5,False,33.5,122.0,2.0,64
8030,7490322,18.6,55.0,1002.4,False,33.3,103.0,1.5,64
8031,7550322,18.6,56.0,1002.5,False,33.3,344.0,1.1,64
8032,7610313,18.5,55.0,1002.5,False,33.5,0.0,1.7,64
8033,7670314,18.4,55.0,1002.5,False,33.5,29.0,0.4,64
8034,7730312,18.3,56.0,1002.5,False,32.9,34.0,1.5,64
8035,7790314,18.4,56.0,1002.4,False,32.2,52.0,1.8,64
8036,7850313,18.4,57.0,1002.5,False,32.2,118.0,0.8,64
8037,7910314,18.3,57.0,1002.5,False,31.8,162.0,0.6,64
8038,7970312,18.4,57.0,1002.4,False,31.9,29.0,1.6,64
8039,8030324,18.4,57.0,1002.4,False,32.1,251.0,1.8,64
8040,8090315,18.4,55.0,1002.4,False,32.3,250.0,1.5,64
8041,8150312,18.4,56.0,1002.5,False,32.1,255.0,1.5,64
8042,8210324,18.4,54.0,1002.5,False,32.1,95.0,0.6,64
8043,8270358,18.4,54.0,1002.4,False,32.0,54.0,1.2,64
8044,8330330,18.4,56.0,1002.5,False,31.6,104.0,1.8,64
8045,8390330,18.4,56.0,1002.5,False,32.0,239.0,1.7,64
8046,8450329,18.6,56.0,1002.4,False,32.4,197.0,1.3,64
8047,8510327,18.7,55.0,1002.5,False,32.3,140.0,2.0,64
8048,8570353,18.7,55.0,1002.4,False,32.3,124.0,0.8,64
8049,8630375,18.7,56.0,1002.5,False,31.9,244.0,0.8,64
8050,8690376,18.7,55.0,1002.4,False,31.8,258.0,1.3,64
8051,8750375,18.7,55.0,1002.4,False,31.7,239.0,2.0,64
8052,8810404,18.7,56.0,1002.4,False,31.6,151.0,1.0,64
8053,8870411,18.7,55.0,1002.5,False,31.5,184.0,1.0,64
8054,8930406,18.7,55.0,1002.5,False,31.5,69.0,1.0,64
8055,8990406,18.6,56.0,1002.4,False,31.3,85.0,2.0,64
8056,9050406,18.8,57.0,1002.5,False,31.2,52.0,1.2,64
8057,9110407,18.9,56.0,1002.4,False,31.2,252.0,1.3,64
8058,9170415,18.9,54.0,1002.4,False,31.4,299.0,1.6,64
8059,9230410,18.9,55.0,1002.4,False,32.0,0.0,1.1,64
8060,9290405,19.0,56.0,1002.2,False,32.0,263.0,0.8,64
8061,9350422,18.9,56.0,1002.5,False,32.3,0.0,1.6,64
8062,9410440,19.0,56.0,1002.4,False,33.1,232.0,0.4,64
8063,9470445,19.1,54.0,1002.4,False,33.9,0.0,0.8,64
8064,9530439,19.2,53.0,1002.4,False,34.1,242.0,0.8,64
8065,9590455,19.2,54.0,1002.4,False,34.0,193.0,0.8,64
8066,9650441,19.2,55.0,1002.5,False,32.9,249.0,1.8,64
8067,9710439,19.2,55.0,1002.4,False,32.8,74.0,1.6,64
8068,9770441,19.0,55.0,1002.5,False,32.3,101.0,3.5,64
8069,9830439,18.9,57.0,1002.4,False,32.3,71.0,1.0,64
8070,9890439,18.9,58.0,1002.4,False,32.5,209.0,1.6,64
8071,9950439,18.8,57.0,1002.4,False,32.7,74.0,1.0,64
8072,10010442,18.9,57.0,1002.5,False,32.1,111.0,1.5,64
8073,10070450,18.9,58.0,1002.5,False,31.6,254.0,1.7,64
8074,10130441,19.0,57.0,1002.5,False,31.4,253.0,1.2,64
8075,10190454,18.8,57.0,1002.5,False,31.4,218.0,1.8,64
8076,10250455,18.6,58.0,1002.5,False,31.1,229.0,1.7,64
8077,10310444,18.6,58.0,1002.5,False,31.0,282.0,0.6,64
8078,10370447,18.5,58.0,1002.4,False,30.7,70.0,0.8,64
8079,10430441,18.6,58.0,1002.5,False,30.6,242.0,0.6,64
8080,10490446,18.6,58.0,1002.5,False,30.2,170.0,0.8,64
8081,10550439,18.6,59.0,1002.5,False,30.1,43.0,0.8,64
8082,10610441,18.5,58.0,1002.5,False,30.1,273.0,1.1,64
8083,10670442,18.5,59.0,1002.5,False,30.3,100.0,1.0,64
8084,10730440,18.4,59.0,1002.5,False,30.3,106.0,1.7,64
8085,10790453,18.3,59.0,1002.5,False,30.1,151.0,0.0,64
8086,10850454,18.2,60.0,1002.5,False,29.9,145.0,0.6,64
8087,10910457,18.2,60.0,1002.5,False,29.9,36.0,1.7,64
8088,10970454,18.1,60.0,1002.5,False,29.8,98.0,1.7,64
8089,11030455,18.1,61.0,1002.5,False,29.6,34.0,1.7,64
8090,11090455,18.1,61.0,1002.5,False,29.5,103.0,1.7,64
8091,11150470,18.1,62.0,1002.5,False,29.5,0.0,2.0,64
8092,11210474,18.1,62.0,1002.5,False,29.7,105.0,0.8,64
8093,11270474,18.1,62.0,1002.5,False,29.7,86.0,1.7,64
8094,11330477,18.1,62.0,1002.5,False,29.4,95.0,1.5,64
8095,11390486,18.1,62.0,1002.5,False,29.4,100.0,2.7,64
8096,11450491,18.1,63.0,1002.5,False,29.4,344.0,2.0,64
8097,11510501,18.1,63.0,1002.5,False,29.1,155.0,1.2,64
8098,11570531,18.0,63.0,1002.7,False,28.9,196.0,1.2,64
8099,11630531,17.9,63.0,1002.5,False,28.7,104.0,1.1,64
8100,11690532,17.9,61.0,1002.5,False,28.5,97.0,1.3,64
8101,11750531,17.8,61.0,1002.5,False,28.5,142.0,1.7,64
8102,11810551,17.8,61.0,1002.7,False,28.5,182.0,1.2,64
8103,11870534,17.7,61.0,1002.7,False,28.3,0.0,1.7,64
8104,11930530,17.7,61.0,1002.5,False,28.3,131.0,0.6,64
8105,11990523,17.7,61.0,1002.7,False,28.2,87.0,1.5,64
8106,12050533,17.8,61.0,1002.7,False,28.2,162.0,1.8,64
8107,12110643,17.8,60.0,1002.7,False,28.1,186.0,0.6,64
8108,12170536,17.7,60.0,1002.7,False,28.0,12.0,1.1,64
8109,4132,19.3,35.0,946.2,False,37.6,0.0,1.7,65
8110,64139,19.1,36.0,946.2,False,37.7,183.0,1.3,65
8111,124140,19.1,35.0,946.4,False,37.9,265.0,1.7,65
8112,184161,19.1,35.0,946.2,False,38.1,184.0,1.2,65
8113,244140,19.2,35.0,946.4,False,37.9,249.0,0.6,65
8114,304140,19.2,35.0,946.2,False,38.0,118.0,1.2,65
8115,364159,19.3,35.0,946.2,False,38.0,32.0,0.5,65
8116,424173,19.4,34.0,946.4,False,37.8,104.0,1.1,65
8117,484190,19.4,35.0,946.4,False,38.1,45.0,1.5,65
8118,544206,19.4,34.0,946.2,False,38.1,104.0,0.6,65
8119,604228,19.3,34.0,946.2,False,38.1,242.0,0.8,65
8120,664219,19.2,34.0,946.2,False,38.0,107.0,1.6,65
8121,724229,19.1,34.0,946.2,False,37.8,126.0,1.8,65
8122,784221,19.3,33.0,946.2,False,37.8,83.0,2.5,65
8123,844226,19.3,34.0,946.4,False,37.7,255.0,1.6,65
8124,904220,19.2,34.0,946.2,False,37.5,264.0,1.3,65
8125,964218,19.2,34.0,946.2,False,37.5,258.0,1.3,65
8126,1024224,19.2,34.0,946.2,False,37.6,217.0,0.8,65
8127,1084224,19.3,34.0,946.2,False,37.6,151.0,0.8,65
8128,1144222,19.4,34.0,946.4,False,37.7,197.0,2.2,65
8129,1204236,19.4,34.0,946.2,False,37.6,96.0,1.3,65
8130,1264223,19.3,34.0,946.2,False,37.4,0.0,2.0,65
8131,1324244,19.2,34.0,946.2,False,37.4,72.0,1.3,65
8132,1384245,19.3,33.0,946.2,False,37.4,268.0,1.2,65
8133,1444236,19.4,33.0,946.4,False,37.5,98.0,2.4,65
8134,1504253,19.3,34.0,946.4,False,37.3,285.0,1.7,65
8135,1564260,19.3,33.0,946.5,False,37.2,255.0,1.5,65
8136,1624254,19.1,33.0,946.5,False,37.2,208.0,0.6,65
8137,1684262,19.1,33.0,946.5,False,36.9,140.0,0.8,65
8138,1744264,19.1,34.0,946.4,False,36.7,328.0,1.0,65
8139,1804268,19.2,34.0,946.2,False,36.7,345.0,0.6,65
8140,1864266,19.4,33.0,946.4,False,37.0,254.0,0.8,65
8141,1924299,19.5,33.0,946.5,False,37.0,86.0,0.5,65
8142,1984298,19.5,33.0,946.2,False,36.8,101.0,1.3,65
8143,2044313,19.6,33.0,946.2,False,36.8,108.0,1.5,65
8144,2104312,19.4,34.0,946.2,False,36.7,248.0,0.8,65
8145,2164314,19.3,33.0,946.2,False,36.5,267.0,2.7,65
8146,2224314,19.2,34.0,946.4,False,36.4,266.0,2.7,65
8147,2284325,19.0,34.0,946.2,False,36.4,256.0,2.7,65
8148,2344346,19.0,34.0,946.2,False,36.5,222.0,2.5,65
8149,2404345,19.0,35.0,946.2,False,36.5,253.0,1.8,65
8150,2464346,19.0,35.0,946.2,False,36.5,259.0,2.0,65
8151,2524345,19.0,34.0,946.2,False,36.7,246.0,2.0,65
8152,2584351,19.1,34.0,946.2,False,36.6,242.0,1.3,65
8153,2644343,19.0,34.0,946.2,False,36.5,257.0,1.2,65
8154,2704348,19.0,34.0,946.2,False,36.4,37.0,0.6,65
8155,2764346,19.0,34.0,946.2,False,36.2,271.0,2.0,65
8156,2824351,18.9,35.0,946.2,False,36.0,272.0,3.2,65
8157,2884344,18.8,35.0,946.2,False,36.0,254.0,3.5,65
8158,2944347,18.8,35.0,946.2,False,36.0,264.0,1.7,65
8159,3004345,18.9,35.0,946.2,False,36.0,264.0,1.7,65
8160,3064347,18.9,35.0,946.2,False,36.0,279.0,2.0,65
8161,3124352,18.9,35.0,946.2,False,36.0,262.0,2.9,65
8162,3184350,18.9,35.0,946.2,False,36.0,264.0,1.2,65
8163,3244377,18.9,35.0,946.4,False,36.0,106.0,0.5,65
8164,3304369,18.8,34.0,946.4,False,36.2,270.0,0.4,65
8165,3364349,18.9,35.0,946.4,False,36.2,0.0,1.2,65
8166,3424345,19.2,34.0,946.4,False,36.2,93.0,2.0,65
8167,3484344,19.2,34.0,946.4,False,35.7,43.0,1.7,65
8168,3544352,19.4,34.0,946.4,False,35.7,108.0,1.0,65
8169,3604346,19.4,34.0,946.4,False,35.7,85.0,0.8,65
8170,3664347,19.4,34.0,946.4,False,35.6,112.0,0.8,65
8171,3724355,19.3,34.0,946.4,False,35.5,119.0,1.8,65
8172,3784348,19.2,35.0,946.2,False,35.5,99.0,3.2,65
8173,3844348,19.1,35.0,946.4,False,35.5,212.0,1.7,65
8174,3904342,19.1,34.0,946.4,False,35.7,263.0,0.6,65
8175,3964345,19.2,34.0,946.4,False,35.7,244.0,0.6,65
8176,4024376,19.1,33.0,946.5,False,35.7,0.0,1.0,65
8177,4084381,19.0,34.0,946.4,False,35.4,280.0,0.8,65
8178,4144406,19.1,34.0,946.5,False,35.1,208.0,1.2,65
8179,4204409,19.1,34.0,946.5,False,35.1,276.0,1.1,65
8180,4264408,19.0,34.0,946.4,False,35.1,251.0,1.6,65
8181,4324400,18.9,34.0,946.5,False,35.0,258.0,1.1,65
8182,4384415,18.8,34.0,946.4,False,35.1,267.0,2.0,65
8183,4444427,18.7,34.0,946.4,False,35.0,272.0,2.2,65
8184,4504441,18.5,35.0,946.4,False,34.8,271.0,1.5,65
8185,4564445,18.4,35.0,946.5,False,34.6,257.0,2.0,65
8186,4624443,18.5,35.0,946.4,False,34.5,268.0,2.5,65
8187,4684445,18.5,35.0,946.5,False,34.2,270.0,1.8,65
8188,4744440,18.6,36.0,946.4,False,34.1,268.0,1.5,65
8189,4804441,18.6,36.0,946.4,False,34.1,236.0,1.2,65
8190,4864461,18.6,36.0,946.4,False,34.2,256.0,1.2,65
8191,4924440,18.6,35.0,946.4,False,34.2,151.0,1.1,65
8192,4984441,18.5,35.0,946.4,False,34.2,320.0,1.2,65
8193,5044448,18.5,36.0,946.2,False,34.2,269.0,1.3,65
8194,5104444,18.5,35.0,946.4,False,33.9,207.0,2.2,65
8195,5164444,18.5,36.0,946.4,False,33.7,253.0,0.5,65
8196,5224448,18.5,35.0,946.4,False,33.6,290.0,1.6,65
8197,5284463,18.6,35.0,946.4,False,33.4,266.0,1.2,65
8198,5344465,18.6,34.0,946.4,False,33.3,281.0,3.7,65
8199,5404471,18.6,36.0,946.4,False,33.1,293.0,2.2,65
8200,5464472,18.3,36.0,946.4,False,33.1,237.0,2.7,65
8201,5524471,18.3,36.0,946.2,False,33.2,258.0,1.8,65
8202,5584473,18.3,36.0,946.4,False,33.2,194.0,1.1,65
8203,5644475,18.4,35.0,946.4,False,33.2,283.0,0.6,65
8204,5704473,18.5,35.0,946.4,False,33.1,256.0,1.5,65
8205,5764472,18.5,35.0,946.4,False,33.1,160.0,2.4,65
8206,5824473,18.8,36.0,946.2,False,33.1,77.0,1.1,65
8207,5884474,18.8,35.0,946.4,False,32.9,287.0,1.0,65
8208,12661,20.0,36.0,939.5,False,30.2,267.0,1.5,66
8209,72665,19.9,37.0,939.5,False,30.1,258.0,2.0,66
8210,132681,19.8,37.0,939.5,False,29.8,290.0,1.5,66
8211,192697,19.8,37.0,939.5,False,29.7,0.0,1.0,66
8212,252688,19.8,37.0,939.5,False,29.5,244.0,0.0,66
8213,312696,19.7,38.0,939.4,False,29.3,269.0,0.0,66
8214,372695,19.8,38.0,939.5,False,29.4,0.0,0.6,66
8215,432694,19.9,37.0,939.5,False,29.4,307.0,0.8,66
8216,492695,19.8,37.0,939.5,False,29.3,247.0,1.2,66
8217,552695,19.8,38.0,939.5,False,29.3,92.0,1.6,66
8218,612710,19.8,37.0,939.5,False,29.3,203.0,0.6,66
8219,672726,19.8,38.0,939.5,False,29.0,0.0,0.5,66
8220,732741,19.8,37.0,939.5,False,29.0,253.0,0.6,66
8221,792745,19.7,37.0,939.5,False,28.8,0.0,0.0,66
8222,852744,19.7,38.0,939.5,False,28.9,51.0,0.0,66
8223,912746,19.7,38.0,939.5,False,29.0,285.0,0.4,66
8224,972760,19.8,38.0,939.5,False,29.0,260.0,0.5,66
8225,1032777,19.8,38.0,939.5,False,28.9,293.0,1.2,66
8226,1092792,19.7,38.0,939.5,False,28.9,0.0,0.5,66
8227,1152791,19.7,38.0,939.5,False,29.2,27.0,0.5,66
8228,1212789,19.7,38.0,939.5,False,29.7,0.0,0.3,66
8229,1272792,19.9,38.0,939.5,False,30.5,257.0,0.6,66
8230,1332802,19.9,37.0,939.5,False,30.7,98.0,0.6,66
8231,1392794,20.0,38.0,939.5,False,30.5,235.0,0.6,66
8232,1452796,20.2,39.0,939.5,False,30.4,258.0,1.7,66
8233,1512793,20.3,39.0,939.5,False,30.1,0.0,1.7,66
8234,1572792,20.1,40.0,939.5,False,30.1,239.0,0.8,66
8235,1632807,20.1,39.0,939.4,False,29.7,306.0,1.2,66
8236,1692822,20.2,38.0,939.5,False,29.9,266.0,1.5,66
8237,1752827,20.2,37.0,939.5,False,29.7,270.0,1.5,66
8238,1812823,20.1,37.0,939.5,False,29.5,264.0,0.8,66
8239,1872844,20.1,37.0,939.5,False,29.5,266.0,1.3,66
8240,1932820,20.1,37.0,939.5,False,29.6,228.0,2.0,66
8241,1992825,20.0,36.0,939.5,False,29.6,0.0,1.2,66
8242,2052821,20.0,36.0,939.4,False,29.6,234.0,0.4,66
8243,2112821,19.9,37.0,939.5,False,29.6,0.0,0.6,66
8244,2172829,20.0,35.0,939.5,False,29.7,183.0,0.8,66
8245,2232819,19.9,34.0,939.5,False,29.7,0.0,0.0,66
8246,2292819,20.0,35.0,939.5,False,29.7,254.0,0.0,66
8247,2352823,20.0,35.0,939.5,False,29.7,255.0,0.6,66
8248,2412822,20.0,36.0,939.4,False,29.7,293.0,0.6,66
8249,2472821,20.0,36.0,939.5,False,29.9,229.0,0.8,66
8250,2532819,20.0,36.0,939.5,False,29.8,290.0,0.6,66
8251,2592822,20.0,35.0,939.5,False,30.1,216.0,1.1,66
8252,2652821,20.1,35.0,939.4,False,30.2,0.0,0.4,66
8253,2712811,20.0,35.0,939.5,False,30.9,0.0,0.5,66
8254,2772823,20.2,35.0,939.5,False,31.0,354.0,0.5,66
8255,2832826,20.3,34.0,939.5,False,31.0,110.0,0.6,66
8256,2892822,20.3,34.0,939.5,False,30.8,134.0,1.1,66
8257,2952883,20.3,34.0,939.5,False,30.5,296.0,0.6,66
8258,3012828,20.3,35.0,939.5,False,30.6,0.0,0.6,66
8259,3072823,20.4,34.0,939.5,False,30.7,68.0,0.0,66
8260,3132826,20.4,35.0,939.5,False,31.2,94.0,0.0,66
8261,3192822,20.4,35.0,939.7,False,31.2,88.0,1.0,66
8262,3252823,20.5,34.0,939.5,False,31.2,89.0,1.3,66
8263,3312823,20.5,33.0,939.5,False,30.7,0.0,1.1,66
8264,3372835,20.4,34.0,939.5,False,30.2,110.0,0.8,66
8265,3432824,20.3,35.0,939.5,False,30.3,124.0,1.5,66
8266,3492824,20.3,36.0,939.5,False,30.3,104.0,1.7,66
8267,3552822,20.2,36.0,939.5,False,30.3,93.0,1.5,66
8268,3612815,20.2,36.0,939.5,False,30.3,114.0,1.0,66
8269,3672821,20.3,38.0,939.5,False,30.4,121.0,0.8,66
8270,3732820,20.3,37.0,939.7,False,30.3,123.0,1.7,66
8271,3792825,20.3,37.0,939.7,False,30.3,125.0,1.2,66
8272,3852826,20.4,37.0,939.7,False,30.3,102.0,1.8,66
8273,3912813,20.3,36.0,939.7,False,30.3,103.0,1.7,66
8274,3972821,20.4,37.0,939.5,False,30.4,101.0,2.7,66
8275,4032822,20.4,34.0,939.5,False,30.2,109.0,2.7,66
8276,4092835,20.4,34.0,939.7,False,30.2,108.0,2.0,66
8277,4152822,20.4,34.0,939.7,False,29.9,80.0,1.6,66
8278,4212825,20.4,34.0,939.7,False,29.9,107.0,2.7,66
8279,4272822,20.4,35.0,939.7,False,29.4,96.0,2.2,66
8280,4332825,20.3,36.0,939.7,False,29.6,105.0,2.5,66
8281,4392823,20.4,35.0,939.7,False,30.4,95.0,1.7,66
8282,4452823,20.3,35.0,939.7,False,30.8,120.0,2.0,66
8283,4512824,20.5,35.0,939.7,False,30.7,81.0,1.7,66
8284,4572822,20.5,35.0,939.7,False,29.8,80.0,2.0,66
8285,4632825,20.4,35.0,939.7,False,29.8,111.0,2.0,66
8286,4692826,20.4,36.0,939.7,False,29.5,101.0,2.7,66
8287,4752825,20.4,35.0,939.7,False,29.3,99.0,2.7,66
8288,4812834,20.3,36.0,939.7,False,29.1,104.0,2.7,66
8289,4872838,20.1,36.0,939.9,False,29.0,97.0,3.2,66
8290,4932823,20.1,36.0,939.7,False,29.0,103.0,2.2,66
8291,4992827,20.0,37.0,939.9,False,28.8,81.0,2.2,66
8292,5052837,19.8,37.0,939.7,False,28.5,17.0,2.0,66
8293,5112824,19.8,37.0,940.0,False,28.5,104.0,0.6,66
8294,5172823,19.8,37.0,940.0,False,28.8,259.0,0.8,66
8295,5232842,19.8,36.0,940.0,False,28.8,89.0,1.7,66
8296,5292828,19.9,36.0,940.0,False,28.8,0.0,1.0,66
8297,5352823,20.0,36.0,939.9,False,29.3,143.0,0.6,66
8298,5412835,20.1,36.0,940.0,False,29.8,263.0,1.7,66
8299,5472826,20.1,34.0,940.0,False,29.8,324.0,0.6,66
8300,5532828,20.2,35.0,939.9,False,29.4,269.0,1.2,66
8301,5592837,20.2,35.0,940.0,False,29.4,136.0,1.0,66
8302,5652824,20.2,36.0,939.9,False,29.9,92.0,1.2,66
8303,5712826,20.3,35.0,940.0,False,30.4,299.0,1.6,66
8304,5772823,20.4,34.0,940.0,False,30.4,267.0,2.2,66
8305,5832836,20.3,35.0,939.9,False,31.1,167.0,1.2,66
8306,5892826,20.3,34.0,939.9,False,31.6,332.0,1.5,66
8307,5952826,20.3,35.0,939.9,False,31.6,266.0,1.2,66
8308,6012827,20.3,34.0,940.0,False,31.2,282.0,1.5,66
8309,6072828,20.3,35.0,939.9,False,31.2,285.0,2.5,66
8310,6132829,20.4,33.0,939.9,False,31.9,267.0,2.2,66
8311,6192829,20.4,34.0,939.9,False,32.3,318.0,2.2,66
8312,6252825,20.5,34.0,939.9,False,32.9,91.0,1.7,66
8313,6312824,20.7,34.0,939.9,False,33.0,19.0,1.6,66
8314,6372823,20.8,33.0,939.9,False,33.6,329.0,0.8,66
8315,6432826,20.8,33.0,939.9,False,33.6,329.0,0.8,66
8316,6492880,20.8,32.0,939.9,False,33.6,276.0,1.1,66
8317,6552823,20.7,33.0,939.9,False,33.2,327.0,1.6,66
8318,6612856,20.7,32.0,939.9,False,33.2,127.0,1.6,66
8319,6672855,20.7,33.0,939.7,False,33.2,212.0,1.2,66
8320,6732866,20.6,33.0,939.7,False,33.1,299.0,1.0,66
8321,6792863,20.6,34.0,939.9,False,33.5,268.0,1.1,66
8322,6852868,20.7,34.0,939.9,False,33.8,106.0,1.2,66
8323,6912870,20.8,33.0,939.7,False,34.3,114.0,1.6,66
8324,6972896,20.9,33.0,939.7,False,34.3,114.0,1.6,66
8325,7032908,21.0,32.0,939.7,False,34.3,61.0,0.8,66
8326,7092912,21.0,32.0,939.9,False,34.1,269.0,1.1,66
8327,7152927,21.0,33.0,939.9,False,34.1,243.0,1.6,66
8328,7212922,21.1,32.0,939.7,False,34.3,0.0,2.5,66
8329,7272924,20.9,32.0,939.7,False,34.4,177.0,1.3,66
8330,7332952,20.8,33.0,939.9,False,34.4,38.0,0.5,66
8331,7392959,20.8,32.0,939.9,False,34.0,106.0,0.8,66
8332,7452972,20.8,32.0,939.7,False,33.8,57.0,1.2,66
8333,7512970,20.9,33.0,939.9,False,33.8,104.0,1.5,66
8334,7572952,20.9,32.0,939.9,False,32.6,78.0,1.6,66
8335,7632954,20.9,32.0,940.0,False,32.3,91.0,0.8,66
8336,7692957,20.8,32.0,940.0,False,31.9,153.0,1.7,66
8337,7752954,20.6,32.0,940.0,False,31.8,87.0,0.8,66
8338,7812967,20.4,32.0,939.7,False,31.7,330.0,1.2,66
8339,7872958,20.3,33.0,940.0,False,31.8,280.0,1.5,66
8340,7932967,20.3,33.0,940.0,False,31.5,276.0,2.0,66
8341,7992983,20.4,34.0,939.9,False,31.2,317.0,1.6,66
8342,8053003,20.4,34.0,940.0,False,30.9,265.0,0.5,66
8343,8113016,20.2,35.0,939.9,False,30.9,281.0,1.5,66
8344,8173017,20.3,35.0,940.0,False,31.2,107.0,0.6,66
8345,8233029,20.4,35.0,940.0,False,31.1,267.0,1.2,66
8346,8293047,20.4,35.0,940.0,False,30.8,254.0,2.4,66
8347,8353051,20.5,33.0,940.0,False,30.8,65.0,3.9,66
8348,8413048,20.4,34.0,940.0,False,30.6,315.0,1.2,66
8349,8473063,20.2,34.0,940.0,False,30.4,217.0,1.2,66
8350,8533077,20.0,34.0,940.0,False,30.6,93.0,0.6,66
8351,8593082,19.8,34.0,940.0,False,30.6,277.0,1.0,66
8352,8653077,19.9,34.0,940.0,False,30.6,278.0,1.7,66
8353,8713075,19.9,34.0,940.0,False,30.8,324.0,1.0,66
8354,8773078,20.0,34.0,940.0,False,31.4,272.0,2.2,66
8355,8833077,20.1,33.0,940.0,False,31.5,192.0,1.7,66
8356,8893078,20.2,34.0,940.0,False,31.7,52.0,0.8,66
8357,8953076,20.4,33.0,940.0,False,32.3,247.0,0.6,66
8358,9013084,20.7,33.0,939.9,False,32.6,0.0,1.3,66
8359,9073077,20.7,33.0,939.9,False,32.9,66.0,0.3,66
8360,51701,31.0,46.0,968.2,False,56.1,6.0,2.2,67
8361,111700,30.9,46.0,968.0,False,55.5,17.0,1.8,67
8362,171696,31.0,46.0,968.0,False,56.0,347.0,0.8,67
8363,231696,31.2,45.0,968.0,False,56.2,347.0,2.0,67
8364,291695,31.2,45.0,968.0,False,56.1,31.0,2.0,67
8365,351696,31.2,46.0,968.0,False,55.6,60.0,1.8,67
8366,411695,31.2,45.0,968.0,False,56.1,348.0,1.7,67
8367,471694,31.0,46.0,968.0,False,55.9,64.0,2.9,67
8368,531711,30.9,47.0,968.0,False,55.9,68.0,1.7,67
8369,591825,30.9,47.0,968.0,False,55.9,50.0,2.7,67
8370,651696,31.4,47.0,967.9,False,55.9,39.0,2.0,67
8371,711700,31.2,47.0,967.9,False,55.7,51.0,2.5,67
8372,771703,30.6,47.0,967.9,False,55.7,93.0,1.7,67
8373,831698,30.6,47.0,967.9,False,56.3,170.0,1.7,67
8374,891698,30.6,47.0,967.9,False,56.0,231.0,1.6,67
8375,951698,30.7,46.0,967.9,False,55.9,120.0,1.8,67
8376,1011717,30.6,46.0,968.0,False,55.9,52.0,0.8,67
8377,1071710,30.7,45.0,968.0,False,56.1,85.0,1.2,67
8378,1131695,30.7,45.0,967.9,False,56.1,129.0,1.8,67
8379,1191708,30.7,45.0,967.7,False,56.1,104.0,2.0,67
8380,1251700,30.7,45.0,968.0,False,55.7,163.0,1.6,67
8381,1311698,30.7,45.0,968.0,False,55.6,148.0,2.9,67
8382,1371705,30.6,46.0,967.9,False,55.3,117.0,2.7,67
8383,1431696,30.7,46.0,967.7,False,54.7,83.0,3.0,67
8384,1491699,30.8,46.0,967.9,False,54.7,176.0,1.8,67
8385,1551698,30.6,46.0,967.9,False,55.2,77.0,1.8,67
8386,1611700,30.6,47.0,967.9,False,55.6,68.0,2.2,67
8387,1671695,30.6,46.0,967.9,False,55.6,0.0,1.7,67
8388,1731701,30.5,47.0,967.9,False,54.8,120.0,1.7,67
8389,1791698,30.5,46.0,967.9,False,54.8,322.0,2.0,67
8390,1851697,30.6,45.0,967.9,False,54.8,140.0,1.2,67
8391,1911721,30.4,45.0,967.7,False,54.8,93.0,1.6,67
8392,1971700,30.4,44.0,967.7,False,55.1,51.0,1.7,67
8393,2031698,30.6,44.0,967.7,False,55.5,61.0,1.5,67
8394,2091699,30.6,44.0,967.9,False,55.4,29.0,2.0,67
8395,2151699,30.8,43.0,967.7,False,55.4,129.0,2.0,67
8396,2211699,30.8,44.0,967.7,False,55.2,192.0,1.8,67
8397,2271698,30.6,45.0,967.9,False,54.4,133.0,2.0,67
8398,2331699,30.6,44.0,967.9,False,54.4,125.0,2.2,67
8399,2391699,30.5,44.0,967.9,False,55.0,93.0,1.5,67
8400,2451704,30.5,45.0,967.9,False,54.6,223.0,1.2,67
8401,2511696,30.6,44.0,967.7,False,54.3,180.0,1.2,67
8402,2571699,30.7,44.0,967.7,False,54.3,76.0,1.5,67
8403,2631697,30.7,44.0,967.7,False,54.3,89.0,1.7,67
8404,2691696,30.5,44.0,967.7,False,54.8,10.0,2.2,67
8405,2751699,30.7,44.0,967.7,False,55.1,32.0,2.0,67
8406,2811724,30.6,43.0,967.7,False,55.3,140.0,1.5,67
8407,2871701,30.6,43.0,967.9,False,55.0,162.0,1.5,67
8408,2931697,30.4,43.0,967.9,False,54.4,120.0,1.8,67
8409,2991706,30.3,44.0,967.7,False,54.2,151.0,2.9,67
8410,3051705,30.2,45.0,967.7,False,54.2,121.0,3.4,67
8411,3111698,30.1,45.0,967.7,False,53.8,149.0,2.4,67
8412,3171700,30.1,45.0,967.7,False,53.8,160.0,2.7,67
8413,3231700,30.2,45.0,967.7,False,54.3,30.0,2.2,67
8414,3291703,30.2,45.0,967.7,False,54.3,311.0,0.8,67
8415,3351709,30.3,44.0,967.7,False,54.1,30.0,1.5,67
8416,3411716,30.3,43.0,967.7,False,54.5,161.0,2.2,67
8417,3471705,30.3,44.0,967.7,False,54.1,115.0,2.5,67
8418,3531690,30.3,45.0,967.7,False,53.6,168.0,2.2,67
8419,3591701,30.2,44.0,967.7,False,53.6,128.0,2.5,67
8420,3651701,30.0,45.0,967.7,False,53.9,146.0,2.0,67
8421,3711705,30.1,46.0,967.7,False,53.6,103.0,2.0,67
8422,3771702,30.1,45.0,967.7,False,53.7,112.0,1.8,67
8423,3831699,30.3,45.0,967.7,False,53.7,89.0,2.0,67
8424,3891717,30.3,45.0,967.7,False,53.7,244.0,1.6,67
8425,3951701,30.3,45.0,967.5,False,53.7,78.0,1.7,67
8426,4011699,30.1,46.0,967.7,False,53.7,74.0,2.2,67
8427,4071703,30.1,46.0,967.7,False,53.4,125.0,1.5,67
8428,4131699,30.2,46.0,967.7,False,53.7,70.0,1.7,67
8429,4191752,30.3,45.0,967.7,False,54.2,106.0,1.6,67
8430,4251702,30.2,46.0,967.7,False,54.1,302.0,1.5,67
8431,4311700,30.0,46.0,967.7,False,53.6,33.0,1.6,67
8432,4371690,29.8,46.0,967.7,False,53.6,156.0,2.0,67
8433,4431701,29.8,46.0,967.7,False,53.6,73.0,1.5,67
8434,4491704,29.9,46.0,967.7,False,53.6,72.0,1.6,67
8435,4551713,29.9,46.0,967.9,False,53.7,161.0,1.7,67
8436,4611708,29.9,46.0,967.7,False,53.5,141.0,1.6,67
8437,528262,29.7,47.0,968.2,False,43.3,333.0,0.8,68
8438,588259,29.8,48.0,968.2,False,44.4,167.0,1.2,68
8439,648260,30.1,48.0,968.2,False,45.4,183.0,1.2,68
8440,708279,30.1,47.0,968.2,False,45.5,151.0,1.5,68
8441,768281,30.0,48.0,968.2,False,45.3,13.0,1.3,68
8442,828301,30.0,46.0,968.2,False,45.2,342.0,1.6,68
8443,888302,30.1,45.0,968.2,False,45.1,152.0,0.8,68
8444,948306,30.4,44.0,968.2,False,45.4,132.0,1.5,68
8445,1008309,30.3,43.0,968.2,False,45.4,52.0,0.8,68
8446,1068305,30.1,44.0,968.2,False,45.4,60.0,1.2,68
8447,1128306,30.1,45.0,968.2,False,60.3,62.0,0.8,68
8448,1188305,30.5,44.0,968.0,False,66.8,96.0,1.5,68
8449,1248306,30.4,46.0,968.2,False,67.0,0.0,0.8,68
8450,1308322,30.6,42.0,968.2,False,61.2,161.0,1.0,68
8451,1368338,30.7,42.0,968.2,False,60.3,21.0,0.6,68
8452,1428355,30.7,39.0,968.2,False,59.5,48.0,0.5,68
8453,1488354,30.8,40.0,968.2,False,59.7,0.0,1.2,68
8454,1548355,30.7,42.0,968.0,False,56.9,125.0,1.2,68
8455,1608354,30.7,43.0,968.0,False,56.1,44.0,1.3,68
8456,1668366,30.5,42.0,968.2,False,52.8,68.0,0.8,68
8457,1728357,30.3,44.0,968.0,False,55.0,181.0,1.7,68
8458,1788364,30.2,44.0,968.0,False,55.0,135.0,1.8,68
8459,1848353,30.2,45.0,968.2,False,53.0,153.0,2.4,68
8460,1908353,30.1,45.0,968.0,False,53.0,157.0,1.7,68
8461,1968353,30.1,45.0,968.0,False,51.3,153.0,1.8,68
8462,2028354,30.3,46.0,968.2,False,49.4,167.0,2.4,68
8463,2088362,30.3,46.0,968.0,False,47.3,142.0,2.0,68
8464,2148356,30.2,45.0,968.0,False,51.3,66.0,2.0,68
8465,2208369,30.0,43.0,968.2,False,51.3,130.0,1.2,68
8466,2268380,30.3,43.0,968.0,False,54.1,60.0,1.3,68
8467,2328381,30.4,42.0,968.0,False,51.3,22.0,1.1,68
8468,2388370,30.3,43.0,968.0,False,50.9,163.0,1.2,68
8469,2448383,30.4,44.0,968.0,False,50.9,0.0,1.1,68
8470,2508388,30.3,43.0,968.0,False,51.1,122.0,2.0,68
8471,2568390,30.3,44.0,968.0,False,51.1,308.0,1.2,68
8472,2628393,30.4,43.0,968.0,False,52.3,149.0,1.2,68
8473,2688388,30.5,44.0,968.0,False,52.3,150.0,1.3,68
8474,2748388,30.4,45.0,968.0,False,52.8,146.0,3.4,68
8475,2808390,30.3,47.0,968.0,False,52.2,109.0,2.7,68
8476,2868395,30.3,47.0,968.0,False,52.2,27.0,3.0,68
8477,2928390,30.3,47.0,968.0,False,52.2,38.0,1.7,68
8478,2988389,30.3,46.0,968.0,False,52.2,165.0,1.8,68
8479,3048395,30.3,47.0,967.9,False,52.8,165.0,1.7,68
8480,3108394,30.4,47.0,968.0,False,54.1,113.0,2.7,68
8481,3168390,30.4,45.0,968.0,False,54.4,147.0,2.4,68
8482,3228387,30.3,45.0,968.0,False,54.0,130.0,2.4,68
8483,3288393,30.3,46.0,968.0,False,54.0,8.0,2.2,68
8484,3348391,30.4,47.0,968.0,False,53.4,153.0,1.7,68
8485,3408390,30.6,46.0,967.9,False,54.1,154.0,2.2,68
8486,3468391,30.6,46.0,968.0,False,54.1,136.0,4.0,68
8487,3528391,30.6,47.0,968.0,False,54.1,166.0,2.5,68
8488,3588390,30.5,47.0,968.0,False,53.8,61.0,2.5,68
8489,3648392,30.4,47.0,967.9,False,54.6,152.0,2.2,68
8490,3708391,30.3,47.0,968.0,False,54.6,147.0,2.0,68
8491,3768389,30.3,46.0,968.0,False,55.5,161.0,2.7,68
8492,3828407,30.1,46.0,967.9,False,55.4,158.0,2.9,68
8493,3888391,30.1,47.0,968.0,False,54.8,131.0,2.2,68
8494,3948391,30.1,47.0,967.9,False,55.0,141.0,2.0,68
8495,4008404,30.2,47.0,968.0,False,55.0,110.0,2.0,68
8496,4068389,30.3,47.0,968.0,False,55.1,165.0,2.5,68
8497,4128394,30.4,46.0,967.9,False,55.3,120.0,3.5,68
8498,4188406,30.4,47.0,968.0,False,55.2,154.0,2.4,68
8499,4248432,30.4,47.0,968.0,False,54.9,110.0,3.0,68
8500,4308412,30.3,48.0,968.0,False,54.9,97.0,3.5,68
8501,4368415,30.2,47.0,967.9,False,54.9,152.0,2.2,68
8502,4428437,30.1,47.0,968.0,False,55.4,139.0,2.7,68
8503,4488448,30.1,48.0,968.0,False,55.7,140.0,2.2,68
8504,4548436,30.2,48.0,967.9,False,55.5,164.0,3.5,68
8505,4608435,30.2,48.0,967.9,False,55.5,147.0,2.9,68
8506,4668438,30.3,47.0,967.9,False,55.5,165.0,1.6,68
8507,4728435,30.3,47.0,968.0,False,55.9,149.0,2.4,68
8508,4788467,30.5,47.0,967.9,False,55.9,143.0,3.0,68
8509,4848457,30.5,48.0,968.0,False,55.9,103.0,1.8,68
8510,4908456,30.5,48.0,967.9,False,55.6,73.0,1.7,68
8511,4968475,30.5,48.0,967.9,False,55.6,153.0,2.5,68
8512,5028484,30.4,47.0,967.7,False,55.6,154.0,1.7,68
8513,5088503,30.6,46.0,967.9,False,56.5,148.0,1.3,68
8514,5148506,30.6,46.0,967.9,False,56.2,129.0,2.0,68
8515,5208521,30.4,47.0,967.9,False,56.2,26.0,1.7,68
8516,5268514,30.5,47.0,967.9,False,55.8,160.0,2.0,68
8517,5328520,30.4,48.0,967.7,False,55.8,152.0,2.7,68
8518,5388518,30.2,48.0,967.7,False,55.6,101.0,2.7,68
8519,5448532,30.1,49.0,967.9,False,55.4,143.0,3.7,68
8520,5508519,30.1,50.0,967.9,False,55.4,119.0,2.9,68
8521,5568516,30.0,50.0,967.9,False,55.7,152.0,2.9,68
8522,5628516,29.9,51.0,967.7,False,55.8,150.0,2.9,68
8523,5688519,29.9,51.0,967.9,False,56.1,33.0,2.0,68
8524,5748517,29.9,51.0,967.9,False,56.7,101.0,2.2,68
8525,5808514,29.9,51.0,967.9,False,57.1,178.0,1.8,68
8526,5868515,30.1,50.0,967.7,False,57.5,130.0,1.3,68
8527,5928514,30.1,49.0,967.7,False,57.2,120.0,2.9,68
8528,5988517,30.1,49.0,967.9,False,56.3,44.0,1.8,68
8529,6048515,30.2,48.0,967.7,False,55.9,103.0,1.5,68
8530,6108523,30.4,48.0,967.7,False,55.9,66.0,2.2,68
8531,6168516,30.4,49.0,967.7,False,56.3,55.0,1.6,68
8532,6228515,30.3,49.0,967.7,False,56.1,13.0,2.0,68
8533,6288519,30.3,49.0,967.7,False,56.7,0.0,1.0,68
8534,6348517,30.1,48.0,967.9,False,56.2,88.0,1.0,68
8535,6408518,30.2,48.0,967.7,False,56.2,101.0,2.2,68
8536,6468519,30.1,49.0,967.7,False,56.0,99.0,2.2,68
8537,6528516,30.0,49.0,967.7,False,56.0,155.0,2.0,68
8538,6588517,30.0,49.0,967.7,False,55.2,172.0,2.0,68
8539,6648517,30.0,50.0,967.7,False,55.1,134.0,1.7,68
8540,6708520,30.1,50.0,967.7,False,55.0,83.0,2.0,68
8541,6768520,30.0,51.0,967.7,False,55.0,73.0,3.2,68
8542,6828517,29.9,51.0,967.7,False,55.1,108.0,2.2,68
8543,6888517,29.9,52.0,967.7,False,55.6,201.0,1.8,68
8544,6948518,29.9,52.0,967.7,False,55.6,124.0,2.0,68
8545,7008520,29.8,51.0,967.7,False,56.4,109.0,2.9,68
8546,7068519,29.8,52.0,967.7,False,56.4,88.0,1.8,68
8547,7128520,29.7,52.0,967.7,False,56.4,132.0,2.5,68
8548,7188517,29.6,52.0,967.7,False,56.1,80.0,2.5,68
8549,7248518,29.5,54.0,967.7,False,55.7,89.0,2.7,68
8550,7308521,29.6,55.0,967.5,False,55.6,21.0,2.0,68
8551,7368523,29.9,55.0,967.7,False,55.6,147.0,1.8,68
8552,7428518,29.9,54.0,967.7,False,56.8,49.0,2.0,68
8553,7488540,29.9,54.0,967.7,False,56.9,67.0,1.2,68
8554,7548539,29.8,54.0,967.7,False,56.3,249.0,1.6,68
8555,7608538,29.8,54.0,967.5,False,55.9,63.0,1.2,68
8556,7668549,29.7,54.0,967.7,False,55.9,110.0,0.8,68
8557,7728562,29.7,54.0,967.7,False,55.9,100.0,1.6,68
8558,7788575,29.6,54.0,967.7,False,55.9,285.0,0.8,68
8559,7848564,29.6,54.0,967.7,False,56.1,130.0,1.3,68
8560,7908566,29.5,54.0,967.5,False,55.2,151.0,2.2,68
8561,7968591,29.4,54.0,967.5,False,55.8,101.0,1.3,68
8562,8028614,29.3,54.0,967.7,False,55.9,85.0,2.2,68
8563,8088612,29.3,54.0,967.5,False,55.9,42.0,2.5,68
8564,8148684,29.1,55.0,967.7,False,55.9,50.0,1.8,68
8565,38148,21.9,76.0,984.0,False,27.4,282.0,3.4,69
8566,98150,21.9,76.0,984.2,False,27.3,279.0,3.0,69
8567,158162,21.9,76.0,984.0,False,27.2,280.0,2.7,69
8568,218148,21.8,76.0,984.2,False,26.8,280.0,3.0,69
8569,278152,21.8,77.0,984.2,False,26.7,281.0,2.2,69
8570,338149,21.8,76.0,984.2,False,26.7,272.0,2.4,69
8571,398162,21.8,77.0,984.0,False,26.5,273.0,2.2,69
8572,458148,21.8,77.0,984.0,False,26.5,274.0,2.5,69
8573,518148,21.8,77.0,984.2,False,26.7,280.0,1.6,69
8574,578152,21.8,77.0,984.2,False,26.7,277.0,2.2,69
8575,638151,21.8,77.0,984.2,False,27.2,272.0,2.0,69
8576,698168,21.8,77.0,984.2,False,27.3,281.0,1.7,69
8577,758165,21.8,77.0,984.2,False,27.7,284.0,2.0,69
8578,818184,21.8,76.0,984.4,False,28.1,270.0,2.2,69
8579,878223,21.7,77.0,984.2,False,28.5,268.0,2.0,69
8580,938191,21.8,76.0,984.2,False,28.5,279.0,2.0,69
8581,998197,22.0,74.0,984.2,False,30.1,285.0,2.2,69
8582,1058200,22.1,72.0,984.2,False,30.4,280.0,3.0,69
8583,1118196,22.3,72.0,984.2,False,30.4,262.0,1.7,69
8584,1178202,22.4,71.0,984.4,False,30.6,286.0,1.3,69
8585,1238222,22.6,70.0,984.2,False,30.6,278.0,3.0,69
8586,1298227,22.7,68.0,984.2,False,30.6,278.0,2.7,69
8587,1358543,22.7,68.0,984.2,False,30.0,297.0,3.0,69
8588,1418243,22.7,68.0,984.2,False,30.0,282.0,2.2,69
8589,1478259,22.8,68.0,984.2,False,30.7,276.0,3.5,69
8590,1538276,22.8,68.0,984.4,False,30.5,284.0,3.0,69
8591,1598275,22.8,69.0,984.4,False,30.7,266.0,2.0,69
8592,1658286,22.8,69.0,984.4,False,30.9,263.0,1.0,69
8593,1718280,22.8,68.0,984.2,False,31.2,291.0,1.1,69
8594,1778274,22.8,68.0,984.4,False,31.2,286.0,2.7,69
8595,1838276,22.8,68.0,984.4,False,31.0,281.0,2.5,69
8596,1898278,22.6,69.0,984.4,False,30.4,296.0,2.5,69
8597,1958276,22.6,69.0,984.5,False,30.4,281.0,2.9,69
8598,2018275,22.5,69.0,984.4,False,30.6,289.0,2.2,69
8599,2078319,22.5,69.0,984.4,False,30.2,319.0,2.2,69
8600,2138276,22.5,69.0,984.5,False,30.3,301.0,2.2,69
8601,2198276,22.5,69.0,984.4,False,30.3,281.0,2.4,69
8602,2258280,22.5,68.0,984.4,False,30.2,288.0,2.9,69
8603,2318276,22.4,68.0,984.4,False,29.7,296.0,3.5,69
8604,2378281,22.2,69.0,984.5,False,29.6,281.0,3.0,69
8605,2438276,22.2,69.0,984.5,False,29.3,282.0,3.0,69
8606,2498278,22.2,69.0,984.5,False,29.3,289.0,3.7,69
8607,2558275,22.1,70.0,984.5,False,29.2,281.0,3.2,69
8608,2618278,22.0,70.0,984.5,False,29.0,285.0,2.7,69
8609,2678277,22.1,69.0,984.4,False,29.4,275.0,3.5,69
8610,2738275,22.1,70.0,984.5,False,29.7,253.0,2.2,69
8611,2798281,22.1,70.0,984.5,False,30.1,283.0,1.7,69
8612,2858274,22.1,70.0,984.4,False,30.1,285.0,2.5,69
8613,2918280,22.1,70.0,984.5,False,30.3,282.0,1.7,69
8614,2978275,22.1,70.0,984.4,False,30.4,285.0,3.2,69
8615,3038277,22.0,70.0,984.5,False,29.7,295.0,4.0,69
8616,3098282,21.9,71.0,984.5,False,29.7,292.0,3.0,69
8617,3158292,22.0,71.0,984.5,False,29.8,287.0,3.0,69
8618,3218312,22.0,71.0,984.5,False,29.6,286.0,3.2,69
8619,3278325,21.9,72.0,984.5,False,29.6,292.0,2.9,69
8620,3338324,22.0,71.0,984.4,False,29.9,282.0,3.9,69
8621,3398370,22.0,71.0,984.4,False,30.0,293.0,3.2,69
8622,3458343,22.0,71.0,984.5,False,30.4,285.0,3.2,69
8623,3518347,22.0,70.0,984.5,False,30.9,283.0,3.2,69
8624,3578345,22.0,70.0,984.4,False,30.9,293.0,3.7,69
8625,3638364,22.0,70.0,984.4,False,30.9,292.0,3.5,69
8626,3698374,22.2,71.0,984.4,False,30.9,280.0,3.4,69
8627,3758388,22.3,70.0,984.4,False,30.9,283.0,3.5,69
8628,3818386,22.3,70.0,984.4,False,31.1,298.0,3.7,69
8629,3878386,22.2,70.0,984.4,False,31.0,285.0,3.0,69
8630,3938414,22.2,71.0,984.4,False,30.8,298.0,3.0,69
8631,3998404,22.2,71.0,984.4,False,30.7,282.0,3.4,69
8632,4058408,22.2,71.0,984.4,False,30.8,297.0,3.0,69
8633,4118420,22.2,70.0,984.4,False,31.3,272.0,3.2,69
8634,4178435,22.2,70.0,984.4,False,31.4,292.0,2.4,69
8635,4238449,22.2,69.0,984.4,False,31.3,283.0,3.2,69
8636,4298454,22.2,69.0,984.4,False,31.2,289.0,2.2,69
8637,4358452,22.2,69.0,984.2,False,31.2,290.0,3.0,69
8638,4418452,22.3,69.0,984.2,False,31.3,289.0,3.2,69
8639,4478452,22.3,69.0,984.2,False,31.3,272.0,3.2,69
8640,4538465,22.4,69.0,984.2,False,31.3,278.0,3.0,69
8641,4598450,22.4,69.0,984.2,False,31.7,296.0,3.0,69
8642,4658734,22.5,68.0,984.4,False,32.0,286.0,3.0,69
8643,5534,19.0,68.0,985.2,False,27.8,280.0,3.4,70
8644,65528,19.0,68.0,985.2,False,27.9,281.0,2.7,70
8645,125553,19.1,68.0,985.2,False,27.9,292.0,3.7,70
8646,185553,19.1,68.0,985.2,False,28.1,296.0,4.5,70
8647,245566,19.1,68.0,985.2,False,28.3,283.0,4.0,70
8648,305558,19.2,67.0,985.2,False,28.5,293.0,4.0,70
8649,365604,19.2,68.0,985.2,False,28.0,279.0,3.0,70
8650,425568,19.2,68.0,985.2,False,27.3,284.0,3.5,70
8651,485568,19.3,67.0,985.4,False,26.7,284.0,3.5,70
8652,545568,19.3,67.0,985.4,False,26.2,295.0,4.1,70
8653,605585,19.3,67.0,985.2,False,26.2,292.0,4.3,70
8654,665586,19.3,67.0,985.4,False,25.8,282.0,3.5,70
8655,725584,19.2,67.0,985.4,False,25.6,288.0,3.9,70
8656,785601,19.2,67.0,985.2,False,25.6,287.0,4.3,70
8657,845615,19.2,67.0,985.4,False,25.6,276.0,3.7,70
8658,905618,19.3,68.0,985.4,False,26.3,287.0,4.0,70
8659,965626,19.3,68.0,985.5,False,26.8,288.0,3.7,70
8660,1025637,19.2,67.0,985.4,False,27.2,282.0,3.0,70
8661,1085651,19.3,67.0,985.4,False,27.7,283.0,4.4,70
8662,1145652,19.2,68.0,985.5,False,26.9,284.0,4.9,70
8663,1205649,19.1,67.0,985.5,False,26.9,295.0,4.0,70
8664,1265649,19.1,68.0,985.5,False,27.2,289.0,3.4,70
8665,1325647,19.1,67.0,985.4,False,28.4,298.0,4.3,70
8666,1385658,19.2,67.0,985.5,False,28.4,274.0,4.0,70
8667,1445659,19.2,67.0,985.4,False,27.6,281.0,3.9,70
8668,1505657,19.2,67.0,985.4,False,27.5,293.0,3.0,70
8669,1565647,19.2,67.0,985.5,False,27.1,304.0,4.0,70
8670,1625661,19.2,67.0,985.4,False,26.7,290.0,4.0,70
8671,1685655,19.3,68.0,985.5,False,27.4,279.0,4.5,70
8672,1745648,19.3,67.0,985.4,False,27.9,291.0,3.7,70
8673,1805648,19.2,67.0,985.5,False,28.7,277.0,3.9,70
8674,1865650,19.3,67.0,985.5,False,29.1,294.0,4.0,70
8675,1925659,19.3,66.0,985.4,False,29.2,282.0,4.4,70
8676,1985675,19.3,67.0,985.4,False,29.3,283.0,4.0,70
8677,2045656,19.2,67.0,985.5,False,29.3,263.0,4.0,70
8678,2105649,19.2,66.0,985.4,False,29.3,274.0,3.0,70
8679,2165647,19.3,66.0,985.5,False,28.5,285.0,3.5,70
8680,2225647,19.3,66.0,985.4,False,28.5,286.0,3.9,70
8681,2285645,19.4,66.0,985.2,False,28.1,294.0,3.7,70
8682,2345668,19.3,66.0,985.5,False,28.5,279.0,3.5,70
8683,2405651,19.3,66.0,985.4,False,28.5,287.0,4.0,70
8684,2465646,19.2,67.0,985.4,False,28.4,286.0,3.5,70
8685,2525650,19.2,67.0,985.2,False,27.8,277.0,3.5,70
8686,2585648,19.1,67.0,985.2,False,27.8,297.0,2.5,70
8687,2645649,19.0,67.0,985.4,False,27.8,293.0,3.7,70
8688,2705649,19.0,68.0,985.4,False,28.5,273.0,3.2,70
8689,2765646,18.9,68.0,985.4,False,27.6,297.0,3.0,70
8690,2825652,19.0,68.0,985.5,False,27.4,274.0,3.4,70
8691,2885643,18.9,68.0,985.5,False,27.0,286.0,3.4,70
8692,2945647,18.9,68.0,985.5,True,27.6,286.0,3.7,70
8693,3005647,18.9,68.0,985.5,True,27.6,291.0,3.2,70
8694,3065647,18.9,68.0,985.5,False,27.4,290.0,3.7,70
8695,3125646,18.8,69.0,985.5,True,26.3,291.0,3.5,70
8696,3185647,18.7,68.0,985.5,True,26.3,276.0,3.9,70
8697,3245655,18.7,68.0,985.5,True,26.5,289.0,4.0,70
8698,3305648,18.6,68.0,985.5,True,26.5,291.0,4.6,70
8699,3365646,18.6,68.0,985.5,True,27.1,289.0,3.7,70
8700,3425648,18.6,68.0,985.5,True,26.7,287.0,3.5,70
8701,3485654,18.6,69.0,985.5,True,26.5,280.0,4.4,70
8702,3545666,18.7,69.0,985.5,True,26.5,279.0,4.0,70
8703,3605659,18.6,70.0,985.5,True,26.5,281.0,4.0,70
8704,3665646,18.6,70.0,985.7,True,26.5,293.0,4.9,70
8705,3725655,18.6,69.0,985.5,True,26.5,284.0,3.7,70
8706,3785645,18.4,70.0,985.7,True,26.4,289.0,5.0,70
8707,3845648,18.4,70.0,985.7,True,26.5,286.0,4.5,70
8708,3905650,18.4,70.0,985.5,True,26.5,281.0,4.1,70
8709,3965658,18.4,70.0,985.5,False,26.7,277.0,3.9,70
8710,4025650,18.4,70.0,985.5,False,26.7,299.0,3.2,70
8711,4085648,18.4,70.0,985.5,True,26.5,284.0,4.0,70
8712,4145646,18.6,71.0,985.5,True,26.5,290.0,3.5,70
8713,4205652,18.6,70.0,985.5,False,26.7,297.0,3.5,70
8714,4265647,18.6,71.0,985.5,False,26.5,291.0,4.4,70
8715,4325657,18.6,71.0,985.5,False,26.5,281.0,3.2,70
8716,4385648,18.5,71.0,985.5,False,26.6,284.0,3.9,70
8717,4445676,18.5,71.0,985.5,False,26.6,312.0,4.4,70
8718,4505656,18.5,71.0,985.5,False,26.5,296.0,3.2,70
8719,4565648,18.5,71.0,985.5,False,26.7,280.0,3.5,70
8720,4625656,18.5,71.0,985.5,False,26.8,288.0,3.7,70
8721,4685648,18.5,71.0,985.5,False,26.8,285.0,4.1,70
8722,4745650,18.5,71.0,985.5,False,26.9,289.0,3.9,70
8723,4805655,18.5,71.0,985.5,False,26.9,282.0,4.5,70
8724,4865648,18.5,71.0,985.5,False,26.9,282.0,4.4,70
8725,4925648,18.4,72.0,985.5,False,26.9,277.0,3.9,70
8726,4985649,18.4,71.0,985.5,False,26.9,267.0,2.5,70
8727,5045655,18.4,71.0,985.5,False,27.2,282.0,3.5,70
8728,5105698,18.4,70.0,985.5,False,27.2,291.0,3.2,70
8729,5165646,18.4,70.0,985.5,False,27.2,285.0,4.5,70
8730,5225675,18.4,70.0,985.7,False,27.6,292.0,4.8,70
8731,5285660,18.4,71.0,985.5,False,27.6,287.0,4.5,70
8732,5345658,18.4,70.0,985.7,False,27.6,281.0,4.4,70
8733,5405648,18.5,70.0,985.7,False,27.3,280.0,5.3,70
8734,5465655,18.5,70.0,985.5,False,27.5,283.0,4.3,70
8735,5525647,18.5,70.0,985.5,False,27.5,279.0,4.0,70
8736,5585668,18.5,70.0,985.5,False,27.6,290.0,5.0,70
8737,5645674,18.5,70.0,985.5,False,27.7,293.0,4.4,70
8738,5705682,18.5,70.0,985.5,False,27.8,291.0,3.5,70
8739,5765696,18.4,70.0,985.5,False,27.8,277.0,3.2,70
8740,5825699,18.5,70.0,985.5,False,28.0,271.0,4.6,70
8741,5885730,18.5,70.0,985.5,False,28.1,285.0,4.1,70
8742,5945725,18.5,70.0,985.5,False,28.2,282.0,3.5,70
8743,6005738,18.5,70.0,985.5,False,28.3,277.0,3.4,70
8744,6065742,18.5,70.0,985.5,False,28.5,294.0,3.5,70
8745,6125741,18.6,70.0,985.5,False,28.5,285.0,3.7,70
8746,6185744,18.6,70.0,985.5,False,28.5,291.0,4.0,70
8747,6245743,18.6,69.0,985.4,False,28.5,274.0,4.8,70
8748,6305762,18.4,70.0,985.5,False,28.5,290.0,3.9,70
8749,6365771,18.3,70.0,985.5,False,28.0,293.0,5.3,70
8750,6425775,18.4,70.0,985.5,False,28.0,277.0,5.0,70
8751,6485774,18.4,71.0,985.5,False,27.7,266.0,5.8,70
8752,6545773,18.4,71.0,985.7,False,27.6,294.0,4.0,70
8753,6605773,18.3,71.0,985.5,False,27.6,285.0,3.9,70
8754,6665774,18.3,70.0,985.5,False,27.3,282.0,4.4,70
8755,6725773,18.3,71.0,985.7,False,26.8,276.0,4.5,70
8756,6785777,18.2,71.0,985.5,False,26.8,279.0,3.4,70
8757,6845772,18.2,71.0,985.7,False,26.9,282.0,3.9,70
8758,6905777,18.2,71.0,985.7,False,26.7,287.0,4.1,70
8759,6965774,18.1,72.0,985.7,False,26.8,290.0,2.7,70
8760,7025781,18.0,71.0,985.7,False,26.4,270.0,5.5,70
8761,7085775,18.0,72.0,985.7,False,26.5,293.0,3.4,70
8762,7145774,18.1,71.0,985.7,False,26.5,284.0,5.0,70
8763,7205774,18.0,72.0,985.7,False,26.5,286.0,3.7,70
8764,7265780,18.0,71.0,985.7,False,26.4,289.0,5.1,70
8765,7325794,17.9,71.0,985.5,False,26.4,288.0,4.5,70
8766,7385775,18.0,71.0,985.7,False,26.1,287.0,4.8,70
8767,7445777,17.9,71.0,985.7,False,26.2,284.0,4.5,70
8768,7505776,18.0,71.0,985.7,False,26.0,275.0,4.6,70
8769,7565781,18.0,72.0,985.7,False,26.1,286.0,3.9,70
8770,7625785,18.0,71.0,985.7,False,26.1,285.0,3.7,70
8771,7685776,18.0,72.0,985.7,False,26.1,292.0,3.5,70
8772,7745775,18.1,71.0,985.7,False,26.1,296.0,3.7,70
8773,7805774,18.1,70.0,985.7,True,26.1,289.0,4.6,70
8774,7865773,18.1,71.0,985.7,False,26.1,291.0,4.3,70
8775,7925779,18.1,71.0,985.7,False,25.7,290.0,4.1,70
8776,7985773,18.1,71.0,985.7,False,25.8,281.0,3.9,70
8777,8045774,18.1,70.0,985.7,True,25.8,289.0,3.7,70
8778,8105775,18.2,70.0,985.7,True,25.9,286.0,4.5,70
8779,8165810,18.1,70.0,985.7,False,25.8,293.0,5.0,70
8780,8225777,18.1,70.0,985.9,False,25.6,291.0,5.0,70
8781,8285794,18.1,70.0,985.7,False,25.5,280.0,4.5,70
8782,8345776,18.1,70.0,985.7,False,25.5,283.0,5.4,70
8783,8405781,18.0,69.0,985.7,False,25.5,283.0,4.8,70
8784,8465825,18.0,70.0,985.9,True,25.2,288.0,4.1,70
8785,8525771,18.0,69.0,985.9,True,25.2,294.0,5.6,70
8786,8585774,18.0,70.0,985.9,True,25.1,279.0,4.4,70
8787,8645774,18.0,70.0,985.9,True,25.1,284.0,3.5,70
8788,8705774,18.1,69.0,985.7,True,24.8,288.0,4.1,70
8789,8765773,18.1,70.0,986.0,True,24.8,283.0,4.5,70
8790,8825770,18.1,70.0,985.9,True,24.8,291.0,5.4,70
8791,8885774,18.0,70.0,985.9,True,24.8,282.0,4.8,70
8792,8945773,18.0,70.0,986.0,True,24.7,287.0,5.0,70
8793,9005778,18.0,70.0,985.9,True,24.6,285.0,5.0,70
8794,9065778,18.0,70.0,986.0,True,24.6,281.0,4.8,70
8795,9125774,18.0,70.0,986.0,True,24.6,304.0,3.7,70
8796,9185765,18.1,70.0,986.0,True,24.7,287.0,3.4,70
8797,9245775,18.1,69.0,986.0,True,24.7,274.0,3.7,70
8798,9305775,18.1,70.0,986.0,True,24.7,289.0,3.2,70
8799,9365778,18.1,70.0,986.0,True,24.7,281.0,2.5,70
8800,9425775,18.1,69.0,986.2,False,24.7,272.0,4.5,70
8801,9485776,18.1,69.0,986.2,True,24.4,278.0,4.5,70
8802,9545778,18.1,70.0,986.0,True,24.3,286.0,4.9,70
8803,9605776,18.1,70.0,986.0,True,24.2,284.0,4.5,70
8804,9665773,18.0,70.0,986.0,True,23.9,283.0,4.5,70
8805,9725772,18.0,70.0,986.0,True,23.7,253.0,4.8,70
8806,9785774,17.9,71.0,986.2,True,23.5,275.0,3.7,70
8807,9845777,17.9,71.0,986.2,True,23.5,283.0,4.6,70
8808,9905778,17.9,71.0,986.0,True,23.4,290.0,4.0,70
8809,9965771,17.8,72.0,986.0,True,22.8,290.0,4.1,70
8810,23085,15.1,85.0,969.0,False,20.3,305.0,1.3,71
8811,83083,15.1,85.0,969.0,False,20.3,332.0,1.8,71
8812,143084,15.2,85.0,969.2,False,20.4,312.0,2.0,71
8813,203084,15.1,85.0,969.0,False,20.5,293.0,0.8,71
8814,263097,15.1,86.0,969.0,False,20.2,334.0,1.1,71
8815,323098,15.1,85.0,969.0,False,20.2,347.0,1.7,71
8816,383100,15.1,85.0,969.0,False,20.3,310.0,1.5,71
8817,443119,15.1,86.0,969.0,False,20.3,316.0,1.2,71
8818,503130,15.0,86.0,969.0,False,20.3,328.0,2.5,71
8819,563132,15.0,86.0,969.0,False,20.5,313.0,1.8,71
8820,623131,15.0,85.0,969.0,False,20.5,314.0,1.0,71
8821,683139,15.0,85.0,969.0,False,20.7,332.0,1.7,71
8822,743119,14.9,86.0,969.0,False,20.4,320.0,1.1,71
8823,803128,15.0,86.0,969.0,False,20.7,323.0,1.3,71
8824,863130,15.1,85.0,969.0,False,20.6,351.0,1.2,71
8825,923131,15.1,86.0,969.0,False,20.6,311.0,1.5,71
8826,983131,15.1,86.0,969.0,False,20.6,316.0,2.0,71
8827,1043149,15.2,86.0,969.0,False,20.3,343.0,2.0,71
8828,1103164,15.2,86.0,969.0,False,20.2,342.0,1.7,71
8829,1163165,15.3,86.0,969.0,False,20.4,349.0,1.6,71
8830,1223164,15.3,86.0,969.0,False,20.4,282.0,1.8,71
8831,1283165,15.2,86.0,969.2,False,20.0,298.0,2.4,71
8832,1343169,15.1,87.0,969.0,False,20.0,308.0,1.2,71
8833,1403163,15.1,86.0,969.0,False,20.1,327.0,2.7,71
8834,1463175,15.1,87.0,969.0,False,20.3,324.0,2.2,71
8835,1523182,15.0,87.0,969.0,False,20.3,323.0,1.8,71
8836,1583181,15.0,87.0,969.0,False,20.3,316.0,1.5,71
8837,1643186,15.0,87.0,969.0,False,20.7,326.0,1.2,71
8838,1703180,15.0,87.0,969.0,False,20.7,331.0,1.2,71
8839,1763184,15.0,87.0,969.0,False,20.6,333.0,1.1,71
8840,1823195,15.0,87.0,968.9,False,20.6,346.0,1.2,71
8841,1883214,15.0,87.0,969.0,False,20.8,329.0,1.1,71
8842,1943199,14.9,87.0,969.0,False,20.7,285.0,1.7,71
8843,2003215,14.9,87.0,969.0,False,20.7,291.0,1.2,71
8844,2063213,14.9,87.0,969.0,False,20.7,305.0,1.2,71
8845,2123226,15.0,87.0,969.0,False,20.7,341.0,1.2,71
8846,2183241,14.9,87.0,969.0,False,20.4,332.0,0.8,71
8847,2243259,14.9,86.0,969.0,False,20.4,312.0,0.6,71
8848,2303286,15.0,87.0,969.0,False,20.7,9.0,0.8,71
8849,2363264,15.1,87.0,969.0,False,20.7,297.0,0.8,71
8850,2423257,15.0,86.0,969.0,False,20.8,306.0,1.6,71
8851,2483260,15.0,86.0,969.0,False,20.9,347.0,1.2,71
8852,2543258,15.1,86.0,969.0,False,20.9,335.0,1.1,71
8853,2603257,15.0,87.0,969.0,False,20.9,319.0,2.2,71
8854,2663298,15.0,86.0,969.0,False,21.0,318.0,1.2,71
8855,2723263,14.9,86.0,969.2,False,20.8,338.0,2.5,71
8856,2783265,14.9,86.0,969.2,False,20.8,338.0,1.5,71
8857,2843283,15.0,86.0,969.0,False,20.8,346.0,1.2,71
8858,2903289,15.0,85.0,969.0,False,20.8,294.0,2.0,71
8859,2963289,15.0,86.0,969.2,False,20.8,320.0,1.3,71
8860,3023296,14.9,86.0,969.0,False,20.7,263.0,0.8,71
8861,3083335,14.9,86.0,969.0,False,20.8,352.0,0.8,71
8862,3143318,14.9,86.0,969.0,False,20.9,331.0,0.8,71
8863,3203309,15.0,85.0,969.2,False,20.8,310.0,1.0,71
8864,3263354,14.9,85.0,969.2,False,20.8,324.0,1.2,71
8865,3323327,14.9,85.0,969.2,False,20.6,326.0,0.8,71
8866,3383346,14.9,85.0,969.0,False,20.5,270.0,0.8,71
8867,3443343,15.0,86.0,969.0,False,20.4,309.0,0.8,71
8868,3503359,15.0,85.0,969.0,False,20.7,304.0,2.0,71
8869,3563330,15.1,85.0,969.0,False,20.7,343.0,0.8,71
8870,3623340,15.0,85.0,969.2,False,20.6,345.0,1.1,71
8871,3683351,15.0,84.0,969.0,False,20.5,351.0,1.1,71
8872,3743386,15.0,85.0,969.0,False,20.4,311.0,0.8,71
8873,3803368,15.0,85.0,969.2,False,20.4,353.0,2.0,71
8874,3863367,15.0,85.0,969.2,False,20.5,345.0,1.7,71
8875,3923386,15.1,85.0,969.0,False,20.6,355.0,1.2,71
8876,3983387,15.1,85.0,969.0,False,20.6,311.0,0.8,71
8877,4043390,15.1,85.0,969.0,False,20.6,348.0,1.6,71
8878,4103407,15.2,84.0,969.0,False,20.7,276.0,1.0,71
8879,4163418,15.2,84.0,969.0,False,20.9,295.0,0.8,71
8880,4223428,15.3,84.0,969.0,False,21.0,298.0,0.6,71
8881,4283447,15.4,84.0,969.2,False,21.0,340.0,0.8,71
8882,4343450,15.5,84.0,969.0,False,21.2,343.0,1.1,71
8883,4403463,15.6,84.0,969.2,False,21.2,301.0,0.8,71
8884,4463466,15.6,83.0,969.0,False,20.9,355.0,1.0,71
8885,4523472,15.5,84.0,969.2,False,20.9,323.0,1.0,71
8886,4583468,15.6,83.0,969.2,False,20.9,339.0,1.0,71
8887,4643475,15.7,83.0,969.2,False,21.0,337.0,1.2,71
8888,4703469,15.7,83.0,969.2,False,21.0,308.0,1.5,71
8889,4763465,15.7,83.0,969.2,False,20.8,308.0,1.2,71
8890,4823479,15.7,83.0,969.2,False,20.7,297.0,1.1,71
8891,4883485,15.6,83.0,969.2,False,20.8,286.0,0.6,71
8892,4943481,15.6,83.0,969.0,False,20.8,315.0,1.7,71
8893,5003494,15.6,83.0,969.0,False,21.1,333.0,1.6,71
8894,5063509,15.6,83.0,969.0,False,21.1,338.0,1.2,71
8895,5123511,15.5,83.0,969.0,False,20.9,341.0,1.7,71
8896,5183524,15.4,83.0,969.0,False,20.9,331.0,1.7,71
8897,5243548,15.4,83.0,969.0,False,20.7,277.0,1.2,71
8898,5303543,15.5,83.0,969.0,False,20.7,327.0,0.8,71
8899,5363542,15.5,83.0,969.0,False,21.0,328.0,1.1,71
8900,5423544,15.5,83.0,969.0,False,21.0,343.0,1.3,71
8901,5483547,15.5,83.0,969.0,False,20.9,322.0,1.8,71
8902,5543537,15.5,82.0,969.0,False,20.9,314.0,0.6,71
8903,5603541,15.5,82.0,969.0,False,20.8,290.0,1.2,71
8904,5663542,15.5,83.0,969.0,False,20.8,302.0,1.1,71
8905,5723542,15.5,82.0,969.0,False,21.1,357.0,0.8,71
8906,5783547,15.6,82.0,969.0,False,21.2,288.0,1.5,71
8907,5843541,15.6,82.0,969.0,False,21.2,339.0,1.1,71
8908,5903543,15.5,82.0,969.0,False,21.2,317.0,1.5,71
8909,5963547,15.5,82.0,969.0,False,21.1,292.0,1.7,71
8910,6023544,15.5,82.0,969.0,False,20.9,302.0,1.8,71
8911,6083543,15.5,82.0,969.0,False,21.0,332.0,1.3,71
8912,6143571,15.7,82.0,969.0,False,21.1,315.0,1.3,71
8913,6203543,15.7,82.0,969.0,False,21.1,316.0,1.7,71
8914,6263546,15.8,81.0,969.0,False,21.3,296.0,2.2,71
8915,27403,20.8,48.0,971.4,False,34.1,88.0,1.2,72
8916,87404,20.8,47.0,971.2,False,34.6,340.0,0.8,72
8917,147404,20.7,47.0,971.2,False,34.7,327.0,2.2,72
8918,207406,20.7,48.0,971.2,False,34.7,299.0,2.5,72
8919,267410,20.7,46.0,971.4,False,35.2,308.0,1.7,72
8920,327399,20.8,46.0,971.4,False,35.7,320.0,2.5,72
8921,387405,20.9,44.0,971.4,False,35.7,290.0,1.3,72
8922,447405,21.0,44.0,971.2,False,35.7,344.0,1.7,72
8923,507411,21.0,43.0,971.4,False,35.7,329.0,1.2,72
8924,567405,21.0,42.0,971.4,False,35.8,0.0,1.6,72
8925,627405,20.9,43.0,971.4,False,35.4,147.0,0.5,72
8926,687406,20.9,43.0,971.2,False,35.4,0.0,0.8,72
8927,747412,21.1,44.0,971.2,False,36.0,332.0,1.3,72
8928,807405,21.1,45.0,971.2,False,36.1,288.0,2.2,72
8929,867407,21.0,47.0,971.2,False,36.1,313.0,1.1,72
8930,927408,21.1,45.0,971.2,False,36.0,316.0,1.5,72
8931,987443,21.2,41.0,971.2,False,36.0,282.0,2.0,72
8932,1047396,21.1,41.0,971.4,False,35.9,325.0,1.2,72
8933,1107406,21.2,41.0,971.2,False,35.9,218.0,1.2,72
8934,1167418,21.2,41.0,971.2,False,36.3,179.0,1.7,72
8935,1227406,21.1,40.0,971.4,False,36.6,164.0,1.3,72
8936,1287413,21.0,41.0,971.4,False,36.4,167.0,1.3,72
8937,1347401,21.0,40.0,971.2,False,36.0,194.0,1.2,72
8938,1407407,21.0,41.0,971.4,False,35.9,193.0,1.8,72
8939,1467406,21.2,41.0,971.2,False,35.9,317.0,1.5,72
8940,1527405,21.3,40.0,971.2,False,37.0,299.0,1.6,72
8941,1587407,21.4,39.0,971.2,False,37.0,318.0,2.4,72
8942,1647407,21.4,38.0,971.2,False,36.6,340.0,1.6,72
8943,1707409,21.5,38.0,971.2,False,36.3,247.0,1.5,72
8944,1767408,21.5,39.0,971.2,False,35.7,177.0,1.3,72
8945,1827407,21.5,39.0,971.2,False,35.7,91.0,1.6,72
8946,1887408,21.5,39.0,971.2,False,36.0,148.0,0.8,72
8947,1947415,21.4,39.0,971.2,False,36.0,196.0,1.2,72
8948,2007412,21.5,40.0,971.4,False,36.0,355.0,1.2,72
8949,2067427,21.6,41.0,971.2,False,35.7,291.0,0.8,72
8950,2127434,21.5,41.0,971.2,False,35.2,359.0,1.3,72
8951,2187458,21.4,41.0,971.2,False,34.9,0.0,0.5,72
8952,2247471,21.3,42.0,971.2,False,35.0,185.0,0.6,72
8953,2307487,21.3,43.0,971.2,False,35.7,270.0,1.7,72
8954,2367503,21.3,42.0,971.2,False,36.1,256.0,1.0,72
8955,2427501,21.4,43.0,971.2,False,36.1,326.0,1.1,72
8956,2487516,21.5,42.0,971.2,False,36.3,331.0,1.7,72
8957,2547532,21.6,42.0,971.2,False,36.2,329.0,1.2,72
8958,2607533,21.6,42.0,971.2,False,35.8,334.0,1.6,72
8959,2667533,21.6,42.0,971.0,False,35.8,331.0,2.7,72
8960,2727547,21.4,42.0,971.2,False,36.0,293.0,3.0,72
8961,2787532,21.4,43.0,971.2,False,35.8,304.0,1.8,72
8962,2847545,21.5,43.0,971.2,False,35.9,336.0,2.0,72
8963,2907532,21.3,42.0,971.0,False,36.2,319.0,2.5,72
8964,2967534,21.2,42.0,971.2,False,35.8,323.0,2.7,72
8965,3027535,21.3,42.0,971.0,False,35.8,340.0,2.4,72
8966,3087549,21.6,41.0,971.0,False,36.1,339.0,2.5,72
8967,3147536,21.6,41.0,971.2,False,36.1,327.0,1.7,72
8968,3207534,21.5,41.0,971.0,False,36.1,327.0,2.5,72
8969,3267533,21.5,42.0,971.2,False,35.7,327.0,1.6,72
8970,3327535,21.5,41.0,971.2,False,36.1,317.0,1.8,72
8971,3387537,21.6,41.0,971.0,False,36.3,7.0,1.6,72
8972,3447535,21.8,41.0,971.2,False,36.2,335.0,1.2,72
8973,3507535,21.8,40.0,971.0,False,36.2,315.0,1.8,72
8974,3567549,21.6,41.0,971.2,False,36.3,306.0,1.6,72
8975,3627574,21.6,39.0,971.2,False,36.3,323.0,1.8,72
8976,3687568,21.6,40.0,971.0,False,36.1,299.0,1.1,72
8977,3747589,21.7,40.0,971.0,False,36.1,332.0,1.5,72
8978,3807585,21.7,40.0,971.0,False,36.4,292.0,1.6,72
8979,3867582,21.8,39.0,971.0,False,36.9,147.0,1.1,72
8980,3927581,21.9,39.0,971.2,False,37.0,0.0,1.3,72
8981,3987600,21.9,40.0,971.2,False,37.0,334.0,1.7,72
8982,4047620,21.9,40.0,971.0,False,36.6,351.0,2.0,72
8983,4107629,21.9,39.0,971.2,False,36.6,343.0,1.0,72
8984,4167630,22.0,39.0,971.2,False,36.5,335.0,1.8,72
8985,4227629,22.0,39.0,971.2,False,36.6,324.0,1.2,72
8986,4287650,22.0,39.0,971.2,False,36.5,283.0,1.1,72
8987,4347649,22.0,40.0,971.0,False,36.7,169.0,1.1,72
8988,4407668,22.0,38.0,971.0,False,36.9,226.0,1.7,72
8989,4467653,21.9,40.0,971.0,False,36.9,0.0,1.1,72
8990,4527664,21.9,40.0,971.0,False,36.4,351.0,0.4,72
8991,4587662,21.9,40.0,971.2,False,36.4,327.0,1.7,72
8992,4647662,22.0,40.0,971.0,False,36.4,33.0,1.1,72
8993,4707661,21.9,41.0,971.0,False,36.1,354.0,0.8,72
8994,4767669,22.0,41.0,971.0,False,36.3,339.0,1.3,72
8995,4827660,22.1,39.0,971.0,False,36.9,242.0,1.2,72
8996,4887661,22.2,39.0,971.2,False,36.9,330.0,1.3,72
8997,4947663,22.2,39.0,971.0,False,36.9,322.0,2.5,72
8998,5007657,22.2,38.0,971.2,False,37.0,338.0,3.5,72
8999,5067664,22.1,39.0,971.0,False,36.6,298.0,2.2,72
9000,5127664,21.9,39.0,971.0,False,36.0,322.0,1.6,72
9001,5187672,21.8,39.0,971.2,False,35.7,295.0,3.2,72
9002,5247664,21.9,40.0,971.2,False,34.9,301.0,1.8,72
9003,5307673,22.0,40.0,971.0,False,34.9,244.0,2.0,72
9004,5367671,22.0,39.0,971.0,False,35.3,325.0,1.1,72
9005,5427672,22.0,39.0,971.0,False,35.7,295.0,1.3,72
9006,5487664,22.2,39.0,971.2,False,35.7,296.0,1.6,72
9007,5547675,22.2,38.0,971.0,False,36.2,178.0,1.1,72
9008,5607692,22.2,39.0,971.0,False,35.9,295.0,0.8,72
9009,5667708,22.1,39.0,971.0,False,36.0,208.0,1.1,72
9010,5727709,22.1,39.0,971.0,False,36.0,85.0,0.8,72
9011,5787725,22.3,39.0,971.0,False,35.3,170.0,0.6,72
9012,5847740,22.4,39.0,971.0,False,35.3,179.0,1.3,72
9013,5907758,22.2,39.0,970.9,False,35.6,190.0,1.3,72
9014,5967760,22.1,40.0,970.9,False,36.2,139.0,1.6,72
9015,6027770,22.2,39.0,970.9,False,36.6,150.0,1.0,72
9016,6087758,22.3,37.0,970.7,False,36.7,109.0,1.2,72
9017,6147778,22.4,37.0,971.0,False,36.7,255.0,1.2,72
9018,6207773,22.4,38.0,970.9,False,36.7,213.0,0.6,72
9019,6267770,22.4,36.0,970.9,False,36.8,183.0,0.8,72
9020,6327786,22.4,37.0,970.9,False,36.9,164.0,1.1,72
9021,6387793,22.4,37.0,970.9,False,36.8,240.0,1.3,72
9022,6447787,22.3,38.0,971.0,False,36.8,257.0,1.2,72
9023,6507788,22.2,38.0,970.9,False,36.8,305.0,1.2,72
9024,6567785,22.2,39.0,970.9,False,36.8,337.0,1.5,72
9025,6627788,22.1,39.0,970.9,False,36.8,300.0,1.5,72
9026,6687791,22.1,39.0,971.0,False,36.7,335.0,1.1,72
9027,6747788,22.2,38.0,970.9,False,36.9,277.0,1.3,72
9028,6807804,22.1,39.0,971.0,False,36.9,314.0,2.5,72
9029,6867789,22.1,39.0,970.9,False,36.6,201.0,1.7,72
9030,6927790,22.2,40.0,970.9,False,36.6,0.0,1.1,72
9031,6987795,22.2,40.0,970.9,False,36.5,167.0,0.6,72
9032,7047819,22.3,38.0,970.9,False,37.2,0.0,0.6,72
9033,7107825,22.4,38.0,970.9,False,37.2,348.0,0.6,72
9034,7167829,22.4,38.0,970.9,False,37.2,342.0,1.7,72
9035,7227858,22.1,40.0,971.0,False,36.8,339.0,2.5,72
9036,7287838,22.1,40.0,970.7,False,36.4,277.0,1.7,72
9037,7347834,22.2,39.0,970.9,False,36.7,351.0,1.2,72
9038,7407840,21.9,40.0,971.0,False,36.3,304.0,2.9,72
9039,7467838,21.9,40.0,970.7,False,36.3,302.0,2.2,72
9040,7527842,21.9,40.0,970.9,False,36.4,276.0,2.5,72
9041,7587837,22.0,40.0,971.0,False,36.4,309.0,1.8,72
9042,7647835,22.0,40.0,970.9,False,36.5,316.0,1.8,72
9043,7707834,22.0,40.0,970.7,False,36.5,274.0,1.2,72
9044,7767835,22.2,41.0,970.9,False,36.5,155.0,1.1,72
9045,7827842,22.4,41.0,970.9,False,36.4,92.0,0.5,72
9046,7887861,22.4,40.0,970.7,False,36.4,324.0,0.8,72
9047,7947858,22.4,41.0,970.7,False,36.8,316.0,3.2,72
9048,8007867,22.4,41.0,970.7,False,36.5,328.0,2.5,72
9049,8067881,22.4,40.0,970.9,False,36.6,335.0,2.0,72
9050,8127884,22.5,40.0,970.7,False,36.6,314.0,1.2,72
9051,8187898,22.3,40.0,970.9,False,36.6,326.0,1.7,72
9052,8247883,22.3,41.0,970.9,False,36.4,3.0,1.2,72
9053,8307884,22.4,40.0,970.9,False,36.4,349.0,1.0,72
9054,8367884,22.5,40.0,970.9,False,36.3,277.0,1.6,72
9055,8427883,22.3,42.0,970.7,False,36.5,268.0,1.7,72
9056,8487880,22.3,40.0,970.7,False,36.6,285.0,1.2,72
9057,8547883,22.4,41.0,970.9,False,36.6,328.0,1.3,72
9058,8607909,22.3,40.0,970.9,False,36.3,334.0,2.5,72
9059,8667914,22.1,41.0,970.9,False,35.5,48.0,1.7,72
9060,8727915,22.1,41.0,970.9,False,34.7,129.0,1.5,72
9061,8787915,22.0,40.0,970.9,False,34.7,176.0,1.1,72
9062,8847934,22.0,41.0,970.9,False,34.7,162.0,1.7,72
9063,8907917,21.9,41.0,970.9,False,34.0,267.0,1.0,72
9064,8967915,21.9,41.0,970.9,False,34.6,278.0,1.0,72
9065,9027920,22.0,41.0,970.9,False,34.8,220.0,1.7,72
9066,9087914,22.1,41.0,970.7,False,34.8,335.0,1.0,72
9067,9147922,22.1,41.0,970.9,False,34.8,300.0,1.2,72
9068,9208788,22.1,41.0,970.7,False,34.6,345.0,1.8,72
9069,9267916,21.9,41.0,970.9,False,34.4,292.0,2.7,72
9070,9327914,21.7,42.0,970.9,False,34.3,292.0,1.8,72
9071,23259,26.4,31.0,1010.2,False,39.4,272.0,0.6,73
9072,83302,26.4,31.0,1010.2,False,39.4,3.0,0.8,73
9073,143259,26.4,31.0,1010.2,False,39.2,317.0,1.5,73
9074,203258,26.5,32.0,1010.2,False,39.2,288.0,1.2,73
9075,263261,26.5,31.0,1010.2,False,39.2,181.0,0.8,73
9076,323257,26.5,31.0,1010.2,False,38.8,242.0,1.5,73
9077,383262,26.5,31.0,1010.2,False,38.8,250.0,2.2,73
9078,443261,26.5,32.0,1010.2,False,38.8,18.0,1.5,73
9079,503269,26.4,32.0,1010.2,False,38.8,6.0,1.3,73
9080,563258,26.4,32.0,1010.0,False,38.8,276.0,1.7,73
9081,623260,26.1,32.0,1010.2,False,39.1,242.0,1.2,73
9082,683260,26.3,31.0,1010.0,False,39.1,32.0,0.8,73
9083,743267,26.6,31.0,1010.0,False,39.0,34.0,0.8,73
9084,803261,26.6,32.0,1010.2,False,39.0,74.0,1.0,73
9085,863265,26.5,31.0,1010.2,False,38.8,267.0,0.6,73
9086,923265,26.3,31.0,1010.2,False,38.8,344.0,0.8,73
9087,983279,26.5,31.0,1010.2,False,38.9,258.0,0.6,73
9088,1043366,26.6,31.0,1010.0,False,38.9,0.0,1.0,73
9089,1103262,26.6,31.0,1010.0,False,38.9,293.0,0.0,73
9090,1163260,26.6,31.0,1010.0,False,39.0,218.0,1.8,73
9091,1223269,26.7,31.0,1010.0,False,39.0,157.0,2.0,73
9092,1283261,26.8,31.0,1010.0,False,39.0,255.0,1.0,73
9093,1343259,26.9,30.0,1010.0,False,39.0,240.0,1.2,73
9094,1403274,26.9,30.0,1010.2,False,39.2,225.0,2.5,73
9095,1463289,27.1,30.0,1010.0,False,39.2,250.0,1.8,73
9096,1523317,27.1,30.0,1010.2,False,39.1,213.0,1.3,73
9097,1583305,27.1,30.0,1010.0,False,39.1,205.0,2.4,73
9098,1643310,27.0,31.0,1010.0,False,38.9,241.0,3.0,73
9099,1703308,27.0,31.0,1010.0,False,38.8,118.0,3.2,73
9100,1763331,26.8,31.0,1010.0,False,38.9,285.0,0.8,73
9101,1823861,26.9,31.0,1010.2,False,38.9,264.0,0.8,73
9102,1883329,27.0,31.0,1010.2,False,39.3,289.0,1.2,73
9103,1943324,27.1,31.0,1010.0,False,39.4,222.0,1.5,73
9104,2003338,27.1,30.0,1010.0,False,39.4,197.0,1.2,73
9105,2063353,27.1,30.0,1010.0,False,39.4,201.0,1.7,73
9106,2123353,27.1,29.0,1010.0,False,39.4,132.0,1.5,73
9107,2183356,27.2,30.0,1010.0,False,39.4,124.0,1.6,73
9108,2243357,27.2,30.0,1010.0,False,39.4,252.0,0.8,73
9109,2303357,27.3,29.0,1010.0,False,39.3,263.0,1.6,73
9110,2363354,27.3,29.0,1010.0,False,39.3,219.0,1.8,73
9111,2423344,27.2,29.0,1010.0,False,39.3,322.0,1.2,73
9112,2483356,27.2,30.0,1010.0,False,39.4,350.0,1.7,73
9113,2543369,27.2,30.0,1010.0,False,39.3,19.0,1.2,73
9114,2603367,27.1,30.0,1010.0,False,39.3,294.0,1.6,73
9115,2663362,27.0,30.0,1010.0,False,39.1,218.0,1.2,73
9116,2723356,27.0,30.0,1010.0,False,39.3,228.0,2.0,73
9117,2783355,27.0,30.0,1010.0,False,39.4,225.0,1.2,73
9118,2843371,27.0,30.0,1010.0,False,39.4,241.0,0.8,73
9119,2903390,27.1,30.0,1010.0,False,39.3,7.0,1.0,73
9120,2963388,27.2,29.0,1010.0,False,39.5,131.0,0.8,73
9121,3023388,27.2,30.0,1010.0,False,39.3,298.0,0.8,73
9122,3083378,27.1,30.0,1010.0,False,39.2,265.0,0.6,73
9123,3143386,27.0,30.0,1010.0,False,39.2,254.0,1.2,73
9124,3204748,27.1,30.0,1010.0,False,39.4,218.0,1.6,73
9125,3263386,27.2,30.0,1010.0,False,39.4,196.0,1.6,73
9126,3323388,27.3,30.0,1010.0,False,39.3,242.0,2.5,73
9127,3383390,27.2,30.0,1010.0,False,39.0,34.0,0.8,73
9128,3443385,27.1,30.0,1010.0,False,39.1,334.0,1.0,73
9129,3503388,27.1,30.0,1009.9,False,39.2,211.0,1.7,73
9130,3563387,27.1,30.0,1010.0,False,39.4,233.0,1.0,73
9131,3623384,27.2,30.0,1010.0,False,39.8,218.0,2.7,73
9132,3683387,27.1,29.0,1010.0,False,39.4,221.0,3.7,73
9133,3743386,27.0,29.0,1010.0,False,38.7,225.0,5.0,73
9134,3803386,27.0,29.0,1010.0,False,38.6,214.0,5.0,73
9135,3863394,26.8,30.0,1010.0,False,38.6,230.0,3.2,73
9136,3923390,26.9,29.0,1010.0,False,38.4,210.0,1.5,73
9137,3983395,26.9,30.0,1010.0,False,38.4,233.0,1.7,73
9138,4043393,27.0,30.0,1010.0,False,38.6,227.0,1.6,73
9139,4103390,27.1,30.0,1010.0,False,38.6,235.0,1.0,73
9140,4163390,27.1,30.0,1010.0,False,38.9,281.0,1.0,73
9141,4223386,27.1,30.0,1010.0,False,38.9,191.0,1.6,73
9142,4283385,26.9,30.0,1010.0,False,38.9,175.0,1.2,73
9143,4343390,26.9,29.0,1010.0,False,39.2,225.0,1.2,73
9144,4403392,27.1,29.0,1010.0,False,39.0,244.0,0.5,73
9145,4463389,27.2,29.0,1010.0,False,38.9,193.0,1.5,73
9146,4523391,27.3,29.0,1010.0,False,38.9,276.0,1.3,73
9147,4583389,27.2,29.0,1010.0,False,38.6,216.0,1.7,73
9148,4643412,27.1,30.0,1010.0,False,38.6,240.0,1.5,73
9149,4703392,27.0,30.0,1010.0,False,39.0,254.0,1.7,73
9150,4763423,27.0,30.0,1010.0,False,38.7,249.0,1.2,73
9151,4823442,27.0,32.0,1009.9,False,38.7,170.0,0.4,73
9152,4883439,27.1,31.0,1009.9,False,38.9,198.0,0.6,73
9153,4943444,27.2,30.0,1009.9,False,39.0,212.0,0.5,73
9154,5003445,27.1,30.0,1009.9,False,38.6,193.0,1.2,73
9155,26887,22.7,72.0,1016.7,False,33.9,214.0,0.8,74
9156,86890,22.8,73.0,1016.9,False,33.9,240.0,0.8,74
9157,146885,22.8,72.0,1016.9,False,33.8,272.0,0.8,74
9158,206885,22.8,73.0,1016.9,False,33.8,280.0,1.2,74
9159,266885,22.9,73.0,1016.9,False,33.3,307.0,0.8,74
9160,326888,22.8,72.0,1016.9,False,33.2,0.0,0.6,74
9161,386884,23.0,72.0,1016.9,False,33.1,82.0,1.1,74
9162,446890,23.0,72.0,1016.9,False,33.1,43.0,0.4,74
9163,506891,23.0,73.0,1016.9,False,32.7,3.0,0.6,74
9164,566886,22.9,71.0,1016.7,False,33.1,169.0,0.8,74
9165,626920,22.8,72.0,1016.7,False,33.3,106.0,0.8,74
9166,686891,22.8,71.0,1016.7,False,33.3,25.0,0.6,74
9167,746904,22.8,71.0,1016.9,False,33.4,77.0,0.6,74
9168,806903,22.7,70.0,1016.9,False,33.5,314.0,1.3,74
9169,866919,22.8,71.0,1016.9,False,33.5,105.0,1.1,74
9170,926919,23.0,71.0,1016.9,False,33.6,329.0,0.6,74
9171,986924,23.1,69.0,1016.9,False,33.7,160.0,0.5,74
9172,1046934,23.1,69.0,1016.9,False,33.6,344.0,0.8,74
9173,1106950,23.3,69.0,1016.9,False,33.5,263.0,1.2,74
9174,1166952,23.3,71.0,1017.0,False,33.5,228.0,1.1,74
9175,1226965,23.2,70.0,1016.9,False,33.0,17.0,0.5,74
9176,1286971,23.1,71.0,1016.9,False,33.5,66.0,0.6,74
9177,1346979,23.1,72.0,1016.9,False,33.5,178.0,1.7,74
9178,1406979,23.2,73.0,1016.7,False,33.6,84.0,1.7,74
9179,1466988,23.2,73.0,1016.9,False,34.0,75.0,0.8,74
9180,1526991,23.3,74.0,1016.7,False,34.5,222.0,1.0,74
9181,1586980,23.3,73.0,1016.9,False,34.6,120.0,0.0,74
9182,1647005,23.2,72.0,1016.9,False,34.7,53.0,0.6,74
9183,1707002,23.3,73.0,1016.9,False,34.7,67.0,0.5,74
9184,1767012,23.2,73.0,1016.9,False,34.9,213.0,1.6,74
9185,1827013,23.1,74.0,1016.9,False,34.9,164.0,0.5,74
9186,1887019,23.1,74.0,1017.0,False,34.6,139.0,0.8,74
9187,1947015,23.0,74.0,1016.9,False,34.8,27.0,0.8,74
9188,2007028,23.0,74.0,1016.9,False,34.8,0.0,1.2,74
9189,2067016,22.9,75.0,1016.9,False,34.6,91.0,1.7,74
9190,2127016,23.0,75.0,1017.0,False,34.6,94.0,1.1,74
9191,2187012,23.0,74.0,1017.0,False,34.4,28.0,1.5,74
9192,2247015,22.9,75.0,1017.0,False,34.2,348.0,1.6,74
9193,2307013,22.7,76.0,1017.0,False,33.9,7.0,0.8,74
9194,2367031,22.7,75.0,1017.0,False,34.0,8.0,1.2,74
9195,2427028,22.9,75.0,1017.0,False,33.9,30.0,1.2,74
9196,2487027,22.9,76.0,1017.0,False,33.9,108.0,1.7,74
9197,2547027,22.9,76.0,1017.0,False,34.4,153.0,0.8,74
9198,2607074,22.9,75.0,1017.0,False,34.7,203.0,1.0,74
9199,2667049,22.7,76.0,1017.0,False,34.9,62.0,1.2,74
9200,2727049,22.7,76.0,1017.0,False,34.7,188.0,0.6,74
9201,2787060,22.8,75.0,1017.0,False,34.6,206.0,1.0,74
9202,2847059,22.8,76.0,1017.0,False,34.4,189.0,1.0,74
9203,2907065,22.7,76.0,1017.0,False,34.4,90.0,0.6,74
9204,2967061,22.7,75.0,1017.0,False,34.4,165.0,0.8,74
9205,3027066,22.6,75.0,1017.0,False,34.4,69.0,0.8,74
9206,3087063,22.6,75.0,1017.0,False,34.4,115.0,0.5,74
9207,3147060,22.6,75.0,1017.0,False,34.1,77.0,0.6,74
9208,3207058,22.5,75.0,1017.0,False,34.1,289.0,1.2,74
9209,3267065,22.6,74.0,1017.0,False,33.9,99.0,1.1,74
9210,3327220,22.6,74.0,1017.0,False,33.4,88.0,1.5,74
9211,3387234,22.6,75.0,1017.0,False,33.3,168.0,0.6,74
9212,3447232,22.6,75.0,1017.0,False,32.9,94.0,0.8,74
9213,3507237,22.7,76.0,1017.0,False,32.9,57.0,0.6,74
9214,3567233,22.8,76.0,1017.0,False,32.5,122.0,1.3,74
9215,3627236,22.6,77.0,1017.2,False,32.4,96.0,1.1,74
9216,3687232,22.5,76.0,1017.2,False,32.1,85.0,1.5,74
9217,3747235,22.4,77.0,1017.0,False,32.1,139.0,1.1,74
9218,3807235,22.4,78.0,1017.0,False,32.1,22.0,0.8,74
9219,3867255,22.3,78.0,1017.2,False,31.9,101.0,1.1,74
9220,3927263,22.4,78.0,1017.2,False,32.0,205.0,0.5,74
9221,3987266,22.4,77.0,1017.2,False,32.4,178.0,0.8,74
9222,4047272,22.4,78.0,1017.0,False,32.4,104.0,1.6,74
9223,4107264,22.4,77.0,1017.2,False,32.5,97.0,1.3,74
9224,4167262,22.4,77.0,1017.2,False,32.5,115.0,1.3,74
9225,4227264,22.4,77.0,1017.2,False,33.2,240.0,1.1,74
9226,4287319,22.5,77.0,1017.2,False,33.2,73.0,2.0,74
9227,4347267,22.5,77.0,1017.2,False,33.2,87.0,1.0,74
9228,4407279,22.5,77.0,1017.2,False,33.1,137.0,2.0,74
9229,4467297,22.6,77.0,1017.0,False,33.6,96.0,1.0,74
9230,4527312,22.5,76.0,1017.0,False,33.6,0.0,1.5,74
9231,4587314,22.4,77.0,1017.2,False,33.4,128.0,1.6,74
9232,4647315,22.4,77.0,1017.2,False,33.1,105.0,1.7,74
9233,4707312,22.4,77.0,1017.2,False,33.0,181.0,1.2,74
9234,4767311,22.4,77.0,1017.2,False,33.0,224.0,2.0,74
9235,4827326,22.5,77.0,1017.2,False,33.0,176.0,0.8,74
9236,4887329,22.5,77.0,1017.2,False,33.2,174.0,1.2,74
9237,4947351,22.5,78.0,1017.2,False,33.2,135.0,1.1,74
9238,5007365,22.4,77.0,1017.2,False,33.4,240.0,1.1,74
9239,5067377,22.5,76.0,1017.0,False,33.4,181.0,1.7,74
9240,5127397,22.6,76.0,1017.2,False,33.4,227.0,1.1,74
9241,5187393,22.6,76.0,1017.2,False,33.3,147.0,1.0,74
9242,5247390,22.6,76.0,1017.2,False,33.5,226.0,0.8,74
9243,5307392,22.5,75.0,1017.2,False,32.9,95.0,0.8,74
9244,5367406,22.6,76.0,1017.2,False,32.6,181.0,1.2,74
9245,5427420,22.6,76.0,1017.2,False,32.6,248.0,0.8,74
9246,5487439,22.5,76.0,1017.2,False,32.8,18.0,1.7,74
9247,5547449,22.5,76.0,1017.2,False,32.8,82.0,1.0,74
9248,5607438,22.5,76.0,1017.2,False,32.8,103.0,1.3,74
9249,5667437,22.7,76.0,1017.2,False,32.9,210.0,1.0,74
9250,5727452,22.7,77.0,1017.2,False,32.8,106.0,0.6,74
9251,5787437,22.6,77.0,1017.2,False,32.8,109.0,1.3,74
9252,5847437,22.6,77.0,1017.2,False,32.9,116.0,1.2,74
9253,5907438,22.7,77.0,1017.2,False,33.2,206.0,1.0,74
9254,5967442,22.7,77.0,1017.2,False,33.6,147.0,1.2,74
9255,6027442,22.7,77.0,1017.2,False,33.5,231.0,0.8,74
9256,6087437,22.7,77.0,1017.2,False,33.0,176.0,1.2,74
9257,6147444,22.8,77.0,1017.2,False,33.3,181.0,1.5,74
9258,6207438,22.8,77.0,1017.2,False,33.4,257.0,0.8,74
9259,6267438,22.8,77.0,1017.2,False,33.4,142.0,0.6,74
9260,6327457,22.7,77.0,1017.2,False,33.4,152.0,1.2,74
9261,6387453,22.7,77.0,1017.2,False,33.0,190.0,1.3,74
9262,6447476,22.7,77.0,1017.4,False,33.4,129.0,0.8,74
9263,6507484,22.7,77.0,1017.2,False,33.2,5.0,0.8,74
9264,6567502,22.6,77.0,1017.2,False,33.2,52.0,1.6,74
9265,6627515,22.6,77.0,1017.2,False,33.2,146.0,1.2,74
9266,6687516,22.5,78.0,1017.2,False,33.2,173.0,0.8,74
9267,6747514,22.6,78.0,1017.2,False,32.9,198.0,0.8,74
9268,6807520,22.6,77.0,1017.2,False,33.7,142.0,1.1,74
9269,6867513,22.8,76.0,1017.2,False,33.6,141.0,0.8,74
9270,6927516,22.8,76.0,1017.2,False,33.4,112.0,0.8,74
9271,6987518,22.8,76.0,1017.2,False,33.3,0.0,1.6,74
9272,7047512,22.7,76.0,1017.2,False,33.3,131.0,0.8,74
9273,7107515,22.8,76.0,1017.2,False,33.1,52.0,1.7,74
9274,7167515,22.7,77.0,1017.2,False,33.1,0.0,1.0,74
9275,7227516,22.7,76.0,1017.2,False,32.9,195.0,0.8,74
9276,7287519,22.8,76.0,1017.2,False,33.2,142.0,1.3,74
9277,7347517,22.8,77.0,1017.2,False,33.2,150.0,1.0,74
9278,7407517,22.7,76.0,1017.2,False,33.4,226.0,1.2,74
9279,7467517,22.7,76.0,1017.2,False,33.3,227.0,1.0,74
9280,7527515,22.7,77.0,1017.2,False,33.4,33.0,0.8,74
9281,7587517,22.8,77.0,1017.2,False,33.1,214.0,0.8,74
9282,7647520,22.9,77.0,1017.2,False,32.9,215.0,1.0,74
9283,7707516,22.8,77.0,1017.2,False,32.6,87.0,0.8,74
9284,7767515,22.8,77.0,1017.2,False,32.6,107.0,1.5,74
9285,7827518,22.7,77.0,1017.2,False,32.7,209.0,1.3,74
9286,7887520,22.6,77.0,1017.2,False,33.4,109.0,1.0,74
9287,7947514,22.6,77.0,1017.4,False,33.4,121.0,0.8,74
9288,8007516,22.6,77.0,1017.2,False,33.5,172.0,1.1,74
9289,8067516,22.6,77.0,1017.2,False,33.1,99.0,1.6,74
9290,8127529,22.6,77.0,1017.2,False,33.2,99.0,1.1,74
9291,8187522,22.5,77.0,1017.4,False,33.6,220.0,1.2,74
9292,8247516,22.6,76.0,1017.2,False,33.8,167.0,0.8,74
9293,8307517,22.7,76.0,1017.2,False,33.9,179.0,1.1,74
9294,8367519,22.8,76.0,1017.2,False,33.7,197.0,1.2,74
9295,8427517,22.8,76.0,1017.2,False,33.4,82.0,1.6,74
9296,8487520,22.8,75.0,1017.4,False,33.4,117.0,1.2,74
9297,8547518,22.8,76.0,1017.2,False,32.9,196.0,1.1,74
9298,8607516,22.7,76.0,1017.2,False,33.6,250.0,1.1,74
9299,8667517,22.7,76.0,1017.4,False,33.8,137.0,1.0,74
9300,8727531,22.8,76.0,1017.4,False,34.0,112.0,1.2,74
9301,8787518,22.7,76.0,1017.4,False,34.0,120.0,1.3,74
9302,8847518,22.7,76.0,1017.2,False,33.3,197.0,1.3,74
9303,8907519,22.7,76.0,1017.4,False,33.3,117.0,1.8,74
9304,8967518,22.7,76.0,1017.2,False,33.3,210.0,1.0,74
9305,9027517,22.8,76.0,1017.2,False,33.2,116.0,1.2,74
9306,9087531,22.8,76.0,1017.2,False,33.4,265.0,0.8,74
9307,9147517,22.8,76.0,1017.4,False,33.4,160.0,1.1,74
9308,9207517,22.8,76.0,1017.4,False,33.4,231.0,1.2,74
9309,9267518,22.8,76.0,1017.4,False,33.6,0.0,1.3,74
9310,9327517,22.7,76.0,1017.4,False,33.6,0.0,1.0,74
9311,9387518,22.6,76.0,1017.2,False,32.8,98.0,0.6,74
9312,9447522,22.7,75.0,1017.2,False,33.6,187.0,1.1,74
9313,9507517,22.7,75.0,1017.2,False,33.8,110.0,1.2,74
9314,9567520,22.6,76.0,1017.4,False,33.6,70.0,1.5,74
9315,9627528,22.6,75.0,1017.4,False,33.6,113.0,1.2,74
9316,9687518,22.6,76.0,1017.4,False,33.9,118.0,0.8,74
9317,9747519,22.7,75.0,1017.2,False,33.6,93.0,1.2,74
9318,30174,27.6,35.0,991.2,False,40.3,202.0,1.0,75
9319,90177,27.5,36.0,991.2,False,39.2,232.0,0.8,75
9320,150190,27.2,36.0,991.2,False,38.6,264.0,1.0,75
9321,210204,27.1,37.0,991.0,False,38.4,354.0,0.6,75
9322,270226,27.1,35.0,991.2,False,38.2,1.0,1.6,75
9323,330236,27.0,36.0,991.2,False,38.2,15.0,1.7,75
9324,390240,26.9,35.0,991.0,False,38.0,56.0,1.2,75
9325,450237,26.9,36.0,991.2,False,38.0,289.0,0.8,75
9326,510281,26.9,37.0,991.2,False,37.6,226.0,0.6,75
9327,570243,27.0,38.0,991.0,False,38.0,236.0,0.4,75
9328,630240,27.1,37.0,991.0,False,38.1,0.0,0.5,75
9329,690242,27.2,37.0,991.0,False,38.9,295.0,0.5,75
9330,750240,27.3,36.0,991.0,False,39.4,0.0,0.5,75
9331,810236,27.4,36.0,991.0,False,39.9,0.0,0.3,75
9332,870256,27.6,34.0,991.0,False,40.4,39.0,1.0,75
9333,930270,27.6,35.0,990.9,False,40.4,358.0,1.7,75
9334,990284,27.4,35.0,991.0,False,40.0,31.0,1.2,75
9335,1050292,27.4,36.0,990.9,False,40.0,91.0,1.2,75
9336,1110306,27.2,36.0,991.0,False,40.3,248.0,0.6,75
9337,1170299,27.2,37.0,991.0,False,40.3,124.0,1.1,75
9338,1230316,27.2,36.0,990.7,False,40.1,187.0,0.8,75
9339,1290331,27.2,36.0,990.9,False,40.3,224.0,1.0,75
9340,1350331,27.3,36.0,990.9,False,40.4,221.0,1.1,75
9341,1410330,27.4,36.0,990.9,False,40.6,167.0,1.2,75
9342,1470336,27.3,36.0,990.9,False,40.7,211.0,1.6,75
9343,1530331,27.3,35.0,991.0,False,40.9,173.0,1.1,75
9344,1590331,27.4,35.0,990.9,False,41.1,194.0,1.6,75
9345,1650348,27.3,35.0,990.9,False,40.9,196.0,1.6,75
9346,1710348,27.5,35.0,990.9,False,40.9,214.0,1.3,75
9347,1770362,27.6,35.0,990.9,False,40.7,204.0,2.0,75
9348,1830369,27.7,34.0,990.9,False,40.7,199.0,1.6,75
9349,1890364,27.8,35.0,990.7,False,41.1,210.0,2.2,75
9350,1950375,27.7,35.0,990.7,False,40.8,205.0,1.5,75
9351,2010363,27.8,35.0,990.7,False,41.0,213.0,1.7,75
9352,2070370,27.8,35.0,990.7,False,41.1,235.0,1.7,75
9353,2130366,27.9,34.0,990.7,False,41.0,183.0,1.1,75
9354,2190363,28.0,34.0,990.9,False,41.0,270.0,0.6,75
9355,2250363,27.9,33.0,990.7,False,40.7,284.0,1.2,75
9356,2310365,27.9,34.0,990.7,False,40.7,280.0,1.2,75
9357,2370365,27.9,33.0,990.7,False,40.8,251.0,1.2,75
9358,2430368,27.8,34.0,990.7,False,40.8,320.0,0.5,75
9359,2490366,27.8,34.0,990.7,False,40.8,206.0,1.3,75
9360,2550371,27.8,33.0,990.9,False,40.8,181.0,0.6,75
9361,2610364,27.8,34.0,990.7,False,41.2,187.0,1.1,75
9362,2670366,27.9,33.0,990.7,False,41.1,175.0,1.7,75
9363,2730363,27.9,34.0,990.7,False,41.1,232.0,2.2,75
9364,2790365,27.8,34.0,990.7,False,41.1,228.0,0.5,75
9365,2850374,27.9,34.0,990.7,False,41.1,324.0,0.8,75
9366,2910364,28.0,34.0,990.7,False,40.7,27.0,0.8,75
9367,2970391,28.0,32.0,990.7,False,40.7,345.0,0.8,75
9368,3030364,28.0,33.0,990.7,False,40.6,306.0,0.8,75
9369,3090365,27.8,34.0,990.7,False,40.5,298.0,0.8,75
9370,3150365,27.8,34.0,990.7,False,40.0,154.0,0.8,75
9371,3210367,27.7,34.0,990.5,False,40.1,73.0,0.5,75
9372,3270369,27.9,34.0,990.7,False,40.6,33.0,0.8,75
9373,3330367,27.8,33.0,990.7,False,40.9,24.0,1.2,75
9374,3390365,27.8,34.0,990.5,False,40.9,209.0,1.0,75
9375,3450369,27.8,34.0,990.5,False,41.0,175.0,0.6,75
9376,3510368,27.9,34.0,990.7,False,40.5,306.0,0.8,75
9377,3570365,27.9,34.0,990.7,False,40.5,287.0,1.5,75
9378,3630369,27.8,35.0,990.7,False,40.3,337.0,0.8,75
9379,3690367,27.7,35.0,990.5,False,40.5,328.0,0.6,75
9380,3750368,27.6,35.0,990.5,False,40.6,30.0,0.8,75
9381,3810369,27.6,34.0,990.7,False,40.7,30.0,1.3,75
9382,3870388,27.6,34.0,990.5,False,41.0,1.0,1.3,75
9383,3930366,27.6,34.0,990.5,False,40.8,262.0,0.3,75
9384,3990368,27.6,35.0,990.5,False,40.5,281.0,0.6,75
9385,4050369,27.6,35.0,990.5,False,40.4,55.0,0.6,75
9386,4110369,27.6,35.0,990.5,False,40.4,328.0,0.0,75
9387,4170367,27.8,34.0,990.5,False,40.3,39.0,0.0,75
9388,4230377,27.9,34.0,990.5,False,40.3,130.0,0.8,75
9389,4290371,27.9,34.0,990.5,False,40.5,278.0,1.0,75
9390,4350369,27.9,33.0,990.5,False,40.5,290.0,0.8,75
9391,4410373,27.9,34.0,990.5,False,40.1,28.0,0.4,75
9392,4470366,28.0,33.0,990.5,False,40.7,45.0,2.0,75
9393,4530369,27.9,34.0,990.5,False,40.0,114.0,2.0,75
9394,4590365,27.9,34.0,990.5,False,40.0,201.0,2.0,75
9395,4650374,27.9,34.0,990.5,False,40.3,204.0,1.1,75
9396,35386,26.6,38.0,994.0,False,42.4,116.0,0.6,76
9397,95391,26.5,38.0,994.0,False,42.2,203.0,1.1,76
9398,155391,26.6,39.0,994.0,False,42.3,325.0,0.8,76
9399,215397,26.8,38.0,994.0,False,42.9,277.0,2.0,76
9400,275389,26.6,40.0,994.0,False,42.3,20.0,1.1,76
9401,335391,26.5,40.0,994.0,False,42.0,102.0,1.2,76
9402,395404,26.4,40.0,994.0,False,42.0,249.0,0.4,76
9403,455399,26.5,40.0,994.0,False,42.1,172.0,0.6,76
9404,515389,26.6,38.0,994.0,False,42.1,168.0,1.1,76
9405,575407,26.6,38.0,994.0,False,42.5,208.0,1.1,76
9406,635396,26.6,38.0,994.0,False,43.0,176.0,1.2,76
9407,695389,26.6,37.0,994.0,False,43.1,201.0,1.6,76
9408,755388,26.7,37.0,994.0,False,43.4,272.0,0.6,76
9409,815391,26.7,37.0,994.0,False,43.0,307.0,1.2,76
9410,875391,26.7,38.0,994.0,False,42.7,28.0,1.2,76
9411,935398,26.6,38.0,994.0,False,42.7,49.0,0.3,76
9412,995392,26.7,38.0,994.0,False,42.9,103.0,1.0,76
9413,1055419,26.6,38.0,994.0,False,42.6,153.0,0.5,76
9414,1115391,26.8,38.0,994.0,False,42.5,221.0,0.4,76
9415,1175391,26.8,37.0,994.0,False,42.6,134.0,0.8,76
9416,1235451,26.9,36.0,993.9,False,43.3,176.0,1.1,76
9417,1295396,27.0,36.0,994.0,False,43.3,187.0,1.2,76
9418,1355390,27.0,36.0,993.7,False,43.2,153.0,0.6,76
9419,1415389,27.1,35.0,993.9,False,43.0,180.0,0.6,76
9420,1475394,27.1,36.0,994.0,False,43.0,130.0,0.6,76
9421,1535394,27.1,36.0,994.0,False,43.0,0.0,0.8,76
9422,1595393,27.2,37.0,993.9,False,42.3,213.0,0.6,76
9423,1655390,27.2,36.0,993.9,False,42.3,174.0,1.6,76
9424,1715392,27.4,35.0,994.0,False,42.3,180.0,2.0,76
9425,1775393,27.5,35.0,993.9,False,43.1,214.0,1.2,76
9426,1835392,27.5,35.0,994.0,False,43.2,207.0,1.7,76
9427,1895392,27.4,35.0,993.7,False,43.2,250.0,1.2,76
9428,1955392,27.2,35.0,993.9,False,43.0,203.0,0.6,76
9429,2015393,27.3,35.0,993.9,False,43.1,234.0,0.8,76
9430,2075392,27.2,35.0,993.9,False,43.0,349.0,1.2,76
9431,2135411,27.2,36.0,993.9,False,43.0,241.0,0.5,76
9432,2195391,27.1,36.0,993.7,False,42.7,164.0,0.6,76
9433,2255392,27.2,36.0,993.9,False,43.2,322.0,0.6,76
9434,2315391,27.1,35.0,993.7,False,43.2,10.0,1.2,76
9435,2375392,27.0,35.0,993.7,False,43.3,323.0,0.5,76
9436,2435404,26.9,35.0,993.7,False,43.4,43.0,1.0,76
9437,2495393,27.1,35.0,993.7,False,43.4,0.0,1.2,76
9438,2555393,27.1,35.0,993.7,False,43.3,339.0,0.6,76
9439,2615393,27.2,35.0,993.7,False,43.3,239.0,1.2,76
9440,2675394,27.2,35.0,993.7,False,43.7,0.0,1.7,76
9441,2735398,27.2,35.0,993.7,False,43.7,165.0,0.6,76
9442,2795391,27.2,34.0,993.5,False,44.0,180.0,1.1,76
9443,2855393,27.2,34.0,993.7,False,44.2,193.0,1.3,76
9444,2915394,27.4,33.0,993.7,False,44.2,208.0,1.7,76
9445,2975395,27.4,33.0,993.5,False,44.2,207.0,1.1,76
9446,3035392,27.6,33.0,993.7,False,44.2,124.0,1.6,76
9447,3095396,27.5,34.0,993.5,False,43.8,142.0,1.2,76
9448,3155409,27.5,33.0,993.5,False,43.8,122.0,0.8,76
9449,3215410,27.5,34.0,993.7,False,44.0,46.0,1.2,76
9450,3275416,27.4,34.0,993.5,False,42.9,188.0,1.7,76
9451,3335436,27.3,35.0,993.5,False,42.9,16.0,0.8,76
9452,3395426,27.3,35.0,993.5,False,43.0,53.0,1.7,76
9453,3455441,27.3,34.0,993.7,False,43.3,20.0,1.8,76
9454,3515476,27.3,33.0,993.5,False,43.4,2.0,2.0,76
9455,3575448,27.2,34.0,993.5,False,43.3,355.0,1.1,76
9456,3635465,27.4,33.0,993.5,False,43.3,302.0,0.8,76
9457,3695472,27.5,33.0,993.5,False,43.4,165.0,0.4,76
9458,3755487,27.8,32.0,993.5,False,43.5,296.0,0.4,76
9459,3815530,27.8,32.0,993.5,False,43.5,4.0,0.5,76
9460,3875499,27.9,32.0,993.5,False,43.7,36.0,2.0,76
9461,3935491,27.8,32.0,993.5,False,43.8,213.0,0.4,76
9462,3995509,27.8,32.0,993.5,False,44.1,181.0,1.3,76
9463,4055516,28.0,31.0,993.5,False,44.2,186.0,1.1,76
9464,4115547,28.0,32.0,993.5,False,44.2,173.0,2.0,76
9465,4175523,28.1,32.0,993.4,False,43.9,187.0,2.4,76
9466,4235518,27.8,33.0,993.4,False,43.9,198.0,1.3,76
9467,4295520,27.7,33.0,993.4,False,43.5,156.0,2.0,76
9468,4355517,27.9,33.0,993.4,False,43.9,235.0,2.2,76
9469,4415519,28.0,33.0,993.2,False,43.9,202.0,1.5,76
9470,4475520,28.2,33.0,993.4,False,44.0,198.0,1.8,76
9471,4535516,28.1,32.0,993.2,False,44.3,0.0,1.2,76
9472,4595534,28.2,32.0,993.4,False,44.4,202.0,1.7,76
9473,4655522,28.1,31.0,993.4,False,43.9,196.0,1.7,76
9474,4715517,28.2,31.0,993.4,False,44.0,207.0,2.5,76
9475,4775517,28.2,31.0,993.4,False,43.8,183.0,1.7,76
9476,4835520,28.2,31.0,993.4,False,43.8,166.0,1.5,76
9477,4895517,28.1,32.0,993.2,False,43.4,209.0,1.6,76
9478,4955523,28.1,31.0,993.2,False,43.4,149.0,0.8,76
9479,5015519,28.1,32.0,993.2,False,43.3,188.0,1.7,76
9480,5075518,28.1,32.0,993.2,False,43.3,215.0,2.0,76
9481,5135521,28.1,32.0,993.2,False,43.8,198.0,1.6,76
9482,5195520,28.3,32.0,993.2,False,43.8,144.0,1.6,76
9483,5255525,28.1,32.0,993.2,False,43.2,188.0,1.2,76
9484,5315518,28.1,32.0,993.2,False,43.7,198.0,1.6,76
9485,5375524,28.1,32.0,993.2,False,43.7,213.0,1.6,76
9486,5435529,28.2,32.0,993.2,False,43.7,169.0,2.2,76
9487,5495522,28.3,31.0,993.2,False,43.7,176.0,1.5,76
9488,5555522,28.2,32.0,993.2,False,43.6,208.0,2.2,76
9489,5615527,28.3,31.0,993.0,False,43.5,216.0,1.7,76
9490,5675531,28.2,31.0,993.2,False,43.4,215.0,1.3,76
9491,5735524,28.2,32.0,993.2,False,43.4,219.0,1.7,76
9492,5795533,28.2,32.0,993.0,False,43.4,278.0,1.8,76
9493,5855522,28.3,31.0,993.2,False,43.2,186.0,1.7,76
9494,5915524,28.3,30.0,993.0,False,43.6,173.0,1.3,76
9495,5975524,28.1,31.0,993.0,False,43.6,145.0,2.0,76
9496,6035521,27.9,32.0,993.0,False,43.2,204.0,1.2,76
9497,6095523,28.1,32.0,993.0,False,43.1,228.0,1.7,76
9498,6155523,28.2,31.0,993.0,False,43.4,264.0,1.7,76
9499,6215520,28.2,31.0,993.0,False,43.4,208.0,1.1,76
9500,6275525,28.3,30.0,993.0,False,43.7,158.0,1.1,76
9501,6335519,28.4,30.0,993.0,False,43.4,187.0,1.2,76
9502,6395525,28.3,30.0,993.0,False,43.2,204.0,1.7,76
9503,6455526,28.4,30.0,992.9,False,43.2,210.0,1.7,76
9504,6515520,28.4,30.0,992.9,False,42.9,187.0,2.2,76
9505,6575523,28.5,30.0,992.9,False,43.2,204.0,1.5,76
9506,6635519,28.4,30.0,992.9,False,43.1,204.0,1.7,76
9507,6695515,28.3,30.0,992.9,False,43.1,183.0,2.0,76
9508,6755522,28.4,30.0,992.9,False,43.1,208.0,2.0,76
9509,6815520,28.3,30.0,992.9,False,42.9,164.0,1.2,76
9510,6875520,28.2,31.0,992.9,False,42.9,192.0,2.2,76
9511,6935533,28.2,31.0,992.7,False,42.8,158.0,2.0,76
9512,6995520,28.3,31.0,992.7,False,42.8,189.0,1.1,76
9513,7055520,28.3,31.0,992.9,False,43.2,237.0,0.6,76
9514,7115534,28.4,31.0,992.7,False,43.3,197.0,1.5,76
9515,7175520,28.4,31.0,992.5,False,43.2,191.0,1.8,76
9516,7235532,28.3,31.0,992.7,False,43.1,171.0,1.0,76
9517,7295520,28.4,32.0,992.7,False,43.1,179.0,2.2,76
9518,7355533,28.4,31.0,992.7,False,43.1,203.0,2.4,76
9519,7415521,28.4,30.0,992.7,False,43.0,203.0,1.8,76
9520,7475755,28.4,30.0,992.7,False,42.5,172.0,1.8,76
9521,7535522,28.3,31.0,992.7,False,42.4,181.0,1.2,76
9522,7595521,28.3,31.0,992.7,False,42.6,206.0,1.6,76
9523,7655520,28.4,31.0,992.7,False,42.8,199.0,1.2,76
9524,7715522,28.3,31.0,992.7,False,42.7,218.0,1.6,76
9525,7775522,28.3,30.0,992.7,False,42.7,234.0,1.7,76
9526,7835532,28.3,31.0,992.7,False,42.6,4.0,1.2,76
9527,7895532,28.3,31.0,992.7,False,42.3,0.0,1.3,76
9528,7955532,28.4,31.0,992.7,False,42.3,188.0,0.4,76
9529,8015521,28.5,31.0,992.7,False,42.2,196.0,0.8,76
9530,8075521,28.5,31.0,992.7,False,42.2,188.0,1.8,76
9531,8135521,28.5,31.0,992.5,False,42.5,169.0,2.0,76
9532,8195521,28.5,30.0,992.7,False,42.5,196.0,2.5,76
9533,8255523,28.4,31.0,992.5,False,42.6,192.0,2.0,76
9534,8315523,28.4,31.0,992.7,False,42.4,186.0,1.2,76
9535,8375522,28.4,31.0,992.5,False,42.4,191.0,1.5,76
9536,8435521,28.4,30.0,992.5,False,42.4,217.0,1.8,76
9537,8495522,28.5,30.0,992.7,False,42.6,217.0,1.2,76
9538,8555525,28.5,30.0,992.5,False,42.7,99.0,1.3,76
9539,8615523,28.5,30.0,992.7,False,42.2,189.0,1.1,76
9540,8675531,28.4,30.0,992.7,False,42.1,196.0,2.7,76
9541,8735535,28.5,30.0,992.7,False,41.8,172.0,2.2,76
9542,8795525,28.5,31.0,992.5,False,41.8,169.0,2.5,76
9543,14701,26.5,82.0,1008.5,False,27.1,335.0,1.0,77
9544,74694,26.5,82.0,1008.5,False,27.0,345.0,0.8,77
9545,134692,26.5,82.0,1008.5,False,26.7,357.0,0.5,77
9546,194693,26.5,81.0,1008.5,False,27.1,308.0,0.8,77
9547,254708,26.5,83.0,1008.7,False,27.1,340.0,1.0,77
9548,314724,26.5,82.0,1008.7,False,27.3,356.0,1.2,77
9549,374740,26.5,82.0,1008.7,False,27.4,358.0,1.5,77
9550,434741,26.4,82.0,1008.7,False,27.3,2.0,0.8,77
9551,494743,26.4,82.0,1008.7,False,27.4,5.0,1.0,77
9552,554737,26.4,81.0,1008.7,False,27.4,1.0,1.1,77
9553,614760,26.4,81.0,1008.5,False,27.3,341.0,1.1,77
9554,674757,26.5,81.0,1008.7,False,27.4,354.0,1.2,77
9555,734776,26.5,81.0,1008.7,False,27.7,341.0,1.2,77
9556,794772,26.4,81.0,1008.7,False,27.4,347.0,1.0,77
9557,854772,26.4,81.0,1008.7,False,27.5,359.0,1.3,77
9558,914771,26.4,81.0,1008.7,False,27.4,6.0,1.2,77
9559,974774,26.4,81.0,1008.7,False,27.3,324.0,0.8,77
9560,1034772,26.4,81.0,1008.7,False,27.3,348.0,0.8,77
9561,1094773,26.4,81.0,1008.7,False,27.2,3.0,0.8,77
9562,1154773,26.5,81.0,1008.9,False,27.2,293.0,0.6,77
9563,1214775,26.5,81.0,1008.7,False,27.5,328.0,0.5,77
9564,1274773,26.6,81.0,1008.9,False,27.7,165.0,0.6,77
9565,1334775,26.6,82.0,1008.9,False,27.8,119.0,0.5,77
9566,1394773,26.7,82.0,1008.9,False,28.0,207.0,0.5,77
9567,1454820,26.8,82.0,1008.9,False,28.2,182.0,0.6,77
9568,1514773,26.9,82.0,1009.0,False,28.2,164.0,0.8,77
9569,1574775,26.9,82.0,1009.0,False,28.1,199.0,0.8,77
9570,1634774,26.9,81.0,1008.9,False,28.1,172.0,1.2,77
9571,1694774,27.0,81.0,1008.9,False,28.0,166.0,0.8,77
9572,1754766,26.9,81.0,1009.0,False,27.9,187.0,1.2,77
9573,1814777,26.9,81.0,1009.0,False,27.7,188.0,1.2,77
9574,1874774,27.0,81.0,1009.0,False,27.6,175.0,1.2,77
9575,1934772,27.1,82.0,1009.0,False,27.6,184.0,1.2,77
9576,1994773,27.1,82.0,1009.0,False,27.6,161.0,1.2,77
9577,2054785,27.1,82.0,1009.0,False,27.6,174.0,1.3,77
9578,2114775,27.1,82.0,1009.0,False,27.5,149.0,1.0,77
9579,2174774,27.1,82.0,1009.0,False,27.8,167.0,0.6,77
9580,2234773,27.1,82.0,1009.0,False,27.9,140.0,0.6,77
9581,2294775,27.1,82.0,1009.0,False,27.7,0.0,0.5,77
9582,2354771,27.0,82.0,1009.0,False,27.6,0.0,0.0,77
9583,2414782,27.0,83.0,1009.0,False,27.7,0.0,0.0,77
9584,2474775,27.0,82.0,1009.0,False,27.8,332.0,0.6,77
9585,2534777,26.9,83.0,1009.2,False,27.5,217.0,0.8,77
9586,2594776,26.9,83.0,1009.2,False,27.5,8.0,0.6,77
9587,2654776,26.9,83.0,1009.2,False,27.5,334.0,0.6,77
9588,2714776,27.0,83.0,1009.2,False,27.2,79.0,0.6,77
9589,2774775,27.0,83.0,1009.2,False,27.2,124.0,0.5,77
9590,2834784,27.0,84.0,1009.2,False,27.3,132.0,0.5,77
9591,2894777,27.0,83.0,1009.2,False,27.5,0.0,1.3,77
9592,2954776,26.9,83.0,1009.4,False,27.4,291.0,0.4,77
9593,3014776,26.9,82.0,1009.4,False,27.7,0.0,0.0,77
9594,3074790,26.8,83.0,1009.4,False,27.7,90.0,1.2,77
9595,3134783,26.9,82.0,1009.4,False,28.0,157.0,0.6,77
9596,3194800,26.9,81.0,1009.4,False,28.0,193.0,0.4,77
9597,3254813,26.9,82.0,1009.5,False,28.0,322.0,0.4,77
9598,3314822,27.0,81.0,1009.5,False,28.3,151.0,0.5,77
9599,3374822,27.0,81.0,1009.5,False,28.3,179.0,0.6,77
9600,3434829,27.0,81.0,1009.5,False,28.3,323.0,0.8,77
9601,3494828,27.0,80.0,1009.5,False,28.6,299.0,0.6,77
9602,3554822,27.0,80.0,1009.5,False,28.3,0.0,0.4,77
9603,3614822,27.1,80.0,1009.5,False,28.3,156.0,0.5,77
9604,3674824,27.0,80.0,1009.5,False,28.3,180.0,0.5,77
9605,3734839,26.9,80.0,1009.5,False,28.1,0.0,0.3,77
9606,3794867,26.9,80.0,1009.5,False,28.0,174.0,0.3,77
9607,3854869,26.9,80.0,1009.5,False,28.1,174.0,0.6,77
9608,3914870,26.9,80.0,1009.7,False,27.9,0.0,0.8,77
9609,3974884,26.9,80.0,1009.7,False,28.0,0.0,0.4,77
9610,4034900,27.0,80.0,1009.7,False,28.0,12.0,0.4,77
9611,4094917,27.0,81.0,1009.7,False,28.1,154.0,0.3,77
9612,4154931,27.1,81.0,1009.5,False,28.2,242.0,0.0,77
9613,4214947,27.1,81.0,1009.7,False,28.4,0.0,0.0,77
9614,4274968,27.2,81.0,1009.7,False,28.5,157.0,0.0,77
9615,4334960,27.2,81.0,1009.7,False,28.5,129.0,1.0,77
9616,4394962,27.1,80.0,1009.7,False,28.4,0.0,0.6,77
9617,4454980,27.1,81.0,1009.7,False,28.3,192.0,0.0,77
9618,4514980,27.2,81.0,1009.7,False,28.3,159.0,0.4,77
9619,4574984,27.2,81.0,1009.7,False,28.5,155.0,1.2,77
9620,4634994,27.2,80.0,1009.7,False,28.5,180.0,0.6,77
9621,4694996,27.2,80.0,1009.7,False,28.4,174.0,0.5,77
9622,4755010,27.2,80.0,1009.7,False,28.5,158.0,0.8,77
9623,18363,25.2,90.0,1007.7,True,24.5,21.0,0.8,78
9624,78355,25.0,90.0,1007.7,True,25.0,38.0,1.1,78
9625,138360,24.9,90.0,1007.9,True,25.1,55.0,0.8,78
9626,198355,24.8,91.0,1007.9,True,25.2,153.0,0.8,78
9627,258357,24.7,91.0,1007.7,True,25.5,171.0,0.6,78
9628,318367,24.6,92.0,1007.9,True,26.0,0.0,0.6,78
9629,378355,24.5,92.0,1007.9,True,26.1,29.0,0.0,78
9630,438355,24.4,91.0,1007.9,True,26.0,9.0,0.8,78
9631,498347,24.4,91.0,1007.9,True,26.0,58.0,1.2,78
9632,558356,24.4,91.0,1007.7,True,26.0,58.0,0.8,78
9633,618354,24.3,92.0,1007.7,True,26.1,41.0,0.5,78
9634,678356,24.3,92.0,1007.7,True,26.2,8.0,0.6,78
9635,738395,24.3,92.0,1007.7,True,26.4,34.0,0.6,78
9636,798355,24.3,92.0,1007.7,True,26.4,70.0,0.6,78
9637,858355,24.3,93.0,1007.7,True,26.5,139.0,0.4,78
9638,918355,24.4,93.0,1007.7,True,26.5,143.0,0.4,78
9639,978354,24.4,93.0,1007.7,True,26.4,173.0,0.8,78
9640,1038355,24.4,93.0,1007.7,True,26.4,170.0,1.0,78
9641,1098392,24.4,93.0,1007.7,True,26.5,159.0,1.2,78
9642,1158355,24.4,93.0,1007.7,True,26.7,160.0,1.3,78
9643,1218357,24.4,93.0,1007.5,True,27.0,167.0,1.6,78
9644,1278357,24.4,93.0,1007.5,True,27.0,167.0,1.7,78
9645,1338378,24.4,93.0,1007.5,True,27.3,167.0,1.7,78
9646,1398358,24.4,94.0,1007.5,True,27.4,166.0,1.8,78
9647,1458358,24.5,93.0,1007.5,True,27.5,162.0,2.4,78
9648,1518355,24.5,93.0,1007.5,True,27.7,160.0,2.2,78
9649,1578356,24.5,93.0,1007.4,True,28.0,162.0,2.4,78
9650,1638361,24.4,94.0,1007.4,True,27.9,163.0,2.7,78
9651,1698359,24.4,93.0,1007.5,True,27.7,161.0,2.5,78
9652,1758354,24.5,93.0,1007.5,True,27.7,163.0,1.8,78
9653,1818355,24.4,93.0,1007.5,True,27.9,157.0,1.3,78
9654,1878357,24.4,93.0,1007.5,True,28.1,159.0,1.5,78
9655,1938359,24.4,93.0,1007.5,True,28.1,173.0,1.0,78
9656,1998358,24.4,93.0,1007.5,True,28.2,141.0,0.8,78
9657,2058355,24.4,93.0,1007.5,True,28.3,152.0,0.6,78
9658,2118360,24.4,93.0,1007.5,True,28.4,131.0,0.8,78
9659,2178356,24.4,93.0,1007.5,True,28.5,135.0,1.1,78
9660,2238356,24.4,93.0,1007.5,True,28.7,145.0,1.0,78
9661,2298357,24.3,93.0,1007.5,True,28.6,140.0,0.8,78
9662,2358358,24.4,93.0,1007.5,True,28.6,158.0,0.8,78
9663,2418358,24.3,93.0,1007.5,True,28.7,149.0,0.8,78
9664,2478356,24.5,94.0,1007.4,True,28.9,0.0,0.3,78
9665,2538359,24.5,94.0,1007.5,True,28.9,3.0,0.0,78
9666,2598358,24.6,94.0,1007.5,True,29.2,44.0,0.6,78
9667,2658359,24.7,94.0,1007.5,True,29.3,20.0,0.6,78
9668,2718356,24.7,93.0,1007.4,True,29.4,0.0,1.1,78
9669,2778357,24.8,93.0,1007.5,False,29.9,345.0,0.8,78
9670,2838356,24.8,93.0,1007.4,False,29.9,0.0,0.3,78
9671,2898358,24.9,93.0,1007.2,False,29.9,9.0,1.0,78
9672,2958359,24.8,93.0,1007.4,False,29.9,5.0,0.8,78
9673,3018356,24.8,93.0,1007.4,False,30.0,10.0,0.8,78
9674,3078359,24.8,93.0,1007.4,False,30.0,26.0,0.8,78
9675,3138365,24.9,93.0,1007.5,False,30.1,170.0,0.6,78
9676,3198357,24.9,94.0,1007.2,False,30.4,0.0,0.0,78
9677,3258357,24.9,93.0,1007.5,False,30.7,181.0,0.0,78
9678,3318390,25.0,94.0,1007.4,False,30.9,164.0,0.6,78
9679,3378365,25.1,93.0,1007.5,False,30.9,137.0,0.6,78
9680,3438357,25.1,93.0,1007.5,False,31.0,152.0,0.5,78
9681,3498361,25.1,93.0,1007.4,False,31.0,155.0,0.6,78
9682,3558358,25.1,92.0,1007.4,False,31.1,156.0,0.8,78
9683,3618358,25.1,92.0,1007.5,False,30.7,148.0,0.8,78
9684,3678358,25.1,93.0,1007.5,False,30.6,154.0,0.8,78
9685,3738358,25.2,93.0,1007.5,False,30.6,145.0,0.6,78
9686,3798358,25.1,92.0,1007.5,False,30.6,128.0,0.6,78
9687,3858364,25.2,92.0,1007.5,False,30.5,150.0,0.6,78
9688,3918358,25.2,92.0,1007.5,False,30.5,140.0,0.6,78
9689,3978358,25.2,92.0,1007.5,False,30.5,31.0,0.4,78
9690,4038376,25.3,92.0,1007.5,False,30.8,39.0,0.0,78
9691,4098427,25.3,92.0,1007.5,False,30.8,9.0,0.6,78
9692,4158382,25.4,92.0,1007.5,False,30.8,11.0,1.0,78
9693,4218389,25.3,91.0,1007.5,False,30.8,354.0,1.1,78
9694,4278390,25.3,92.0,1007.5,False,30.5,16.0,1.1,78
9695,4338414,25.3,92.0,1007.5,False,30.2,4.0,0.6,78
9696,4398406,25.4,91.0,1007.5,False,30.1,10.0,0.8,78
9697,4458405,25.4,91.0,1007.7,False,30.1,11.0,0.6,78
9698,4518403,25.4,91.0,1007.5,False,30.2,23.0,0.8,78
9699,4578405,25.3,90.0,1007.5,False,30.8,9.0,0.6,78
9700,4638406,25.4,91.0,1007.5,False,31.1,8.0,0.8,78
9701,4698432,25.4,90.0,1007.5,False,31.1,20.0,0.8,78
9702,4758437,25.3,90.0,1007.5,False,31.1,19.0,0.8,78
9703,4818454,25.3,90.0,1007.7,False,30.8,22.0,0.8,78
9704,4878455,25.4,89.0,1007.5,False,30.7,13.0,1.1,78
9705,4938468,25.4,90.0,1007.7,False,30.9,11.0,1.1,78
9706,4998486,25.5,88.0,1007.7,False,31.0,9.0,1.2,78
9707,5058484,25.5,88.0,1007.7,False,31.0,7.0,1.0,78
9708,5118484,25.5,87.0,1007.7,False,31.0,28.0,1.2,78
9709,5178493,25.6,87.0,1007.7,False,30.8,8.0,1.1,78
9710,5238483,25.6,86.0,1007.7,False,30.7,9.0,1.2,78
9711,5298483,25.7,86.0,1007.7,False,30.7,12.0,0.8,78
9712,5358488,25.7,85.0,1007.7,False,30.9,6.0,1.1,78
9713,5418506,25.7,85.0,1007.7,False,31.0,8.0,1.1,78
9714,5478494,25.8,85.0,1007.7,False,31.0,8.0,1.1,78
9715,5538515,25.8,84.0,1007.9,False,30.9,18.0,0.8,78
9716,5598536,25.9,83.0,1007.9,False,30.6,8.0,0.8,78
9717,5658558,25.9,83.0,1007.7,False,30.6,8.0,1.2,78
9718,5718536,26.0,83.0,1007.9,False,30.6,4.0,1.3,78
9719,5778540,26.0,82.0,1007.9,False,30.5,5.0,1.6,78
9720,5838537,26.0,82.0,1007.9,False,30.5,356.0,1.6,78
9721,5898549,26.0,82.0,1007.9,False,30.4,0.0,1.5,78
9722,5958562,26.1,81.0,1007.9,False,30.4,4.0,1.3,78
9723,6018578,26.1,81.0,1007.9,False,30.2,19.0,1.6,78
9724,6078580,26.2,81.0,1007.9,False,29.9,10.0,1.2,78
9725,6138584,26.2,81.0,1007.9,False,29.9,14.0,1.5,78
9726,6198583,26.2,81.0,1007.9,False,29.8,11.0,1.1,78
9727,6258578,26.2,81.0,1007.9,False,29.8,20.0,1.2,78
9728,6318578,26.3,80.0,1007.9,False,29.7,22.0,1.2,78
9729,6378594,26.3,80.0,1008.0,False,29.8,36.0,0.8,78
9730,6438604,26.3,80.0,1007.9,False,29.9,28.0,1.5,78
9731,6498597,26.3,80.0,1007.9,False,29.7,349.0,0.8,78
9732,6558597,26.3,81.0,1008.0,False,30.0,15.0,1.1,78
9733,6618597,26.3,81.0,1008.0,False,30.0,354.0,1.0,78
9734,6678585,26.3,81.0,1007.9,False,29.9,15.0,1.0,78
9735,6738610,26.4,80.0,1008.0,False,29.8,9.0,0.8,78
9736,6798612,26.4,81.0,1008.0,False,29.8,8.0,0.4,78
9737,6858611,26.4,82.0,1008.0,False,30.0,2.0,0.8,78
9738,6918611,26.4,81.0,1008.0,False,30.1,20.0,1.3,78
9739,6978621,26.4,81.0,1008.0,False,30.0,17.0,0.8,78
9740,7038616,26.5,81.0,1008.0,False,29.9,10.0,0.8,78
9741,7098603,26.5,82.0,1008.0,False,30.0,20.0,1.0,78
9742,7158612,26.5,81.0,1008.0,False,29.9,4.0,1.2,78
9743,7218612,26.5,82.0,1008.0,False,29.8,28.0,1.0,78
9744,7278627,26.4,81.0,1008.0,False,29.8,17.0,0.6,78
9745,7338615,26.5,82.0,1008.0,False,29.8,7.0,0.6,78
9746,7398616,26.6,81.0,1008.0,False,29.7,16.0,1.1,78
9747,7458611,26.5,81.0,1008.0,False,29.7,11.0,1.2,78
9748,7518613,26.6,82.0,1008.0,False,29.7,10.0,0.6,78
9749,7578618,26.7,81.0,1008.0,False,29.6,0.0,0.4,78
9750,7638615,26.7,82.0,1008.0,False,29.7,38.0,0.5,78
9751,7698612,26.8,82.0,1008.0,False,30.1,25.0,0.8,78
9752,7758627,26.7,81.0,1008.0,False,29.5,9.0,0.8,78
9753,7818664,26.8,82.0,1008.0,False,29.5,121.0,0.6,78
9754,7878646,26.8,82.0,1008.0,False,29.5,119.0,0.6,78
9755,7938681,26.9,82.0,1008.0,False,29.9,165.0,0.6,78
9756,7998658,26.9,83.0,1008.0,False,29.8,132.0,1.3,78
9757,8058649,26.9,82.0,1008.0,False,29.8,176.0,0.8,78
9758,8118660,26.8,83.0,1007.9,False,29.6,123.0,0.6,78
9759,8178659,26.8,82.0,1008.0,False,29.4,194.0,0.8,78
9760,8238661,26.9,83.0,1008.0,False,29.4,51.0,1.2,78
9761,8298675,26.9,83.0,1008.0,False,29.3,164.0,0.8,78
9762,8358677,26.9,83.0,1008.0,False,29.4,111.0,1.7,78
9763,8418692,27.0,83.0,1008.0,False,29.4,160.0,0.6,78
9764,8478705,26.9,83.0,1008.0,False,29.6,139.0,2.2,78
9765,8538705,27.0,82.0,1008.0,False,29.4,166.0,1.1,78
9766,8598726,27.1,83.0,1008.0,False,29.4,149.0,1.8,78
9767,8658739,27.1,83.0,1008.0,False,29.2,166.0,1.3,78
9768,8718740,27.1,83.0,1008.0,False,28.8,185.0,1.6,78
9769,8778739,27.1,83.0,1008.0,False,28.8,154.0,0.8,78
9770,8838737,27.0,83.0,1008.0,False,29.0,180.0,1.0,78
9771,8898728,27.2,83.0,1008.0,False,29.0,36.0,0.6,78
9772,8958740,27.1,82.0,1008.0,False,29.0,177.0,0.5,78
9773,9018741,27.0,83.0,1008.0,False,28.8,0.0,0.5,78
9774,9078730,27.1,83.0,1008.0,False,29.0,102.0,0.8,78
9775,9138743,27.0,84.0,1008.0,False,29.1,164.0,0.6,78
9776,9198739,27.1,84.0,1008.0,False,29.4,0.0,0.3,78
9777,9258738,27.2,84.0,1008.2,False,29.5,167.0,1.2,78
9778,9318743,27.2,84.0,1008.0,False,29.4,141.0,1.6,78
9779,9378738,27.2,83.0,1008.2,False,29.1,173.0,0.6,78
9780,9438737,27.3,83.0,1008.2,False,29.1,120.0,1.3,78
9781,9498755,27.3,83.0,1008.2,False,29.1,168.0,0.6,78
9782,9558739,27.3,84.0,1008.2,False,29.1,147.0,1.6,78
9783,9618779,27.3,83.0,1008.2,False,28.7,175.0,0.8,78
9784,9678738,27.3,84.0,1008.2,False,28.7,161.0,1.7,78
9785,9738742,27.3,83.0,1008.2,False,28.7,164.0,1.2,78
9786,9798739,27.3,84.0,1008.2,False,29.0,161.0,1.7,78
9787,9858762,27.3,83.0,1008.2,False,28.7,168.0,1.3,78
9788,9918738,27.3,84.0,1008.2,False,28.8,165.0,2.2,78
9789,9978745,27.3,83.0,1008.4,False,28.6,184.0,0.6,78
9790,10038737,27.3,84.0,1008.4,False,28.6,167.0,1.2,78
9791,10098741,27.3,84.0,1008.5,False,28.1,166.0,1.2,78
9792,10158740,27.3,84.0,1008.4,False,27.8,164.0,1.6,78
9793,10218738,27.3,85.0,1008.4,False,27.7,183.0,1.1,78
9794,10278743,27.3,85.0,1008.4,False,27.6,191.0,1.2,78
9795,10338741,27.2,85.0,1008.4,False,27.6,170.0,0.8,78
9796,10398740,27.2,86.0,1008.5,False,27.5,166.0,1.2,78
9797,10458740,27.2,86.0,1008.5,False,27.8,160.0,1.2,78
9798,10518740,27.3,86.0,1008.5,False,27.8,148.0,1.2,78
9799,10578755,27.3,87.0,1008.5,False,27.7,167.0,0.8,78
9800,10638771,27.3,86.0,1008.5,False,27.6,166.0,0.6,78
9801,10698786,27.2,87.0,1008.5,False,27.7,174.0,0.8,78
9802,10758789,27.2,87.0,1008.5,False,27.6,0.0,0.6,78
9803,10818793,27.2,87.0,1008.5,False,27.6,213.0,0.6,78
9804,10878807,27.2,87.0,1008.5,False,27.6,183.0,1.1,78
9805,10938787,27.1,88.0,1008.5,False,27.7,145.0,1.2,78
9806,10998787,27.1,88.0,1008.5,False,27.5,178.0,1.1,78
9807,11058799,27.1,88.0,1008.5,False,27.3,0.0,1.2,78
9808,11118789,27.2,88.0,1008.7,False,27.3,177.0,0.5,78
9809,11178803,27.2,88.0,1008.5,False,27.3,177.0,0.6,78
9810,11238819,27.1,88.0,1008.5,False,27.3,188.0,1.2,78
9811,11298824,27.1,88.0,1008.5,False,27.3,193.0,0.5,78
9812,11358834,27.1,88.0,1008.5,False,27.5,201.0,0.6,78
9813,11418835,27.1,88.0,1008.7,False,27.3,167.0,1.3,78
9814,11478852,27.1,89.0,1008.5,False,27.5,135.0,0.5,78
9815,11538859,27.1,89.0,1008.7,False,27.7,158.0,0.5,78
9816,11598869,27.1,89.0,1008.7,False,27.9,0.0,1.2,78
9817,11658868,27.1,89.0,1008.7,False,27.7,157.0,0.5,78
9818,11718870,27.1,89.0,1008.7,False,27.6,328.0,0.8,78
9819,11778881,27.0,89.0,1008.7,False,27.7,164.0,0.5,78
9820,11838903,27.1,89.0,1008.7,False,27.9,219.0,1.0,78
9821,11898916,27.1,89.0,1008.7,False,27.7,69.0,0.5,78
9822,11958913,27.1,89.0,1008.7,False,28.0,157.0,1.7,78
9823,12018920,27.1,89.0,1008.7,False,28.0,105.0,0.6,78
9824,12078921,27.1,89.0,1008.7,False,28.5,137.0,1.0,78
9825,12138917,27.1,89.0,1008.9,False,28.2,29.0,0.0,78
9826,12198917,27.1,89.0,1008.7,False,28.2,272.0,0.6,78
9827,12258916,27.1,89.0,1008.9,False,28.0,155.0,0.5,78
9828,12318917,27.1,89.0,1008.9,False,28.1,153.0,0.4,78
9829,12378912,27.2,89.0,1008.7,False,28.4,105.0,0.4,78
9830,12438904,27.2,89.0,1008.9,False,28.8,0.0,0.0,78
9831,12498922,27.2,89.0,1008.9,False,29.0,319.0,0.0,78
9832,12558922,27.1,89.0,1009.0,False,29.0,15.0,0.6,78
9833,12618919,27.1,89.0,1009.0,False,28.8,272.0,1.0,78
9834,12678932,27.0,89.0,1009.0,False,28.8,121.0,0.5,78
9835,12738916,27.1,89.0,1009.0,False,28.8,2.0,0.5,78
9836,12798923,27.0,89.0,1009.0,False,28.8,26.0,0.8,78
9837,12858921,27.0,88.0,1008.9,False,28.7,4.0,0.8,78
9838,12918915,27.1,88.0,1009.0,False,28.8,345.0,1.0,78
9839,12978923,27.0,88.0,1009.0,False,28.9,49.0,0.5,78
9840,13038946,27.0,88.0,1009.0,False,29.2,0.0,0.5,78
9841,13098963,27.0,88.0,1009.0,False,29.3,131.0,0.6,78
9842,13158998,27.1,88.0,1009.0,False,29.4,0.0,0.0,78
9843,13218961,27.1,88.0,1009.0,False,29.7,181.0,0.6,78
9844,13278961,27.1,88.0,1009.0,False,29.6,162.0,0.6,78
9845,13338977,27.2,88.0,1009.0,False,29.7,156.0,0.8,78
9846,13398993,27.2,87.0,1009.0,False,29.6,142.0,0.6,78
9847,13459004,27.2,87.0,1009.0,False,29.5,149.0,1.5,78
9848,13518991,27.3,87.0,1009.0,False,29.6,175.0,1.1,78
9849,13578995,27.3,87.0,1009.0,False,29.7,133.0,1.1,78
9850,13638995,27.3,86.0,1009.0,False,29.6,170.0,1.1,78
9851,13698996,27.3,86.0,1009.2,False,29.4,195.0,0.6,78
9852,13758994,27.3,86.0,1009.2,False,29.4,0.0,1.1,78
9853,13819035,27.4,86.0,1009.2,False,29.3,210.0,0.4,78
9854,13879007,27.4,86.0,1009.2,False,29.3,0.0,0.8,78
9855,13939002,27.5,86.0,1009.0,False,29.2,146.0,0.8,78
9856,13998993,27.5,86.0,1009.2,False,28.8,184.0,0.8,78
9857,14058996,27.5,87.0,1009.2,False,28.8,169.0,0.8,78
9858,14119022,27.5,87.0,1009.2,False,28.8,171.0,1.2,78
9859,14178997,27.6,87.0,1009.0,False,28.8,168.0,0.8,78
9860,14239019,27.6,87.0,1009.2,False,28.7,185.0,1.2,78
9861,14298995,27.6,87.0,1009.2,False,28.5,153.0,1.2,78
9862,14358997,27.6,87.0,1009.0,False,28.5,185.0,1.0,78
9863,14418994,27.6,87.0,1009.2,False,28.5,175.0,0.6,78
9864,14478994,27.6,87.0,1009.2,False,28.6,181.0,1.1,78
9865,14539010,27.6,87.0,1009.2,False,28.5,172.0,0.8,78
9866,14598997,27.5,88.0,1009.2,False,28.6,167.0,1.5,78
9867,14659003,27.5,87.0,1009.2,False,29.1,149.0,1.3,78
9868,14719015,27.5,88.0,1009.2,False,29.2,98.0,1.2,78
9869,14778995,27.5,87.0,1009.2,False,29.2,168.0,0.6,78
9870,14838999,27.5,87.0,1009.2,False,29.3,151.0,1.1,78
9871,14898989,27.6,87.0,1009.2,False,29.4,164.0,1.6,78
9872,14959000,27.6,87.0,1009.2,False,29.5,155.0,1.3,78
9873,15018997,27.6,87.0,1009.2,False,29.5,217.0,1.1,78
9874,15078995,27.7,87.0,1009.2,False,29.4,152.0,0.8,78
9875,15139012,27.7,87.0,1009.4,False,29.3,170.0,1.0,78
9876,15199012,27.7,87.0,1009.2,False,29.3,160.0,1.2,78
9877,15259027,27.7,87.0,1009.2,False,29.0,105.0,1.2,78
9878,40373,19.7,57.0,1014.5,False,27.0,322.0,3.0,79
9879,100378,19.7,57.0,1014.5,False,27.0,299.0,3.0,79
9880,160387,19.7,57.0,1014.5,False,26.9,305.0,2.2,79
9881,220405,19.8,57.0,1014.5,False,26.9,312.0,2.5,79
9882,280403,19.8,57.0,1014.5,False,26.9,325.0,2.2,79
9883,340403,19.8,57.0,1014.5,False,26.9,308.0,2.4,79
9884,400416,19.8,57.0,1014.5,False,26.9,324.0,2.9,79
9885,460402,19.7,58.0,1014.5,False,27.0,312.0,2.9,79
9886,520404,19.7,57.0,1014.7,False,27.0,332.0,2.7,79
9887,580404,19.7,58.0,1014.5,False,27.0,342.0,2.5,79
9888,640420,19.8,57.0,1014.5,False,26.9,337.0,2.7,79
9889,700435,19.8,58.0,1014.5,False,26.9,337.0,2.7,79
9890,760459,19.8,57.0,1014.5,False,26.8,324.0,2.7,79
9891,820466,19.8,57.0,1014.5,False,26.7,341.0,2.4,79
9892,880465,19.8,58.0,1014.5,False,26.7,315.0,2.2,79
9893,940483,19.8,58.0,1014.5,False,26.7,341.0,2.0,79
9894,1000487,19.8,58.0,1014.5,False,26.9,312.0,2.7,79
9895,1060493,19.8,58.0,1014.5,False,26.9,327.0,3.2,79
9896,1120491,19.8,58.0,1014.5,False,27.0,323.0,3.2,79
9897,1180493,19.8,58.0,1014.5,False,26.9,316.0,2.0,79
9898,1240485,19.8,58.0,1014.5,False,26.9,312.0,2.9,79
9899,1300481,19.9,57.0,1014.7,False,27.0,327.0,2.7,79
9900,1360484,20.0,58.0,1014.7,False,26.9,338.0,3.2,79
9901,1420491,20.0,58.0,1014.7,False,26.7,319.0,2.7,79
9902,1480485,20.0,58.0,1014.5,False,26.8,330.0,1.7,79
9903,1540482,20.1,57.0,1014.5,False,26.8,342.0,2.7,79
9904,1600481,20.0,57.0,1014.5,False,26.8,317.0,2.5,79
9905,1660496,20.1,57.0,1014.7,False,26.8,329.0,2.2,79
9906,1720491,20.0,57.0,1014.7,False,26.8,313.0,2.5,79
9907,1780484,19.9,57.0,1014.7,False,26.7,318.0,2.5,79
9908,1840480,19.9,57.0,1014.7,False,26.7,319.0,3.0,79
9909,1900497,20.0,58.0,1014.7,False,26.7,287.0,2.2,79
9910,1960480,20.0,58.0,1014.7,False,26.8,324.0,2.5,79
9911,2020484,20.1,57.0,1014.7,False,27.1,318.0,2.7,79
9912,2080483,20.1,58.0,1014.7,False,27.1,341.0,2.0,79
9913,2140481,20.2,57.0,1014.7,False,27.1,307.0,2.4,79
9914,2200483,20.2,56.0,1014.7,False,27.1,345.0,3.2,79
9915,2260482,20.2,57.0,1014.7,False,26.9,306.0,3.0,79
9916,2320482,20.2,57.0,1014.7,False,26.7,308.0,3.0,79
9917,2380482,20.1,57.0,1014.7,False,26.6,330.0,3.0,79
9918,2440481,20.1,57.0,1014.7,False,26.6,308.0,3.9,79
9919,2500484,20.1,57.0,1014.7,False,26.6,310.0,3.0,79
9920,2560484,20.1,57.0,1014.7,False,26.6,328.0,3.5,79
9921,2620507,20.1,57.0,1014.9,False,26.7,321.0,2.5,79
9922,2680488,20.2,57.0,1014.7,False,26.7,308.0,1.7,79
9923,2740482,20.2,57.0,1014.7,False,26.6,332.0,2.2,79
9924,2800481,20.3,57.0,1014.7,False,26.5,340.0,2.2,79
9925,2860481,20.3,57.0,1014.7,False,26.4,299.0,2.7,79
9926,2920481,20.2,57.0,1014.9,False,26.3,298.0,2.5,79
9927,2980483,20.2,57.0,1014.9,False,26.3,302.0,2.5,79
9928,3040479,20.1,56.0,1014.9,False,26.3,315.0,2.7,79
9929,3100484,20.0,57.0,1015.0,False,26.2,310.0,4.0,79
9930,3160479,20.0,57.0,1014.9,False,26.1,305.0,2.5,79
9931,3220481,20.0,57.0,1014.7,False,26.2,325.0,2.2,79
9932,3280482,20.0,57.0,1014.9,False,26.0,307.0,3.0,79
9933,3340481,19.9,57.0,1014.7,False,26.0,331.0,2.7,79
9934,3400480,19.9,57.0,1014.7,False,25.9,320.0,2.7,79
9935,3460481,19.8,57.0,1014.9,False,25.9,328.0,2.7,79
9936,3520487,19.8,58.0,1014.9,False,25.9,324.0,2.7,79
9937,3580483,19.8,58.0,1015.0,False,26.1,311.0,2.7,79
9938,3640489,19.8,58.0,1015.0,False,26.1,315.0,3.0,79
9939,3700484,19.8,58.0,1015.0,False,26.0,297.0,3.2,79
9940,3760482,19.7,58.0,1014.9,False,25.9,315.0,2.2,79
9941,3820484,19.7,58.0,1014.9,False,25.9,329.0,2.7,79
9942,3880481,19.7,58.0,1014.7,False,25.7,316.0,2.0,79
9943,3940483,19.7,58.0,1014.9,False,25.8,309.0,2.0,79
9944,4000496,19.7,58.0,1015.0,False,25.8,301.0,2.5,79
9945,4060499,19.7,58.0,1014.9,False,25.9,309.0,1.8,79
9946,4120497,19.7,58.0,1015.0,False,25.9,308.0,1.7,79
9947,4180497,19.7,58.0,1015.0,False,25.8,315.0,2.7,79
9948,4240497,19.7,58.0,1014.9,False,25.8,339.0,2.7,79
9949,4300512,19.7,58.0,1015.0,False,25.8,318.0,2.7,79
9950,4360537,19.7,58.0,1015.0,False,25.8,304.0,3.9,79
9951,4420529,19.6,59.0,1015.0,False,25.9,313.0,3.0,79
9952,4480542,19.6,59.0,1015.0,False,25.8,316.0,3.0,79
9953,4540574,19.6,59.0,1015.0,False,25.8,316.0,2.5,79
9954,4600582,19.6,58.0,1015.0,False,25.8,320.0,2.7,79
9955,45385,19.0,71.0,1016.0,True,22.8,0.0,0.0,80
9956,105378,19.0,71.0,1016.0,True,22.9,342.0,0.0,80
9957,165386,19.0,70.0,1016.0,True,23.0,69.0,0.6,80
9958,225386,18.9,69.0,1016.0,True,23.0,117.0,0.5,80
9959,285385,18.8,69.0,1016.0,True,22.9,89.0,0.6,80
9960,345390,18.8,70.0,1015.9,True,22.8,198.0,0.8,80
9961,405391,18.7,69.0,1015.9,True,22.8,232.0,0.8,80
9962,465387,18.7,70.0,1015.7,True,22.8,0.0,0.4,80
9963,525387,18.7,71.0,1015.9,True,22.8,38.0,0.6,80
9964,585410,18.6,71.0,1015.9,True,22.8,79.0,0.8,80
9965,645386,18.7,71.0,1015.9,True,22.8,0.0,0.8,80
9966,705386,18.7,71.0,1016.0,True,22.8,140.0,0.6,80
9967,765388,18.6,72.0,1015.9,True,22.7,104.0,0.5,80
9968,825389,18.6,71.0,1015.9,True,22.7,7.0,0.5,80
9969,885388,18.6,71.0,1015.9,True,22.7,28.0,0.6,80
9970,945388,18.5,71.0,1015.9,True,22.5,3.0,0.6,80
9971,1005386,18.4,72.0,1015.9,True,22.4,272.0,0.6,80
9972,1065389,18.4,72.0,1015.9,True,22.4,201.0,0.8,80
9973,1125388,18.4,71.0,1016.0,True,22.6,210.0,0.6,80
9974,1185388,18.4,72.0,1016.0,True,22.6,0.0,0.4,80
9975,1245387,18.5,72.0,1016.0,True,22.5,346.0,0.3,80
9976,1305387,18.4,72.0,1016.0,True,22.6,16.0,0.6,80
9977,1365396,18.3,71.0,1016.0,True,22.5,22.0,0.6,80
9978,1425387,18.2,71.0,1016.0,True,22.4,25.0,0.6,80
9979,1485404,18.2,71.0,1016.0,True,22.4,49.0,0.6,80
9980,1545416,18.3,71.0,1016.0,True,22.4,45.0,0.6,80
9981,1605420,18.3,72.0,1016.0,True,22.4,340.0,0.6,80
9982,1665420,18.5,74.0,1016.2,True,22.4,19.0,1.3,80
9983,1725419,18.4,74.0,1016.0,True,22.4,353.0,1.1,80
9984,1785457,18.4,74.0,1016.2,True,22.5,340.0,1.6,80
9985,1845434,18.4,75.0,1016.0,True,22.4,331.0,1.2,80
9986,1905434,18.4,75.0,1016.2,True,22.2,346.0,1.0,80
9987,1965436,18.3,75.0,1016.2,True,22.2,347.0,1.0,80
9988,2025450,18.3,75.0,1016.2,True,22.0,358.0,1.2,80
9989,2085544,18.1,74.0,1016.0,True,21.9,7.0,1.1,80
9990,2145487,18.1,75.0,1016.0,True,21.9,7.0,1.0,80
9991,2205485,18.2,76.0,1016.0,True,21.8,4.0,1.0,80
9992,2265496,18.2,76.0,1016.0,True,21.7,332.0,1.2,80
9993,2325496,18.1,77.0,1016.0,True,21.8,326.0,0.8,80
9994,2385517,18.0,76.0,1016.0,True,21.8,300.0,1.1,80
9995,2445518,18.0,77.0,1016.0,True,21.7,315.0,1.3,80
9996,2505527,18.0,77.0,1016.0,True,21.8,319.0,1.2,80
9997,2565514,18.0,77.0,1015.9,True,21.8,343.0,1.0,80
9998,2625514,18.0,77.0,1016.0,True,21.8,1.0,1.2,80
9999,2685545,18.1,77.0,1016.0,True,21.7,344.0,1.0,80
10000,2745511,18.1,77.0,1015.7,True,21.7,352.0,0.6,80
10001,2805512,18.1,78.0,1015.9,True,21.8,6.0,0.8,80
10002,2865512,18.0,78.0,1015.9,True,21.8,6.0,0.8,80
10003,2925516,18.0,78.0,1015.9,True,21.8,6.0,0.8,80
10004,2985511,17.7,78.0,1015.9,True,21.8,6.0,0.8,80
10005,3045512,17.5,78.0,1015.9,True,21.8,6.0,0.8,80
10006,3105540,17.8,77.0,1015.7,True,21.6,15.0,0.8,80
10007,3165539,17.8,77.0,1016.0,True,21.5,352.0,1.5,80
10008,3225543,17.7,79.0,1015.9,True,21.4,5.0,1.5,80
10009,3285560,17.6,79.0,1016.0,True,21.2,334.0,1.3,80
10010,3345562,17.6,79.0,1016.0,True,21.2,0.0,1.6,80
10011,3405573,17.6,80.0,1015.9,True,21.2,345.0,1.7,80
10012,3465581,17.6,81.0,1015.9,True,21.2,6.0,1.3,80
10013,3525580,17.6,82.0,1015.9,True,21.2,4.0,1.5,80
10014,3585590,17.6,81.0,1015.7,True,21.3,4.0,1.7,80
10015,3645605,17.5,82.0,1015.9,True,21.2,3.0,1.6,80
10016,3705608,17.5,82.0,1015.7,True,21.3,1.0,1.7,80
10017,3765627,17.5,83.0,1015.7,True,21.1,341.0,1.3,80
10018,3825652,17.5,83.0,1015.7,True,21.0,299.0,1.2,80
10019,3885639,17.5,83.0,1015.7,True,21.1,355.0,1.2,80
10020,3945639,17.5,84.0,1015.7,True,21.2,320.0,1.5,80
10021,4005636,17.4,83.0,1015.7,True,21.3,318.0,1.2,80
10022,4065636,17.4,83.0,1015.7,True,21.3,344.0,1.7,80
10023,4125637,17.4,84.0,1015.7,True,21.2,313.0,1.2,80
10024,4185637,17.3,84.0,1015.9,True,21.2,340.0,1.7,80
10025,4245634,17.3,85.0,1015.9,True,20.9,327.0,2.5,80
10026,4305637,17.3,84.0,1015.9,True,21.0,326.0,1.6,80
10027,4365637,17.3,85.0,1015.9,True,20.9,333.0,1.5,80
10028,4425639,17.2,85.0,1015.9,True,20.8,308.0,1.1,80
10029,4485640,17.3,85.0,1015.7,True,20.9,307.0,1.3,80
10030,4546081,17.1,84.0,1015.7,True,20.7,322.0,1.8,80
10031,4605728,17.1,85.0,1015.7,True,20.7,317.0,1.5,80
10032,4665685,17.1,85.0,1015.7,True,20.7,319.0,1.6,80
10033,4725683,17.1,86.0,1015.7,True,20.5,327.0,1.5,80
10034,4785691,17.1,86.0,1015.7,True,20.5,336.0,2.0,80
10035,4845699,17.1,86.0,1015.7,True,20.5,337.0,2.0,80
10036,4905698,17.1,86.0,1015.7,True,20.4,331.0,2.2,80
10037,4965698,17.1,87.0,1015.7,True,20.3,336.0,2.0,80
10038,5025699,17.0,87.0,1015.7,True,20.2,354.0,1.7,80
10039,5085705,17.0,87.0,1015.7,True,20.3,313.0,2.0,80
10040,5145713,17.0,88.0,1015.7,True,20.2,1.0,2.0,80
10041,5205737,17.1,88.0,1015.5,True,20.2,12.0,2.2,80
10042,5265759,17.0,88.0,1015.5,True,20.2,357.0,2.5,80
10043,5325760,16.9,88.0,1015.7,True,20.2,2.0,2.4,80
10044,5385761,16.9,88.0,1015.5,True,20.1,2.0,2.4,80
10045,5445760,16.8,88.0,1015.5,True,20.1,4.0,2.7,80
10046,5505761,16.8,89.0,1015.7,True,20.1,3.0,2.2,80
10047,5565772,16.8,89.0,1015.7,True,20.1,358.0,2.0,80
10048,5625769,16.8,89.0,1015.7,True,20.1,350.0,1.5,80
10049,5685763,16.7,89.0,1015.7,True,20.2,323.0,2.0,80
10050,5745761,16.7,89.0,1015.7,True,20.1,309.0,1.7,80
10051,5805764,16.7,89.0,1015.9,True,20.3,320.0,2.0,80
10052,5865760,16.7,89.0,1015.9,True,20.2,320.0,1.8,80
10053,5925765,16.6,89.0,1015.9,True,20.3,342.0,2.5,80
10054,5985778,16.5,89.0,1015.9,True,20.1,325.0,2.5,80
10055,6045763,16.5,89.0,1016.0,True,20.0,338.0,2.7,80
10056,6105758,16.5,89.0,1016.0,True,20.0,331.0,2.2,80
10057,6165760,16.5,90.0,1016.0,True,19.9,321.0,1.7,80
10058,6225762,16.5,89.0,1016.0,True,20.0,324.0,1.7,80
10059,6285765,16.5,89.0,1016.0,True,19.9,316.0,2.2,80
10060,6345760,16.5,90.0,1016.0,True,20.0,303.0,2.5,80
10061,6405765,16.4,89.0,1016.0,True,20.0,304.0,2.9,80
10062,6465761,16.4,90.0,1016.0,True,20.1,306.0,2.7,80
10063,6525766,16.4,90.0,1016.0,True,20.0,316.0,2.4,80
10064,6585760,16.4,89.0,1016.0,True,19.9,341.0,2.5,80
10065,6645762,16.4,90.0,1016.0,True,19.9,319.0,2.0,80
10066,6705780,16.4,90.0,1016.0,True,19.9,356.0,2.4,80
10067,6765760,16.4,90.0,1016.0,True,19.8,328.0,2.2,80
10068,6825758,16.4,90.0,1016.0,True,19.8,347.0,2.5,80
10069,6885764,16.3,90.0,1016.0,True,19.9,294.0,2.2,80
10070,6945761,16.3,90.0,1016.0,True,19.8,349.0,2.5,80
10071,7005760,16.4,90.0,1016.0,True,19.7,312.0,2.0,80
10072,7065766,16.3,90.0,1016.0,True,19.8,328.0,2.5,80
10073,7125761,16.3,90.0,1016.0,True,19.8,322.0,2.7,80
10074,7185768,16.3,90.0,1016.0,True,19.8,297.0,3.0,80
10075,7245760,16.3,90.0,1016.0,True,19.7,310.0,2.7,80
10076,7305763,16.2,90.0,1016.0,True,19.7,344.0,2.7,80
10077,7365761,16.3,91.0,1016.0,True,19.6,315.0,2.7,80
10078,7425759,16.3,91.0,1016.0,True,19.6,336.0,2.2,80
10079,7485762,16.2,90.0,1016.0,True,19.6,348.0,2.4,80
10080,7545767,16.2,90.0,1016.0,True,19.4,350.0,2.2,80
10081,7605777,16.2,91.0,1015.9,True,19.4,329.0,1.7,80
10082,7665776,16.2,90.0,1015.9,True,19.5,313.0,2.4,80
10083,7725933,16.2,91.0,1016.0,True,19.5,321.0,2.7,80
10084,7785790,16.2,91.0,1015.9,True,19.4,309.0,2.2,80
10085,7845808,16.2,91.0,1016.0,True,19.3,303.0,3.0,80
10086,7905807,16.1,91.0,1016.0,True,19.3,325.0,3.2,80
10087,7965808,16.1,90.0,1016.0,True,19.3,328.0,3.2,80
10088,8025821,16.1,91.0,1016.0,True,19.4,300.0,3.2,80
10089,8085811,16.1,91.0,1016.0,True,19.3,326.0,3.2,80
10090,8145822,16.1,91.0,1016.0,True,19.3,300.0,3.5,80
10091,8205838,16.1,91.0,1016.0,True,19.2,300.0,3.4,80
10092,8265841,16.0,91.0,1016.0,True,19.1,349.0,3.2,80
10093,8325856,16.1,91.0,1016.0,True,19.1,339.0,3.0,80
10094,8385858,16.1,91.0,1016.0,True,19.1,319.0,3.0,80
10095,8445855,16.1,91.0,1016.0,True,19.1,323.0,3.2,80
10096,8505855,16.0,91.0,1016.0,True,19.1,338.0,2.0,80
10097,8565871,16.0,91.0,1016.0,True,19.1,347.0,2.5,80
10098,8625868,16.0,91.0,1016.0,True,19.1,336.0,2.4,80
10099,8685870,16.0,91.0,1015.9,True,19.1,327.0,2.2,80
10100,8745885,16.0,91.0,1015.9,True,19.1,328.0,2.0,80
10101,8805887,16.1,91.0,1015.9,True,19.1,344.0,1.8,80
10102,8865887,16.0,91.0,1015.7,True,19.1,359.0,2.2,80
10103,8925886,16.0,91.0,1015.9,True,19.1,349.0,2.0,80
10104,8985889,16.0,92.0,1015.7,True,19.0,352.0,2.9,80
10105,9045887,16.0,91.0,1015.7,True,19.0,317.0,2.5,80
10106,9105887,16.0,92.0,1015.7,True,19.0,340.0,2.7,80
10107,9165886,16.0,92.0,1015.7,True,19.0,357.0,1.6,80
10108,9225889,16.0,92.0,1015.7,True,19.0,349.0,2.0,80
10109,9285900,15.9,92.0,1015.7,True,19.0,343.0,3.2,80
10110,9345887,15.9,92.0,1015.7,True,19.1,3.0,3.0,80
10111,9405890,15.9,92.0,1015.7,True,19.1,330.0,2.5,80
10112,9465886,15.9,92.0,1015.7,True,19.1,323.0,2.7,80
10113,9525896,15.9,92.0,1015.7,True,19.2,350.0,2.5,80
10114,9585889,16.0,92.0,1015.7,True,19.1,330.0,2.0,80
10115,9645886,16.0,92.0,1015.7,True,19.1,359.0,2.7,80
10116,9705888,15.9,92.0,1015.7,True,19.0,4.0,3.0,80
10117,9765889,15.9,92.0,1015.7,True,19.0,347.0,2.5,80
10118,9825896,15.9,92.0,1015.7,True,19.0,356.0,2.7,80
10119,9886017,15.9,92.0,1015.9,True,19.0,359.0,3.0,80
10120,9945997,15.9,92.0,1015.9,True,19.0,355.0,3.2,80
10121,10006011,15.9,92.0,1015.7,True,19.0,345.0,3.0,80
10122,10066011,15.9,92.0,1015.7,True,19.0,349.0,2.9,80
10123,10126012,16.0,92.0,1015.9,True,18.9,350.0,2.7,80
10124,10186020,16.0,92.0,1015.9,True,18.8,4.0,2.5,80
10125,10246013,16.0,92.0,1015.9,True,18.8,334.0,2.0,80
10126,10306011,16.0,92.0,1015.9,True,18.9,348.0,2.2,80
10127,10366011,16.0,92.0,1016.0,True,19.0,338.0,2.5,80
10128,10426012,16.0,92.0,1016.0,True,19.0,329.0,2.0,80
10129,10486018,16.0,92.0,1016.0,True,19.0,345.0,2.4,80
10130,10546012,16.0,92.0,1016.0,True,19.0,336.0,3.0,80
10131,10606012,16.0,92.0,1016.0,True,19.0,342.0,2.5,80
10132,10666010,16.0,92.0,1016.0,True,19.0,343.0,2.5,80
10133,10726018,16.0,92.0,1016.0,True,18.9,342.0,3.0,80
10134,10786020,16.0,92.0,1016.0,True,19.0,327.0,2.7,80
10135,10846014,16.0,92.0,1016.0,True,19.0,357.0,3.0,80
10136,10906010,16.0,92.0,1016.0,True,18.9,344.0,2.7,80
10137,10966015,15.9,92.0,1016.0,True,18.9,348.0,2.2,80
10138,11026013,15.9,92.0,1016.0,True,18.9,348.0,2.7,80
10139,11086020,15.9,92.0,1015.9,True,18.9,0.0,2.2,80
10140,11146039,16.0,92.0,1015.9,True,18.9,329.0,2.4,80
10141,11206013,16.0,92.0,1015.7,True,18.9,347.0,2.5,80
10142,11266013,16.0,92.0,1015.7,True,18.9,1.0,2.9,80
10143,11326028,16.0,92.0,1015.7,True,18.8,344.0,2.7,80
10144,11386043,16.0,92.0,1015.9,True,18.9,339.0,2.5,80
10145,11446057,15.9,92.0,1015.7,True,18.9,8.0,2.2,80
10146,11506104,16.0,91.0,1015.9,True,18.9,340.0,3.2,80
10147,11566058,16.0,91.0,1015.7,True,18.9,344.0,2.7,80
10148,11626066,15.9,91.0,1015.7,True,18.8,343.0,2.7,80
10149,11686059,15.9,92.0,1015.7,True,18.7,332.0,2.5,80
10150,11746058,15.9,91.0,1015.7,True,18.7,334.0,2.5,80
10151,11806060,15.9,91.0,1015.5,True,18.8,354.0,2.5,80
10152,11866081,15.9,91.0,1015.7,True,18.8,348.0,2.9,80
10153,11926080,15.9,91.0,1015.7,True,18.7,356.0,2.4,80
10154,11986079,15.9,91.0,1015.5,True,18.7,351.0,2.5,80
10155,12046073,15.9,91.0,1015.5,True,18.6,345.0,3.0,80
10156,12106089,15.9,91.0,1015.5,True,18.6,350.0,2.7,80
10157,12166108,15.9,91.0,1015.4,True,18.6,347.0,3.2,80
10158,12226105,15.9,91.0,1015.5,True,18.6,349.0,2.7,80
10159,12286117,15.9,91.0,1015.4,True,18.5,353.0,2.7,80
10160,12346105,15.9,91.0,1015.4,True,18.5,342.0,3.7,80
10161,12406104,15.9,91.0,1015.5,True,18.3,350.0,2.7,80
10162,12466110,15.9,91.0,1015.4,True,18.3,341.0,4.0,80
10163,12526109,15.9,91.0,1015.4,True,18.3,347.0,3.5,80
10164,12586133,15.9,91.0,1015.2,True,18.4,351.0,3.5,80
10165,12646124,15.9,91.0,1015.2,True,18.4,326.0,3.4,80
10166,12706131,15.9,91.0,1015.2,True,18.4,341.0,3.5,80
10167,12766135,15.8,91.0,1015.2,True,18.2,343.0,3.0,80
10168,12826135,15.9,91.0,1015.2,True,18.2,354.0,2.5,80
10169,12886139,15.9,91.0,1015.2,True,18.2,355.0,1.7,80
10170,12946147,15.8,91.0,1015.2,True,18.3,353.0,3.5,80
10171,13006137,15.9,91.0,1015.0,False,18.3,335.0,2.4,80
10172,13066141,15.8,91.0,1015.2,False,18.2,339.0,2.9,80
10173,13126135,15.9,91.0,1015.2,False,18.3,353.0,3.0,80
10174,13186142,15.9,91.0,1015.2,False,18.3,347.0,2.5,80
10175,13246137,15.9,91.0,1015.0,False,18.3,354.0,2.5,80
10176,13306135,15.9,91.0,1015.2,True,18.3,325.0,2.2,80
10177,13366134,16.0,91.0,1015.2,True,18.4,351.0,3.0,80
10178,13426181,15.9,91.0,1015.2,True,18.3,324.0,2.2,80
10179,13486137,15.9,91.0,1015.2,True,18.3,352.0,2.5,80
10180,13546144,15.8,91.0,1015.2,True,18.3,354.0,2.2,80
10181,13606137,15.9,91.0,1015.0,True,18.3,357.0,3.0,80
10182,13666135,15.9,91.0,1015.0,True,18.3,336.0,1.7,80
10183,13726136,15.9,91.0,1015.2,True,18.3,349.0,2.2,80
10184,13786139,15.9,91.0,1015.2,True,18.3,348.0,2.2,80
10185,13846135,15.9,90.0,1015.2,True,18.3,353.0,2.0,80
10186,13906201,15.9,91.0,1015.0,True,18.3,341.0,2.5,80
10187,13966136,15.9,91.0,1015.0,True,18.2,342.0,1.6,80
10188,14026140,15.9,90.0,1015.0,True,18.3,330.0,2.5,80
10189,14086141,15.9,90.0,1014.9,True,18.3,347.0,2.4,80
10190,14146135,15.9,90.0,1014.9,True,18.3,352.0,2.7,80
10191,14206135,15.9,90.0,1014.9,True,18.3,345.0,3.0,80
10192,14266139,15.9,90.0,1014.9,True,18.3,321.0,2.7,80
10193,14326135,15.9,90.0,1015.0,True,18.3,347.0,2.2,80
10194,14386137,15.9,90.0,1015.0,True,18.2,348.0,2.2,80
10195,14446139,15.9,90.0,1015.0,True,18.1,352.0,1.8,80
10196,14506141,15.9,90.0,1014.9,True,18.2,340.0,2.0,80
10197,14566139,15.9,90.0,1014.7,True,18.2,338.0,2.2,80
10198,14626136,15.9,90.0,1014.9,True,18.2,302.0,2.0,80
10199,14686135,15.9,90.0,1014.9,True,18.2,348.0,2.7,80
10200,14746136,15.9,90.0,1015.0,True,18.1,339.0,1.6,80
10201,14806151,15.9,89.0,1014.9,True,18.1,0.0,2.2,80
10202,14866136,16.0,89.0,1014.9,True,18.1,338.0,2.4,80
10203,14926135,16.0,89.0,1014.7,True,18.0,340.0,2.4,80
10204,14986137,16.0,89.0,1014.7,True,18.0,9.0,1.7,80
10205,15046135,15.9,89.0,1014.7,True,18.0,2.0,1.7,80
10206,15106915,15.9,89.0,1014.7,True,18.0,355.0,2.2,80
10207,15166135,15.9,89.0,1014.7,True,18.0,319.0,2.2,80
10208,15226134,15.9,89.0,1014.7,True,18.0,353.0,1.8,80
10209,15286146,15.9,89.0,1014.7,True,18.1,354.0,2.0,80
10210,25204,30.6,37.0,991.2,False,37.7,112.0,5.3,81
10211,85209,30.4,37.0,991.0,False,37.7,116.0,6.5,81
10212,145201,30.3,37.0,991.2,False,37.7,110.0,5.0,81
10213,205216,30.3,37.0,991.2,False,37.6,110.0,3.5,81
10214,265201,30.3,37.0,991.2,False,37.4,127.0,2.2,81
10215,325202,30.3,37.0,991.2,False,37.4,113.0,2.7,81
10216,385206,30.5,37.0,991.0,False,37.2,106.0,3.7,81
10217,445202,30.5,37.0,991.2,False,37.2,124.0,5.9,81
10218,505205,30.4,37.0,991.2,False,37.1,151.0,4.0,81
10219,565251,30.3,37.0,991.2,False,37.0,151.0,3.5,81
10220,625208,30.3,37.0,991.2,False,36.7,143.0,2.5,81
10221,685207,30.2,37.0,991.2,False,36.7,124.0,2.2,81
10222,745215,30.3,37.0,991.0,False,36.7,107.0,3.4,81
10223,805207,30.3,37.0,991.2,False,36.8,90.0,4.0,81
10224,865203,30.2,37.0,991.0,False,36.8,101.0,4.6,81
10225,925206,30.1,38.0,991.2,False,36.8,110.0,5.9,81
10226,985248,30.1,38.0,991.0,False,36.7,114.0,4.0,81
10227,1045220,30.1,38.0,991.0,False,36.5,108.0,4.5,81
10228,1105221,30.2,37.0,991.0,False,36.7,96.0,5.5,81
10229,1165250,30.1,37.0,991.0,False,36.7,105.0,6.1,81
10230,1225254,30.2,37.0,991.0,False,36.7,109.0,7.4,81
10231,1285253,30.1,37.0,991.2,False,36.8,140.0,5.3,81
10232,1345273,30.3,37.0,991.2,False,36.9,120.0,3.2,81
10233,1405290,30.4,36.0,991.2,False,36.9,114.0,3.2,81
10234,1465288,30.4,36.0,991.2,False,36.9,129.0,3.7,81
10235,1525302,30.5,36.0,991.2,False,37.1,154.0,2.7,81
10236,1585298,30.6,36.0,991.0,False,37.1,120.0,2.5,81
10237,1645316,30.5,35.0,991.2,False,37.0,122.0,2.2,81
10238,1705331,30.4,35.0,991.0,False,36.9,153.0,3.7,81
10239,1765333,30.5,36.0,991.2,False,36.8,115.0,3.5,81
10240,1825332,30.5,36.0,991.2,False,36.8,101.0,4.8,81
10241,1885332,30.5,36.0,991.2,False,36.8,110.0,3.5,81
10242,1945330,30.6,36.0,991.0,False,36.7,90.0,5.3,81
10243,2005331,30.5,36.0,991.0,False,36.7,106.0,5.9,81
10244,2065332,30.4,36.0,991.0,False,36.6,107.0,6.0,81
10245,2125336,30.3,36.0,991.2,False,36.5,94.0,5.1,81
10246,2185331,30.3,36.0,991.0,False,36.8,99.0,5.6,81
10247,2245334,30.3,36.0,991.0,False,36.7,98.0,4.9,81
10248,2305334,30.4,36.0,991.0,False,36.6,92.0,3.7,81
10249,2365332,30.4,36.0,991.2,False,36.5,97.0,4.4,81
10250,2425333,30.3,36.0,991.0,False,36.4,103.0,6.3,81
10251,2485330,30.2,36.0,991.0,False,36.2,102.0,4.9,81
10252,2545338,30.2,36.0,991.2,False,36.1,106.0,5.5,81
10253,2605350,30.3,36.0,991.0,False,36.1,105.0,6.8,81
10254,2665333,30.1,37.0,991.0,False,36.0,113.0,7.0,81
10255,2725339,30.1,37.0,991.2,False,35.9,99.0,7.5,81
10256,2785338,30.0,37.0,991.2,False,35.9,103.0,6.3,81
10257,2845336,30.1,37.0,991.0,False,35.7,99.0,4.8,81
10258,2905335,30.0,37.0,991.0,False,35.7,114.0,6.0,81
10259,2965334,30.1,37.0,991.0,False,35.7,112.0,4.5,81
10260,3025333,30.0,37.0,991.2,False,35.8,114.0,4.9,81
10261,3085333,30.0,37.0,991.0,False,35.6,109.0,4.3,81
10262,3145332,30.0,37.0,991.2,False,35.5,98.0,5.6,81
10263,3205336,29.9,37.0,991.0,False,35.4,99.0,7.0,81
10264,3265334,29.9,37.0,991.0,False,35.3,102.0,6.4,81
10265,3325338,29.9,37.0,991.2,False,35.3,106.0,4.8,81
10266,3385336,29.9,37.0,991.2,False,35.2,100.0,3.5,81
10267,3445333,29.9,37.0,991.2,False,35.1,103.0,5.4,81
10268,3505333,29.8,37.0,991.0,False,35.0,108.0,4.8,81
10269,3565333,29.8,37.0,991.0,False,34.8,108.0,4.6,81
10270,3625339,29.6,37.0,991.2,False,34.7,106.0,4.8,81
10271,3685336,29.7,37.0,991.0,False,34.6,103.0,4.9,81
10272,3745336,29.5,37.0,990.7,False,34.4,105.0,6.8,81
10273,3805338,29.5,37.0,991.0,False,34.3,107.0,7.0,81
10274,3865343,29.4,37.0,990.9,False,34.3,95.0,7.0,81
10275,3925336,29.4,37.0,990.9,False,34.2,98.0,8.3,81
10276,3985345,29.4,37.0,991.0,False,34.0,101.0,5.5,81
10277,4045334,29.4,37.0,991.2,False,34.0,124.0,5.1,81
10278,4105333,29.4,37.0,991.2,False,34.0,98.0,4.5,81
10279,4165344,29.4,37.0,991.0,False,33.9,106.0,5.3,81
10280,4225335,29.4,37.0,991.0,False,33.8,100.0,6.8,81
10281,4285342,29.4,37.0,991.0,False,33.8,104.0,5.5,81
10282,4345334,29.4,37.0,991.2,False,33.5,98.0,6.3,81
10283,4405344,29.4,37.0,991.2,False,33.5,96.0,6.0,81
10284,4465334,29.3,38.0,991.2,False,33.4,99.0,6.8,81
10285,4525345,29.3,38.0,991.2,False,33.4,86.0,5.9,81
10286,4585361,29.3,38.0,991.2,False,33.4,97.0,5.8,81
10287,4645352,29.3,38.0,991.2,False,33.4,97.0,5.8,81
10288,4705350,29.3,38.0,991.2,False,33.4,103.0,4.9,81
10289,29662,28.5,52.0,992.7,False,34.3,103.0,6.0,82
10290,89659,28.5,52.0,992.7,False,34.4,110.0,4.6,82
10291,149666,28.4,52.0,992.7,False,34.3,109.0,6.5,82
10292,209661,28.4,52.0,992.5,False,34.1,95.0,7.9,82
10293,269650,28.4,52.0,992.7,False,34.0,103.0,7.5,82
10294,329659,28.4,52.0,992.7,False,34.3,103.0,6.5,82
10295,389663,28.4,52.0,992.5,False,34.3,103.0,10.1,82
10296,449661,28.4,52.0,992.7,False,34.5,114.0,7.5,82
10297,509659,28.4,52.0,992.7,False,34.5,101.0,8.1,82
10298,569661,28.4,52.0,992.7,False,34.7,93.0,7.1,82
10299,629661,28.5,52.0,992.9,False,34.9,111.0,5.0,82
10300,689659,28.5,52.0,992.7,False,35.2,109.0,5.0,82
10301,749660,28.5,52.0,992.5,False,35.2,108.0,4.6,82
10302,809660,28.4,52.0,992.7,False,35.1,116.0,4.6,82
10303,869662,28.4,52.0,992.4,False,35.0,105.0,4.9,82
10304,929660,28.3,52.0,992.7,False,35.0,130.0,4.6,82
10305,989656,28.4,53.0,992.5,False,35.0,105.0,4.8,82
10306,1049660,28.5,52.0,992.5,False,35.1,109.0,5.3,82
10307,1109661,28.6,52.0,992.5,False,35.1,107.0,6.0,82
10308,1169666,28.8,51.0,992.5,False,34.8,99.0,4.5,82
10309,1229667,28.8,51.0,992.5,False,34.8,112.0,4.0,82
10310,1289683,28.7,51.0,992.5,False,34.8,105.0,5.3,82
10311,1349680,28.6,51.0,992.5,False,34.9,118.0,6.6,82
10312,1409691,28.4,52.0,992.4,False,34.4,108.0,5.8,82
10313,1469695,28.5,52.0,992.4,False,34.4,100.0,3.9,82
10314,1529707,28.5,52.0,992.5,False,34.6,102.0,3.7,82
10315,1589724,28.5,52.0,992.4,False,34.6,112.0,4.0,82
10316,1649713,28.5,52.0,992.4,False,34.3,154.0,2.9,82
10317,1709709,28.5,51.0,992.2,False,34.3,167.0,3.0,82
10318,1769708,28.7,51.0,992.4,False,34.3,109.0,2.5,82
10319,1829709,28.7,51.0,992.2,False,34.4,104.0,3.4,82
10320,1889714,28.8,50.0,992.2,False,34.4,100.0,3.5,82
10321,1949709,28.8,50.0,992.2,False,34.3,108.0,3.0,82
10322,2009714,28.8,51.0,992.2,False,34.1,104.0,2.2,82
10323,2069707,28.8,51.0,992.4,False,34.0,113.0,3.9,82
10324,2129727,28.6,51.0,992.2,False,34.1,110.0,7.3,82
10325,2189728,28.5,51.0,992.2,False,34.1,98.0,6.0,82
10326,2249740,28.5,51.0,992.0,False,34.0,94.0,6.5,82
10327,2309759,28.3,52.0,992.2,False,33.9,104.0,6.5,82
10328,2369757,28.3,53.0,992.0,False,33.7,105.0,6.5,82
10329,2429761,28.3,53.0,992.0,False,33.5,113.0,7.4,82
10330,2489756,28.3,53.0,992.0,False,33.5,86.0,6.5,82
10331,2549771,28.5,53.0,992.2,False,33.5,113.0,6.1,82
10332,2609793,28.6,53.0,992.0,False,33.8,100.0,5.6,82
10333,2669790,28.6,53.0,992.2,False,33.7,114.0,5.4,82
10334,2729787,28.4,53.0,992.0,False,33.7,104.0,5.0,82
10335,2789812,28.4,53.0,992.0,False,33.6,106.0,5.5,82
10336,2849791,28.4,54.0,992.0,False,33.7,89.0,5.6,82
10337,2909790,28.4,54.0,992.0,False,33.6,95.0,6.4,82
10338,2969797,28.3,54.0,992.0,False,33.4,104.0,6.4,82
10339,3029788,28.4,54.0,991.9,False,33.4,115.0,4.9,82
10340,3089817,28.6,53.0,991.7,False,33.6,115.0,6.5,82
10341,3149798,28.6,54.0,991.9,False,33.6,90.0,7.3,82
10342,3209789,28.4,54.0,992.0,False,33.5,105.0,5.0,82
10343,3269811,28.4,53.0,991.9,False,33.7,100.0,5.5,82
10344,3329790,28.5,53.0,992.0,False,33.7,102.0,4.5,82
10345,3389789,28.7,53.0,991.7,False,33.7,110.0,4.5,82
10346,3449790,28.9,52.0,991.9,False,34.2,106.0,3.7,82
10347,3509799,28.9,52.0,991.7,False,34.3,130.0,4.8,82
10348,3569786,28.9,52.0,991.7,False,34.3,101.0,3.9,82
10349,3629794,28.9,52.0,991.5,False,34.6,92.0,5.5,82
10350,3689793,28.9,52.0,991.7,False,34.6,109.0,5.5,82
10351,3749793,28.9,53.0,991.7,False,34.6,103.0,2.5,82
10352,3809802,28.9,52.0,991.7,False,34.6,111.0,2.0,82
10353,3869793,28.9,52.0,991.5,False,34.6,92.0,3.9,82
10354,3929795,28.9,51.0,991.5,False,34.6,149.0,4.1,82
10355,3989801,28.9,50.0,991.7,False,34.6,112.0,4.3,82
10356,4049794,28.9,50.0,991.5,False,34.7,105.0,4.5,82
10357,4109792,29.0,50.0,991.4,False,34.8,108.0,4.0,82
10358,4169792,29.0,50.0,991.5,False,34.7,106.0,5.8,82
10359,4229790,29.1,50.0,991.5,False,34.7,112.0,6.4,82
10360,4289797,29.0,50.0,991.5,False,34.6,103.0,7.0,82
10361,4349799,28.9,50.0,991.2,False,34.7,110.0,6.6,82
10362,4409815,28.8,50.0,991.4,False,34.8,101.0,6.1,82
10363,4469789,28.8,51.0,991.4,False,35.1,104.0,6.0,82
10364,4529802,28.9,50.0,991.5,False,35.2,113.0,5.3,82
10365,4589793,28.9,50.0,991.2,False,35.3,106.0,5.3,82
10366,4649795,29.0,50.0,991.4,False,35.3,112.0,7.5,82
10367,4709806,29.1,50.0,991.2,False,35.4,104.0,6.8,82
10368,4769793,29.1,51.0,991.2,False,35.6,99.0,7.0,82
10369,4829794,29.2,51.0,991.4,False,35.8,104.0,6.0,82
10370,4889795,29.1,51.0,991.4,False,35.9,103.0,4.5,82
10371,4949798,29.2,50.0,991.2,False,36.0,112.0,3.2,82
10372,5009793,29.3,48.0,991.4,False,36.0,106.0,4.9,82
10373,5069794,29.3,48.0,991.4,False,36.4,124.0,5.3,82
10374,5129791,29.5,49.0,991.0,False,36.4,94.0,4.4,82
10375,5189797,29.5,49.0,991.0,False,36.4,103.0,7.0,82
10376,5249796,29.4,49.0,991.0,False,36.4,103.0,7.0,82
10377,5309795,29.5,50.0,991.0,False,36.2,94.0,6.8,82
10378,5369794,29.6,50.0,991.2,False,36.2,121.0,5.5,82
10379,5429796,29.5,50.0,991.0,False,36.0,107.0,4.4,82
10380,5489798,29.4,49.0,991.0,False,35.6,101.0,5.6,82
10381,5549797,29.5,49.0,991.0,False,35.4,106.0,4.5,82
10382,5609791,29.4,49.0,991.0,False,35.6,92.0,4.9,82
10383,5669799,29.4,48.0,991.0,False,35.7,102.0,7.1,82
10384,5729797,29.5,48.0,990.7,False,35.5,105.0,6.8,82
10385,5789795,29.5,48.0,991.0,False,35.5,104.0,5.9,82
10386,5849793,29.6,49.0,991.0,False,35.5,107.0,5.5,82
10387,5910179,29.7,48.0,990.7,False,35.9,100.0,6.4,82
10388,5969793,29.7,49.0,990.7,False,36.1,106.0,5.5,82
10389,6029791,29.8,48.0,990.9,False,36.2,110.0,4.3,82
10390,6089791,30.0,47.0,990.7,False,36.7,99.0,6.0,82
10391,6149791,29.9,48.0,990.7,False,36.3,105.0,5.5,82
10392,6209805,29.9,47.0,990.7,False,36.3,109.0,4.5,82
10393,6269796,29.9,47.0,990.7,False,36.3,102.0,6.4,82
10394,6329804,29.8,47.0,990.7,False,35.8,101.0,5.4,82
10395,6389858,29.6,47.0,990.7,False,35.8,107.0,5.1,82
10396,6449794,29.7,48.0,990.9,False,35.9,109.0,6.0,82
10397,6509791,29.6,47.0,990.7,False,36.3,119.0,6.3,82
10398,6569793,29.6,48.0,990.7,False,36.1,117.0,4.5,82
10399,6629793,29.7,48.0,990.5,False,36.5,110.0,5.0,82
10400,6689797,29.8,48.0,990.7,False,36.5,108.0,6.1,82
10401,6749808,29.8,49.0,990.7,False,36.2,108.0,6.3,82
10402,6809816,29.8,49.0,990.5,False,35.9,114.0,5.4,82
10403,6869808,29.7,50.0,990.5,False,35.8,95.0,7.5,82
10404,6929809,29.7,50.0,990.4,False,35.3,108.0,6.0,82
10405,6989828,29.6,48.0,990.5,False,35.9,117.0,6.5,82
10406,7049839,29.6,49.0,990.5,False,35.9,111.0,5.8,82
10407,7109848,29.8,49.0,990.5,False,35.8,112.0,5.3,82
10408,7169858,29.8,48.0,990.4,False,36.3,110.0,6.1,82
10409,7229854,29.8,48.0,990.4,False,36.4,113.0,5.5,82
10410,7289872,29.8,48.0,990.2,False,36.3,108.0,5.0,82
10411,7349890,29.8,48.0,990.2,False,35.7,109.0,5.1,82
10412,7409889,29.9,49.0,990.2,False,35.7,116.0,6.3,82
10413,7469913,29.6,49.0,990.5,False,35.6,124.0,4.6,82
10414,7529907,29.6,48.0,990.4,False,35.6,119.0,6.1,82
10415,7589919,29.6,47.0,990.2,False,36.2,95.0,5.8,82
10416,7649920,29.7,48.0,990.2,False,36.7,116.0,6.9,82
10417,7709920,29.4,48.0,990.2,False,36.8,101.0,6.6,82
10418,7769934,29.5,48.0,990.2,False,36.6,99.0,8.1,82
10419,7829920,29.5,49.0,990.2,False,36.5,115.0,7.3,82
10420,7889918,29.6,49.0,990.2,False,36.5,88.0,6.3,82
10421,7949919,29.5,49.0,990.2,False,36.0,105.0,5.3,82
10422,8009923,29.3,49.0,990.2,False,35.9,105.0,5.4,82
10423,8069920,29.3,49.0,990.2,False,35.8,107.0,5.8,82
10424,8129925,29.4,50.0,990.2,False,35.7,108.0,5.6,82
10425,8189941,29.4,49.0,990.2,False,35.8,100.0,5.5,82
10426,8249937,29.6,49.0,990.0,False,36.6,150.0,7.0,82
10427,8309921,29.8,48.0,990.0,False,36.9,106.0,5.6,82
10428,8369921,30.1,47.0,990.2,False,37.1,115.0,5.1,82
10429,8429921,30.4,46.0,990.2,False,37.5,108.0,4.6,82
10430,8489920,30.4,46.0,990.2,False,37.5,81.0,2.2,82
10431,8549923,30.6,45.0,989.9,False,37.3,108.0,6.0,82
10432,8609935,30.6,45.0,990.0,False,37.3,95.0,7.9,82
10433,8669934,30.3,45.0,990.0,False,37.5,103.0,8.5,82
10434,8729954,30.3,46.0,990.0,False,37.5,99.0,8.6,82
10435,8789975,30.4,46.0,990.0,False,37.5,100.0,6.6,82
10436,8849967,30.5,46.0,990.0,False,37.5,130.0,5.4,82
10437,8909968,30.5,46.0,990.2,False,37.5,105.0,3.7,82
10438,8969975,30.5,46.0,990.0,False,37.2,104.0,6.5,82
10439,9029968,30.5,47.0,990.0,False,36.9,142.0,4.6,82
10440,9089988,30.6,47.0,990.0,False,37.2,127.0,4.1,82
10441,9150003,30.6,46.0,990.0,False,37.2,106.0,4.5,82
10442,9210017,30.5,46.0,990.0,False,36.8,101.0,3.7,82
10443,9270018,30.5,46.0,989.9,False,36.7,100.0,4.3,82
10444,9330033,30.4,46.0,990.0,False,36.8,106.0,5.8,82
10445,9390107,30.5,46.0,990.0,False,37.2,95.0,4.6,82
10446,9450047,30.6,46.0,990.2,False,37.7,109.0,5.5,82
10447,9510056,30.6,46.0,990.0,False,38.1,106.0,4.8,82
10448,9570051,30.7,46.0,990.0,False,38.1,110.0,5.3,82
10449,9630048,30.6,46.0,990.0,False,38.1,105.0,5.3,82
10450,9690049,30.5,46.0,990.0,False,38.1,119.0,5.1,82
10451,9750074,30.5,45.0,989.9,False,37.9,99.0,4.4,82
10452,9810048,30.3,45.0,990.0,False,37.9,102.0,4.6,82
10453,9870057,30.2,45.0,989.7,False,37.8,102.0,5.0,82
10454,9930051,30.1,46.0,990.0,False,37.7,107.0,7.8,82
10455,9990062,30.0,47.0,989.7,False,37.7,109.0,6.0,82
10456,10050047,30.0,47.0,989.9,False,36.7,107.0,5.0,82
10457,10110049,30.0,47.0,989.9,False,37.0,133.0,5.1,82
10458,10170048,30.0,47.0,989.7,False,37.1,124.0,5.0,82
10459,3754,25.0,40.0,783.0,False,48.8,107.0,1.3,83
10460,63781,24.8,39.0,783.0,False,48.9,73.0,2.7,83
10461,123772,24.7,40.0,783.0,False,49.2,62.0,2.7,83
10462,183769,24.7,39.0,783.0,False,49.8,0.0,1.6,83
10463,243770,24.7,38.0,783.0,False,49.8,14.0,0.6,83
10464,303772,24.8,38.0,783.0,False,49.5,92.0,0.8,83
10465,363769,24.8,37.0,783.0,False,49.4,85.0,1.7,83
10466,423802,24.8,38.0,783.0,False,49.0,84.0,1.6,83
10467,483802,24.8,37.0,783.0,False,49.3,0.0,0.6,83
10468,543801,24.9,37.0,783.0,False,49.4,233.0,1.0,83
10469,603827,24.8,37.0,782.9,False,49.7,115.0,1.1,83
10470,663806,24.8,36.0,783.0,False,49.4,115.0,1.5,83
10471,723806,24.9,37.0,783.0,False,49.4,195.0,1.1,83
10472,783803,24.9,36.0,782.9,False,49.4,127.0,0.5,83
10473,843804,25.0,37.0,782.9,False,49.4,314.0,0.6,83
10474,903803,25.1,36.0,782.9,False,49.2,246.0,1.1,83
10475,963820,25.3,37.0,782.7,False,49.5,141.0,2.0,83
10476,1023809,25.2,38.0,782.7,False,49.4,0.0,2.0,83
10477,1083802,25.3,38.0,782.9,False,50.0,298.0,0.8,83
10478,1143804,25.5,37.0,782.9,False,50.4,274.0,2.2,83
10479,1203805,25.7,37.0,782.9,False,49.7,12.0,1.1,83
10480,1263810,25.6,36.0,782.7,False,49.4,55.0,0.8,83
10481,1323802,25.9,36.0,782.9,False,49.8,311.0,0.6,83
10482,1383802,25.9,35.0,782.7,False,50.0,330.0,1.7,83
10483,1443804,26.4,35.0,782.7,False,50.1,172.0,2.2,83
10484,1503802,26.4,35.0,782.7,False,50.1,302.0,2.0,83
10485,1563804,26.6,35.0,782.7,False,50.1,293.0,1.1,83
10486,1623803,26.6,35.0,782.7,False,49.4,322.0,1.2,83
10487,1683805,26.5,35.0,782.7,False,49.3,59.0,1.6,83
10488,1743805,26.1,36.0,782.7,False,48.9,69.0,1.1,83
10489,1803805,26.0,36.0,782.7,False,48.9,282.0,0.6,83
10490,1863810,26.1,36.0,782.7,False,49.6,308.0,1.5,83
10491,1923810,25.9,36.0,782.5,False,49.4,303.0,2.0,83
10492,1983805,25.9,37.0,782.5,False,49.4,277.0,2.4,83
10493,2043804,26.1,37.0,782.7,False,48.9,271.0,1.2,83
10494,2103805,26.1,37.0,782.5,False,48.7,0.0,1.2,83
10495,2163814,26.2,37.0,782.5,False,49.0,308.0,1.2,83
10496,2223803,26.2,36.0,782.7,False,49.1,335.0,1.5,83
10497,2283803,26.2,36.0,782.7,False,49.1,335.0,1.5,83
10498,2343808,25.7,38.0,782.5,False,48.7,64.0,0.8,83
10499,2403806,25.8,37.0,782.5,False,48.5,0.0,0.8,83
10500,2463809,25.9,36.0,782.5,False,48.7,311.0,0.5,83
10501,2523831,25.8,36.0,782.5,False,48.7,266.0,1.2,83
10502,2583808,25.7,37.0,782.5,False,48.9,343.0,1.5,83
10503,2643811,25.8,37.0,782.5,False,48.3,225.0,1.1,83
10504,2703806,25.6,37.0,782.5,False,48.2,193.0,1.2,83
10505,2763818,25.9,37.0,782.5,False,48.3,293.0,0.8,83
10506,2823807,25.9,37.0,782.5,False,48.6,274.0,0.8,83
10507,2883804,26.0,36.0,782.5,False,48.6,299.0,1.6,83
10508,2943804,26.0,36.0,782.5,False,48.1,261.0,1.0,83
10509,3003822,26.0,37.0,782.5,False,47.9,283.0,1.2,83
10510,3063824,26.2,37.0,782.5,False,47.5,293.0,1.7,83
10511,3123839,26.2,36.0,782.5,False,47.9,206.0,1.0,83
10512,3183850,26.2,36.0,782.5,False,47.6,274.0,0.6,83
10513,3243861,26.0,36.0,782.5,False,48.0,85.0,0.4,83
10514,3303861,26.0,36.0,782.2,False,48.0,188.0,0.3,83
10515,3363853,26.0,36.0,782.4,False,47.3,296.0,1.1,83
10516,3423868,26.0,36.0,782.2,False,47.3,299.0,1.2,83
10517,3483871,25.9,35.0,782.4,False,48.4,286.0,1.7,83
10518,3543885,25.8,35.0,782.4,False,47.4,263.0,1.2,83
10519,3603904,25.8,36.0,782.4,False,47.4,272.0,0.8,83
10520,3663917,25.8,35.0,782.4,False,48.0,265.0,1.2,83
10521,3723933,25.8,34.0,782.2,False,48.2,216.0,0.6,83
10522,3783930,25.8,34.0,782.2,False,47.9,324.0,0.8,83
10523,3843931,25.6,35.0,782.2,False,48.0,286.0,1.3,83
10524,3903934,25.5,35.0,782.2,False,47.4,288.0,1.7,83
10525,3963932,25.5,35.0,782.2,False,47.5,294.0,2.2,83
10526,4023931,25.4,35.0,782.2,False,47.1,311.0,1.2,83
10527,4083942,25.4,35.0,782.2,False,46.8,236.0,1.6,83
10528,4143937,25.3,35.0,782.2,False,46.8,305.0,0.8,83
10529,4203935,25.3,35.0,782.2,False,46.9,289.0,1.2,83
10530,4263931,25.5,35.0,782.2,False,46.6,298.0,2.5,83
10531,4323933,25.4,36.0,782.2,False,46.2,268.0,1.6,83
10532,4383933,25.3,36.0,782.2,False,46.0,257.0,0.6,83
10533,4443934,25.5,35.0,782.2,False,46.0,295.0,0.0,83
10534,4503932,25.5,35.0,782.2,False,46.6,265.0,1.2,83
10535,4563932,25.5,34.0,782.2,False,46.6,288.0,1.7,83
10536,4623935,25.6,35.0,782.2,False,46.5,240.0,1.3,83
10537,9022,22.8,41.0,781.7,False,44.1,229.0,1.7,84
10538,69020,22.8,42.0,781.7,False,43.9,112.0,0.8,84
10539,129034,22.9,40.0,781.7,False,44.0,108.0,1.3,84
10540,189024,23.1,40.0,781.7,False,45.2,95.0,1.7,84
10541,249022,23.3,40.0,781.7,False,45.2,116.0,0.8,84
10542,309023,23.4,40.0,781.7,False,45.6,117.0,0.6,84
10543,369020,23.6,40.0,781.7,False,45.8,198.0,0.8,84
10544,429019,23.8,40.0,781.7,False,46.1,123.0,1.5,84
10545,489026,23.9,39.0,781.7,False,46.9,173.0,1.3,84
10546,549018,23.8,39.0,781.7,False,47.1,193.0,0.4,84
10547,609019,23.8,38.0,781.5,False,47.3,200.0,0.4,84
10548,669019,24.0,38.0,781.5,False,47.6,126.0,1.2,84
10549,729032,24.0,39.0,781.5,False,47.9,74.0,3.2,84
10550,789036,23.8,38.0,781.5,False,48.6,163.0,2.0,84
10551,849077,24.0,38.0,781.5,False,48.6,128.0,1.5,84
10552,909082,24.0,37.0,781.5,False,48.6,251.0,1.5,84
10553,969071,24.0,38.0,781.5,False,48.5,126.0,1.3,84
10554,1029069,24.1,38.0,781.5,False,48.1,123.0,4.0,84
10555,1089088,24.0,38.0,781.4,False,48.5,147.0,3.2,84
10556,1149099,24.1,39.0,781.5,False,48.5,115.0,2.0,84
10557,1209116,24.0,38.0,781.4,False,49.2,114.0,2.9,84
10558,1269115,24.1,38.0,781.4,False,49.2,132.0,4.0,84
10559,1329116,24.0,38.0,781.4,False,49.0,106.0,2.5,84
10560,1389115,24.0,38.0,781.4,False,48.1,116.0,2.7,84
10561,1449130,24.0,37.0,781.4,False,47.3,205.0,2.0,84
10562,1509130,24.0,38.0,781.2,False,46.5,113.0,1.2,84
10563,1569130,23.9,38.0,781.2,False,46.3,89.0,2.0,84
10564,1629130,24.0,37.0,781.2,False,44.9,130.0,2.2,84
10565,1689149,23.9,37.0,781.2,False,44.9,133.0,1.2,84
10566,1749155,23.8,38.0,781.2,False,45.1,139.0,1.8,84
10567,1809152,23.8,38.0,781.2,False,45.5,103.0,1.2,84
10568,1869148,23.9,37.0,781.2,False,45.5,242.0,1.1,84
10569,1929149,23.9,36.0,781.2,False,45.5,275.0,1.1,84
10570,1989148,23.9,35.0,781.0,False,44.9,259.0,1.2,84
10571,2049152,23.9,36.0,781.2,False,42.5,291.0,1.2,84
10572,2109149,23.7,36.0,781.2,False,42.2,170.0,1.2,84
10573,2169148,23.7,36.0,781.0,False,42.2,116.0,1.0,84
10574,2229147,23.7,36.0,781.0,False,41.8,129.0,2.7,84
10575,2289147,23.7,36.0,781.0,False,41.8,129.0,2.7,84
10576,2349153,23.6,37.0,781.0,False,43.2,82.0,2.4,84
10577,2409149,23.6,37.0,781.0,False,43.4,107.0,1.2,84
10578,2469150,23.6,37.0,781.0,False,42.8,93.0,3.0,84
10579,2529149,23.8,38.0,781.0,False,41.4,125.0,1.8,84
10580,2589156,23.9,38.0,780.9,False,41.1,113.0,1.5,84
10581,2649149,24.0,37.0,780.9,False,41.1,85.0,2.2,84
10582,2709149,24.0,38.0,780.7,False,40.5,109.0,1.7,84
10583,2769157,24.0,37.0,780.7,False,40.1,130.0,1.0,84
10584,2829148,24.1,37.0,780.9,False,41.1,164.0,0.6,84
10585,2889155,24.1,37.0,780.7,False,42.7,148.0,1.2,84
10586,2949149,24.1,37.0,780.7,False,43.4,75.0,1.0,84
10587,3009179,24.3,36.0,780.7,False,44.5,65.0,1.6,84
10588,3069149,24.5,35.0,780.7,False,44.7,109.0,1.7,84
10589,3129149,24.7,35.0,780.7,False,45.3,84.0,1.5,84
10590,3189150,24.6,35.0,780.7,False,45.5,265.0,1.1,84
10591,3249157,24.7,36.0,780.5,False,45.4,337.0,0.8,84
10592,3309148,24.5,36.0,780.5,False,45.6,329.0,1.2,84
10593,3369151,24.5,36.0,780.5,False,45.8,29.0,0.8,84
10594,3429156,24.6,36.0,780.5,False,46.1,0.0,0.8,84
10595,3489157,24.7,35.0,780.5,False,46.1,0.0,0.0,84
10596,3549150,25.0,34.0,780.5,False,46.7,314.0,0.4,84
10597,3609150,25.2,34.0,780.5,False,46.7,298.0,0.6,84
10598,3669149,25.2,34.0,780.5,False,47.2,265.0,1.1,84
10599,3729150,25.4,34.0,780.5,False,47.4,300.0,1.2,84
10600,3789158,25.5,34.0,780.5,False,47.8,289.0,2.5,84
10601,3849150,25.3,34.0,780.5,False,47.7,259.0,1.7,84
10602,3909152,25.2,35.0,780.5,False,47.2,278.0,1.7,84
10603,3969150,25.2,34.0,780.4,False,47.2,273.0,1.8,84
10604,4029153,25.0,34.0,780.5,False,47.1,339.0,2.2,84
10605,4089151,24.9,34.0,780.4,False,47.0,300.0,0.8,84
10606,4149170,24.8,33.0,780.5,False,46.2,288.0,1.2,84
10607,4209154,24.8,34.0,780.4,False,45.6,248.0,1.3,84
10608,4269152,24.7,34.0,780.5,False,44.1,274.0,1.3,84
10609,4329153,24.5,35.0,780.2,False,43.6,179.0,0.8,84
10610,4389152,24.4,35.0,780.5,False,42.8,264.0,1.1,84
10611,4449152,24.3,35.0,780.5,False,42.6,313.0,0.6,84
10612,4509149,24.2,34.0,780.4,False,42.6,174.0,1.1,84
10613,4569152,24.4,34.0,780.4,False,42.6,251.0,0.8,84
10614,4629151,24.4,34.0,780.4,False,42.1,68.0,1.7,84
10615,4689158,24.4,33.0,780.4,False,42.1,125.0,1.7,84
10616,4749159,24.3,34.0,780.4,False,41.2,344.0,1.2,84
10617,4809154,24.2,34.0,780.2,False,40.8,276.0,1.1,84
10618,4869158,24.2,34.0,780.2,False,40.8,253.0,1.1,84
10619,4929154,24.2,33.0,780.2,False,40.4,269.0,1.5,84
10620,4989152,24.2,33.0,780.2,False,40.2,277.0,1.8,84
10621,5049152,24.2,33.0,780.2,False,40.2,276.0,1.7,84
10622,5109151,24.1,33.0,780.2,False,40.0,284.0,1.5,84
10623,5169154,24.0,34.0,780.2,False,39.8,22.0,1.2,84
10624,5229152,24.0,33.0,780.2,False,39.9,231.0,1.1,84
10625,5289155,24.2,33.0,780.2,False,39.8,259.0,0.8,84
10626,5349160,24.2,33.0,780.2,False,39.6,279.0,1.0,84
10627,5409156,24.2,33.0,780.2,False,39.6,311.0,1.1,84
10628,5469152,24.2,33.0,780.2,False,39.5,236.0,0.8,84
10629,5529151,24.3,33.0,780.0,False,39.5,264.0,0.8,84
10630,5589169,24.3,33.0,780.2,False,39.6,253.0,1.0,84
10631,5649153,24.3,32.0,780.0,False,39.8,318.0,1.3,84
10632,5709153,24.5,32.0,780.0,False,39.8,284.0,1.6,84
10633,5769154,24.6,32.0,780.0,False,39.8,275.0,1.7,84
10634,5829152,24.6,33.0,780.0,False,39.4,0.0,0.8,84
10635,5889154,24.6,33.0,780.0,False,39.4,0.0,0.8,84
10636,5949163,24.6,33.0,780.0,False,39.4,0.0,0.8,84
10637,6009142,24.6,33.0,780.0,False,39.4,0.0,0.8,84
10638,6069154,24.6,33.0,780.0,False,39.4,0.0,0.8,84
10639,6129153,24.7,33.0,780.0,False,39.1,251.0,1.5,84
10640,6189154,24.5,33.0,780.0,False,38.9,246.0,1.6,84
10641,6249158,24.5,34.0,780.0,False,38.8,263.0,1.8,84
10642,6309189,24.4,34.0,780.0,False,38.8,290.0,1.2,84
10643,6369154,24.4,34.0,780.0,False,38.7,264.0,0.8,84
10644,6429155,24.4,33.0,780.0,False,38.5,262.0,1.2,84
10645,6489158,24.4,34.0,780.0,False,38.4,313.0,1.5,84
10646,6549155,24.3,34.0,780.0,False,38.4,282.0,1.1,84
10647,6609179,24.3,34.0,780.0,False,38.5,332.0,1.7,84
10648,6669157,24.4,33.0,779.9,False,38.7,295.0,1.1,84
10649,6729156,24.5,33.0,780.0,False,38.5,194.0,1.6,84
10650,6789154,24.5,33.0,780.0,False,38.5,132.0,0.8,84
10651,6849154,24.6,33.0,780.0,False,38.5,108.0,1.5,84
10652,6909155,24.7,32.0,779.9,False,38.6,91.0,1.2,84
10653,6969159,24.6,33.0,779.9,False,38.6,93.0,1.1,84
10654,7029155,24.6,33.0,779.9,False,38.4,79.0,2.0,84
10655,7089178,24.5,33.0,779.9,False,38.3,75.0,1.5,84
10656,7149227,24.3,33.0,779.7,False,38.1,0.0,0.6,84
10657,7209206,24.3,33.0,779.7,False,38.1,270.0,0.0,84
10658,7269202,24.4,33.0,779.7,False,38.0,313.0,1.2,84
10659,7329204,24.5,33.0,779.9,False,38.2,245.0,0.4,84
10660,7389201,24.5,33.0,779.9,False,38.2,271.0,0.8,84
10661,7449219,24.5,33.0,779.7,False,38.0,262.0,2.5,84
10662,7509247,24.4,32.0,779.9,False,38.0,257.0,2.7,84
10663,7569234,24.4,32.0,779.9,False,37.9,274.0,2.2,84
10664,7629253,24.3,31.0,779.7,False,37.9,272.0,1.7,84
10665,7689251,24.5,31.0,779.7,False,37.9,302.0,1.8,84
10666,7749253,24.5,31.0,779.9,False,38.0,266.0,1.1,84
10667,7809280,24.5,31.0,779.7,False,38.0,298.0,2.0,84
10668,7869320,24.5,31.0,779.7,False,37.9,274.0,1.6,84
10669,7929282,24.5,31.0,779.7,False,37.9,235.0,0.8,84
10670,7989283,24.5,31.0,779.7,False,37.9,301.0,1.0,84
10671,8049298,24.4,31.0,779.7,False,37.7,265.0,0.8,84
10672,8109299,24.4,31.0,779.7,False,37.8,256.0,1.0,84
10673,8169370,24.4,31.0,779.7,False,37.8,203.0,0.8,84
10674,8229329,24.4,32.0,779.7,False,37.7,240.0,0.8,84
10675,8289344,24.3,31.0,779.7,False,37.8,0.0,1.2,84
10676,8349362,24.4,32.0,779.7,False,37.6,264.0,0.6,84
10677,8409388,24.4,31.0,779.7,False,37.6,284.0,1.5,84
10678,8469378,24.3,31.0,779.7,False,37.3,269.0,1.8,84
10679,8529392,24.3,32.0,779.7,False,37.2,277.0,0.8,84
10680,8589410,24.4,32.0,779.7,False,37.2,269.0,0.6,84
10681,8649410,24.4,32.0,779.7,False,37.2,291.0,2.0,84
10682,8709413,24.3,32.0,779.7,False,37.2,267.0,1.5,84
10683,8769417,24.3,32.0,779.7,False,37.1,306.0,0.6,84
10684,8829409,24.4,32.0,779.7,False,37.0,306.0,1.2,84
10685,8889409,24.4,32.0,779.7,False,37.1,289.0,1.2,84
10686,8949410,24.4,32.0,779.7,False,37.0,297.0,1.3,84
10687,9009409,24.4,32.0,779.7,False,37.0,249.0,1.0,84
10688,9069409,24.5,32.0,779.7,False,37.0,241.0,0.8,84
10689,9129408,24.6,32.0,779.7,False,37.3,213.0,1.1,84
10690,9189408,24.7,32.0,779.7,False,37.2,223.0,0.6,84
10691,9249410,24.7,32.0,779.7,False,37.1,0.0,0.5,84
10692,9309409,24.8,32.0,779.7,False,37.2,178.0,0.5,84
10693,9369417,24.7,32.0,779.7,False,37.2,0.0,1.2,84
10694,9429415,24.7,32.0,779.7,False,37.3,315.0,0.4,84
10695,9489411,24.8,32.0,779.5,False,37.3,289.0,0.6,84
10696,9549411,24.8,31.0,779.5,False,37.4,313.0,1.0,84
10697,9609411,24.8,31.0,779.5,False,37.8,0.0,0.6,84
10698,9669414,25.0,31.0,779.5,False,37.8,274.0,1.1,84
10699,9729411,25.0,32.0,779.5,False,38.1,231.0,1.2,84
10700,9789411,25.1,31.0,779.5,False,38.2,293.0,1.1,84
10701,9849409,25.2,31.0,779.7,False,38.4,157.0,1.5,84
10702,47236,18.9,94.0,923.9,False,27.0,177.0,1.2,85
10703,107235,19.0,94.0,923.9,False,27.0,204.0,1.1,85
10704,167231,19.0,94.0,923.7,False,27.0,0.0,1.1,85
10705,227239,19.0,94.0,923.7,False,27.3,243.0,1.6,85
10706,287234,19.1,94.0,923.7,False,27.1,137.0,1.5,85
10707,347230,19.0,94.0,923.9,False,27.1,158.0,1.3,85
10708,407234,19.0,94.0,923.7,False,26.9,168.0,1.5,85
10709,467238,19.1,94.0,923.9,False,26.9,190.0,1.3,85
10710,527230,19.1,94.0,923.9,False,26.8,0.0,1.6,85
10711,587241,19.1,94.0,923.9,False,26.8,203.0,0.8,85
10712,647233,19.1,94.0,923.9,False,27.1,169.0,0.6,85
10713,707232,19.1,94.0,923.7,False,27.3,115.0,1.0,85
10714,767233,19.2,94.0,923.9,False,27.0,169.0,1.0,85
10715,827237,19.1,94.0,923.9,False,26.9,0.0,1.5,85
10716,887231,19.2,94.0,924.0,False,26.9,150.0,0.6,85
10717,947233,19.2,94.0,924.0,False,27.1,233.0,0.5,85
10718,1007234,19.2,94.0,924.0,False,27.1,175.0,0.6,85
10719,1067238,19.2,94.0,924.0,False,27.3,177.0,0.8,85
10720,1127233,19.1,94.0,924.0,False,27.4,197.0,1.1,85
10721,1187236,19.1,94.0,924.0,False,27.0,160.0,1.7,85
10722,1247233,19.1,94.0,924.0,False,27.0,212.0,1.3,85
10723,1307231,19.2,94.0,924.0,False,27.1,170.0,1.2,85
10724,1367239,19.2,94.0,924.2,False,27.2,161.0,0.8,85
10725,1427356,19.2,94.0,924.2,False,27.3,181.0,1.2,85
10726,1487240,19.2,94.0,924.0,False,27.3,137.0,1.2,85
10727,1547232,19.2,94.0,924.2,False,27.3,160.0,1.7,85
10728,1607239,19.1,94.0,924.0,False,27.2,182.0,1.6,85
10729,1667238,19.2,94.0,924.2,False,27.1,143.0,1.5,85
10730,1727294,19.2,94.0,924.2,False,27.1,233.0,0.6,85
10731,1787245,19.2,94.0,924.2,False,27.2,163.0,1.3,85
10732,1847247,19.2,94.0,924.2,False,27.2,196.0,1.5,85
10733,1907274,19.2,94.0,924.2,False,27.2,162.0,2.2,85
10734,1967294,19.2,94.0,924.4,False,27.1,151.0,1.6,85
10735,2027287,19.1,94.0,924.2,False,26.9,186.0,1.3,85
10736,2087312,19.2,94.0,924.2,False,26.9,164.0,1.3,85
10737,2147294,19.2,94.0,924.2,False,27.0,181.0,1.7,85
10738,2207295,19.2,94.0,924.0,False,27.0,170.0,1.2,85
10739,2267294,19.1,94.0,924.2,False,27.0,118.0,0.8,85
10740,2327301,19.2,94.0,924.0,False,27.1,136.0,0.8,85
10741,2387251,19.1,94.0,924.0,False,27.0,95.0,1.0,85
10742,2447234,19.1,94.0,924.0,False,27.1,214.0,0.8,85
10743,2507247,19.2,94.0,924.0,False,27.2,160.0,1.0,85
10744,2567235,19.2,94.0,924.2,False,27.3,195.0,1.6,85
10745,2627262,19.2,93.0,924.4,False,27.4,141.0,1.1,85
10746,2687244,19.2,93.0,924.4,False,27.4,141.0,1.1,85
10747,2747238,19.2,94.0,924.5,False,27.4,121.0,0.8,85
10748,2807240,19.3,94.0,924.7,False,27.4,153.0,0.8,85
10749,2867234,19.2,93.0,924.9,False,27.5,122.0,0.8,85
10750,2927234,19.2,93.0,925.0,False,27.5,247.0,1.2,85
10751,2987240,19.2,94.0,925.0,False,27.5,59.0,0.6,85
10752,3047242,19.2,93.0,925.0,False,27.3,199.0,0.0,85
10753,3107231,19.2,93.0,925.0,False,27.2,160.0,0.6,85
10754,3167233,19.2,93.0,925.0,False,27.5,147.0,1.2,85
10755,3227235,19.2,93.0,925.0,False,27.0,143.0,1.1,85
10756,3287239,19.2,94.0,925.0,True,27.0,146.0,0.6,85
10757,3347237,19.2,93.0,925.0,True,26.9,121.0,0.8,85
10758,3407235,19.2,93.0,925.0,True,26.8,134.0,0.6,85
10759,3467235,19.2,93.0,925.0,True,26.6,186.0,0.8,85
10760,3527237,19.2,93.0,925.0,True,26.4,179.0,0.8,85
10761,3587234,19.2,93.0,925.0,True,26.4,167.0,0.8,85
10762,3647235,19.2,93.0,925.0,True,26.3,132.0,0.6,85
10763,3707242,19.2,93.0,925.0,True,26.3,269.0,0.5,85
10764,3767234,19.3,93.0,925.0,True,26.2,133.0,0.6,85
10765,3827382,19.3,93.0,925.0,True,26.2,169.0,0.8,85
10766,3887244,19.2,93.0,925.0,True,26.3,156.0,1.7,85
10767,3947238,19.2,93.0,925.0,True,26.4,176.0,1.8,85
10768,4007237,19.2,93.0,925.0,True,26.0,164.0,1.3,85
10769,4067236,19.2,93.0,925.0,True,25.9,199.0,1.5,85
10770,4127234,19.2,93.0,925.0,True,25.7,197.0,1.7,85
10771,4187236,19.2,93.0,924.9,True,25.7,206.0,2.0,85
10772,4247234,19.2,93.0,924.9,True,25.7,208.0,2.4,85
10773,4307235,19.2,93.0,924.9,True,25.1,138.0,2.0,85
10774,4367237,19.2,93.0,924.9,True,25.0,150.0,1.7,85
10775,4427252,19.2,93.0,924.9,True,25.0,191.0,0.8,85
10776,4487241,19.2,93.0,925.0,True,25.2,0.0,0.5,85
10777,4547243,19.2,93.0,925.0,True,25.3,179.0,1.2,85
10778,4607243,19.1,93.0,924.9,True,25.3,193.0,1.6,85
10779,4667242,19.1,93.0,925.0,True,25.1,155.0,0.8,85
10780,4727234,19.1,93.0,925.0,True,24.9,147.0,1.0,85
10781,4787237,19.1,93.0,925.2,True,25.1,205.0,1.0,85
10782,4847239,19.2,93.0,925.2,True,25.1,153.0,1.2,85
10783,51223,25.1,69.0,922.4,False,53.5,154.0,2.7,86
10784,111220,25.1,69.0,922.5,False,53.5,116.0,1.5,86
10785,171222,25.1,69.0,922.5,False,53.2,202.0,1.6,86
10786,231217,25.0,70.0,922.5,False,53.4,139.0,1.2,86
10787,291232,24.8,69.0,922.5,False,53.4,198.0,0.8,86
10788,351220,24.8,69.0,922.5,False,53.3,141.0,1.2,86
10789,411228,24.7,69.0,922.5,False,53.2,140.0,1.7,86
10790,471240,24.7,69.0,922.4,False,52.4,160.0,1.7,86
10791,531238,24.6,70.0,922.4,False,52.5,180.0,2.0,86
10792,591239,24.7,70.0,922.4,False,52.5,169.0,1.7,86
10793,651243,24.6,70.0,922.5,False,52.6,174.0,2.5,86
10794,711235,24.6,70.0,922.5,False,52.5,142.0,2.0,86
10795,771237,24.4,71.0,922.4,False,51.6,191.0,1.5,86
10796,831243,24.3,70.0,922.5,False,51.6,220.0,1.6,86
10797,891320,24.5,70.0,922.5,False,51.5,249.0,1.3,86
10798,951241,24.4,71.0,922.5,False,51.5,179.0,1.7,86
10799,1011244,24.2,71.0,922.5,False,50.5,204.0,1.5,86
10800,1071240,24.3,71.0,922.5,False,51.5,183.0,1.7,86
10801,1131240,24.3,71.0,922.5,False,51.8,145.0,2.0,86
10802,1191236,24.1,72.0,922.5,False,51.1,165.0,2.0,86
10803,1251255,24.1,71.0,922.4,False,51.6,149.0,1.1,86
10804,1311254,24.1,71.0,922.5,False,51.2,147.0,2.2,86
10805,1371250,24.2,72.0,922.5,False,51.9,0.0,1.1,86
10806,1431254,24.3,70.0,922.4,False,52.3,191.0,0.8,86
10807,1491254,24.5,70.0,922.5,False,53.1,142.0,1.5,86
10808,1551255,24.5,69.0,922.4,False,52.7,195.0,1.5,86
10809,1611254,24.4,69.0,922.4,False,52.5,113.0,1.8,86
10810,1671252,24.5,69.0,922.2,False,52.5,151.0,0.8,86
10811,1731254,24.4,69.0,922.2,False,51.7,157.0,1.6,86
10812,1791255,24.4,69.0,922.2,False,51.5,152.0,1.7,86
10813,1851253,24.4,70.0,922.4,False,51.7,166.0,1.5,86
10814,1911252,24.2,70.0,922.5,False,51.7,167.0,1.2,86
10815,1971276,24.1,71.0,922.4,False,51.7,166.0,1.2,86
10816,2031272,24.0,71.0,922.4,False,51.4,158.0,1.8,86
10817,2091274,23.9,71.0,922.2,False,51.2,132.0,1.7,86
10818,2151268,24.1,72.0,922.2,False,51.2,163.0,1.5,86
10819,2211271,24.0,71.0,922.2,False,51.9,193.0,1.6,86
10820,2271283,24.0,71.0,922.2,False,50.3,120.0,2.0,86
10821,2331270,24.0,71.0,922.2,False,50.3,188.0,1.2,86
10822,2391268,24.0,72.0,922.2,False,49.7,144.0,1.3,86
10823,2451267,23.8,73.0,922.2,False,49.7,125.0,1.3,86
10824,2511272,23.7,72.0,922.2,False,50.2,150.0,0.8,86
10825,2571284,23.6,72.0,922.2,False,50.2,150.0,0.8,86
10826,2631271,23.6,72.0,922.4,False,50.0,136.0,1.5,86
10827,2691268,23.6,72.0,922.2,False,49.5,154.0,1.6,86
10828,2751273,23.5,73.0,922.2,False,49.3,151.0,2.0,86
10829,2811275,23.5,74.0,922.2,False,48.6,135.0,1.8,86
10830,2871268,23.5,75.0,922.2,False,48.8,164.0,1.5,86
10831,2931274,23.6,74.0,922.4,False,50.6,157.0,1.3,86
10832,2991274,23.5,74.0,922.4,False,50.6,166.0,1.6,86
10833,3051267,23.4,74.0,922.4,False,50.5,185.0,1.2,86
10834,3111272,23.5,74.0,922.2,False,50.0,169.0,1.3,86
10835,3171272,23.5,75.0,922.2,False,50.4,164.0,1.6,86
10836,3231270,23.3,74.0,922.2,False,50.4,200.0,2.7,86
10837,3291280,23.2,75.0,922.2,False,50.0,198.0,2.0,86
10838,3351270,23.2,75.0,922.2,False,49.0,186.0,1.8,86
10839,3411269,23.4,75.0,922.2,False,49.6,159.0,2.4,86
10840,3471267,23.6,74.0,922.2,False,49.6,191.0,1.7,86
10841,3531275,23.6,74.0,922.2,False,50.1,146.0,1.3,86
10842,3591288,23.6,74.0,922.4,False,50.5,127.0,1.3,86
10843,3651276,23.7,74.0,922.4,False,50.1,161.0,1.2,86
10844,3711274,23.6,74.0,922.2,False,49.5,179.0,1.7,86
10845,3771278,23.5,75.0,922.2,False,49.5,160.0,1.5,86
10846,3831273,23.6,75.0,922.2,False,49.5,0.0,1.0,86
10847,3891272,23.7,74.0,922.2,False,49.5,154.0,1.0,86
10848,3951270,23.4,74.0,922.2,False,49.3,160.0,1.1,86
10849,4011273,23.3,74.0,922.2,False,49.0,168.0,1.6,86
10850,4071270,23.3,74.0,922.2,False,49.0,178.0,1.1,86
10851,4131271,23.3,74.0,922.2,False,48.3,203.0,2.0,86
10852,4191268,23.3,73.0,922.2,False,48.3,158.0,2.7,86
10853,4251270,23.3,74.0,922.2,False,48.2,156.0,1.5,86
10854,4311273,23.3,75.0,922.0,False,48.3,151.0,0.8,86
10855,4371277,23.2,74.0,922.2,False,48.9,0.0,1.2,86
10856,4431273,23.2,75.0,922.0,False,48.3,211.0,1.1,86
10857,4491271,23.3,74.0,922.0,False,48.3,171.0,1.7,86
10858,4551280,23.4,75.0,922.0,False,47.6,155.0,1.2,86
10859,4611282,23.6,74.0,922.0,False,49.1,127.0,1.0,86
10860,4671279,23.7,74.0,922.2,False,49.1,129.0,1.2,86
10861,4731285,23.7,72.0,922.0,False,49.9,155.0,1.0,86
10862,4791277,23.8,72.0,922.0,False,49.9,175.0,1.2,86
10863,4851277,23.9,73.0,922.2,False,49.2,42.0,0.8,86
10864,4911274,23.8,72.0,922.2,False,48.1,197.0,1.2,86
10865,4971292,23.7,72.0,922.2,False,47.9,180.0,1.3,86
10866,5031293,23.5,73.0,922.0,False,47.5,192.0,2.2,86
10867,5091287,23.5,74.0,922.0,False,46.8,166.0,1.7,86
10868,5151293,23.6,75.0,922.0,False,47.7,155.0,1.3,86
10869,5211296,23.7,74.0,922.0,False,48.4,182.0,1.2,86
10870,5271291,23.7,74.0,922.2,False,47.3,120.0,1.7,86
10871,5331293,23.7,75.0,922.2,False,46.3,183.0,1.1,86
10872,5391290,23.6,75.0,922.0,False,46.2,142.0,0.8,86
10873,5451288,23.5,75.0,922.0,False,46.3,163.0,1.3,86
10874,5511292,23.3,75.0,922.2,False,46.4,186.0,1.6,86
10875,5571286,23.3,75.0,922.2,False,46.4,152.0,1.0,86
10876,5631289,23.2,74.0,922.2,False,46.4,142.0,2.0,86
10877,5691287,23.2,76.0,922.0,False,46.1,167.0,1.7,86
10878,5751293,23.2,75.0,922.2,False,45.3,162.0,0.8,86
10879,5811297,23.1,75.0,922.0,False,45.2,211.0,2.0,86
10880,5871292,23.0,75.0,922.0,False,45.2,140.0,2.9,86
10881,5931293,22.8,76.0,922.0,False,45.2,123.0,1.6,86
10882,5991295,22.8,77.0,922.0,False,44.1,134.0,1.2,86
10883,6051294,22.8,77.0,922.2,False,44.1,149.0,1.2,86
10884,6111289,22.9,77.0,922.0,False,44.4,156.0,1.3,86
10885,6171299,22.9,77.0,922.2,False,43.7,159.0,1.3,86
10886,6231312,22.8,77.0,922.0,False,43.3,154.0,2.0,86
10887,6291296,22.5,78.0,922.0,False,43.2,203.0,2.0,86
10888,6351296,22.4,79.0,922.0,False,42.8,219.0,1.0,86
10889,6411290,22.5,78.0,922.0,False,43.2,186.0,1.3,86
10890,6471291,22.4,78.0,922.2,False,43.2,183.0,1.3,86
10891,6531301,22.5,79.0,922.2,False,42.4,191.0,1.3,86
10892,6591295,22.5,79.0,922.0,False,42.4,161.0,1.2,86
10893,6651295,22.6,79.0,922.2,False,41.8,155.0,1.3,86
10894,6711292,22.6,79.0,922.2,False,41.8,159.0,0.8,86
10895,6771288,22.5,80.0,922.0,False,41.9,211.0,1.5,86
10896,6831296,22.4,80.0,922.2,False,41.9,129.0,1.5,86
10897,6891296,22.4,80.0,922.2,False,41.9,167.0,1.2,86
10898,6951290,22.3,80.0,922.2,False,41.9,178.0,1.2,86
10899,7011294,22.1,79.0,922.2,False,42.1,168.0,1.1,86
10900,7071292,22.1,80.0,922.0,False,42.1,164.0,1.5,86
10901,7131296,21.8,80.0,922.0,False,42.6,162.0,0.5,86
10902,7191296,21.9,79.0,922.0,False,42.1,142.0,0.8,86
10903,7251290,22.0,79.0,922.0,False,42.2,124.0,1.3,86
10904,7311289,21.9,79.0,922.0,False,42.2,124.0,1.3,86
10905,7371299,21.9,79.0,922.0,False,42.0,188.0,1.2,86
10906,7431288,22.0,79.0,922.0,False,40.6,191.0,1.0,86
10907,7491300,22.0,80.0,922.0,False,40.6,161.0,1.7,86
10908,7551300,21.8,80.0,921.9,False,40.6,196.0,2.0,86
10909,7611307,21.8,81.0,921.9,False,40.4,152.0,1.2,86
10910,7671299,21.9,82.0,921.9,False,40.4,134.0,1.2,86
10911,7731291,21.8,82.0,922.0,False,40.2,141.0,1.2,86
10912,7791298,21.7,82.0,922.0,False,40.2,180.0,1.3,86
10913,7851316,21.7,82.0,922.0,False,40.2,161.0,1.6,86
10914,7911331,21.7,83.0,922.0,False,40.0,133.0,1.8,86
10915,7971312,21.8,82.0,922.0,False,40.3,211.0,1.2,86
10916,8031313,21.8,82.0,922.0,False,40.3,196.0,1.3,86
10917,8091315,21.8,82.0,922.0,False,39.9,181.0,1.2,86
10918,8151320,21.7,82.0,922.0,False,39.6,190.0,1.6,86
10919,8211311,21.5,82.0,922.0,False,39.2,155.0,1.8,86
10920,8271307,21.4,82.0,922.0,False,39.2,187.0,1.7,86
10921,8331314,21.4,82.0,921.9,False,39.1,230.0,2.0,86
10922,8391314,21.4,83.0,921.9,False,39.1,144.0,2.0,86
10923,8451325,21.4,83.0,922.0,False,39.1,145.0,0.8,86
10924,8511314,21.4,82.0,922.0,False,39.3,157.0,1.6,86
10925,8571312,21.4,82.0,922.0,False,39.1,187.0,1.0,86
10926,8631315,21.4,82.0,922.0,False,39.5,135.0,1.5,86
10927,8691324,21.5,82.0,922.0,False,38.9,169.0,1.3,86
10928,8751314,21.4,83.0,922.0,False,38.9,177.0,2.2,86
10929,8811319,21.5,83.0,921.9,False,38.9,197.0,2.0,86
10930,8871320,21.4,83.0,922.0,False,39.0,107.0,1.2,86
10931,8931312,21.5,83.0,921.9,False,39.0,143.0,1.3,86
10932,8991309,21.5,83.0,922.0,False,39.2,176.0,1.2,86
10933,9051332,21.5,83.0,921.9,False,39.3,217.0,0.6,86
10934,9111313,21.3,83.0,921.9,False,39.3,179.0,1.0,86
10935,9171320,21.3,83.0,922.0,False,39.2,217.0,1.2,86
10936,9231312,21.4,83.0,922.0,False,39.2,151.0,0.8,86
10937,9291367,21.3,83.0,922.0,False,38.7,160.0,1.6,86
10938,9351319,21.3,83.0,922.0,False,38.7,211.0,1.5,86
10939,9411331,21.2,83.0,922.0,False,38.8,165.0,1.3,86
10940,9471334,21.2,83.0,922.0,False,38.8,152.0,1.7,86
10941,9531313,21.2,84.0,922.0,False,37.8,173.0,1.7,86
10942,9591313,21.2,84.0,922.0,False,37.9,165.0,1.7,86
10943,9651318,21.2,84.0,922.0,False,37.7,135.0,1.2,86
10944,9711312,21.1,85.0,922.0,False,37.7,113.0,1.2,86
10945,9771311,21.2,85.0,922.0,False,37.7,144.0,0.6,86
10946,9831315,21.2,84.0,922.0,False,37.8,153.0,0.8,86
10947,9891323,21.2,85.0,922.0,False,37.8,155.0,1.8,86
10948,9951315,20.9,85.0,922.0,False,37.7,168.0,0.8,86
10949,10011319,20.9,85.0,922.0,False,37.7,187.0,2.0,86
10950,52084,29.0,67.0,1014.4,False,46.0,315.0,2.0,87
10951,112084,29.0,67.0,1014.4,False,46.0,315.0,2.0,87
10952,172081,28.9,68.0,1014.5,False,34.2,317.0,1.7,87
10953,232088,29.0,68.0,1014.5,False,34.4,34.0,1.8,87
10954,292085,29.0,68.0,1014.5,False,34.5,354.0,1.3,87
10955,352084,29.0,68.0,1014.5,False,34.5,24.0,1.7,87
10956,412081,28.9,68.0,1014.5,False,34.3,18.0,1.7,87
10957,472086,28.9,69.0,1014.5,False,34.3,349.0,2.2,87
10958,532085,28.9,68.0,1014.5,False,34.2,314.0,2.4,87
10959,592084,28.9,69.0,1014.5,False,34.2,353.0,2.4,87
10960,652093,28.9,69.0,1014.5,False,34.2,40.0,1.6,87
10961,712091,28.9,69.0,1014.5,False,34.2,331.0,1.5,87
10962,772088,28.9,69.0,1014.5,False,34.2,357.0,1.6,87
10963,832092,28.9,69.0,1014.5,False,34.2,17.0,1.3,87
10964,892097,28.9,69.0,1014.5,False,34.2,319.0,2.2,87
10965,952088,28.9,69.0,1014.5,False,34.4,322.0,1.5,87
10966,1012083,28.9,69.0,1014.5,False,34.4,326.0,1.7,87
10967,1072313,28.9,69.0,1014.5,False,34.2,26.0,1.7,87
10968,1132076,28.9,69.0,1014.5,False,34.1,1.0,1.8,87
10969,1192087,28.9,69.0,1014.7,False,34.1,324.0,2.2,87
10970,1252093,28.9,68.0,1014.5,False,34.1,304.0,1.8,87
10971,1312092,28.9,68.0,1014.7,False,34.2,343.0,2.0,87
10972,1372082,28.9,68.0,1014.7,False,34.1,27.0,1.1,87
10973,1432083,29.0,68.0,1014.7,False,34.0,8.0,1.7,87
10974,1492084,29.0,68.0,1014.5,False,33.9,8.0,1.5,87
10975,1552085,28.9,69.0,1014.5,False,33.8,343.0,1.3,87
10976,1612084,28.9,69.0,1014.7,False,33.8,17.0,1.2,87
10977,1672083,28.9,69.0,1014.7,False,33.8,305.0,1.5,87
10978,1732085,28.8,69.0,1014.7,False,33.8,2.0,1.2,87
10979,1792088,28.8,69.0,1014.7,False,33.9,298.0,1.5,87
10980,1852089,28.8,69.0,1014.7,False,34.0,337.0,1.5,87
10981,1912083,28.9,69.0,1014.7,False,34.0,330.0,1.3,87
10982,1972082,28.8,69.0,1014.7,False,33.7,14.0,1.6,87
10983,2032084,28.8,69.0,1014.7,False,33.5,20.0,1.7,87
10984,2092091,28.8,69.0,1014.7,False,33.3,318.0,1.7,87
10985,2152085,28.7,70.0,1014.7,False,33.3,323.0,1.7,87
10986,2212086,28.8,70.0,1014.7,False,33.3,12.0,1.5,87
10987,2272082,28.8,70.0,1014.7,False,33.3,343.0,1.7,87
10988,2332084,28.7,70.0,1014.7,False,33.4,340.0,1.5,87
10989,2392084,28.7,70.0,1014.7,False,33.4,349.0,1.5,87
10990,2452084,28.6,70.0,1014.7,False,33.4,342.0,1.2,87
10991,2512082,28.7,70.0,1014.7,False,33.4,335.0,1.5,87
10992,2572084,28.7,70.0,1014.7,False,33.5,320.0,1.6,87
10993,2632085,28.7,70.0,1014.7,False,33.5,3.0,1.5,87
10994,2692084,28.7,70.0,1014.7,False,33.4,358.0,1.7,87
10995,2752085,28.7,70.0,1014.7,False,33.3,353.0,1.7,87
10996,2812096,28.7,70.0,1014.7,False,33.3,8.0,1.5,87
10997,2872309,28.7,71.0,1014.9,False,33.1,334.0,1.8,87
10998,2932096,28.7,71.0,1014.9,False,33.1,23.0,1.8,87
10999,2992091,28.7,71.0,1014.7,False,33.1,334.0,1.7,87
11000,3052083,28.7,71.0,1014.7,False,33.3,2.0,1.2,87
11001,3112084,28.7,71.0,1014.7,False,33.3,348.0,1.5,87
11002,3172086,28.7,71.0,1014.9,False,33.3,329.0,1.5,87
11003,3232100,28.7,70.0,1014.7,False,33.4,347.0,1.7,87
11004,3292089,28.7,71.0,1014.9,False,33.2,345.0,1.5,87
11005,3352086,28.7,71.0,1014.9,False,33.0,27.0,1.7,87
11006,3412097,28.6,71.0,1014.9,False,33.1,328.0,1.8,87
11007,3472087,28.6,71.0,1014.9,False,33.1,342.0,2.4,87
11008,3532085,28.6,71.0,1014.7,False,33.1,33.0,1.5,87
11009,3592082,28.6,71.0,1015.0,False,33.0,339.0,1.5,87
11010,3652086,28.6,71.0,1014.7,False,33.0,6.0,1.5,87
11011,3712108,28.6,71.0,1015.0,False,33.0,327.0,1.5,87
11012,3772085,28.6,71.0,1015.0,False,33.1,319.0,1.5,87
11013,3832086,28.6,71.0,1015.0,False,33.3,341.0,1.7,87
11014,3892084,28.5,71.0,1014.9,False,33.2,311.0,1.6,87
11015,3952096,28.5,71.0,1015.0,False,33.0,322.0,2.0,87
11016,4012104,28.5,71.0,1015.0,False,33.0,299.0,1.6,87
11017,4072089,28.5,71.0,1015.0,False,32.9,329.0,1.7,87
11018,4132092,28.5,71.0,1015.0,False,33.0,338.0,1.2,87
11019,4192102,28.5,72.0,1015.0,False,33.0,23.0,1.7,87
11020,4252087,28.5,72.0,1015.2,False,33.0,16.0,1.5,87
11021,4312082,28.5,72.0,1015.2,False,33.0,350.0,1.6,87
11022,4372093,28.5,72.0,1015.0,False,33.0,321.0,1.2,87
11023,22469,29.7,59.0,1013.0,False,39.0,304.0,4.0,88
11024,82472,29.6,59.0,1013.0,False,38.8,358.0,4.0,88
11025,142468,29.5,58.0,1013.0,False,38.7,341.0,3.9,88
11026,202472,29.4,58.0,1013.0,False,38.3,299.0,4.1,88
11027,262470,29.4,59.0,1013.0,False,38.2,327.0,3.4,88
11028,322471,29.4,58.0,1013.2,False,38.1,329.0,3.7,88
11029,382472,29.4,58.0,1013.2,False,38.0,339.0,2.9,88
11030,442470,29.3,58.0,1013.0,False,37.9,331.0,2.9,88
11031,502471,29.3,58.0,1013.2,False,37.8,8.0,3.7,88
11032,562485,29.3,58.0,1013.2,False,37.6,338.0,3.0,88
11033,622516,29.4,58.0,1013.0,False,37.3,335.0,3.7,88
11034,682501,29.3,58.0,1013.2,False,37.3,347.0,3.0,88
11035,742516,29.3,59.0,1013.2,False,37.0,345.0,3.5,88
11036,802516,29.3,59.0,1013.2,False,37.0,1.0,2.7,88
11037,862520,29.3,59.0,1013.2,False,37.0,345.0,2.7,88
11038,922518,29.2,59.0,1013.2,False,37.1,337.0,2.7,88
11039,982517,29.2,59.0,1013.2,False,36.9,348.0,3.5,88
11040,1042556,29.1,59.0,1013.2,False,36.9,21.0,2.7,88
11041,1102550,29.1,59.0,1013.2,False,36.8,326.0,2.7,88
11042,1162564,29.1,58.0,1013.2,False,36.9,333.0,3.4,88
11043,1222564,29.1,58.0,1013.2,False,36.8,318.0,3.2,88
11044,1282572,29.0,58.0,1013.2,False,36.7,308.0,3.5,88
11045,1342581,29.0,58.0,1013.2,False,36.7,26.0,1.8,88
11046,1402594,29.2,58.0,1013.2,False,36.6,320.0,2.7,88
11047,1462582,29.2,57.0,1013.2,False,36.3,333.0,3.0,88
11048,1522601,29.2,57.0,1013.2,False,36.3,339.0,3.0,88
11049,1582612,29.1,56.0,1013.2,False,36.6,299.0,2.0,88
11050,1642611,29.2,56.0,1013.2,False,36.8,332.0,1.3,88
11051,1702621,29.2,56.0,1013.2,False,36.5,16.0,2.9,88
11052,1762647,29.2,56.0,1013.2,False,36.8,348.0,2.2,88
11053,1822631,29.2,55.0,1013.2,False,36.3,12.0,2.2,88
11054,1882654,29.2,55.0,1013.4,False,36.3,348.0,2.7,88
11055,1942653,29.2,55.0,1013.2,False,36.2,358.0,2.9,88
11056,2002662,29.3,54.0,1013.2,False,36.4,314.0,2.2,88
11057,2062675,29.3,54.0,1013.2,False,36.4,356.0,3.2,88
11058,2122700,29.3,54.0,1013.2,False,36.2,311.0,2.5,88
11059,2182707,29.3,55.0,1013.4,False,36.2,344.0,3.2,88
11060,2242708,29.2,56.0,1013.2,False,36.2,20.0,2.5,88
11061,2302708,29.1,56.0,1013.4,False,35.7,337.0,2.9,88
11062,2362709,29.2,55.0,1013.4,False,35.9,318.0,2.7,88
11063,2422726,29.2,56.0,1013.2,False,35.7,311.0,2.4,88
11064,2482734,29.2,56.0,1013.2,False,35.9,21.0,2.2,88
11065,2542740,29.2,56.0,1013.4,False,35.7,332.0,2.2,88
11066,2602754,29.2,56.0,1013.4,False,35.4,343.0,2.5,88
11067,2662770,29.1,57.0,1013.2,False,35.0,348.0,2.7,88
11068,2722785,29.0,58.0,1013.4,False,34.7,306.0,2.4,88
11069,2782805,29.0,57.0,1013.2,False,35.3,20.0,2.2,88
11070,2842817,28.9,57.0,1013.4,False,35.0,344.0,2.2,88
11071,2902815,28.9,57.0,1013.2,False,34.9,325.0,2.5,88
11072,2962830,28.9,58.0,1013.2,False,35.0,348.0,3.2,88
11073,3022849,28.9,57.0,1013.4,False,35.1,6.0,2.7,88
11074,3082846,28.9,58.0,1013.4,False,35.1,344.0,2.7,88
11075,3142851,29.0,57.0,1013.2,False,35.2,6.0,2.0,88
11076,3202865,29.0,57.0,1013.4,False,35.6,320.0,2.0,88
11077,3262853,28.9,58.0,1013.4,False,35.3,348.0,2.7,88
11078,3322857,28.9,59.0,1013.2,False,35.2,318.0,2.2,88
11079,3382857,28.9,59.0,1013.4,False,35.1,18.0,3.0,88
11080,3442849,28.9,59.0,1013.4,False,35.1,350.0,2.2,88
11081,3502868,28.8,60.0,1013.4,False,35.1,331.0,3.0,88
11082,3562869,28.8,60.0,1013.4,False,34.8,332.0,2.0,88
11083,3622848,28.8,61.0,1013.5,False,34.7,13.0,2.2,88
11084,3682848,28.8,61.0,1013.4,False,34.8,48.0,2.7,88
11085,3742849,28.7,61.0,1013.5,False,34.8,337.0,3.2,88
11086,3802848,28.7,62.0,1013.4,False,34.7,311.0,3.5,88
11087,3862850,28.7,61.0,1013.5,False,34.9,319.0,2.7,88
11088,3922850,28.7,62.0,1013.4,False,34.9,290.0,3.2,88
11089,3982854,28.6,62.0,1013.5,False,34.4,328.0,3.0,88
11090,4042852,28.7,63.0,1013.5,False,34.3,334.0,2.5,88
11091,4102859,28.7,62.0,1013.5,False,34.0,302.0,3.5,88
11092,4162850,28.6,62.0,1013.5,False,34.0,341.0,2.9,88
11093,4222848,28.5,62.0,1013.5,False,34.0,312.0,3.9,88
11094,4282864,28.6,62.0,1013.5,False,34.2,311.0,3.7,88
11095,4342876,28.6,62.0,1013.5,False,34.5,339.0,2.7,88
11096,4402945,28.5,62.0,1013.5,False,34.0,300.0,2.4,88
11097,4462909,28.5,61.0,1013.5,False,34.1,323.0,3.4,88
11098,4522902,28.5,61.0,1013.5,False,34.0,296.0,3.2,88
11099,4582909,28.5,62.0,1013.5,False,34.0,300.0,2.9,88
11100,4642902,28.5,62.0,1013.7,False,34.0,309.0,2.7,88
11101,4702909,28.5,62.0,1013.5,False,33.9,303.0,3.0,88
11102,4762919,28.5,63.0,1013.7,False,33.9,313.0,2.7,88
11103,4822940,28.5,62.0,1013.5,False,33.9,305.0,3.2,88
11104,4882927,28.5,62.0,1013.7,False,33.7,345.0,2.7,88
11105,4942946,28.4,62.0,1013.7,False,33.9,308.0,2.2,88
11106,5002972,28.4,62.0,1013.7,False,33.7,307.0,3.0,88
11107,5062957,28.4,62.0,1013.7,False,33.5,300.0,3.7,88
11108,5122974,28.4,62.0,1013.7,False,33.3,307.0,3.0,88
11109,5182992,28.4,62.0,1013.7,False,33.6,329.0,2.7,88
11110,5243015,28.4,63.0,1013.7,False,33.4,312.0,2.2,88
11111,5303025,28.4,63.0,1013.5,False,33.4,299.0,2.4,88
11112,5363023,28.4,63.0,1013.7,False,33.3,356.0,2.7,88
11113,5423022,28.3,63.0,1013.7,False,33.3,305.0,2.4,88
11114,5483018,28.3,63.0,1013.7,False,33.6,352.0,2.2,88
11115,5543022,28.3,63.0,1013.7,False,33.2,315.0,1.5,88
11116,5603016,28.3,63.0,1013.7,False,33.1,335.0,2.0,88
11117,5663027,28.3,64.0,1013.5,False,33.1,326.0,2.0,88
11118,5723020,28.2,64.0,1013.7,False,33.0,332.0,2.2,88
11119,5783025,28.2,64.0,1013.7,False,33.0,343.0,1.6,88
11120,5843030,28.2,64.0,1013.7,False,32.9,305.0,2.7,88
11121,5903047,28.2,64.0,1013.7,False,32.9,296.0,1.8,88
11122,5963024,28.2,64.0,1013.7,False,33.3,302.0,2.0,88
11123,6023023,28.3,64.0,1013.7,False,33.3,340.0,2.5,88
11124,6083021,28.2,65.0,1013.7,False,32.9,305.0,2.0,88
11125,6143020,28.2,65.0,1013.7,False,33.0,301.0,2.4,88
11126,6203027,28.2,65.0,1013.7,False,32.9,314.0,1.7,88
11127,6263068,28.2,65.0,1013.7,False,32.8,307.0,2.2,88
11128,6323042,28.1,65.0,1013.5,False,32.5,312.0,2.7,88
11129,6383071,28.2,66.0,1013.7,False,32.9,293.0,2.0,88
11130,6443084,28.1,65.0,1013.7,False,32.8,293.0,2.7,88
11131,6503111,28.1,65.0,1013.5,False,32.8,305.0,2.5,88
11132,6563105,28.1,65.0,1013.7,False,32.9,342.0,2.5,88
11133,6623103,28.1,65.0,1013.5,False,32.9,312.0,3.0,88
11134,6683112,28.1,65.0,1013.7,False,32.9,330.0,3.0,88
11135,6743125,28.1,65.0,1013.7,False,32.9,308.0,2.7,88
11136,6803113,28.1,65.0,1013.7,False,32.8,341.0,2.4,88
11137,6863128,28.0,65.0,1013.7,False,32.7,318.0,2.5,88
11138,6923138,28.0,65.0,1013.7,False,32.7,297.0,3.0,88
11139,6983130,28.0,65.0,1013.7,False,32.6,294.0,2.9,88
11140,7043148,28.0,65.0,1013.7,False,32.6,327.0,2.0,88
11141,7103146,28.0,65.0,1013.7,False,32.6,299.0,2.7,88
11142,7163156,28.0,65.0,1013.7,False,32.5,297.0,3.2,88
11143,7223151,28.0,65.0,1013.7,False,32.6,301.0,2.4,88
11144,7283151,28.0,65.0,1013.7,False,32.6,296.0,3.0,88
11145,7343148,28.0,64.0,1013.7,False,32.7,305.0,3.0,88
11146,7403146,28.0,65.0,1013.7,False,32.7,312.0,2.2,88
11147,7463148,28.0,64.0,1013.7,False,32.4,334.0,2.2,88
11148,7523147,28.0,64.0,1013.7,False,32.4,345.0,2.5,88
11149,7583164,28.0,65.0,1013.7,False,32.4,299.0,2.0,88
11150,7643177,28.0,65.0,1013.7,False,32.4,295.0,1.7,88
11151,7703199,28.0,65.0,1013.7,False,32.4,337.0,1.7,88
11152,7763204,28.0,66.0,1013.7,False,32.4,330.0,1.8,88
11153,7823210,28.0,66.0,1013.7,False,32.3,313.0,2.0,88
11154,7883227,28.0,66.0,1013.7,False,32.3,321.0,1.6,88
11155,7943225,28.0,66.0,1013.9,False,32.1,313.0,2.5,88
11156,8003229,28.0,66.0,1013.9,False,32.0,295.0,2.2,88
11157,8063244,28.0,66.0,1013.9,False,32.0,317.0,3.0,88
11158,8123226,28.0,67.0,1013.9,False,32.1,313.0,2.0,88
11159,8183224,28.0,67.0,1014.0,False,32.3,325.0,2.5,88
11160,8243231,28.0,67.0,1013.9,False,31.9,41.0,2.5,88
11161,8303227,28.0,67.0,1013.9,False,31.9,309.0,2.0,88
11162,8363244,28.0,67.0,1013.9,False,32.0,308.0,2.0,88
11163,8423226,28.0,68.0,1013.7,False,32.0,310.0,2.0,88
11164,8483226,27.9,68.0,1013.9,False,32.0,305.0,2.4,88
11165,8543226,27.9,68.0,1013.9,False,32.1,299.0,2.7,88
11166,8603230,27.9,68.0,1013.9,False,31.9,303.0,2.5,88
11167,8663229,27.9,68.0,1014.0,False,31.9,322.0,2.5,88
11168,8723233,27.9,68.0,1014.0,False,31.9,298.0,1.7,88
11169,8783232,27.9,68.0,1014.0,False,31.9,315.0,2.0,88
11170,8843232,27.9,67.0,1013.9,False,31.9,305.0,2.2,88
11171,8903231,27.9,67.0,1014.0,False,32.0,303.0,2.2,88
11172,8963228,27.9,67.0,1014.0,False,32.0,299.0,2.0,88
11173,9023249,27.9,67.0,1014.0,False,32.0,291.0,1.7,88
11174,9083226,27.9,67.0,1014.0,False,31.7,305.0,2.5,88
11175,9143226,27.8,67.0,1014.0,False,31.7,335.0,2.5,88
11176,9203226,27.8,67.0,1014.0,False,31.7,302.0,2.0,88
11177,9263226,27.8,67.0,1014.0,False,31.6,289.0,2.0,88
