DriverNumber,BroadcastName,Abbreviation,DriverId,TeamName,TeamColor,TeamId,FirstName,LastName,FullName,HeadshotUrl,CountryCode,Position,ClassifiedPosition,GridPosition,Q1,Q2,Q3,Time,Status,Points,Laps
33,M VERSTAPPEN,VER,max_verstappen,Red Bull Racing,0600EF,red_bull,Max,Verstappen,Max Verstappen,https://www.formula1.com/content/dam/fom-website/drivers/M/MAXVER01_Max_Verstappen/maxver01.png.transform/1col/image.png,,1.0,,,0 days 00:01:30.499000,0 days 00:01:30.318000,0 days 00:01:28.997000,,,,
44,L HAMILTON,HAM,hamilton,Mercedes,00D2BE,mercedes,Lewis,Hamilton,Lewis Hamilton,https://www.formula1.com/content/dam/fom-website/drivers/L/LEWHAM01_Lewis_Hamilton/lewham01.png.transform/1col/image.png,,2.0,,,0 days 00:01:30.617000,0 days 00:01:30.085000,0 days 00:01:29.385000,,,,
77,V BOTTAS,BOT,bottas,Mercedes,00D2BE,mercedes,Valtteri,Bottas,Valtteri Bottas,https://www.formula1.com/content/dam/fom-website/drivers/V/VALBOT01_Valtteri_Bottas/valbot01.png.transform/1col/image.png,,3.0,,,0 days 00:01:31.200000,0 days 00:01:30.186000,0 days 00:01:29.586000,,,,
16,C LECLERC,LEC,leclerc,Ferrari,DC0004,ferrari,Charles,Leclerc,Charles Leclerc,https://www.formula1.com/content/dam/fom-website/drivers/C/CHALEC01_Charles_Leclerc/chalec01.png.transform/1col/image.png,,4.0,,,0 days 00:01:30.691000,0 days 00:01:30.010000,0 days 00:01:29.678000,,,,
10,P GASLY,GAS,gasly,AlphaTauri,2B4562,alphatauri,Pierre,Gasly,Pierre Gasly,https://www.formula1.com/content/dam/fom-website/drivers/P/PIEGAS01_Pierre_Gasly/piegas01.png.transform/1col/image.png,,5.0,,,0 days 00:01:30.848000,0 days 00:01:30.513000,0 days 00:01:29.809000,,,,
3,D RICCIARDO,RIC,ricciardo,McLaren,FF9800,mclaren,Daniel,Ricciardo,Daniel Ricciardo,https://www.formula1.com/content/dam/fom-website/drivers/D/DANRIC01_Daniel_Ricciardo/danric01.png.transform/1col/image.png,,6.0,,,0 days 00:01:30.795000,0 days 00:01:30.222000,0 days 00:01:29.927000,,,,
4,L NORRIS,NOR,norris,McLaren,FF9800,mclaren,Lando,Norris,Lando Norris,https://www.formula1.com/content/dam/fom-website/drivers/L/LANNOR01_Lando_Norris/lannor01.png.transform/1col/image.png,,7.0,,,0 days 00:01:30.902000,0 days 00:01:30.099000,0 days 00:01:29.974000,,,,
55,C SAINZ,SAI,sainz,Ferrari,DC0004,ferrari,Carlos,Sainz,Carlos Sainz,https://www.formula1.com/content/dam/fom-website/drivers/C/CARSAI01_Carlos_Sainz/carsai01.png.transform/1col/image.png,,8.0,,,0 days 00:01:31.653000,0 days 00:01:30.009000,0 days 00:01:30.215000,,,,
14,F ALONSO,ALO,alonso,Alpine,0090FF,alpine,Fernando,Alonso,Fernando Alonso,https://www.formula1.com/content/dam/fom-website/drivers/F/FERALO01_Fernando_Alonso/feralo01.png.transform/1col/image.png,,9.0,,,0 days 00:01:30.863000,0 days 00:01:30.595000,0 days 00:01:30.249000,,,,
18,L STROLL,STR,stroll,Aston Martin,006F62,aston_martin,Lance,Stroll,Lance Stroll,https://www.formula1.com/content/dam/fom-website/drivers/L/LANSTR01_Lance_Stroll/lanstr01.png.transform/1col/image.png,,10.0,,,0 days 00:01:31.261000,0 days 00:01:30.624000,0 days 00:01:30.601000,,,,
11,S PEREZ,PER,perez,Red Bull Racing,0600EF,red_bull,Sergio,Perez,Sergio Perez,https://www.formula1.com/content/dam/fom-website/drivers/S/SERPER01_Sergio_Perez/serper01.png.transform/1col/image.png,,11.0,,,0 days 00:01:31.165000,0 days 00:01:30.659000,,,,,
99,A GIOVINAZZI,GIO,giovinazzi,Alfa Romeo Racing,900000,alfa,Antonio,Giovinazzi,Antonio Giovinazzi,https://www.formula1.com/content/dam/fom-website/drivers/A/ANTGIO01_Antonio_Giovinazzi/antgio01.png.transform/1col/image.png,,12.0,,,0 days 00:01:30.998000,0 days 00:01:30.708000,,,,,
22,Y TSUNODA,TSU,tsunoda,AlphaTauri,2B4562,alphatauri,Yuki,Tsunoda,Yuki Tsunoda,https://www.formula1.com/content/dam/fom-website/drivers/Y/YUKTSU01_Yuki_Tsunoda/yuktsu01.png.transform/1col/image.png,,13.0,,,0 days 00:01:30.607000,0 days 00:01:31.203000,,,,,
7,K RAIKKONEN,RAI,raikkonen,Alfa Romeo Racing,900000,alfa,Kimi,Räikkönen,Kimi Räikkönen,https://www.formula1.com/content/dam/fom-website/drivers/K/KIMRAI01_Kimi_R%C3%A4ikk%C3%B6nen/kimrai01.png.transform/1col/image.png,,14.0,,,0 days 00:01:31.547000,0 days 00:01:31.238000,,,,,
63,G RUSSELL,RUS,russell,Williams,005AFF,williams,George,Russell,George Russell,https://www.formula1.com/content/dam/fom-website/drivers/G/GEORUS01_George_Russell/georus01.png.transform/1col/image.png,,15.0,,,0 days 00:01:31.316000,0 days 00:01:33.430000,,,,,
31,E OCON,OCO,ocon,Alpine,0090FF,alpine,Esteban,Ocon,Esteban Ocon,https://www.formula1.com/content/dam/fom-website/drivers/E/ESTOCO01_Esteban_Ocon/estoco01.png.transform/1col/image.png,,16.0,,,0 days 00:01:31.724000,,,,,,
6,N LATIFI,LAT,latifi,Williams,005AFF,williams,Nicholas,Latifi,Nicholas Latifi,https://www.formula1.com/content/dam/fom-website/drivers/N/NICLAF01_Nicholas_Latifi/niclaf01.png.transform/1col/image.png,,17.0,,,0 days 00:01:31.936000,,,,,,
5,S VETTEL,VET,vettel,Aston Martin,006F62,aston_martin,Sebastian,Vettel,Sebastian Vettel,https://www.formula1.com/content/dam/fom-website/drivers/S/SEBVET01_Sebastian_Vettel/sebvet01.png.transform/1col/image.png,,18.0,,,0 days 00:01:32.056000,,,,,,
47,M SCHUMACHER,MSC,mick_schumacher,Haas F1 Team,FFFFFF,haas,Mick,Schumacher,Mick Schumacher,https://www.formula1.com/content/dam/fom-website/drivers/M/MICSCH02_Mick_Schumacher/micsch02.png.transform/1col/image.png,,19.0,,,0 days 00:01:32.449000,,,,,,
9,N MAZEPIN,MAZ,mazepin,Haas F1 Team,FFFFFF,haas,Nikita,Mazepin,Nikita Mazepin,https://www.formula1.com/content/dam/fom-website/drivers/N/NIKMAZ01_Nikita_Mazepin/nikmaz01.png.transform/1col/image.png,,20.0,,,0 days 00:01:33.273000,,,,,,
44,L HAMILTON,HAM,hamilton,Mercedes,00D2BE,mercedes,Lewis,Hamilton,Lewis Hamilton,https://www.formula1.com/content/dam/fom-website/drivers/L/LEWHAM01_Lewis_Hamilton/lewham01.png.transform/1col/image.png,,1.0,1,2.0,,,,0 days 01:32:03.897000,Finished,25.0,56.0
33,M VERSTAPPEN,VER,max_verstappen,Red Bull Racing,0600EF,red_bull,Max,Verstappen,Max Verstappen,https://www.formula1.com/content/dam/fom-website/drivers/M/MAXVER01_Max_Verstappen/maxver01.png.transform/1col/image.png,,2.0,2,1.0,,,,0 days 00:00:00.745000,Finished,18.0,56.0
77,V BOTTAS,BOT,bottas,Mercedes,00D2BE,mercedes,Valtteri,Bottas,Valtteri Bottas,https://www.formula1.com/content/dam/fom-website/drivers/V/VALBOT01_Valtteri_Bottas/valbot01.png.transform/1col/image.png,,3.0,3,3.0,,,,0 days 00:00:37.383000,Finished,16.0,56.0
4,L NORRIS,NOR,norris,McLaren,FF9800,mclaren,Lando,Norris,Lando Norris,https://www.formula1.com/content/dam/fom-website/drivers/L/LANNOR01_Lando_Norris/lannor01.png.transform/1col/image.png,,4.0,4,7.0,,,,0 days 00:00:46.466000,Finished,12.0,56.0
11,S PEREZ,PER,perez,Red Bull Racing,0600EF,red_bull,Sergio,Perez,Sergio Perez,https://www.formula1.com/content/dam/fom-website/drivers/S/SERPER01_Sergio_Perez/serper01.png.transform/1col/image.png,,5.0,5,0.0,,,,0 days 00:00:52.047000,Finished,10.0,56.0
16,C LECLERC,LEC,leclerc,Ferrari,DC0004,ferrari,Charles,Leclerc,Charles Leclerc,https://www.formula1.com/content/dam/fom-website/drivers/C/CHALEC01_Charles_Leclerc/chalec01.png.transform/1col/image.png,,6.0,6,4.0,,,,0 days 00:00:59.090000,Finished,8.0,56.0
3,D RICCIARDO,RIC,ricciardo,McLaren,FF9800,mclaren,Daniel,Ricciardo,Daniel Ricciardo,https://www.formula1.com/content/dam/fom-website/drivers/D/DANRIC01_Daniel_Ricciardo/danric01.png.transform/1col/image.png,,7.0,7,6.0,,,,0 days 00:01:06.004000,Finished,6.0,56.0
55,C SAINZ,SAI,sainz,Ferrari,DC0004,ferrari,Carlos,Sainz,Carlos Sainz,https://www.formula1.com/content/dam/fom-website/drivers/C/CARSAI01_Carlos_Sainz/carsai01.png.transform/1col/image.png,,8.0,8,8.0,,,,0 days 00:01:07.100000,Finished,4.0,56.0
22,Y TSUNODA,TSU,tsunoda,AlphaTauri,2B4562,alphatauri,Yuki,Tsunoda,Yuki Tsunoda,https://www.formula1.com/content/dam/fom-website/drivers/Y/YUKTSU01_Yuki_Tsunoda/yuktsu01.png.transform/1col/image.png,,9.0,9,13.0,,,,0 days 00:01:25.692000,Finished,2.0,56.0
18,L STROLL,STR,stroll,Aston Martin,006F62,aston_martin,Lance,Stroll,Lance Stroll,https://www.formula1.com/content/dam/fom-website/drivers/L/LANSTR01_Lance_Stroll/lanstr01.png.transform/1col/image.png,,10.0,10,10.0,,,,0 days 00:01:26.713000,Finished,1.0,56.0
7,K RAIKKONEN,RAI,raikkonen,Alfa Romeo Racing,900000,alfa,Kimi,Räikkönen,Kimi Räikkönen,https://www.formula1.com/content/dam/fom-website/drivers/K/KIMRAI01_Kimi_R%C3%A4ikk%C3%B6nen/kimrai01.png.transform/1col/image.png,,11.0,11,14.0,,,,0 days 00:01:28.864000,Finished,0.0,56.0
99,A GIOVINAZZI,GIO,giovinazzi,Alfa Romeo Racing,900000,alfa,Antonio,Giovinazzi,Antonio Giovinazzi,https://www.formula1.com/content/dam/fom-website/drivers/A/ANTGIO01_Antonio_Giovinazzi/antgio01.png.transform/1col/image.png,,12.0,12,12.0,,,,,+1 Lap,0.0,55.0
31,E OCON,OCO,ocon,Alpine,0090FF,alpine,Esteban,Ocon,Esteban Ocon,https://www.formula1.com/content/dam/fom-website/drivers/E/ESTOCO01_Esteban_Ocon/estoco01.png.transform/1col/image.png,,13.0,13,16.0,,,,,+1 Lap,0.0,55.0
63,G RUSSELL,RUS,russell,Williams,005AFF,williams,George,Russell,George Russell,https://www.formula1.com/content/dam/fom-website/drivers/G/GEORUS01_George_Russell/georus01.png.transform/1col/image.png,,14.0,14,15.0,,,,,+1 Lap,0.0,55.0
5,S VETTEL,VET,vettel,Aston Martin,006F62,aston_martin,Sebastian,Vettel,Sebastian Vettel,https://www.formula1.com/content/dam/fom-website/drivers/S/SEBVET01_Sebastian_Vettel/sebvet01.png.transform/1col/image.png,,15.0,15,20.0,,,,,+1 Lap,0.0,55.0
47,M SCHUMACHER,MSC,mick_schumacher,Haas F1 Team,FFFFFF,haas,Mick,Schumacher,Mick Schumacher,https://www.formula1.com/content/dam/fom-website/drivers/M/MICSCH02_Mick_Schumacher/micsch02.png.transform/1col/image.png,,16.0,16,18.0,,,,,+1 Lap,0.0,55.0
10,P GASLY,GAS,gasly,AlphaTauri,2B4562,alphatauri,Pierre,Gasly,Pierre Gasly,https://www.formula1.com/content/dam/fom-website/drivers/P/PIEGAS01_Pierre_Gasly/piegas01.png.transform/1col/image.png,,17.0,17,5.0,,,,,Retired,0.0,52.0
6,N LATIFI,LAT,latifi,Williams,005AFF,williams,Nicholas,Latifi,Nicholas Latifi,https://www.formula1.com/content/dam/fom-website/drivers/N/NICLAF01_Nicholas_Latifi/niclaf01.png.transform/1col/image.png,,18.0,18,17.0,,,,,Retired,0.0,51.0
14,F ALONSO,ALO,alonso,Alpine,0090FF,alpine,Fernando,Alonso,Fernando Alonso,https://www.formula1.com/content/dam/fom-website/drivers/F/FERALO01_Fernando_Alonso/feralo01.png.transform/1col/image.png,,19.0,R,9.0,,,,,Brakes,0.0,32.0
9,N MAZEPIN,MAZ,mazepin,Haas F1 Team,FFFFFF,haas,Nikita,Mazepin,Nikita Mazepin,https://www.formula1.com/content/dam/fom-website/drivers/N/NIKMAZ01_Nikita_Mazepin/nikmaz01.png.transform/1col/image.png,,20.0,R,19.0,,,,,Accident,0.0,0.0
44,L HAMILTON,HAM,hamilton,Mercedes,00D2BE,mercedes,Lewis,Hamilton,Lewis Hamilton,https://www.formula1.com/content/dam/fom-website/drivers/L/LEWHAM01_Lewis_Hamilton/lewham01.png.transform/1col/image.png,,1.0,,,0 days 00:01:14.823000,0 days 00:01:14.817000,0 days 00:01:14.411000,,,,
11,S PEREZ,PER,perez,Red Bull Racing,0600EF,red_bull,Sergio,Perez,Sergio Perez,https://www.formula1.com/content/dam/fom-website/drivers/S/SERPER01_Sergio_Perez/serper01.png.transform/1col/image.png,,2.0,,,0 days 00:01:15.395000,0 days 00:01:14.716000,0 days 00:01:14.446000,,,,
33,M VERSTAPPEN,VER,max_verstappen,Red Bull Racing,0600EF,red_bull,Max,Verstappen,Max Verstappen,https://www.formula1.com/content/dam/fom-website/drivers/M/MAXVER01_Max_Verstappen/maxver01.png.transform/1col/image.png,,3.0,,,0 days 00:01:15.109000,0 days 00:01:14.884000,0 days 00:01:14.498000,,,,
16,C LECLERC,LEC,leclerc,Ferrari,DC0004,ferrari,Charles,Leclerc,Charles Leclerc,https://www.formula1.com/content/dam/fom-website/drivers/C/CHALEC01_Charles_Leclerc/chalec01.png.transform/1col/image.png,,4.0,,,0 days 00:01:15.413000,0 days 00:01:14.808000,0 days 00:01:14.740000,,,,
10,P GASLY,GAS,gasly,AlphaTauri,2B4562,alphatauri,Pierre,Gasly,Pierre Gasly,https://www.formula1.com/content/dam/fom-website/drivers/P/PIEGAS01_Pierre_Gasly/piegas01.png.transform/1col/image.png,,5.0,,,0 days 00:01:15.548000,0 days 00:01:14.927000,0 days 00:01:14.790000,,,,
3,D RICCIARDO,RIC,ricciardo,McLaren,FF9800,mclaren,Daniel,Ricciardo,Daniel Ricciardo,https://www.formula1.com/content/dam/fom-website/drivers/D/DANRIC01_Daniel_Ricciardo/danric01.png.transform/1col/image.png,,6.0,,,0 days 00:01:15.669000,0 days 00:01:15.033000,0 days 00:01:14.826000,,,,
4,L NORRIS,NOR,norris,McLaren,FF9800,mclaren,Lando,Norris,Lando Norris,https://www.formula1.com/content/dam/fom-website/drivers/L/LANNOR01_Lando_Norris/lannor01.png.transform/1col/image.png,,7.0,,,0 days 00:01:15.009000,0 days 00:01:14.718000,0 days 00:01:14.875000,,,,
77,V BOTTAS,BOT,bottas,Mercedes,00D2BE,mercedes,Valtteri,Bottas,Valtteri Bottas,https://www.formula1.com/content/dam/fom-website/drivers/V/VALBOT01_Valtteri_Bottas/valbot01.png.transform/1col/image.png,,8.0,,,0 days 00:01:14.672000,0 days 00:01:14.905000,0 days 00:01:14.898000,,,,
31,E OCON,OCO,ocon,Alpine,0090FF,alpine,Esteban,Ocon,Esteban Ocon,https://www.formula1.com/content/dam/fom-website/drivers/E/ESTOCO01_Esteban_Ocon/estoco01.png.transform/1col/image.png,,9.0,,,0 days 00:01:15.385000,0 days 00:01:15.117000,0 days 00:01:15.210000,,,,
18,L STROLL,STR,stroll,Aston Martin,006F62,aston_martin,Lance,Stroll,Lance Stroll,https://www.formula1.com/content/dam/fom-website/drivers/L/LANSTR01_Lance_Stroll/lanstr01.png.transform/1col/image.png,,10.0,,,0 days 00:01:15.522000,0 days 00:01:15.138000,,,,,
55,C SAINZ,SAI,sainz,Ferrari,DC0004,ferrari,Carlos,Sainz,Carlos Sainz,https://www.formula1.com/content/dam/fom-website/drivers/C/CARSAI01_Carlos_Sainz/carsai01.png.transform/1col/image.png,,11.0,,,0 days 00:01:15.406000,0 days 00:01:15.199000,,,,,
63,G RUSSELL,RUS,russell,Williams,005AFF,williams,George,Russell,George Russell,https://www.formula1.com/content/dam/fom-website/drivers/G/GEORUS01_George_Russell/georus01.png.transform/1col/image.png,,12.0,,,0 days 00:01:15.826000,0 days 00:01:15.261000,,,,,
5,S VETTEL,VET,vettel,Aston Martin,006F62,aston_martin,Sebastian,Vettel,Sebastian Vettel,https://www.formula1.com/content/dam/fom-website/drivers/S/SEBVET01_Sebastian_Vettel/sebvet01.png.transform/1col/image.png,,13.0,,,0 days 00:01:15.459000,0 days 00:01:15.394000,,,,,
6,N LATIFI,LAT,latifi,Williams,005AFF,williams,Nicholas,Latifi,Nicholas Latifi,https://www.formula1.com/content/dam/fom-website/drivers/N/NICLAF01_Nicholas_Latifi/niclaf01.png.transform/1col/image.png,,14.0,,,0 days 00:01:15.653000,0 days 00:01:15.593000,,,,,
14,F ALONSO,ALO,alonso,Alpine,0090FF,alpine,Fernando,Alonso,Fernando Alonso,https://www.formula1.com/content/dam/fom-website/drivers/F/FERALO01_Fernando_Alonso/feralo01.png.transform/1col/image.png,,15.0,,,0 days 00:01:15.832000,0 days 00:01:15.593000,,,,,
7,K RAIKKONEN,RAI,raikkonen,Alfa Romeo Racing,900000,alfa,Kimi,Räikkönen,Kimi Räikkönen,https://www.formula1.com/content/dam/fom-website/drivers/K/KIMRAI01_Kimi_R%C3%A4ikk%C3%B6nen/kimrai01.png.transform/1col/image.png,,16.0,,,0 days 00:01:15.974000,,,,,,
99,A GIOVINAZZI,GIO,giovinazzi,Alfa Romeo Racing,900000,alfa,Antonio,Giovinazzi,Antonio Giovinazzi,https://www.formula1.com/content/dam/fom-website/drivers/A/ANTGIO01_Antonio_Giovinazzi/antgio01.png.transform/1col/image.png,,17.0,,,0 days 00:01:16.122000,,,,,,
47,M SCHUMACHER,MSC,mick_schumacher,Haas F1 Team,FFFFFF,haas,Mick,Schumacher,Mick Schumacher,https://www.formula1.com/content/dam/fom-website/drivers/M/MICSCH02_Mick_Schumacher/micsch02.png.transform/1col/image.png,,18.0,,,0 days 00:01:16.279000,,,,,,
9,N MAZEPIN,MAZ,mazepin,Haas F1 Team,FFFFFF,haas,Nikita,Mazepin,Nikita Mazepin,https://www.formula1.com/content/dam/fom-website/drivers/N/NIKMAZ01_Nikita_Mazepin/nikmaz01.png.transform/1col/image.png,,19.0,,,0 days 00:01:16.797000,,,,,,
22,Y TSUNODA,TSU,tsunoda,AlphaTauri,2B4562,alphatauri,Yuki,Tsunoda,Yuki Tsunoda,https://www.formula1.com/content/dam/fom-website/drivers/Y/YUKTSU01_Yuki_Tsunoda/yuktsu01.png.transform/1col/image.png,,20.0,,,,,,,,,
33,M VERSTAPPEN,VER,max_verstappen,Red Bull Racing,0600EF,red_bull,Max,Verstappen,Max Verstappen,https://www.formula1.com/content/dam/fom-website/drivers/M/MAXVER01_Max_Verstappen/maxver01.png.transform/1col/image.png,,1.0,1,3.0,,,,0 days 02:02:34.598000,Finished,25.0,63.0
44,L HAMILTON,HAM,hamilton,Mercedes,00D2BE,mercedes,Lewis,Hamilton,Lewis Hamilton,https://www.formula1.com/content/dam/fom-website/drivers/L/LEWHAM01_Lewis_Hamilton/lewham01.png.transform/1col/image.png,,2.0,2,1.0,,,,0 days 00:00:22,Finished,19.0,63.0
4,L NORRIS,NOR,norris,McLaren,FF9800,mclaren,Lando,Norris,Lando Norris,https://www.formula1.com/content/dam/fom-website/drivers/L/LANNOR01_Lando_Norris/lannor01.png.transform/1col/image.png,,3.0,3,7.0,,,,0 days 00:00:23.702000,Finished,15.0,63.0
16,C LECLERC,LEC,leclerc,Ferrari,DC0004,ferrari,Charles,Leclerc,Charles Leclerc,https://www.formula1.com/content/dam/fom-website/drivers/C/CHALEC01_Charles_Leclerc/chalec01.png.transform/1col/image.png,,4.0,4,4.0,,,,0 days 00:00:25.579000,Finished,12.0,63.0
55,C SAINZ,SAI,sainz,Ferrari,DC0004,ferrari,Carlos,Sainz,Carlos Sainz,https://www.formula1.com/content/dam/fom-website/drivers/C/CARSAI01_Carlos_Sainz/carsai01.png.transform/1col/image.png,,5.0,5,11.0,,,,0 days 00:00:27.036000,Finished,10.0,63.0
3,D RICCIARDO,RIC,ricciardo,McLaren,FF9800,mclaren,Daniel,Ricciardo,Daniel Ricciardo,https://www.formula1.com/content/dam/fom-website/drivers/D/DANRIC01_Daniel_Ricciardo/danric01.png.transform/1col/image.png,,6.0,6,6.0,,,,0 days 00:00:51.220000,Finished,8.0,63.0
10,P GASLY,GAS,gasly,AlphaTauri,2B4562,alphatauri,Pierre,Gasly,Pierre Gasly,https://www.formula1.com/content/dam/fom-website/drivers/P/PIEGAS01_Pierre_Gasly/piegas01.png.transform/1col/image.png,,7.0,7,5.0,,,,0 days 00:00:52.818000,Finished,6.0,63.0
18,L STROLL,STR,stroll,Aston Martin,006F62,aston_martin,Lance,Stroll,Lance Stroll,https://www.formula1.com/content/dam/fom-website/drivers/L/LANSTR01_Lance_Stroll/lanstr01.png.transform/1col/image.png,,8.0,8,10.0,,,,0 days 00:00:56.909000,Finished,4.0,63.0
31,E OCON,OCO,ocon,Alpine,0090FF,alpine,Esteban,Ocon,Esteban Ocon,https://www.formula1.com/content/dam/fom-website/drivers/E/ESTOCO01_Esteban_Ocon/estoco01.png.transform/1col/image.png,,9.0,9,9.0,,,,0 days 00:01:05.704000,Finished,2.0,63.0
14,F ALONSO,ALO,alonso,Alpine,0090FF,alpine,Fernando,Alonso,Fernando Alonso,https://www.formula1.com/content/dam/fom-website/drivers/F/FERALO01_Fernando_Alonso/feralo01.png.transform/1col/image.png,,10.0,10,15.0,,,,0 days 00:01:06.561000,Finished,1.0,63.0
11,S PEREZ,PER,perez,Red Bull Racing,0600EF,red_bull,Sergio,Perez,Sergio Perez,https://www.formula1.com/content/dam/fom-website/drivers/S/SERPER01_Sergio_Perez/serper01.png.transform/1col/image.png,,11.0,11,2.0,,,,0 days 00:01:07.151000,Finished,0.0,63.0
22,Y TSUNODA,TSU,tsunoda,AlphaTauri,2B4562,alphatauri,Yuki,Tsunoda,Yuki Tsunoda,https://www.formula1.com/content/dam/fom-website/drivers/Y/YUKTSU01_Yuki_Tsunoda/yuktsu01.png.transform/1col/image.png,,12.0,12,20.0,,,,0 days 00:01:13.184000,Finished,0.0,63.0
7,K RAIKKONEN,RAI,raikkonen,Alfa Romeo Racing,900000,alfa,Kimi,Räikkönen,Kimi Räikkönen,https://www.formula1.com/content/dam/fom-website/drivers/K/KIMRAI01_Kimi_R%C3%A4ikk%C3%B6nen/kimrai01.png.transform/1col/image.png,,13.0,13,16.0,,,,0 days 00:01:34.773000,Finished,0.0,63.0
99,A GIOVINAZZI,GIO,giovinazzi,Alfa Romeo Racing,900000,alfa,Antonio,Giovinazzi,Antonio Giovinazzi,https://www.formula1.com/content/dam/fom-website/drivers/A/ANTGIO01_Antonio_Giovinazzi/antgio01.png.transform/1col/image.png,,14.0,14,17.0,,,,,+1 Lap,0.0,62.0
5,S VETTEL,VET,vettel,Aston Martin,006F62,aston_martin,Sebastian,Vettel,Sebastian Vettel,https://www.formula1.com/content/dam/fom-website/drivers/S/SEBVET01_Sebastian_Vettel/sebvet01.png.transform/1col/image.png,,15.0,15,0.0,,,,,Gearbox,0.0,61.0
47,M SCHUMACHER,MSC,mick_schumacher,Haas F1 Team,FFFFFF,haas,Mick,Schumacher,Mick Schumacher,https://www.formula1.com/content/dam/fom-website/drivers/M/MICSCH02_Mick_Schumacher/micsch02.png.transform/1col/image.png,,16.0,16,18.0,,,,,+2 Laps,0.0,61.0
9,N MAZEPIN,MAZ,mazepin,Haas F1 Team,FFFFFF,haas,Nikita,Mazepin,Nikita Mazepin,https://www.formula1.com/content/dam/fom-website/drivers/N/NIKMAZ01_Nikita_Mazepin/nikmaz01.png.transform/1col/image.png,,17.0,17,19.0,,,,,+2 Laps,0.0,61.0
77,V BOTTAS,BOT,bottas,Mercedes,00D2BE,mercedes,Valtteri,Bottas,Valtteri Bottas,https://www.formula1.com/content/dam/fom-website/drivers/V/VALBOT01_Valtteri_Bottas/valbot01.png.transform/1col/image.png,,18.0,R,8.0,,,,,Collision,0.0,30.0
63,G RUSSELL,RUS,russell,Williams,005AFF,williams,George,Russell,George Russell,https://www.formula1.com/content/dam/fom-website/drivers/G/GEORUS01_George_Russell/georus01.png.transform/1col/image.png,,19.0,R,12.0,,,,,Collision,0.0,30.0
6,N LATIFI,LAT,latifi,Williams,005AFF,williams,Nicholas,Latifi,Nicholas Latifi,https://www.formula1.com/content/dam/fom-website/drivers/N/NICLAF01_Nicholas_Latifi/niclaf01.png.transform/1col/image.png,,20.0,R,14.0,,,,,Collision,0.0,0.0
77,V BOTTAS,BOT,bottas,Mercedes,00D2BE,mercedes,Valtteri,Bottas,Valtteri Bottas,https://www.formula1.com/content/dam/fom-website/drivers/V/VALBOT01_Valtteri_Bottas/valbot01.png.transform/1col/image.png,,1.0,,,0 days 00:01:18.722000,0 days 00:01:18.458000,0 days 00:01:18.348000,,,,
44,L HAMILTON,HAM,hamilton,Mercedes,00D2BE,mercedes,Lewis,Hamilton,Lewis Hamilton,https://www.formula1.com/content/dam/fom-website/drivers/L/LEWHAM01_Lewis_Hamilton/lewham01.png.transform/1col/image.png,,2.0,,,0 days 00:01:18.857000,0 days 00:01:17.968000,0 days 00:01:18.355000,,,,
33,M VERSTAPPEN,VER,max_verstappen,Red Bull Racing,0600EF,red_bull,Max,Verstappen,Max Verstappen,https://www.formula1.com/content/dam/fom-website/drivers/M/MAXVER01_Max_Verstappen/maxver01.png.transform/1col/image.png,,3.0,,,0 days 00:01:19.485000,0 days 00:01:18.650000,0 days 00:01:18.746000,,,,
11,S PEREZ,PER,perez,Red Bull Racing,0600EF,red_bull,Sergio,Perez,Sergio Perez,https://www.formula1.com/content/dam/fom-website/drivers/S/SERPER01_Sergio_Perez/serper01.png.transform/1col/image.png,,4.0,,,0 days 00:01:19.337000,0 days 00:01:18.845000,0 days 00:01:18.890000,,,,
55,C SAINZ,SAI,sainz,Ferrari,DC0004,ferrari,Carlos,Sainz,Carlos Sainz,https://www.formula1.com/content/dam/fom-website/drivers/C/CARSAI01_Carlos_Sainz/carsai01.png.transform/1col/image.png,,5.0,,,0 days 00:01:19.309000,0 days 00:01:18.813000,0 days 00:01:19.039000,,,,
31,E OCON,OCO,ocon,Alpine,0090FF,alpine,Esteban,Ocon,Esteban Ocon,https://www.formula1.com/content/dam/fom-website/drivers/E/ESTOCO01_Esteban_Ocon/estoco01.png.transform/1col/image.png,,6.0,,,0 days 00:01:19.092000,0 days 00:01:18.586000,0 days 00:01:19.042000,,,,
4,L NORRIS,NOR,norris,McLaren,FF9800,mclaren,Lando,Norris,Lando Norris,https://www.formula1.com/content/dam/fom-website/drivers/L/LANNOR01_Lando_Norris/lannor01.png.transform/1col/image.png,,7.0,,,0 days 00:01:18.794000,0 days 00:01:18.481000,0 days 00:01:19.116000,,,,
16,C LECLERC,LEC,leclerc,Ferrari,DC0004,ferrari,Charles,Leclerc,Charles Leclerc,https://www.formula1.com/content/dam/fom-website/drivers/C/CHALEC01_Charles_Leclerc/chalec01.png.transform/1col/image.png,,8.0,,,0 days 00:01:19.373000,0 days 00:01:18.769000,0 days 00:01:19.306000,,,,
10,P GASLY,GAS,gasly,AlphaTauri,2B4562,alphatauri,Pierre,Gasly,Pierre Gasly,https://www.formula1.com/content/dam/fom-website/drivers/P/PIEGAS01_Pierre_Gasly/piegas01.png.transform/1col/image.png,,9.0,,,0 days 00:01:19.464000,0 days 00:01:19.052000,0 days 00:01:19.475000,,,,
5,S VETTEL,VET,vettel,Aston Martin,006F62,aston_martin,Sebastian,Vettel,Sebastian Vettel,https://www.formula1.com/content/dam/fom-website/drivers/S/SEBVET01_Sebastian_Vettel/sebvet01.png.transform/1col/image.png,,10.0,,,0 days 00:01:19.403000,0 days 00:01:18.970000,0 days 00:01:19.659000,,,,
63,G RUSSELL,RUS,russell,Williams,005AFF,williams,George,Russell,George Russell,https://www.formula1.com/content/dam/fom-website/drivers/G/GEORUS01_George_Russell/georus01.png.transform/1col/image.png,,11.0,,,0 days 00:01:19.797000,0 days 00:01:19.109000,,,,,
99,A GIOVINAZZI,GIO,giovinazzi,Alfa Romeo Racing,900000,alfa,Antonio,Giovinazzi,Antonio Giovinazzi,https://www.formula1.com/content/dam/fom-website/drivers/A/ANTGIO01_Antonio_Giovinazzi/antgio01.png.transform/1col/image.png,,12.0,,,0 days 00:01:19.410000,0 days 00:01:19.216000,,,,,
14,F ALONSO,ALO,alonso,Alpine,0090FF,alpine,Fernando,Alonso,Fernando Alonso,https://www.formula1.com/content/dam/fom-website/drivers/F/FERALO01_Fernando_Alonso/feralo01.png.transform/1col/image.png,,13.0,,,0 days 00:01:19.728000,0 days 00:01:19.456000,,,,,
22,Y TSUNODA,TSU,tsunoda,AlphaTauri,2B4562,alphatauri,Yuki,Tsunoda,Yuki Tsunoda,https://www.formula1.com/content/dam/fom-website/drivers/Y/YUKTSU01_Yuki_Tsunoda/yuktsu01.png.transform/1col/image.png,,14.0,,,0 days 00:01:19.684000,0 days 00:01:19.463000,,,,,
7,K RAIKKONEN,RAI,raikkonen,Alfa Romeo Racing,900000,alfa,Kimi,Räikkönen,Kimi Räikkönen,https://www.formula1.com/content/dam/fom-website/drivers/K/KIMRAI01_Kimi_R%C3%A4ikk%C3%B6nen/kimrai01.png.transform/1col/image.png,,15.0,,,0 days 00:01:19.748000,0 days 00:01:19.812000,,,,,
3,D RICCIARDO,RIC,ricciardo,McLaren,FF9800,mclaren,Daniel,Ricciardo,Daniel Ricciardo,https://www.formula1.com/content/dam/fom-website/drivers/D/DANRIC01_Daniel_Ricciardo/danric01.png.transform/1col/image.png,,16.0,,,0 days 00:01:19.839000,,,,,,
18,L STROLL,STR,stroll,Aston Martin,006F62,aston_martin,Lance,Stroll,Lance Stroll,https://www.formula1.com/content/dam/fom-website/drivers/L/LANSTR01_Lance_Stroll/lanstr01.png.transform/1col/image.png,,17.0,,,0 days 00:01:19.913000,,,,,,
6,N LATIFI,LAT,latifi,Williams,005AFF,williams,Nicholas,Latifi,Nicholas Latifi,https://www.formula1.com/content/dam/fom-website/drivers/N/NICLAF01_Nicholas_Latifi/niclaf01.png.transform/1col/image.png,,18.0,,,0 days 00:01:20.285000,,,,,,
47,M SCHUMACHER,MSC,mick_schumacher,Haas F1 Team,FFFFFF,haas,Mick,Schumacher,Mick Schumacher,https://www.formula1.com/content/dam/fom-website/drivers/M/MICSCH02_Mick_Schumacher/micsch02.png.transform/1col/image.png,,19.0,,,0 days 00:01:20.452000,,,,,,
9,N MAZEPIN,MAZ,mazepin,Haas F1 Team,FFFFFF,haas,Nikita,Mazepin,Nikita Mazepin,https://www.formula1.com/content/dam/fom-website/drivers/N/NIKMAZ01_Nikita_Mazepin/nikmaz01.png.transform/1col/image.png,,20.0,,,0 days 00:01:20.912000,,,,,,
44,L HAMILTON,HAM,hamilton,Mercedes,00D2BE,mercedes,Lewis,Hamilton,Lewis Hamilton,https://www.formula1.com/content/dam/fom-website/drivers/L/LEWHAM01_Lewis_Hamilton/lewham01.png.transform/1col/image.png,,1.0,1,2.0,,,,0 days 01:34:31.421000,Finished,25.0,66.0
33,M VERSTAPPEN,VER,max_verstappen,Red Bull Racing,0600EF,red_bull,Max,Verstappen,Max Verstappen,https://www.formula1.com/content/dam/fom-website/drivers/M/MAXVER01_Max_Verstappen/maxver01.png.transform/1col/image.png,,2.0,2,3.0,,,,0 days 00:00:29.148000,Finished,18.0,66.0
77,V BOTTAS,BOT,bottas,Mercedes,00D2BE,mercedes,Valtteri,Bottas,Valtteri Bottas,https://www.formula1.com/content/dam/fom-website/drivers/V/VALBOT01_Valtteri_Bottas/valbot01.png.transform/1col/image.png,,3.0,3,1.0,,,,0 days 00:00:33.530000,Finished,16.0,66.0
11,S PEREZ,PER,perez,Red Bull Racing,0600EF,red_bull,Sergio,Perez,Sergio Perez,https://www.formula1.com/content/dam/fom-website/drivers/S/SERPER01_Sergio_Perez/serper01.png.transform/1col/image.png,,4.0,4,4.0,,,,0 days 00:00:39.735000,Finished,12.0,66.0
4,L NORRIS,NOR,norris,McLaren,FF9800,mclaren,Lando,Norris,Lando Norris,https://www.formula1.com/content/dam/fom-website/drivers/L/LANNOR01_Lando_Norris/lannor01.png.transform/1col/image.png,,5.0,5,7.0,,,,0 days 00:00:51.369000,Finished,10.0,66.0
16,C LECLERC,LEC,leclerc,Ferrari,DC0004,ferrari,Charles,Leclerc,Charles Leclerc,https://www.formula1.com/content/dam/fom-website/drivers/C/CHALEC01_Charles_Leclerc/chalec01.png.transform/1col/image.png,,6.0,6,8.0,,,,0 days 00:00:55.781000,Finished,8.0,66.0
31,E OCON,OCO,ocon,Alpine,0090FF,alpine,Esteban,Ocon,Esteban Ocon,https://www.formula1.com/content/dam/fom-website/drivers/E/ESTOCO01_Esteban_Ocon/estoco01.png.transform/1col/image.png,,7.0,7,6.0,,,,0 days 00:01:03.749000,Finished,6.0,66.0
14,F ALONSO,ALO,alonso,Alpine,0090FF,alpine,Fernando,Alonso,Fernando Alonso,https://www.formula1.com/content/dam/fom-website/drivers/F/FERALO01_Fernando_Alonso/feralo01.png.transform/1col/image.png,,8.0,8,13.0,,,,0 days 00:00:01.808000,Finished,4.0,66.0
3,D RICCIARDO,RIC,ricciardo,McLaren,FF9800,mclaren,Daniel,Ricciardo,Daniel Ricciardo,https://www.formula1.com/content/dam/fom-website/drivers/D/DANRIC01_Daniel_Ricciardo/danric01.png.transform/1col/image.png,,9.0,9,16.0,,,,0 days 00:01:15.369000,Finished,2.0,66.0
10,P GASLY,GAS,gasly,AlphaTauri,2B4562,alphatauri,Pierre,Gasly,Pierre Gasly,https://www.formula1.com/content/dam/fom-website/drivers/P/PIEGAS01_Pierre_Gasly/piegas01.png.transform/1col/image.png,,10.0,10,9.0,,,,0 days 00:01:16.463000,Finished,1.0,66.0
55,C SAINZ,SAI,sainz,Ferrari,DC0004,ferrari,Carlos,Sainz,Carlos Sainz,https://www.formula1.com/content/dam/fom-website/drivers/C/CARSAI01_Carlos_Sainz/carsai01.png.transform/1col/image.png,,11.0,11,5.0,,,,0 days 00:01:18.955000,Finished,0.0,66.0
99,A GIOVINAZZI,GIO,giovinazzi,Alfa Romeo Racing,900000,alfa,Antonio,Giovinazzi,Antonio Giovinazzi,https://www.formula1.com/content/dam/fom-website/drivers/A/ANTGIO01_Antonio_Giovinazzi/antgio01.png.transform/1col/image.png,,12.0,12,12.0,,,,,+1 Lap,0.0,65.0
5,S VETTEL,VET,vettel,Aston Martin,006F62,aston_martin,Sebastian,Vettel,Sebastian Vettel,https://www.formula1.com/content/dam/fom-website/drivers/S/SEBVET01_Sebastian_Vettel/sebvet01.png.transform/1col/image.png,,13.0,13,10.0,,,,,+1 Lap,0.0,65.0
18,L STROLL,STR,stroll,Aston Martin,006F62,aston_martin,Lance,Stroll,Lance Stroll,https://www.formula1.com/content/dam/fom-website/drivers/L/LANSTR01_Lance_Stroll/lanstr01.png.transform/1col/image.png,,14.0,14,17.0,,,,,+1 Lap,0.0,65.0
22,Y TSUNODA,TSU,tsunoda,AlphaTauri,2B4562,alphatauri,Yuki,Tsunoda,Yuki Tsunoda,https://www.formula1.com/content/dam/fom-website/drivers/Y/YUKTSU01_Yuki_Tsunoda/yuktsu01.png.transform/1col/image.png,,15.0,15,14.0,,,,,+1 Lap,0.0,65.0
63,G RUSSELL,RUS,russell,Williams,005AFF,williams,George,Russell,George Russell,https://www.formula1.com/content/dam/fom-website/drivers/G/GEORUS01_George_Russell/georus01.png.transform/1col/image.png,,16.0,16,11.0,,,,,+1 Lap,0.0,65.0
47,M SCHUMACHER,MSC,mick_schumacher,Haas F1 Team,FFFFFF,haas,Mick,Schumacher,Mick Schumacher,https://www.formula1.com/content/dam/fom-website/drivers/M/MICSCH02_Mick_Schumacher/micsch02.png.transform/1col/image.png,,17.0,17,19.0,,,,,+2 Laps,0.0,64.0
6,N LATIFI,LAT,latifi,Williams,005AFF,williams,Nicholas,Latifi,Nicholas Latifi,https://www.formula1.com/content/dam/fom-website/drivers/N/NICLAF01_Nicholas_Latifi/niclaf01.png.transform/1col/image.png,,18.0,18,18.0,,,,,+2 Laps,0.0,64.0
9,N MAZEPIN,MAZ,mazepin,Haas F1 Team,FFFFFF,haas,Nikita,Mazepin,Nikita Mazepin,https://www.formula1.com/content/dam/fom-website/drivers/N/NIKMAZ01_Nikita_Mazepin/nikmaz01.png.transform/1col/image.png,,19.0,19,20.0,,,,,+2 Laps,0.0,64.0
7,K RAIKKONEN,RAI,raikkonen,Alfa Romeo Racing,900000,alfa,Kimi,Räikkönen,Kimi Räikkönen,https://www.formula1.com/content/dam/fom-website/drivers/K/KIMRAI01_Kimi_R%C3%A4ikk%C3%B6nen/kimrai01.png.transform/1col/image.png,,20.0,R,15.0,,,,,Collision damage,0.0,1.0
44,L HAMILTON,HAM,hamilton,Mercedes,00D2BE,mercedes,Lewis,Hamilton,Lewis Hamilton,https://www.formula1.com/content/dam/fom-website/drivers/L/LEWHAM01_Lewis_Hamilton/lewham01.png.transform/1col/image.png,,1.0,,,0 days 00:01:18.245000,0 days 00:01:17.166000,0 days 00:01:16.741000,,,,
33,M VERSTAPPEN,VER,max_verstappen,Red Bull Racing,0600EF,red_bull,Max,Verstappen,Max Verstappen,https://www.formula1.com/content/dam/fom-website/drivers/M/MAXVER01_Max_Verstappen/maxver01.png.transform/1col/image.png,,2.0,,,0 days 00:01:18.090000,0 days 00:01:16.922000,0 days 00:01:16.777000,,,,
77,V BOTTAS,BOT,bottas,Mercedes,00D2BE,mercedes,Valtteri,Bottas,Valtteri Bottas,https://www.formula1.com/content/dam/fom-website/drivers/V/VALBOT01_Valtteri_Bottas/valbot01.png.transform/1col/image.png,,3.0,,,0 days 00:01:18.005000,0 days 00:01:17.142000,0 days 00:01:16.873000,,,,
16,C LECLERC,LEC,leclerc,Ferrari,DC0004,ferrari,Charles,Leclerc,Charles Leclerc,https://www.formula1.com/content/dam/fom-website/drivers/C/CHALEC01_Charles_Leclerc/chalec01.png.transform/1col/image.png,,4.0,,,0 days 00:01:18.041000,0 days 00:01:17.717000,0 days 00:01:17.510000,,,,
31,E OCON,OCO,ocon,Alpine,0090FF,alpine,Esteban,Ocon,Esteban Ocon,https://www.formula1.com/content/dam/fom-website/drivers/E/ESTOCO01_Esteban_Ocon/estoco01.png.transform/1col/image.png,,5.0,,,0 days 00:01:18.281000,0 days 00:01:17.743000,0 days 00:01:17.580000,,,,
55,C SAINZ,SAI,sainz,Ferrari,DC0004,ferrari,Carlos,Sainz,Carlos Sainz,https://www.formula1.com/content/dam/fom-website/drivers/C/CARSAI01_Carlos_Sainz/carsai01.png.transform/1col/image.png,,6.0,,,0 days 00:01:18.205000,0 days 00:01:17.656000,0 days 00:01:17.620000,,,,
3,D RICCIARDO,RIC,ricciardo,McLaren,FF9800,mclaren,Daniel,Ricciardo,Daniel Ricciardo,https://www.formula1.com/content/dam/fom-website/drivers/D/DANRIC01_Daniel_Ricciardo/danric01.png.transform/1col/image.png,,7.0,,,0 days 00:01:18.264000,0 days 00:01:17.719000,0 days 00:01:17.622000,,,,
11,S PEREZ,PER,perez,Red Bull Racing,0600EF,red_bull,Sergio,Perez,Sergio Perez,https://www.formula1.com/content/dam/fom-website/drivers/S/SERPER01_Sergio_Perez/serper01.png.transform/1col/image.png,,8.0,,,0 days 00:01:18.203000,0 days 00:01:17.669000,0 days 00:01:17.701000,,,,
4,L NORRIS,NOR,norris,McLaren,FF9800,mclaren,Lando,Norris,Lando Norris,https://www.formula1.com/content/dam/fom-website/drivers/L/LANNOR01_Lando_Norris/lannor01.png.transform/1col/image.png,,9.0,,,0 days 00:01:17.821000,0 days 00:01:17.696000,0 days 00:01:18.010000,,,,
14,F ALONSO,ALO,alonso,Alpine,0090FF,alpine,Fernando,Alonso,Fernando Alonso,https://www.formula1.com/content/dam/fom-website/drivers/F/FERALO01_Fernando_Alonso/feralo01.png.transform/1col/image.png,,10.0,,,0 days 00:01:18.281000,0 days 00:01:17.966000,0 days 00:01:18.147000,,,,
18,L STROLL,STR,stroll,Aston Martin,006F62,aston_martin,Lance,Stroll,Lance Stroll,https://www.formula1.com/content/dam/fom-website/drivers/L/LANSTR01_Lance_Stroll/lanstr01.png.transform/1col/image.png,,11.0,,,0 days 00:01:18.241000,0 days 00:01:17.974000,,,,,
10,P GASLY,GAS,gasly,AlphaTauri,2B4562,alphatauri,Pierre,Gasly,Pierre Gasly,https://www.formula1.com/content/dam/fom-website/drivers/P/PIEGAS01_Pierre_Gasly/piegas01.png.transform/1col/image.png,,12.0,,,0 days 00:01:18.190000,0 days 00:01:17.982000,,,,,
5,S VETTEL,VET,vettel,Aston Martin,006F62,aston_martin,Sebastian,Vettel,Sebastian Vettel,https://www.formula1.com/content/dam/fom-website/drivers/S/SEBVET01_Sebastian_Vettel/sebvet01.png.transform/1col/image.png,,13.0,,,0 days 00:01:18.289000,0 days 00:01:18.079000,,,,,
99,A GIOVINAZZI,GIO,giovinazzi,Alfa Romeo Racing,900000,alfa,Antonio,Giovinazzi,Antonio Giovinazzi,https://www.formula1.com/content/dam/fom-website/drivers/A/ANTGIO01_Antonio_Giovinazzi/antgio01.png.transform/1col/image.png,,14.0,,,0 days 00:01:18.549000,0 days 00:01:18.356000,,,,,
63,G RUSSELL,RUS,russell,Williams,005AFF,williams,George,Russell,George Russell,https://www.formula1.com/content/dam/fom-website/drivers/G/GEORUS01_George_Russell/georus01.png.transform/1col/image.png,,15.0,,,0 days 00:01:18.445000,0 days 00:01:19.154000,,,,,
22,Y TSUNODA,TSU,tsunoda,AlphaTauri,2B4562,alphatauri,Yuki,Tsunoda,Yuki Tsunoda,https://www.formula1.com/content/dam/fom-website/drivers/Y/YUKTSU01_Yuki_Tsunoda/yuktsu01.png.transform/1col/image.png,,16.0,,,0 days 00:01:18.556000,,,,,,
7,K RAIKKONEN,RAI,raikkonen,Alfa Romeo Racing,900000,alfa,Kimi,Räikkönen,Kimi Räikkönen,https://www.formula1.com/content/dam/fom-website/drivers/K/KIMRAI01_Kimi_R%C3%A4ikk%C3%B6nen/kimrai01.png.transform/1col/image.png,,17.0,,,0 days 00:01:18.917000,,,,,,
47,M SCHUMACHER,MSC,mick_schumacher,Haas F1 Team,FFFFFF,haas,Mick,Schumacher,Mick Schumacher,https://www.formula1.com/content/dam/fom-website/drivers/M/MICSCH02_Mick_Schumacher/micsch02.png.transform/1col/image.png,,18.0,,,0 days 00:01:19.117000,,,,,,
6,N LATIFI,LAT,latifi,Williams,005AFF,williams,Nicholas,Latifi,Nicholas Latifi,https://www.formula1.com/content/dam/fom-website/drivers/N/NICLAF01_Nicholas_Latifi/niclaf01.png.transform/1col/image.png,,19.0,,,0 days 00:01:19.219000,,,,,,
9,N MAZEPIN,MAZ,mazepin,Haas F1 Team,FFFFFF,haas,Nikita,Mazepin,Nikita Mazepin,https://www.formula1.com/content/dam/fom-website/drivers/N/NIKMAZ01_Nikita_Mazepin/nikmaz01.png.transform/1col/image.png,,20.0,,,0 days 00:01:19.807000,,,,,,
44,L HAMILTON,HAM,hamilton,Mercedes,00D2BE,mercedes,Lewis,Hamilton,Lewis Hamilton,https://www.formula1.com/content/dam/fom-website/drivers/L/LEWHAM01_Lewis_Hamilton/lewham01.png.transform/1col/image.png,,1.0,1,1.0,,,,0 days 01:33:07.680000,Finished,25.0,66.0
33,M VERSTAPPEN,VER,max_verstappen,Red Bull Racing,0600EF,red_bull,Max,Verstappen,Max Verstappen,https://www.formula1.com/content/dam/fom-website/drivers/M/MAXVER01_Max_Verstappen/maxver01.png.transform/1col/image.png,,2.0,2,2.0,,,,0 days 00:00:15.841000,Finished,19.0,66.0
77,V BOTTAS,BOT,bottas,Mercedes,00D2BE,mercedes,Valtteri,Bottas,Valtteri Bottas,https://www.formula1.com/content/dam/fom-website/drivers/V/VALBOT01_Valtteri_Bottas/valbot01.png.transform/1col/image.png,,3.0,3,3.0,,,,0 days 00:00:26.610000,Finished,15.0,66.0
16,C LECLERC,LEC,leclerc,Ferrari,DC0004,ferrari,Charles,Leclerc,Charles Leclerc,https://www.formula1.com/content/dam/fom-website/drivers/C/CHALEC01_Charles_Leclerc/chalec01.png.transform/1col/image.png,,4.0,4,4.0,,,,0 days 00:00:54.616000,Finished,12.0,66.0
11,S PEREZ,PER,perez,Red Bull Racing,0600EF,red_bull,Sergio,Perez,Sergio Perez,https://www.formula1.com/content/dam/fom-website/drivers/S/SERPER01_Sergio_Perez/serper01.png.transform/1col/image.png,,5.0,5,8.0,,,,0 days 00:01:03.671000,Finished,10.0,66.0
3,D RICCIARDO,RIC,ricciardo,McLaren,FF9800,mclaren,Daniel,Ricciardo,Daniel Ricciardo,https://www.formula1.com/content/dam/fom-website/drivers/D/DANRIC01_Daniel_Ricciardo/danric01.png.transform/1col/image.png,,6.0,6,7.0,,,,0 days 00:01:13.768000,Finished,8.0,66.0
55,C SAINZ,SAI,sainz,Ferrari,DC0004,ferrari,Carlos,Sainz,Carlos Sainz,https://www.formula1.com/content/dam/fom-website/drivers/C/CARSAI01_Carlos_Sainz/carsai01.png.transform/1col/image.png,,7.0,7,6.0,,,,0 days 00:01:14.670000,Finished,6.0,66.0
4,L NORRIS,NOR,norris,McLaren,FF9800,mclaren,Lando,Norris,Lando Norris,https://www.formula1.com/content/dam/fom-website/drivers/L/LANNOR01_Lando_Norris/lannor01.png.transform/1col/image.png,,8.0,8,9.0,,,,,+1 Lap,4.0,65.0
31,E OCON,OCO,ocon,Alpine,0090FF,alpine,Esteban,Ocon,Esteban Ocon,https://www.formula1.com/content/dam/fom-website/drivers/E/ESTOCO01_Esteban_Ocon/estoco01.png.transform/1col/image.png,,9.0,9,5.0,,,,,+1 Lap,2.0,65.0
10,P GASLY,GAS,gasly,AlphaTauri,2B4562,alphatauri,Pierre,Gasly,Pierre Gasly,https://www.formula1.com/content/dam/fom-website/drivers/P/PIEGAS01_Pierre_Gasly/piegas01.png.transform/1col/image.png,,10.0,10,12.0,,,,,+1 Lap,1.0,65.0
18,L STROLL,STR,stroll,Aston Martin,006F62,aston_martin,Lance,Stroll,Lance Stroll,https://www.formula1.com/content/dam/fom-website/drivers/L/LANSTR01_Lance_Stroll/lanstr01.png.transform/1col/image.png,,11.0,11,11.0,,,,,+1 Lap,0.0,65.0
7,K RAIKKONEN,RAI,raikkonen,Alfa Romeo Racing,900000,alfa,Kimi,Räikkönen,Kimi Räikkönen,https://www.formula1.com/content/dam/fom-website/drivers/K/KIMRAI01_Kimi_R%C3%A4ikk%C3%B6nen/kimrai01.png.transform/1col/image.png,,12.0,12,17.0,,,,,+1 Lap,0.0,65.0
5,S VETTEL,VET,vettel,Aston Martin,006F62,aston_martin,Sebastian,Vettel,Sebastian Vettel,https://www.formula1.com/content/dam/fom-website/drivers/S/SEBVET01_Sebastian_Vettel/sebvet01.png.transform/1col/image.png,,13.0,13,13.0,,,,,+1 Lap,0.0,65.0
63,G RUSSELL,RUS,russell,Williams,005AFF,williams,George,Russell,George Russell,https://www.formula1.com/content/dam/fom-website/drivers/G/GEORUS01_George_Russell/georus01.png.transform/1col/image.png,,14.0,14,15.0,,,,,+1 Lap,0.0,65.0
99,A GIOVINAZZI,GIO,giovinazzi,Alfa Romeo Racing,900000,alfa,Antonio,Giovinazzi,Antonio Giovinazzi,https://www.formula1.com/content/dam/fom-website/drivers/A/ANTGIO01_Antonio_Giovinazzi/antgio01.png.transform/1col/image.png,,15.0,15,14.0,,,,,+1 Lap,0.0,65.0
6,N LATIFI,LAT,latifi,Williams,005AFF,williams,Nicholas,Latifi,Nicholas Latifi,https://www.formula1.com/content/dam/fom-website/drivers/N/NICLAF01_Nicholas_Latifi/niclaf01.png.transform/1col/image.png,,16.0,16,19.0,,,,,+1 Lap,0.0,65.0
14,F ALONSO,ALO,alonso,Alpine,0090FF,alpine,Fernando,Alonso,Fernando Alonso,https://www.formula1.com/content/dam/fom-website/drivers/F/FERALO01_Fernando_Alonso/feralo01.png.transform/1col/image.png,,17.0,17,10.0,,,,,+1 Lap,0.0,65.0
47,M SCHUMACHER,MSC,mick_schumacher,Haas F1 Team,FFFFFF,haas,Mick,Schumacher,Mick Schumacher,https://www.formula1.com/content/dam/fom-website/drivers/M/MICSCH02_Mick_Schumacher/micsch02.png.transform/1col/image.png,,18.0,18,18.0,,,,,+2 Laps,0.0,64.0
9,N MAZEPIN,MAZ,mazepin,Haas F1 Team,FFFFFF,haas,Nikita,Mazepin,Nikita Mazepin,https://www.formula1.com/content/dam/fom-website/drivers/N/NIKMAZ01_Nikita_Mazepin/nikmaz01.png.transform/1col/image.png,,19.0,19,20.0,,,,,+2 Laps,0.0,64.0
22,Y TSUNODA,TSU,tsunoda,AlphaTauri,2B4562,alphatauri,Yuki,Tsunoda,Yuki Tsunoda,https://www.formula1.com/content/dam/fom-website/drivers/Y/YUKTSU01_Yuki_Tsunoda/yuktsu01.png.transform/1col/image.png,,20.0,R,16.0,,,,,Electrical,0.0,6.0
16,C LECLERC,LEC,leclerc,Ferrari,DC0004,ferrari,Charles,Leclerc,Charles Leclerc,https://www.formula1.com/content/dam/fom-website/drivers/C/CHALEC01_Charles_Leclerc/chalec01.png.transform/1col/image.png,,1.0,,,0 days 00:01:11.113000,0 days 00:01:10.597000,0 days 00:01:10.346000,,,,
33,M VERSTAPPEN,VER,max_verstappen,Red Bull Racing,0600EF,red_bull,Max,Verstappen,Max Verstappen,https://www.formula1.com/content/dam/fom-website/drivers/M/MAXVER01_Max_Verstappen/maxver01.png.transform/1col/image.png,,2.0,,,0 days 00:01:11.124000,0 days 00:01:10.650000,0 days 00:01:10.576000,,,,
77,V BOTTAS,BOT,bottas,Mercedes,00D2BE,mercedes,Valtteri,Bottas,Valtteri Bottas,https://www.formula1.com/content/dam/fom-website/drivers/V/VALBOT01_Valtteri_Bottas/valbot01.png.transform/1col/image.png,,3.0,,,0 days 00:01:10.938000,0 days 00:01:10.695000,0 days 00:01:10.601000,,,,
55,C SAINZ,SAI,sainz,Ferrari,DC0004,ferrari,Carlos,Sainz,Carlos Sainz,https://www.formula1.com/content/dam/fom-website/drivers/C/CARSAI01_Carlos_Sainz/carsai01.png.transform/1col/image.png,,4.0,,,0 days 00:01:11.324000,0 days 00:01:10.806000,0 days 00:01:10.611000,,,,
4,L NORRIS,NOR,norris,McLaren,FF9800,mclaren,Lando,Norris,Lando Norris,https://www.formula1.com/content/dam/fom-website/drivers/L/LANNOR01_Lando_Norris/lannor01.png.transform/1col/image.png,,5.0,,,0 days 00:01:11.321000,0 days 00:01:11.031000,0 days 00:01:10.620000,,,,
10,P GASLY,GAS,gasly,AlphaTauri,2B4562,alphatauri,Pierre,Gasly,Pierre Gasly,https://www.formula1.com/content/dam/fom-website/drivers/P/PIEGAS01_Pierre_Gasly/piegas01.png.transform/1col/image.png,,6.0,,,0 days 00:01:11.560000,0 days 00:01:11.179000,0 days 00:01:10.900000,,,,
44,L HAMILTON,HAM,hamilton,Mercedes,00D2BE,mercedes,Lewis,Hamilton,Lewis Hamilton,https://www.formula1.com/content/dam/fom-website/drivers/L/LEWHAM01_Lewis_Hamilton/lewham01.png.transform/1col/image.png,,7.0,,,0 days 00:01:11.622000,0 days 00:01:11.116000,0 days 00:01:11.095000,,,,
5,S VETTEL,VET,vettel,Aston Martin,006F62,aston_martin,Sebastian,Vettel,Sebastian Vettel,https://www.formula1.com/content/dam/fom-website/drivers/S/SEBVET01_Sebastian_Vettel/sebvet01.png.transform/1col/image.png,,8.0,,,0 days 00:01:12.078000,0 days 00:01:11.309000,0 days 00:01:11.419000,,,,
11,S PEREZ,PER,perez,Red Bull Racing,0600EF,red_bull,Sergio,Perez,Sergio Perez,https://www.formula1.com/content/dam/fom-website/drivers/S/SERPER01_Sergio_Perez/serper01.png.transform/1col/image.png,,9.0,,,0 days 00:01:11.644000,0 days 00:01:11.019000,0 days 00:01:11.573000,,,,
99,A GIOVINAZZI,GIO,giovinazzi,Alfa Romeo Racing,900000,alfa,Antonio,Giovinazzi,Antonio Giovinazzi,https://www.formula1.com/content/dam/fom-website/drivers/A/ANTGIO01_Antonio_Giovinazzi/antgio01.png.transform/1col/image.png,,10.0,,,0 days 00:01:11.658000,0 days 00:01:11.409000,0 days 00:01:11.779000,,,,
31,E OCON,OCO,ocon,Alpine,0090FF,alpine,Esteban,Ocon,Esteban Ocon,https://www.formula1.com/content/dam/fom-website/drivers/E/ESTOCO01_Esteban_Ocon/estoco01.png.transform/1col/image.png,,11.0,,,0 days 00:01:11.740000,0 days 00:01:11.486000,,,,,
3,D RICCIARDO,RIC,ricciardo,McLaren,FF9800,mclaren,Daniel,Ricciardo,Daniel Ricciardo,https://www.formula1.com/content/dam/fom-website/drivers/D/DANRIC01_Daniel_Ricciardo/danric01.png.transform/1col/image.png,,12.0,,,0 days 00:01:11.747000,0 days 00:01:11.598000,,,,,
18,L STROLL,STR,stroll,Aston Martin,006F62,aston_martin,Lance,Stroll,Lance Stroll,https://www.formula1.com/content/dam/fom-website/drivers/L/LANSTR01_Lance_Stroll/lanstr01.png.transform/1col/image.png,,13.0,,,0 days 00:01:11.979000,0 days 00:01:11.600000,,,,,
7,K RAIKKONEN,RAI,raikkonen,Alfa Romeo Racing,900000,alfa,Kimi,Räikkönen,Kimi Räikkönen,https://www.formula1.com/content/dam/fom-website/drivers/K/KIMRAI01_Kimi_R%C3%A4ikk%C3%B6nen/kimrai01.png.transform/1col/image.png,,14.0,,,0 days 00:01:11.899000,0 days 00:01:11.642000,,,,,
63,G RUSSELL,RUS,russell,Williams,005AFF,williams,George,Russell,George Russell,https://www.formula1.com/content/dam/fom-website/drivers/G/GEORUS01_George_Russell/georus01.png.transform/1col/image.png,,15.0,,,0 days 00:01:12.016000,0 days 00:01:11.830000,,,,,
22,Y TSUNODA,TSU,tsunoda,AlphaTauri,2B4562,alphatauri,Yuki,Tsunoda,Yuki Tsunoda,https://www.formula1.com/content/dam/fom-website/drivers/Y/YUKTSU01_Yuki_Tsunoda/yuktsu01.png.transform/1col/image.png,,16.0,,,0 days 00:01:12.096000,,,,,,
14,F ALONSO,ALO,alonso,Alpine,0090FF,alpine,Fernando,Alonso,Fernando Alonso,https://www.formula1.com/content/dam/fom-website/drivers/F/FERALO01_Fernando_Alonso/feralo01.png.transform/1col/image.png,,17.0,,,0 days 00:01:12.205000,,,,,,
6,N LATIFI,LAT,latifi,Williams,005AFF,williams,Nicholas,Latifi,Nicholas Latifi,https://www.formula1.com/content/dam/fom-website/drivers/N/NICLAF01_Nicholas_Latifi/niclaf01.png.transform/1col/image.png,,18.0,,,0 days 00:01:12.366000,,,,,,
9,N MAZEPIN,MAZ,mazepin,Haas F1 Team,FFFFFF,haas,Nikita,Mazepin,Nikita Mazepin,https://www.formula1.com/content/dam/fom-website/drivers/N/NIKMAZ01_Nikita_Mazepin/nikmaz01.png.transform/1col/image.png,,19.0,,,0 days 00:01:12.958000,,,,,,
47,M SCHUMACHER,MSC,nan,Haas F1 Team,FFFFFF,nan,Mick,Schumacher,Mick Schumacher,https://www.formula1.com/content/dam/fom-website/drivers/M/MICSCH02_Mick_Schumacher/micsch02.png.transform/1col/image.png,,,,,,,,,,,
33,M VERSTAPPEN,VER,max_verstappen,Red Bull Racing,0600EF,red_bull,Max,Verstappen,Max Verstappen,https://www.formula1.com/content/dam/fom-website/drivers/M/MAXVER01_Max_Verstappen/maxver01.png.transform/1col/image.png,,1.0,1,2.0,,,,0 days 01:38:56.820000,Finished,25.0,78.0
55,C SAINZ,SAI,sainz,Ferrari,DC0004,ferrari,Carlos,Sainz,Carlos Sainz,https://www.formula1.com/content/dam/fom-website/drivers/C/CARSAI01_Carlos_Sainz/carsai01.png.transform/1col/image.png,,2.0,2,4.0,,,,0 days 00:00:08.968000,Finished,18.0,78.0
4,L NORRIS,NOR,norris,McLaren,FF9800,mclaren,Lando,Norris,Lando Norris,https://www.formula1.com/content/dam/fom-website/drivers/L/LANNOR01_Lando_Norris/lannor01.png.transform/1col/image.png,,3.0,3,5.0,,,,0 days 00:00:19.427000,Finished,15.0,78.0
11,S PEREZ,PER,perez,Red Bull Racing,0600EF,red_bull,Sergio,Perez,Sergio Perez,https://www.formula1.com/content/dam/fom-website/drivers/S/SERPER01_Sergio_Perez/serper01.png.transform/1col/image.png,,4.0,4,9.0,,,,0 days 00:00:20.490000,Finished,12.0,78.0
5,S VETTEL,VET,vettel,Aston Martin,006F62,aston_martin,Sebastian,Vettel,Sebastian Vettel,https://www.formula1.com/content/dam/fom-website/drivers/S/SEBVET01_Sebastian_Vettel/sebvet01.png.transform/1col/image.png,,5.0,5,8.0,,,,0 days 00:00:52.591000,Finished,10.0,78.0
10,P GASLY,GAS,gasly,AlphaTauri,2B4562,alphatauri,Pierre,Gasly,Pierre Gasly,https://www.formula1.com/content/dam/fom-website/drivers/P/PIEGAS01_Pierre_Gasly/piegas01.png.transform/1col/image.png,,6.0,6,6.0,,,,0 days 00:00:53.896000,Finished,8.0,78.0
44,L HAMILTON,HAM,hamilton,Mercedes,00D2BE,mercedes,Lewis,Hamilton,Lewis Hamilton,https://www.formula1.com/content/dam/fom-website/drivers/L/LEWHAM01_Lewis_Hamilton/lewham01.png.transform/1col/image.png,,7.0,7,7.0,,,,0 days 00:01:08.231000,Finished,7.0,78.0
18,L STROLL,STR,stroll,Aston Martin,006F62,aston_martin,Lance,Stroll,Lance Stroll,https://www.formula1.com/content/dam/fom-website/drivers/L/LANSTR01_Lance_Stroll/lanstr01.png.transform/1col/image.png,,8.0,8,13.0,,,,,+1 Lap,4.0,77.0
31,E OCON,OCO,ocon,Alpine,0090FF,alpine,Esteban,Ocon,Esteban Ocon,https://www.formula1.com/content/dam/fom-website/drivers/E/ESTOCO01_Esteban_Ocon/estoco01.png.transform/1col/image.png,,9.0,9,11.0,,,,,+1 Lap,2.0,77.0
99,A GIOVINAZZI,GIO,giovinazzi,Alfa Romeo Racing,900000,alfa,Antonio,Giovinazzi,Antonio Giovinazzi,https://www.formula1.com/content/dam/fom-website/drivers/A/ANTGIO01_Antonio_Giovinazzi/antgio01.png.transform/1col/image.png,,10.0,10,10.0,,,,,+1 Lap,1.0,77.0
7,K RAIKKONEN,RAI,raikkonen,Alfa Romeo Racing,900000,alfa,Kimi,Räikkönen,Kimi Räikkönen,https://www.formula1.com/content/dam/fom-website/drivers/K/KIMRAI01_Kimi_R%C3%A4ikk%C3%B6nen/kimrai01.png.transform/1col/image.png,,11.0,11,14.0,,,,,+1 Lap,0.0,77.0
3,D RICCIARDO,RIC,ricciardo,McLaren,FF9800,mclaren,Daniel,Ricciardo,Daniel Ricciardo,https://www.formula1.com/content/dam/fom-website/drivers/D/DANRIC01_Daniel_Ricciardo/danric01.png.transform/1col/image.png,,12.0,12,12.0,,,,,+1 Lap,0.0,77.0
14,F ALONSO,ALO,alonso,Alpine,0090FF,alpine,Fernando,Alonso,Fernando Alonso,https://www.formula1.com/content/dam/fom-website/drivers/F/FERALO01_Fernando_Alonso/feralo01.png.transform/1col/image.png,,13.0,13,17.0,,,,,+1 Lap,0.0,77.0
63,G RUSSELL,RUS,russell,Williams,005AFF,williams,George,Russell,George Russell,https://www.formula1.com/content/dam/fom-website/drivers/G/GEORUS01_George_Russell/georus01.png.transform/1col/image.png,,14.0,14,15.0,,,,,+1 Lap,0.0,77.0
6,N LATIFI,LAT,latifi,Williams,005AFF,williams,Nicholas,Latifi,Nicholas Latifi,https://www.formula1.com/content/dam/fom-website/drivers/N/NICLAF01_Nicholas_Latifi/niclaf01.png.transform/1col/image.png,,15.0,15,18.0,,,,,+1 Lap,0.0,77.0
22,Y TSUNODA,TSU,tsunoda,AlphaTauri,2B4562,alphatauri,Yuki,Tsunoda,Yuki Tsunoda,https://www.formula1.com/content/dam/fom-website/drivers/Y/YUKTSU01_Yuki_Tsunoda/yuktsu01.png.transform/1col/image.png,,16.0,16,16.0,,,,,+1 Lap,0.0,77.0
9,N MAZEPIN,MAZ,mazepin,Haas F1 Team,FFFFFF,haas,Nikita,Mazepin,Nikita Mazepin,https://www.formula1.com/content/dam/fom-website/drivers/N/NIKMAZ01_Nikita_Mazepin/nikmaz01.png.transform/1col/image.png,,17.0,17,19.0,,,,,+3 Laps,0.0,75.0
47,M SCHUMACHER,MSC,mick_schumacher,Haas F1 Team,FFFFFF,haas,Mick,Schumacher,Mick Schumacher,https://www.formula1.com/content/dam/fom-website/drivers/M/MICSCH02_Mick_Schumacher/micsch02.png.transform/1col/image.png,,18.0,18,20.0,,,,,+3 Laps,0.0,75.0
77,V BOTTAS,BOT,bottas,Mercedes,00D2BE,mercedes,Valtteri,Bottas,Valtteri Bottas,https://www.formula1.com/content/dam/fom-website/drivers/V/VALBOT01_Valtteri_Bottas/valbot01.png.transform/1col/image.png,,19.0,R,3.0,,,,,Wheel nut,0.0,29.0
16,C LECLERC,LEC,leclerc,Ferrari,DC0004,ferrari,Charles,Leclerc,Charles Leclerc,https://www.formula1.com/content/dam/fom-website/drivers/C/CHALEC01_Charles_Leclerc/chalec01.png.transform/1col/image.png,,20.0,W,1.0,,,,,Driveshaft,0.0,0.0
16,C LECLERC,LEC,leclerc,Ferrari,DC0004,ferrari,Charles,Leclerc,Charles Leclerc,https://www.formula1.com/content/dam/fom-website/drivers/C/CHALEC01_Charles_Leclerc/chalec01.png.transform/1col/image.png,,1.0,,,0 days 00:01:42.241000,0 days 00:01:41.659000,0 days 00:01:41.218000,,,,
44,L HAMILTON,HAM,hamilton,Mercedes,00D2BE,mercedes,Lewis,Hamilton,Lewis Hamilton,https://www.formula1.com/content/dam/fom-website/drivers/L/LEWHAM01_Lewis_Hamilton/lewham01.png.transform/1col/image.png,,2.0,,,0 days 00:01:41.545000,0 days 00:01:41.634000,0 days 00:01:41.450000,,,,
33,M VERSTAPPEN,VER,max_verstappen,Red Bull Racing,0600EF,red_bull,Max,Verstappen,Max Verstappen,https://www.formula1.com/content/dam/fom-website/drivers/M/MAXVER01_Max_Verstappen/maxver01.png.transform/1col/image.png,,3.0,,,0 days 00:01:41.760000,0 days 00:01:41.625000,0 days 00:01:41.563000,,,,
10,P GASLY,GAS,gasly,AlphaTauri,2B4562,alphatauri,Pierre,Gasly,Pierre Gasly,https://www.formula1.com/content/dam/fom-website/drivers/P/PIEGAS01_Pierre_Gasly/piegas01.png.transform/1col/image.png,,4.0,,,0 days 00:01:42.288000,0 days 00:01:41.932000,0 days 00:01:41.565000,,,,
55,C SAINZ,SAI,sainz,Ferrari,DC0004,ferrari,Carlos,Sainz,Carlos Sainz,https://www.formula1.com/content/dam/fom-website/drivers/C/CARSAI01_Carlos_Sainz/carsai01.png.transform/1col/image.png,,5.0,,,0 days 00:01:42.121000,0 days 00:01:41.740000,0 days 00:01:41.576000,,,,
4,L NORRIS,NOR,norris,McLaren,FF9800,mclaren,Lando,Norris,Lando Norris,https://www.formula1.com/content/dam/fom-website/drivers/L/LANNOR01_Lando_Norris/lannor01.png.transform/1col/image.png,,6.0,,,0 days 00:01:42.167000,0 days 00:01:41.813000,0 days 00:01:41.747000,,,,
11,S PEREZ,PER,perez,Red Bull Racing,0600EF,red_bull,Sergio,Perez,Sergio Perez,https://www.formula1.com/content/dam/fom-website/drivers/S/SERPER01_Sergio_Perez/serper01.png.transform/1col/image.png,,7.0,,,0 days 00:01:41.968000,0 days 00:01:41.630000,0 days 00:01:41.917000,,,,
22,Y TSUNODA,TSU,tsunoda,AlphaTauri,2B4562,alphatauri,Yuki,Tsunoda,Yuki Tsunoda,https://www.formula1.com/content/dam/fom-website/drivers/Y/YUKTSU01_Yuki_Tsunoda/yuktsu01.png.transform/1col/image.png,,8.0,,,0 days 00:01:42.521000,0 days 00:01:41.654000,0 days 00:01:42.211000,,,,
14,F ALONSO,ALO,alonso,Alpine,0090FF,alpine,Fernando,Alonso,Fernando Alonso,https://www.formula1.com/content/dam/fom-website/drivers/F/FERALO01_Fernando_Alonso/feralo01.png.transform/1col/image.png,,9.0,,,0 days 00:01:42.934000,0 days 00:01:42.195000,0 days 00:01:42.327000,,,,
77,V BOTTAS,BOT,bottas,Mercedes,00D2BE,mercedes,Valtteri,Bottas,Valtteri Bottas,https://www.formula1.com/content/dam/fom-website/drivers/V/VALBOT01_Valtteri_Bottas/valbot01.png.transform/1col/image.png,,10.0,,,0 days 00:01:42.701000,0 days 00:01:42.106000,0 days 00:01:42.659000,,,,
5,S VETTEL,VET,vettel,Aston Martin,006F62,aston_martin,Sebastian,Vettel,Sebastian Vettel,https://www.formula1.com/content/dam/fom-website/drivers/S/SEBVET01_Sebastian_Vettel/sebvet01.png.transform/1col/image.png,,11.0,,,0 days 00:01:42.460000,0 days 00:01:42.224000,,,,,
31,E OCON,OCO,ocon,Alpine,0090FF,alpine,Esteban,Ocon,Esteban Ocon,https://www.formula1.com/content/dam/fom-website/drivers/E/ESTOCO01_Esteban_Ocon/estoco01.png.transform/1col/image.png,,12.0,,,0 days 00:01:42.426000,0 days 00:01:42.273000,,,,,
3,D RICCIARDO,RIC,ricciardo,McLaren,FF9800,mclaren,Daniel,Ricciardo,Daniel Ricciardo,https://www.formula1.com/content/dam/fom-website/drivers/D/DANRIC01_Daniel_Ricciardo/danric01.png.transform/1col/image.png,,13.0,,,0 days 00:01:42.304000,0 days 00:01:42.558000,,,,,
7,K RAIKKONEN,RAI,raikkonen,Alfa Romeo Racing,900000,alfa,Kimi,Räikkönen,Kimi Räikkönen,https://www.formula1.com/content/dam/fom-website/drivers/K/KIMRAI01_Kimi_R%C3%A4ikk%C3%B6nen/kimrai01.png.transform/1col/image.png,,14.0,,,0 days 00:01:42.923000,0 days 00:01:42.587000,,,,,
63,G RUSSELL,RUS,russell,Williams,005AFF,williams,George,Russell,George Russell,https://www.formula1.com/content/dam/fom-website/drivers/G/GEORUS01_George_Russell/georus01.png.transform/1col/image.png,,15.0,,,0 days 00:01:42.728000,0 days 00:01:42.758000,,,,,
6,N LATIFI,LAT,latifi,Williams,005AFF,williams,Nicholas,Latifi,Nicholas Latifi,https://www.formula1.com/content/dam/fom-website/drivers/N/NICLAF01_Nicholas_Latifi/niclaf01.png.transform/1col/image.png,,16.0,,,0 days 00:01:43.128000,,,,,,
47,M SCHUMACHER,MSC,mick_schumacher,Haas F1 Team,FFFFFF,haas,Mick,Schumacher,Mick Schumacher,https://www.formula1.com/content/dam/fom-website/drivers/M/MICSCH02_Mick_Schumacher/micsch02.png.transform/1col/image.png,,17.0,,,0 days 00:01:44.158000,,,,,,
9,N MAZEPIN,MAZ,mazepin,Haas F1 Team,FFFFFF,haas,Nikita,Mazepin,Nikita Mazepin,https://www.formula1.com/content/dam/fom-website/drivers/N/NIKMAZ01_Nikita_Mazepin/nikmaz01.png.transform/1col/image.png,,18.0,,,0 days 00:01:44.238000,,,,,,
18,L STROLL,STR,stroll,Aston Martin,006F62,aston_martin,Lance,Stroll,Lance Stroll,https://www.formula1.com/content/dam/fom-website/drivers/L/LANSTR01_Lance_Stroll/lanstr01.png.transform/1col/image.png,,19.0,,,,,,,,,
99,A GIOVINAZZI,GIO,giovinazzi,Alfa Romeo Racing,900000,alfa,Antonio,Giovinazzi,Antonio Giovinazzi,https://www.formula1.com/content/dam/fom-website/drivers/A/ANTGIO01_Antonio_Giovinazzi/antgio01.png.transform/1col/image.png,,20.0,,,,,,,,,
11,S PEREZ,PER,perez,Red Bull Racing,0600EF,red_bull,Sergio,Perez,Sergio Perez,https://www.formula1.com/content/dam/fom-website/drivers/S/SERPER01_Sergio_Perez/serper01.png.transform/1col/image.png,,1.0,1,6.0,,,,0 days 02:13:36.410000,Finished,25.0,51.0
5,S VETTEL,VET,vettel,Aston Martin,006F62,aston_martin,Sebastian,Vettel,Sebastian Vettel,https://www.formula1.com/content/dam/fom-website/drivers/S/SEBVET01_Sebastian_Vettel/sebvet01.png.transform/1col/image.png,,2.0,2,11.0,,,,0 days 00:00:01.385000,Finished,18.0,51.0
10,P GASLY,GAS,gasly,AlphaTauri,2B4562,alphatauri,Pierre,Gasly,Pierre Gasly,https://www.formula1.com/content/dam/fom-website/drivers/P/PIEGAS01_Pierre_Gasly/piegas01.png.transform/1col/image.png,,3.0,3,4.0,,,,0 days 00:00:02.762000,Finished,15.0,51.0
16,C LECLERC,LEC,leclerc,Ferrari,DC0004,ferrari,Charles,Leclerc,Charles Leclerc,https://www.formula1.com/content/dam/fom-website/drivers/C/CHALEC01_Charles_Leclerc/chalec01.png.transform/1col/image.png,,4.0,4,1.0,,,,0 days 00:00:03.828000,Finished,12.0,51.0
4,L NORRIS,NOR,norris,McLaren,FF9800,mclaren,Lando,Norris,Lando Norris,https://www.formula1.com/content/dam/fom-website/drivers/L/LANNOR01_Lando_Norris/lannor01.png.transform/1col/image.png,,5.0,5,9.0,,,,0 days 00:00:04.754000,Finished,10.0,51.0
14,F ALONSO,ALO,alonso,Alpine,0090FF,alpine,Fernando,Alonso,Fernando Alonso,https://www.formula1.com/content/dam/fom-website/drivers/F/FERALO01_Fernando_Alonso/feralo01.png.transform/1col/image.png,,6.0,6,8.0,,,,0 days 00:00:06.382000,Finished,8.0,51.0
22,Y TSUNODA,TSU,tsunoda,AlphaTauri,2B4562,alphatauri,Yuki,Tsunoda,Yuki Tsunoda,https://www.formula1.com/content/dam/fom-website/drivers/Y/YUKTSU01_Yuki_Tsunoda/yuktsu01.png.transform/1col/image.png,,7.0,7,7.0,,,,0 days 00:00:06.624000,Finished,6.0,51.0
55,C SAINZ,SAI,sainz,Ferrari,DC0004,ferrari,Carlos,Sainz,Carlos Sainz,https://www.formula1.com/content/dam/fom-website/drivers/C/CARSAI01_Carlos_Sainz/carsai01.png.transform/1col/image.png,,8.0,8,5.0,,,,0 days 00:00:07.709000,Finished,4.0,51.0
3,D RICCIARDO,RIC,ricciardo,McLaren,FF9800,mclaren,Daniel,Ricciardo,Daniel Ricciardo,https://www.formula1.com/content/dam/fom-website/drivers/D/DANRIC01_Daniel_Ricciardo/danric01.png.transform/1col/image.png,,9.0,9,13.0,,,,0 days 00:00:08.874000,Finished,2.0,51.0
7,K RAIKKONEN,RAI,raikkonen,Alfa Romeo Racing,900000,alfa,Kimi,Räikkönen,Kimi Räikkönen,https://www.formula1.com/content/dam/fom-website/drivers/K/KIMRAI01_Kimi_R%C3%A4ikk%C3%B6nen/kimrai01.png.transform/1col/image.png,,10.0,10,14.0,,,,0 days 00:00:09.576000,Finished,1.0,51.0
99,A GIOVINAZZI,GIO,giovinazzi,Alfa Romeo Racing,900000,alfa,Antonio,Giovinazzi,Antonio Giovinazzi,https://www.formula1.com/content/dam/fom-website/drivers/A/ANTGIO01_Antonio_Giovinazzi/antgio01.png.transform/1col/image.png,,11.0,11,20.0,,,,0 days 00:00:10.254000,Finished,0.0,51.0
77,V BOTTAS,BOT,bottas,Mercedes,00D2BE,mercedes,Valtteri,Bottas,Valtteri Bottas,https://www.formula1.com/content/dam/fom-website/drivers/V/VALBOT01_Valtteri_Bottas/valbot01.png.transform/1col/image.png,,12.0,12,10.0,,,,0 days 00:00:11.264000,Finished,0.0,51.0
47,M SCHUMACHER,MSC,mick_schumacher,Haas F1 Team,FFFFFF,haas,Mick,Schumacher,Mick Schumacher,https://www.formula1.com/content/dam/fom-website/drivers/M/MICSCH02_Mick_Schumacher/micsch02.png.transform/1col/image.png,,13.0,13,17.0,,,,0 days 00:00:14.241000,Finished,0.0,51.0
9,N MAZEPIN,MAZ,mazepin,Haas F1 Team,FFFFFF,haas,Nikita,Mazepin,Nikita Mazepin,https://www.formula1.com/content/dam/fom-website/drivers/N/NIKMAZ01_Nikita_Mazepin/nikmaz01.png.transform/1col/image.png,,14.0,14,18.0,,,,0 days 00:00:14.315000,Finished,0.0,51.0
44,L HAMILTON,HAM,hamilton,Mercedes,00D2BE,mercedes,Lewis,Hamilton,Lewis Hamilton,https://www.formula1.com/content/dam/fom-website/drivers/L/LEWHAM01_Lewis_Hamilton/lewham01.png.transform/1col/image.png,,15.0,15,2.0,,,,0 days 00:00:17.668000,Finished,0.0,51.0
6,N LATIFI,LAT,latifi,Williams,005AFF,williams,Nicholas,Latifi,Nicholas Latifi,https://www.formula1.com/content/dam/fom-website/drivers/N/NICLAF01_Nicholas_Latifi/niclaf01.png.transform/1col/image.png,,16.0,16,16.0,,,,0 days 00:00:43.379000,Finished,0.0,51.0
63,G RUSSELL,RUS,russell,Williams,005AFF,williams,George,Russell,George Russell,https://www.formula1.com/content/dam/fom-website/drivers/G/GEORUS01_George_Russell/georus01.png.transform/1col/image.png,,17.0,R,15.0,,,,,Gearbox,0.0,48.0
33,M VERSTAPPEN,VER,max_verstappen,Red Bull Racing,0600EF,red_bull,Max,Verstappen,Max Verstappen,https://www.formula1.com/content/dam/fom-website/drivers/M/MAXVER01_Max_Verstappen/maxver01.png.transform/1col/image.png,,18.0,R,3.0,,,,,Accident,0.0,45.0
18,L STROLL,STR,stroll,Aston Martin,006F62,aston_martin,Lance,Stroll,Lance Stroll,https://www.formula1.com/content/dam/fom-website/drivers/L/LANSTR01_Lance_Stroll/lanstr01.png.transform/1col/image.png,,19.0,R,19.0,,,,,Accident,0.0,29.0
31,E OCON,OCO,ocon,Alpine,0090FF,alpine,Esteban,Ocon,Esteban Ocon,https://www.formula1.com/content/dam/fom-website/drivers/E/ESTOCO01_Esteban_Ocon/estoco01.png.transform/1col/image.png,,20.0,R,12.0,,,,,Turbo,0.0,3.0
33,M VERSTAPPEN,VER,max_verstappen,Red Bull Racing,0600EF,red_bull,Max,Verstappen,Max Verstappen,https://www.formula1.com/content/dam/fom-website/drivers/M/MAXVER01_Max_Verstappen/maxver01.png.transform/1col/image.png,,1.0,,,0 days 00:01:31.001000,0 days 00:01:31.080000,0 days 00:01:29.990000,,,,
44,L HAMILTON,HAM,hamilton,Mercedes,00D2BE,mercedes,Lewis,Hamilton,Lewis Hamilton,https://www.formula1.com/content/dam/fom-website/drivers/L/LEWHAM01_Lewis_Hamilton/lewham01.png.transform/1col/image.png,,2.0,,,0 days 00:01:31.237000,0 days 00:01:30.788000,0 days 00:01:30.248000,,,,
77,V BOTTAS,BOT,bottas,Mercedes,00D2BE,mercedes,Valtteri,Bottas,Valtteri Bottas,https://www.formula1.com/content/dam/fom-website/drivers/V/VALBOT01_Valtteri_Bottas/valbot01.png.transform/1col/image.png,,3.0,,,0 days 00:01:31.669000,0 days 00:01:30.735000,0 days 00:01:30.376000,,,,
11,S PEREZ,PER,perez,Red Bull Racing,0600EF,red_bull,Sergio,Perez,Sergio Perez,https://www.formula1.com/content/dam/fom-website/drivers/S/SERPER01_Sergio_Perez/serper01.png.transform/1col/image.png,,4.0,,,0 days 00:01:31.560000,0 days 00:01:30.971000,0 days 00:01:30.445000,,,,
55,C SAINZ,SAI,sainz,Ferrari,DC0004,ferrari,Carlos,Sainz,Carlos Sainz,https://www.formula1.com/content/dam/fom-website/drivers/C/CARSAI01_Carlos_Sainz/carsai01.png.transform/1col/image.png,,5.0,,,0 days 00:01:32.079000,0 days 00:01:31.146000,0 days 00:01:30.840000,,,,
10,P GASLY,GAS,gasly,AlphaTauri,2B4562,alphatauri,Pierre,Gasly,Pierre Gasly,https://www.formula1.com/content/dam/fom-website/drivers/P/PIEGAS01_Pierre_Gasly/piegas01.png.transform/1col/image.png,,6.0,,,0 days 00:01:31.898000,0 days 00:01:31.353000,0 days 00:01:30.868000,,,,
16,C LECLERC,LEC,leclerc,Ferrari,DC0004,ferrari,Charles,Leclerc,Charles Leclerc,https://www.formula1.com/content/dam/fom-website/drivers/C/CHALEC01_Charles_Leclerc/chalec01.png.transform/1col/image.png,,7.0,,,0 days 00:01:32.209000,0 days 00:01:31.567000,0 days 00:01:30.987000,,,,
4,L NORRIS,NOR,norris,McLaren,FF9800,mclaren,Lando,Norris,Lando Norris,https://www.formula1.com/content/dam/fom-website/drivers/L/LANNOR01_Lando_Norris/lannor01.png.transform/1col/image.png,,8.0,,,0 days 00:01:31.733000,0 days 00:01:31.542000,0 days 00:01:31.252000,,,,
14,F ALONSO,ALO,alonso,Alpine,0090FF,alpine,Fernando,Alonso,Fernando Alonso,https://www.formula1.com/content/dam/fom-website/drivers/F/FERALO01_Fernando_Alonso/feralo01.png.transform/1col/image.png,,9.0,,,0 days 00:01:32.158000,0 days 00:01:31.549000,0 days 00:01:31.340000,,,,
3,D RICCIARDO,RIC,ricciardo,McLaren,FF9800,mclaren,Daniel,Ricciardo,Daniel Ricciardo,https://www.formula1.com/content/dam/fom-website/drivers/D/DANRIC01_Daniel_Ricciardo/danric01.png.transform/1col/image.png,,10.0,,,0 days 00:01:32.181000,0 days 00:01:31.615000,0 days 00:01:31.382000,,,,
31,E OCON,OCO,ocon,Alpine,0090FF,alpine,Esteban,Ocon,Esteban Ocon,https://www.formula1.com/content/dam/fom-website/drivers/E/ESTOCO01_Esteban_Ocon/estoco01.png.transform/1col/image.png,,11.0,,,0 days 00:01:32.139000,0 days 00:01:31.736000,,,,,
5,S VETTEL,VET,vettel,Aston Martin,006F62,aston_martin,Sebastian,Vettel,Sebastian Vettel,https://www.formula1.com/content/dam/fom-website/drivers/S/SEBVET01_Sebastian_Vettel/sebvet01.png.transform/1col/image.png,,12.0,,,0 days 00:01:32.132000,0 days 00:01:31.767000,,,,,
99,A GIOVINAZZI,GIO,giovinazzi,Alfa Romeo Racing,900000,alfa,Antonio,Giovinazzi,Antonio Giovinazzi,https://www.formula1.com/content/dam/fom-website/drivers/A/ANTGIO01_Antonio_Giovinazzi/antgio01.png.transform/1col/image.png,,13.0,,,0 days 00:01:32.722000,0 days 00:01:31.813000,,,,,
63,G RUSSELL,RUS,russell,Williams,005AFF,williams,George,Russell,George Russell,https://www.formula1.com/content/dam/fom-website/drivers/G/GEORUS01_George_Russell/georus01.png.transform/1col/image.png,,14.0,,,0 days 00:01:33.060000,0 days 00:01:32.065000,,,,,
47,M SCHUMACHER,MSC,mick_schumacher,Haas F1 Team,FFFFFF,haas,Mick,Schumacher,Mick Schumacher,https://www.formula1.com/content/dam/fom-website/drivers/M/MICSCH02_Mick_Schumacher/micsch02.png.transform/1col/image.png,,15.0,,,0 days 00:01:32.942000,,,,,,
6,N LATIFI,LAT,latifi,Williams,005AFF,williams,Nicholas,Latifi,Nicholas Latifi,https://www.formula1.com/content/dam/fom-website/drivers/N/NICLAF01_Nicholas_Latifi/niclaf01.png.transform/1col/image.png,,16.0,,,0 days 00:01:33.062000,,,,,,
7,K RAIKKONEN,RAI,raikkonen,Alfa Romeo Racing,900000,alfa,Kimi,Räikkönen,Kimi Räikkönen,https://www.formula1.com/content/dam/fom-website/drivers/K/KIMRAI01_Kimi_R%C3%A4ikk%C3%B6nen/kimrai01.png.transform/1col/image.png,,17.0,,,0 days 00:01:33.354000,,,,,,
9,N MAZEPIN,MAZ,mazepin,Haas F1 Team,FFFFFF,haas,Nikita,Mazepin,Nikita Mazepin,https://www.formula1.com/content/dam/fom-website/drivers/N/NIKMAZ01_Nikita_Mazepin/nikmaz01.png.transform/1col/image.png,,18.0,,,0 days 00:01:33.554000,,,,,,
18,L STROLL,STR,stroll,Aston Martin,006F62,aston_martin,Lance,Stroll,Lance Stroll,https://www.formula1.com/content/dam/fom-website/drivers/L/LANSTR01_Lance_Stroll/lanstr01.png.transform/1col/image.png,,19.0,,,,,,,,,
22,Y TSUNODA,TSU,tsunoda,AlphaTauri,2B4562,alphatauri,Yuki,Tsunoda,Yuki Tsunoda,https://www.formula1.com/content/dam/fom-website/drivers/Y/YUKTSU01_Yuki_Tsunoda/yuktsu01.png.transform/1col/image.png,,20.0,,,,,,,,,
33,M VERSTAPPEN,VER,max_verstappen,Red Bull Racing,0600EF,red_bull,Max,Verstappen,Max Verstappen,https://www.formula1.com/content/dam/fom-website/drivers/M/MAXVER01_Max_Verstappen/maxver01.png.transform/1col/image.png,,1.0,1,1.0,,,,0 days 01:27:25.770000,Finished,26.0,53.0
44,L HAMILTON,HAM,hamilton,Mercedes,00D2BE,mercedes,Lewis,Hamilton,Lewis Hamilton,https://www.formula1.com/content/dam/fom-website/drivers/L/LEWHAM01_Lewis_Hamilton/lewham01.png.transform/1col/image.png,,2.0,2,2.0,,,,0 days 00:00:02.904000,Finished,18.0,53.0
11,S PEREZ,PER,perez,Red Bull Racing,0600EF,red_bull,Sergio,Perez,Sergio Perez,https://www.formula1.com/content/dam/fom-website/drivers/S/SERPER01_Sergio_Perez/serper01.png.transform/1col/image.png,,3.0,3,4.0,,,,0 days 00:00:08.811000,Finished,15.0,53.0
77,V BOTTAS,BOT,bottas,Mercedes,00D2BE,mercedes,Valtteri,Bottas,Valtteri Bottas,https://www.formula1.com/content/dam/fom-website/drivers/V/VALBOT01_Valtteri_Bottas/valbot01.png.transform/1col/image.png,,4.0,4,3.0,,,,0 days 00:00:14.618000,Finished,12.0,53.0
4,L NORRIS,NOR,norris,McLaren,FF9800,mclaren,Lando,Norris,Lando Norris,https://www.formula1.com/content/dam/fom-website/drivers/L/LANNOR01_Lando_Norris/lannor01.png.transform/1col/image.png,,5.0,5,8.0,,,,0 days 00:01:04.032000,Finished,10.0,53.0
3,D RICCIARDO,RIC,ricciardo,McLaren,FF9800,mclaren,Daniel,Ricciardo,Daniel Ricciardo,https://www.formula1.com/content/dam/fom-website/drivers/D/DANRIC01_Daniel_Ricciardo/danric01.png.transform/1col/image.png,,6.0,6,10.0,,,,0 days 00:01:15.857000,Finished,8.0,53.0
10,P GASLY,GAS,gasly,AlphaTauri,2B4562,alphatauri,Pierre,Gasly,Pierre Gasly,https://www.formula1.com/content/dam/fom-website/drivers/P/PIEGAS01_Pierre_Gasly/piegas01.png.transform/1col/image.png,,7.0,7,6.0,,,,0 days 00:01:16.596000,Finished,6.0,53.0
14,F ALONSO,ALO,alonso,Alpine,0090FF,alpine,Fernando,Alonso,Fernando Alonso,https://www.formula1.com/content/dam/fom-website/drivers/F/FERALO01_Fernando_Alonso/feralo01.png.transform/1col/image.png,,8.0,8,9.0,,,,0 days 00:01:17.695000,Finished,4.0,53.0
5,S VETTEL,VET,vettel,Aston Martin,006F62,aston_martin,Sebastian,Vettel,Sebastian Vettel,https://www.formula1.com/content/dam/fom-website/drivers/S/SEBVET01_Sebastian_Vettel/sebvet01.png.transform/1col/image.png,,9.0,9,12.0,,,,0 days 00:01:19.666000,Finished,2.0,53.0
18,L STROLL,STR,stroll,Aston Martin,006F62,aston_martin,Lance,Stroll,Lance Stroll,https://www.formula1.com/content/dam/fom-website/drivers/L/LANSTR01_Lance_Stroll/lanstr01.png.transform/1col/image.png,,10.0,10,19.0,,,,0 days 00:01:31.946000,Finished,1.0,53.0
55,C SAINZ,SAI,sainz,Ferrari,DC0004,ferrari,Carlos,Sainz,Carlos Sainz,https://www.formula1.com/content/dam/fom-website/drivers/C/CARSAI01_Carlos_Sainz/carsai01.png.transform/1col/image.png,,11.0,11,5.0,,,,0 days 00:01:39.337000,Finished,0.0,53.0
63,G RUSSELL,RUS,russell,Williams,005AFF,williams,George,Russell,George Russell,https://www.formula1.com/content/dam/fom-website/drivers/G/GEORUS01_George_Russell/georus01.png.transform/1col/image.png,,12.0,12,14.0,,,,,+1 Lap,0.0,52.0
22,Y TSUNODA,TSU,tsunoda,AlphaTauri,2B4562,alphatauri,Yuki,Tsunoda,Yuki Tsunoda,https://www.formula1.com/content/dam/fom-website/drivers/Y/YUKTSU01_Yuki_Tsunoda/yuktsu01.png.transform/1col/image.png,,13.0,13,0.0,,,,,+1 Lap,0.0,52.0
31,E OCON,OCO,ocon,Alpine,0090FF,alpine,Esteban,Ocon,Esteban Ocon,https://www.formula1.com/content/dam/fom-website/drivers/E/ESTOCO01_Esteban_Ocon/estoco01.png.transform/1col/image.png,,14.0,14,11.0,,,,,+1 Lap,0.0,52.0
99,A GIOVINAZZI,GIO,giovinazzi,Alfa Romeo Racing,900000,alfa,Antonio,Giovinazzi,Antonio Giovinazzi,https://www.formula1.com/content/dam/fom-website/drivers/A/ANTGIO01_Antonio_Giovinazzi/antgio01.png.transform/1col/image.png,,15.0,15,13.0,,,,,+1 Lap,0.0,52.0
16,C LECLERC,LEC,leclerc,Ferrari,DC0004,ferrari,Charles,Leclerc,Charles Leclerc,https://www.formula1.com/content/dam/fom-website/drivers/C/CHALEC01_Charles_Leclerc/chalec01.png.transform/1col/image.png,,16.0,16,7.0,,,,,+1 Lap,0.0,52.0
7,K RAIKKONEN,RAI,raikkonen,Alfa Romeo Racing,900000,alfa,Kimi,Räikkönen,Kimi Räikkönen,https://www.formula1.com/content/dam/fom-website/drivers/K/KIMRAI01_Kimi_R%C3%A4ikk%C3%B6nen/kimrai01.png.transform/1col/image.png,,17.0,17,17.0,,,,,+1 Lap,0.0,52.0
6,N LATIFI,LAT,latifi,Williams,005AFF,williams,Nicholas,Latifi,Nicholas Latifi,https://www.formula1.com/content/dam/fom-website/drivers/N/NICLAF01_Nicholas_Latifi/niclaf01.png.transform/1col/image.png,,18.0,18,16.0,,,,,+1 Lap,0.0,52.0
47,M SCHUMACHER,MSC,mick_schumacher,Haas F1 Team,FFFFFF,haas,Mick,Schumacher,Mick Schumacher,https://www.formula1.com/content/dam/fom-website/drivers/M/MICSCH02_Mick_Schumacher/micsch02.png.transform/1col/image.png,,19.0,19,15.0,,,,,+1 Lap,0.0,52.0
9,N MAZEPIN,MAZ,mazepin,Haas F1 Team,FFFFFF,haas,Nikita,Mazepin,Nikita Mazepin,https://www.formula1.com/content/dam/fom-website/drivers/N/NIKMAZ01_Nikita_Mazepin/nikmaz01.png.transform/1col/image.png,,20.0,20,18.0,,,,,+1 Lap,0.0,52.0
33,M VERSTAPPEN,VER,max_verstappen,Red Bull Racing,0600EF,red_bull,Max,Verstappen,Max Verstappen,https://www.formula1.com/content/dam/fom-website/drivers/M/MAXVER01_Max_Verstappen/maxver01.png.transform/1col/image.png,,1.0,,,0 days 00:01:04.489000,0 days 00:01:04.433000,0 days 00:01:03.841000,,,,
77,V BOTTAS,BOT,bottas,Mercedes,00D2BE,mercedes,Valtteri,Bottas,Valtteri Bottas,https://www.formula1.com/content/dam/fom-website/drivers/V/VALBOT01_Valtteri_Bottas/valbot01.png.transform/1col/image.png,,2.0,,,0 days 00:01:04.537000,0 days 00:01:04.443000,0 days 00:01:04.035000,,,,
44,L HAMILTON,HAM,hamilton,Mercedes,00D2BE,mercedes,Lewis,Hamilton,Lewis Hamilton,https://www.formula1.com/content/dam/fom-website/drivers/L/LEWHAM01_Lewis_Hamilton/lewham01.png.transform/1col/image.png,,3.0,,,0 days 00:01:04.672000,0 days 00:01:04.512000,0 days 00:01:04.067000,,,,
4,L NORRIS,NOR,norris,McLaren,FF9800,mclaren,Lando,Norris,Lando Norris,https://www.formula1.com/content/dam/fom-website/drivers/L/LANNOR01_Lando_Norris/lannor01.png.transform/1col/image.png,,4.0,,,0 days 00:01:04.584000,0 days 00:01:04.298000,0 days 00:01:04.120000,,,,
11,S PEREZ,PER,perez,Red Bull Racing,0600EF,red_bull,Sergio,Perez,Sergio Perez,https://www.formula1.com/content/dam/fom-website/drivers/S/SERPER01_Sergio_Perez/serper01.png.transform/1col/image.png,,5.0,,,0 days 00:01:04.638000,0 days 00:01:04.197000,0 days 00:01:04.168000,,,,
10,P GASLY,GAS,gasly,AlphaTauri,2B4562,alphatauri,Pierre,Gasly,Pierre Gasly,https://www.formula1.com/content/dam/fom-website/drivers/P/PIEGAS01_Pierre_Gasly/piegas01.png.transform/1col/image.png,,6.0,,,0 days 00:01:04.765000,0 days 00:01:04.429000,0 days 00:01:04.236000,,,,
16,C LECLERC,LEC,leclerc,Ferrari,DC0004,ferrari,Charles,Leclerc,Charles Leclerc,https://www.formula1.com/content/dam/fom-website/drivers/C/CHALEC01_Charles_Leclerc/chalec01.png.transform/1col/image.png,,7.0,,,0 days 00:01:04.745000,0 days 00:01:04.646000,0 days 00:01:04.472000,,,,
22,Y TSUNODA,TSU,tsunoda,AlphaTauri,2B4562,alphatauri,Yuki,Tsunoda,Yuki Tsunoda,https://www.formula1.com/content/dam/fom-website/drivers/Y/YUKTSU01_Yuki_Tsunoda/yuktsu01.png.transform/1col/image.png,,8.0,,,0 days 00:01:04.608000,0 days 00:01:04.631000,0 days 00:01:04.514000,,,,
14,F ALONSO,ALO,alonso,Alpine,0090FF,alpine,Fernando,Alonso,Fernando Alonso,https://www.formula1.com/content/dam/fom-website/drivers/F/FERALO01_Fernando_Alonso/feralo01.png.transform/1col/image.png,,9.0,,,0 days 00:01:04.971000,0 days 00:01:04.582000,0 days 00:01:04.574000,,,,
18,L STROLL,STR,stroll,Aston Martin,006F62,aston_martin,Lance,Stroll,Lance Stroll,https://www.formula1.com/content/dam/fom-website/drivers/L/LANSTR01_Lance_Stroll/lanstr01.png.transform/1col/image.png,,10.0,,,0 days 00:01:04.821000,0 days 00:01:04.663000,0 days 00:01:04.708000,,,,
63,G RUSSELL,RUS,russell,Williams,005AFF,williams,George,Russell,George Russell,https://www.formula1.com/content/dam/fom-website/drivers/G/GEORUS01_George_Russell/georus01.png.transform/1col/image.png,,11.0,,,0 days 00:01:05.033000,0 days 00:01:04.671000,,,,,
55,C SAINZ,SAI,sainz,Ferrari,DC0004,ferrari,Carlos,Sainz,Carlos Sainz,https://www.formula1.com/content/dam/fom-website/drivers/C/CARSAI01_Carlos_Sainz/carsai01.png.transform/1col/image.png,,12.0,,,0 days 00:01:04.859000,0 days 00:01:04.800000,,,,,
3,D RICCIARDO,RIC,ricciardo,McLaren,FF9800,mclaren,Daniel,Ricciardo,Daniel Ricciardo,https://www.formula1.com/content/dam/fom-website/drivers/D/DANRIC01_Daniel_Ricciardo/danric01.png.transform/1col/image.png,,13.0,,,0 days 00:01:05.142000,0 days 00:01:04.808000,,,,,
5,S VETTEL,VET,vettel,Aston Martin,006F62,aston_martin,Sebastian,Vettel,Sebastian Vettel,https://www.formula1.com/content/dam/fom-website/drivers/S/SEBVET01_Sebastian_Vettel/sebvet01.png.transform/1col/image.png,,14.0,,,0 days 00:01:05.051000,0 days 00:01:04.875000,,,,,
99,A GIOVINAZZI,GIO,giovinazzi,Alfa Romeo Racing,900000,alfa,Antonio,Giovinazzi,Antonio Giovinazzi,https://www.formula1.com/content/dam/fom-website/drivers/A/ANTGIO01_Antonio_Giovinazzi/antgio01.png.transform/1col/image.png,,15.0,,,0 days 00:01:05.092000,0 days 00:01:04.913000,,,,,
6,N LATIFI,LAT,latifi,Williams,005AFF,williams,Nicholas,Latifi,Nicholas Latifi,https://www.formula1.com/content/dam/fom-website/drivers/N/NICLAF01_Nicholas_Latifi/niclaf01.png.transform/1col/image.png,,16.0,,,0 days 00:01:05.175000,,,,,,
31,E OCON,OCO,ocon,Alpine,0090FF,alpine,Esteban,Ocon,Esteban Ocon,https://www.formula1.com/content/dam/fom-website/drivers/E/ESTOCO01_Esteban_Ocon/estoco01.png.transform/1col/image.png,,17.0,,,0 days 00:01:05.217000,,,,,,
7,K RAIKKONEN,RAI,raikkonen,Alfa Romeo Racing,900000,alfa,Kimi,Räikkönen,Kimi Räikkönen,https://www.formula1.com/content/dam/fom-website/drivers/K/KIMRAI01_Kimi_R%C3%A4ikk%C3%B6nen/kimrai01.png.transform/1col/image.png,,18.0,,,0 days 00:01:05.429000,,,,,,
47,M SCHUMACHER,MSC,mick_schumacher,Haas F1 Team,FFFFFF,haas,Mick,Schumacher,Mick Schumacher,https://www.formula1.com/content/dam/fom-website/drivers/M/MICSCH02_Mick_Schumacher/micsch02.png.transform/1col/image.png,,19.0,,,0 days 00:01:06.041000,,,,,,
9,N MAZEPIN,MAZ,mazepin,Haas F1 Team,FFFFFF,haas,Nikita,Mazepin,Nikita Mazepin,https://www.formula1.com/content/dam/fom-website/drivers/N/NIKMAZ01_Nikita_Mazepin/nikmaz01.png.transform/1col/image.png,,20.0,,,0 days 00:01:06.192000,,,,,,
33,M VERSTAPPEN,VER,max_verstappen,Red Bull Racing,0600EF,red_bull,Max,Verstappen,Max Verstappen,https://www.formula1.com/content/dam/fom-website/drivers/M/MAXVER01_Max_Verstappen/maxver01.png.transform/1col/image.png,,1.0,1,1.0,,,,0 days 01:22:18.925000,Finished,25.0,71.0
44,L HAMILTON,HAM,hamilton,Mercedes,00D2BE,mercedes,Lewis,Hamilton,Lewis Hamilton,https://www.formula1.com/content/dam/fom-website/drivers/L/LEWHAM01_Lewis_Hamilton/lewham01.png.transform/1col/image.png,,2.0,2,2.0,,,,0 days 00:00:35.743000,Finished,19.0,71.0
77,V BOTTAS,BOT,bottas,Mercedes,00D2BE,mercedes,Valtteri,Bottas,Valtteri Bottas,https://www.formula1.com/content/dam/fom-website/drivers/V/VALBOT01_Valtteri_Bottas/valbot01.png.transform/1col/image.png,,3.0,3,5.0,,,,0 days 00:00:46.907000,Finished,15.0,71.0
11,S PEREZ,PER,perez,Red Bull Racing,0600EF,red_bull,Sergio,Perez,Sergio Perez,https://www.formula1.com/content/dam/fom-website/drivers/S/SERPER01_Sergio_Perez/serper01.png.transform/1col/image.png,,4.0,4,4.0,,,,0 days 00:00:47.434000,Finished,12.0,71.0
4,L NORRIS,NOR,norris,McLaren,FF9800,mclaren,Lando,Norris,Lando Norris,https://www.formula1.com/content/dam/fom-website/drivers/L/LANNOR01_Lando_Norris/lannor01.png.transform/1col/image.png,,5.0,5,3.0,,,,,+1 Lap,10.0,70.0
55,C SAINZ,SAI,sainz,Ferrari,DC0004,ferrari,Carlos,Sainz,Carlos Sainz,https://www.formula1.com/content/dam/fom-website/drivers/C/CARSAI01_Carlos_Sainz/carsai01.png.transform/1col/image.png,,6.0,6,12.0,,,,,+1 Lap,8.0,70.0
16,C LECLERC,LEC,leclerc,Ferrari,DC0004,ferrari,Charles,Leclerc,Charles Leclerc,https://www.formula1.com/content/dam/fom-website/drivers/C/CHALEC01_Charles_Leclerc/chalec01.png.transform/1col/image.png,,7.0,7,7.0,,,,,+1 Lap,6.0,70.0
18,L STROLL,STR,stroll,Aston Martin,006F62,aston_martin,Lance,Stroll,Lance Stroll,https://www.formula1.com/content/dam/fom-website/drivers/L/LANSTR01_Lance_Stroll/lanstr01.png.transform/1col/image.png,,8.0,8,9.0,,,,,+1 Lap,4.0,70.0
14,F ALONSO,ALO,alonso,Alpine,0090FF,alpine,Fernando,Alonso,Fernando Alonso,https://www.formula1.com/content/dam/fom-website/drivers/F/FERALO01_Fernando_Alonso/feralo01.png.transform/1col/image.png,,9.0,9,8.0,,,,,+1 Lap,2.0,70.0
22,Y TSUNODA,TSU,tsunoda,AlphaTauri,2B4562,alphatauri,Yuki,Tsunoda,Yuki Tsunoda,https://www.formula1.com/content/dam/fom-website/drivers/Y/YUKTSU01_Yuki_Tsunoda/yuktsu01.png.transform/1col/image.png,,10.0,10,11.0,,,,,+1 Lap,1.0,70.0
7,K RAIKKONEN,RAI,raikkonen,Alfa Romeo Racing,900000,alfa,Kimi,Räikkönen,Kimi Räikkönen,https://www.formula1.com/content/dam/fom-website/drivers/K/KIMRAI01_Kimi_R%C3%A4ikk%C3%B6nen/kimrai01.png.transform/1col/image.png,,11.0,11,18.0,,,,,+1 Lap,0.0,70.0
5,S VETTEL,VET,vettel,Aston Martin,006F62,aston_martin,Sebastian,Vettel,Sebastian Vettel,https://www.formula1.com/content/dam/fom-website/drivers/S/SEBVET01_Sebastian_Vettel/sebvet01.png.transform/1col/image.png,,12.0,12,14.0,,,,,+1 Lap,0.0,70.0
3,D RICCIARDO,RIC,ricciardo,McLaren,FF9800,mclaren,Daniel,Ricciardo,Daniel Ricciardo,https://www.formula1.com/content/dam/fom-website/drivers/D/DANRIC01_Daniel_Ricciardo/danric01.png.transform/1col/image.png,,13.0,13,13.0,,,,,+1 Lap,0.0,70.0
31,E OCON,OCO,ocon,Alpine,0090FF,alpine,Esteban,Ocon,Esteban Ocon,https://www.formula1.com/content/dam/fom-website/drivers/E/ESTOCO01_Esteban_Ocon/estoco01.png.transform/1col/image.png,,14.0,14,17.0,,,,,+1 Lap,0.0,70.0
99,A GIOVINAZZI,GIO,giovinazzi,Alfa Romeo Racing,900000,alfa,Antonio,Giovinazzi,Antonio Giovinazzi,https://www.formula1.com/content/dam/fom-website/drivers/A/ANTGIO01_Antonio_Giovinazzi/antgio01.png.transform/1col/image.png,,15.0,15,15.0,,,,,+1 Lap,0.0,70.0
47,M SCHUMACHER,MSC,mick_schumacher,Haas F1 Team,FFFFFF,haas,Mick,Schumacher,Mick Schumacher,https://www.formula1.com/content/dam/fom-website/drivers/M/MICSCH02_Mick_Schumacher/micsch02.png.transform/1col/image.png,,16.0,16,19.0,,,,,+2 Laps,0.0,69.0
6,N LATIFI,LAT,latifi,Williams,005AFF,williams,Nicholas,Latifi,Nicholas Latifi,https://www.formula1.com/content/dam/fom-website/drivers/N/NICLAF01_Nicholas_Latifi/niclaf01.png.transform/1col/image.png,,17.0,17,16.0,,,,,+3 Laps,0.0,68.0
9,N MAZEPIN,MAZ,mazepin,Haas F1 Team,FFFFFF,haas,Nikita,Mazepin,Nikita Mazepin,https://www.formula1.com/content/dam/fom-website/drivers/N/NIKMAZ01_Nikita_Mazepin/nikmaz01.png.transform/1col/image.png,,18.0,18,20.0,,,,,+3 Laps,0.0,68.0
63,G RUSSELL,RUS,russell,Williams,005AFF,williams,George,Russell,George Russell,https://www.formula1.com/content/dam/fom-website/drivers/G/GEORUS01_George_Russell/georus01.png.transform/1col/image.png,,19.0,R,10.0,,,,,Engine,0.0,36.0
10,P GASLY,GAS,gasly,AlphaTauri,2B4562,alphatauri,Pierre,Gasly,Pierre Gasly,https://www.formula1.com/content/dam/fom-website/drivers/P/PIEGAS01_Pierre_Gasly/piegas01.png.transform/1col/image.png,,20.0,R,6.0,,,,,Collision,0.0,1.0
33,M VERSTAPPEN,VER,max_verstappen,Red Bull Racing,0600EF,red_bull,Max,Verstappen,Max Verstappen,https://www.formula1.com/content/dam/fom-website/drivers/M/MAXVER01_Max_Verstappen/maxver01.png.transform/1col/image.png,,1.0,,,0 days 00:01:04.249000,0 days 00:01:03.927000,0 days 00:01:03.720000,,,,
4,L NORRIS,NOR,norris,McLaren,FF9800,mclaren,Lando,Norris,Lando Norris,https://www.formula1.com/content/dam/fom-website/drivers/L/LANNOR01_Lando_Norris/lannor01.png.transform/1col/image.png,,2.0,,,0 days 00:01:04.345000,0 days 00:01:04.415000,0 days 00:01:03.768000,,,,
11,S PEREZ,PER,perez,Red Bull Racing,0600EF,red_bull,Sergio,Perez,Sergio Perez,https://www.formula1.com/content/dam/fom-website/drivers/S/SERPER01_Sergio_Perez/serper01.png.transform/1col/image.png,,3.0,,,0 days 00:01:04.833000,0 days 00:01:04.483000,0 days 00:01:03.990000,,,,
44,L HAMILTON,HAM,hamilton,Mercedes,00D2BE,mercedes,Lewis,Hamilton,Lewis Hamilton,https://www.formula1.com/content/dam/fom-website/drivers/L/LEWHAM01_Lewis_Hamilton/lewham01.png.transform/1col/image.png,,4.0,,,0 days 00:01:04.506000,0 days 00:01:04.258000,0 days 00:01:04.014000,,,,
77,V BOTTAS,BOT,bottas,Mercedes,00D2BE,mercedes,Valtteri,Bottas,Valtteri Bottas,https://www.formula1.com/content/dam/fom-website/drivers/V/VALBOT01_Valtteri_Bottas/valbot01.png.transform/1col/image.png,,5.0,,,0 days 00:01:04.563000,0 days 00:01:04.376000,0 days 00:01:04.049000,,,,
10,P GASLY,GAS,gasly,AlphaTauri,2B4562,alphatauri,Pierre,Gasly,Pierre Gasly,https://www.formula1.com/content/dam/fom-website/drivers/P/PIEGAS01_Pierre_Gasly/piegas01.png.transform/1col/image.png,,6.0,,,0 days 00:01:04.841000,0 days 00:01:04.412000,0 days 00:01:04.107000,,,,
22,Y TSUNODA,TSU,tsunoda,AlphaTauri,2B4562,alphatauri,Yuki,Tsunoda,Yuki Tsunoda,https://www.formula1.com/content/dam/fom-website/drivers/Y/YUKTSU01_Yuki_Tsunoda/yuktsu01.png.transform/1col/image.png,,7.0,,,0 days 00:01:04.967000,0 days 00:01:04.518000,0 days 00:01:04.273000,,,,
5,S VETTEL,VET,vettel,Aston Martin,006F62,aston_martin,Sebastian,Vettel,Sebastian Vettel,https://www.formula1.com/content/dam/fom-website/drivers/S/SEBVET01_Sebastian_Vettel/sebvet01.png.transform/1col/image.png,,8.0,,,0 days 00:01:04.846000,0 days 00:01:04.493000,0 days 00:01:04.570000,,,,
63,G RUSSELL,RUS,russell,Williams,005AFF,williams,George,Russell,George Russell,https://www.formula1.com/content/dam/fom-website/drivers/G/GEORUS01_George_Russell/georus01.png.transform/1col/image.png,,9.0,,,0 days 00:01:04.907000,0 days 00:01:04.553000,0 days 00:01:04.591000,,,,
18,L STROLL,STR,stroll,Aston Martin,006F62,aston_martin,Lance,Stroll,Lance Stroll,https://www.formula1.com/content/dam/fom-website/drivers/L/LANSTR01_Lance_Stroll/lanstr01.png.transform/1col/image.png,,10.0,,,0 days 00:01:04.927000,0 days 00:01:04.547000,0 days 00:01:04.618000,,,,
55,C SAINZ,SAI,sainz,Ferrari,DC0004,ferrari,Carlos,Sainz,Carlos Sainz,https://www.formula1.com/content/dam/fom-website/drivers/C/CARSAI01_Carlos_Sainz/carsai01.png.transform/1col/image.png,,11.0,,,0 days 00:01:04.596000,0 days 00:01:04.559000,,,,,
16,C LECLERC,LEC,leclerc,Ferrari,DC0004,ferrari,Charles,Leclerc,Charles Leclerc,https://www.formula1.com/content/dam/fom-website/drivers/C/CHALEC01_Charles_Leclerc/chalec01.png.transform/1col/image.png,,12.0,,,0 days 00:01:04.906000,0 days 00:01:04.600000,,,,,
3,D RICCIARDO,RIC,ricciardo,McLaren,FF9800,mclaren,Daniel,Ricciardo,Daniel Ricciardo,https://www.formula1.com/content/dam/fom-website/drivers/D/DANRIC01_Daniel_Ricciardo/danric01.png.transform/1col/image.png,,13.0,,,0 days 00:01:04.977000,0 days 00:01:04.719000,,,,,
14,F ALONSO,ALO,alonso,Alpine,0090FF,alpine,Fernando,Alonso,Fernando Alonso,https://www.formula1.com/content/dam/fom-website/drivers/F/FERALO01_Fernando_Alonso/feralo01.png.transform/1col/image.png,,14.0,,,0 days 00:01:04.472000,0 days 00:01:04.856000,,,,,
99,A GIOVINAZZI,GIO,giovinazzi,Alfa Romeo Racing,900000,alfa,Antonio,Giovinazzi,Antonio Giovinazzi,https://www.formula1.com/content/dam/fom-website/drivers/A/ANTGIO01_Antonio_Giovinazzi/antgio01.png.transform/1col/image.png,,15.0,,,0 days 00:01:04.782000,0 days 00:01:05.083000,,,,,
7,K RAIKKONEN,RAI,raikkonen,Alfa Romeo Racing,900000,alfa,Kimi,Räikkönen,Kimi Räikkönen,https://www.formula1.com/content/dam/fom-website/drivers/K/KIMRAI01_Kimi_R%C3%A4ikk%C3%B6nen/kimrai01.png.transform/1col/image.png,,16.0,,,0 days 00:01:05.009000,,,,,,
31,E OCON,OCO,ocon,Alpine,0090FF,alpine,Esteban,Ocon,Esteban Ocon,https://www.formula1.com/content/dam/fom-website/drivers/E/ESTOCO01_Esteban_Ocon/estoco01.png.transform/1col/image.png,,17.0,,,0 days 00:01:05.051000,,,,,,
6,N LATIFI,LAT,latifi,Williams,005AFF,williams,Nicholas,Latifi,Nicholas Latifi,https://www.formula1.com/content/dam/fom-website/drivers/N/NICLAF01_Nicholas_Latifi/niclaf01.png.transform/1col/image.png,,18.0,,,0 days 00:01:05.195000,,,,,,
47,M SCHUMACHER,MSC,mick_schumacher,Haas F1 Team,FFFFFF,haas,Mick,Schumacher,Mick Schumacher,https://www.formula1.com/content/dam/fom-website/drivers/M/MICSCH02_Mick_Schumacher/micsch02.png.transform/1col/image.png,,19.0,,,0 days 00:01:05.427000,,,,,,
9,N MAZEPIN,MAZ,mazepin,Haas F1 Team,FFFFFF,haas,Nikita,Mazepin,Nikita Mazepin,https://www.formula1.com/content/dam/fom-website/drivers/N/NIKMAZ01_Nikita_Mazepin/nikmaz01.png.transform/1col/image.png,,20.0,,,0 days 00:01:05.951000,,,,,,
33,M VERSTAPPEN,VER,max_verstappen,Red Bull Racing,0600EF,red_bull,Max,Verstappen,Max Verstappen,https://www.formula1.com/content/dam/fom-website/drivers/M/MAXVER01_Max_Verstappen/maxver01.png.transform/1col/image.png,,1.0,1,1.0,,,,0 days 01:23:54.543000,Finished,26.0,71.0
77,V BOTTAS,BOT,bottas,Mercedes,00D2BE,mercedes,Valtteri,Bottas,Valtteri Bottas,https://www.formula1.com/content/dam/fom-website/drivers/V/VALBOT01_Valtteri_Bottas/valbot01.png.transform/1col/image.png,,2.0,2,5.0,,,,0 days 00:00:17.973000,Finished,18.0,71.0
4,L NORRIS,NOR,norris,McLaren,FF9800,mclaren,Lando,Norris,Lando Norris,https://www.formula1.com/content/dam/fom-website/drivers/L/LANNOR01_Lando_Norris/lannor01.png.transform/1col/image.png,,3.0,3,2.0,,,,0 days 00:00:20.019000,Finished,15.0,71.0
44,L HAMILTON,HAM,hamilton,Mercedes,00D2BE,mercedes,Lewis,Hamilton,Lewis Hamilton,https://www.formula1.com/content/dam/fom-website/drivers/L/LEWHAM01_Lewis_Hamilton/lewham01.png.transform/1col/image.png,,4.0,4,4.0,,,,0 days 00:00:46.452000,Finished,12.0,71.0
55,C SAINZ,SAI,sainz,Ferrari,DC0004,ferrari,Carlos,Sainz,Carlos Sainz,https://www.formula1.com/content/dam/fom-website/drivers/C/CARSAI01_Carlos_Sainz/carsai01.png.transform/1col/image.png,,5.0,5,10.0,,,,0 days 00:00:57.144000,Finished,10.0,71.0
11,S PEREZ,PER,perez,Red Bull Racing,0600EF,red_bull,Sergio,Perez,Sergio Perez,https://www.formula1.com/content/dam/fom-website/drivers/S/SERPER01_Sergio_Perez/serper01.png.transform/1col/image.png,,6.0,6,3.0,,,,0 days 00:00:57.915000,Finished,8.0,71.0
3,D RICCIARDO,RIC,ricciardo,McLaren,FF9800,mclaren,Daniel,Ricciardo,Daniel Ricciardo,https://www.formula1.com/content/dam/fom-website/drivers/D/DANRIC01_Daniel_Ricciardo/danric01.png.transform/1col/image.png,,7.0,7,13.0,,,,0 days 00:01:00.395000,Finished,6.0,71.0
16,C LECLERC,LEC,leclerc,Ferrari,DC0004,ferrari,Charles,Leclerc,Charles Leclerc,https://www.formula1.com/content/dam/fom-website/drivers/C/CHALEC01_Charles_Leclerc/chalec01.png.transform/1col/image.png,,8.0,8,12.0,,,,0 days 00:01:01.195000,Finished,4.0,71.0
10,P GASLY,GAS,gasly,AlphaTauri,2B4562,alphatauri,Pierre,Gasly,Pierre Gasly,https://www.formula1.com/content/dam/fom-website/drivers/P/PIEGAS01_Pierre_Gasly/piegas01.png.transform/1col/image.png,,9.0,9,6.0,,,,0 days 00:01:01.844000,Finished,2.0,71.0
14,F ALONSO,ALO,alonso,Alpine,0090FF,alpine,Fernando,Alonso,Fernando Alonso,https://www.formula1.com/content/dam/fom-website/drivers/F/FERALO01_Fernando_Alonso/feralo01.png.transform/1col/image.png,,10.0,10,14.0,,,,,+1 Lap,1.0,70.0
63,G RUSSELL,RUS,russell,Williams,005AFF,williams,George,Russell,George Russell,https://www.formula1.com/content/dam/fom-website/drivers/G/GEORUS01_George_Russell/georus01.png.transform/1col/image.png,,11.0,11,8.0,,,,,+1 Lap,0.0,70.0
22,Y TSUNODA,TSU,tsunoda,AlphaTauri,2B4562,alphatauri,Yuki,Tsunoda,Yuki Tsunoda,https://www.formula1.com/content/dam/fom-website/drivers/Y/YUKTSU01_Yuki_Tsunoda/yuktsu01.png.transform/1col/image.png,,12.0,12,7.0,,,,,+1 Lap,0.0,70.0
18,L STROLL,STR,stroll,Aston Martin,006F62,aston_martin,Lance,Stroll,Lance Stroll,https://www.formula1.com/content/dam/fom-website/drivers/L/LANSTR01_Lance_Stroll/lanstr01.png.transform/1col/image.png,,13.0,13,9.0,,,,,+1 Lap,0.0,70.0
99,A GIOVINAZZI,GIO,giovinazzi,Alfa Romeo Racing,900000,alfa,Antonio,Giovinazzi,Antonio Giovinazzi,https://www.formula1.com/content/dam/fom-website/drivers/A/ANTGIO01_Antonio_Giovinazzi/antgio01.png.transform/1col/image.png,,14.0,14,15.0,,,,,+1 Lap,0.0,70.0
7,K RAIKKONEN,RAI,raikkonen,Alfa Romeo Racing,900000,alfa,Kimi,Räikkönen,Kimi Räikkönen,https://www.formula1.com/content/dam/fom-website/drivers/K/KIMRAI01_Kimi_R%C3%A4ikk%C3%B6nen/kimrai01.png.transform/1col/image.png,,15.0,15,16.0,,,,,+1 Lap,0.0,70.0
6,N LATIFI,LAT,latifi,Williams,005AFF,williams,Nicholas,Latifi,Nicholas Latifi,https://www.formula1.com/content/dam/fom-website/drivers/N/NICLAF01_Nicholas_Latifi/niclaf01.png.transform/1col/image.png,,16.0,16,18.0,,,,,+1 Lap,0.0,70.0
5,S VETTEL,VET,vettel,Aston Martin,006F62,aston_martin,Sebastian,Vettel,Sebastian Vettel,https://www.formula1.com/content/dam/fom-website/drivers/S/SEBVET01_Sebastian_Vettel/sebvet01.png.transform/1col/image.png,,17.0,17,11.0,,,,,Collision,0.0,69.0
47,M SCHUMACHER,MSC,mick_schumacher,Haas F1 Team,FFFFFF,haas,Mick,Schumacher,Mick Schumacher,https://www.formula1.com/content/dam/fom-website/drivers/M/MICSCH02_Mick_Schumacher/micsch02.png.transform/1col/image.png,,18.0,18,19.0,,,,,+2 Laps,0.0,69.0
9,N MAZEPIN,MAZ,mazepin,Haas F1 Team,FFFFFF,haas,Nikita,Mazepin,Nikita Mazepin,https://www.formula1.com/content/dam/fom-website/drivers/N/NIKMAZ01_Nikita_Mazepin/nikmaz01.png.transform/1col/image.png,,19.0,19,20.0,,,,,+2 Laps,0.0,69.0
31,E OCON,OCO,ocon,Alpine,0090FF,alpine,Esteban,Ocon,Esteban Ocon,https://www.formula1.com/content/dam/fom-website/drivers/E/ESTOCO01_Esteban_Ocon/estoco01.png.transform/1col/image.png,,20.0,R,17.0,,,,,Collision,0.0,0.0
44,L HAMILTON,HAM,hamilton,Mercedes,00D2BE,mercedes,Lewis,Hamilton,Lewis Hamilton,https://www.formula1.com/content/dam/fom-website/drivers/L/LEWHAM01_Lewis_Hamilton/lewham01.png.transform/1col/image.png,,1.0,,,0 days 00:01:26.786000,0 days 00:01:26.023000,0 days 00:01:26.134000,,,,
33,M VERSTAPPEN,VER,max_verstappen,Red Bull Racing,0600EF,red_bull,Max,Verstappen,Max Verstappen,https://www.formula1.com/content/dam/fom-website/drivers/M/MAXVER01_Max_Verstappen/maxver01.png.transform/1col/image.png,,2.0,,,0 days 00:01:26.751000,0 days 00:01:26.315000,0 days 00:01:26.209000,,,,
77,V BOTTAS,BOT,bottas,Mercedes,00D2BE,mercedes,Valtteri,Bottas,Valtteri Bottas,https://www.formula1.com/content/dam/fom-website/drivers/V/VALBOT01_Valtteri_Bottas/valbot01.png.transform/1col/image.png,,3.0,,,0 days 00:01:27.487000,0 days 00:01:26.764000,0 days 00:01:26.328000,,,,
16,C LECLERC,LEC,leclerc,Ferrari,DC0004,ferrari,Charles,Leclerc,Charles Leclerc,https://www.formula1.com/content/dam/fom-website/drivers/C/CHALEC01_Charles_Leclerc/chalec01.png.transform/1col/image.png,,4.0,,,0 days 00:01:27.051000,0 days 00:01:26.919000,0 days 00:01:26.828000,,,,
11,S PEREZ,PER,perez,Red Bull Racing,0600EF,red_bull,Sergio,Perez,Sergio Perez,https://www.formula1.com/content/dam/fom-website/drivers/S/SERPER01_Sergio_Perez/serper01.png.transform/1col/image.png,,5.0,,,0 days 00:01:27.121000,0 days 00:01:27.073000,0 days 00:01:26.844000,,,,
4,L NORRIS,NOR,norris,McLaren,FF9800,mclaren,Lando,Norris,Lando Norris,https://www.formula1.com/content/dam/fom-website/drivers/L/LANNOR01_Lando_Norris/lannor01.png.transform/1col/image.png,,6.0,,,0 days 00:01:27.444000,0 days 00:01:27.220000,0 days 00:01:26.897000,,,,
3,D RICCIARDO,RIC,ricciardo,McLaren,FF9800,mclaren,Daniel,Ricciardo,Daniel Ricciardo,https://www.formula1.com/content/dam/fom-website/drivers/D/DANRIC01_Daniel_Ricciardo/danric01.png.transform/1col/image.png,,7.0,,,0 days 00:01:27.323000,0 days 00:01:27.125000,0 days 00:01:26.899000,,,,
63,G RUSSELL,RUS,russell,Williams,005AFF,williams,George,Russell,George Russell,https://www.formula1.com/content/dam/fom-website/drivers/G/GEORUS01_George_Russell/georus01.png.transform/1col/image.png,,8.0,,,0 days 00:01:27.671000,0 days 00:01:27.080000,0 days 00:01:26.971000,,,,
55,C SAINZ,SAI,sainz,Ferrari,DC0004,ferrari,Carlos,Sainz,Carlos Sainz,https://www.formula1.com/content/dam/fom-website/drivers/C/CARSAI01_Carlos_Sainz/carsai01.png.transform/1col/image.png,,9.0,,,0 days 00:01:27.337000,0 days 00:01:26.848000,0 days 00:01:27.007000,,,,
5,S VETTEL,VET,vettel,Aston Martin,006F62,aston_martin,Sebastian,Vettel,Sebastian Vettel,https://www.formula1.com/content/dam/fom-website/drivers/S/SEBVET01_Sebastian_Vettel/sebvet01.png.transform/1col/image.png,,10.0,,,0 days 00:01:27.493000,0 days 00:01:27.103000,0 days 00:01:27.179000,,,,
14,F ALONSO,ALO,alonso,Alpine,0090FF,alpine,Fernando,Alonso,Fernando Alonso,https://www.formula1.com/content/dam/fom-website/drivers/F/FERALO01_Fernando_Alonso/feralo01.png.transform/1col/image.png,,11.0,,,0 days 00:01:27.580000,0 days 00:01:27.245000,,,,,
10,P GASLY,GAS,gasly,AlphaTauri,2B4562,alphatauri,Pierre,Gasly,Pierre Gasly,https://www.formula1.com/content/dam/fom-website/drivers/P/PIEGAS01_Pierre_Gasly/piegas01.png.transform/1col/image.png,,12.0,,,0 days 00:01:27.600000,0 days 00:01:27.273000,,,,,
31,E OCON,OCO,ocon,Alpine,0090FF,alpine,Esteban,Ocon,Esteban Ocon,https://www.formula1.com/content/dam/fom-website/drivers/E/ESTOCO01_Esteban_Ocon/estoco01.png.transform/1col/image.png,,13.0,,,0 days 00:01:27.415000,0 days 00:01:27.340000,,,,,
99,A GIOVINAZZI,GIO,giovinazzi,Alfa Romeo Racing,900000,alfa,Antonio,Giovinazzi,Antonio Giovinazzi,https://www.formula1.com/content/dam/fom-website/drivers/A/ANTGIO01_Antonio_Giovinazzi/antgio01.png.transform/1col/image.png,,14.0,,,0 days 00:01:27.595000,0 days 00:01:27.617000,,,,,
18,L STROLL,STR,stroll,Aston Martin,006F62,aston_martin,Lance,Stroll,Lance Stroll,https://www.formula1.com/content/dam/fom-website/drivers/L/LANSTR01_Lance_Stroll/lanstr01.png.transform/1col/image.png,,15.0,,,0 days 00:01:28.017000,0 days 00:01:27.665000,,,,,
22,Y TSUNODA,TSU,tsunoda,AlphaTauri,2B4562,alphatauri,Yuki,Tsunoda,Yuki Tsunoda,https://www.formula1.com/content/dam/fom-website/drivers/Y/YUKTSU01_Yuki_Tsunoda/yuktsu01.png.transform/1col/image.png,,16.0,,,0 days 00:01:28.043000,,,,,,
7,K RAIKKONEN,RAI,raikkonen,Alfa Romeo Racing,900000,alfa,Kimi,Räikkönen,Kimi Räikkönen,https://www.formula1.com/content/dam/fom-website/drivers/K/KIMRAI01_Kimi_R%C3%A4ikk%C3%B6nen/kimrai01.png.transform/1col/image.png,,17.0,,,0 days 00:01:28.062000,,,,,,
6,N LATIFI,LAT,latifi,Williams,005AFF,williams,Nicholas,Latifi,Nicholas Latifi,https://www.formula1.com/content/dam/fom-website/drivers/N/NICLAF01_Nicholas_Latifi/niclaf01.png.transform/1col/image.png,,18.0,,,0 days 00:01:28.254000,,,,,,
47,M SCHUMACHER,MSC,mick_schumacher,Haas F1 Team,FFFFFF,haas,Mick,Schumacher,Mick Schumacher,https://www.formula1.com/content/dam/fom-website/drivers/M/MICSCH02_Mick_Schumacher/micsch02.png.transform/1col/image.png,,19.0,,,0 days 00:01:28.738000,,,,,,
9,N MAZEPIN,MAZ,mazepin,Haas F1 Team,FFFFFF,haas,Nikita,Mazepin,Nikita Mazepin,https://www.formula1.com/content/dam/fom-website/drivers/N/NIKMAZ01_Nikita_Mazepin/nikmaz01.png.transform/1col/image.png,,20.0,,,0 days 00:01:29.051000,,,,,,
44,L HAMILTON,HAM,hamilton,Mercedes,00D2BE,mercedes,Lewis,Hamilton,Lewis Hamilton,https://www.formula1.com/content/dam/fom-website/drivers/L/LEWHAM01_Lewis_Hamilton/lewham01.png.transform/1col/image.png,,1.0,1,2.0,,,,0 days 01:58:23.284000,Finished,25.0,52.0
16,C LECLERC,LEC,leclerc,Ferrari,DC0004,ferrari,Charles,Leclerc,Charles Leclerc,https://www.formula1.com/content/dam/fom-website/drivers/C/CHALEC01_Charles_Leclerc/chalec01.png.transform/1col/image.png,,2.0,2,4.0,,,,0 days 00:00:03.871000,Finished,18.0,52.0
77,V BOTTAS,BOT,bottas,Mercedes,00D2BE,mercedes,Valtteri,Bottas,Valtteri Bottas,https://www.formula1.com/content/dam/fom-website/drivers/V/VALBOT01_Valtteri_Bottas/valbot01.png.transform/1col/image.png,,3.0,3,3.0,,,,0 days 00:00:11.125000,Finished,15.0,52.0
4,L NORRIS,NOR,norris,McLaren,FF9800,mclaren,Lando,Norris,Lando Norris,https://www.formula1.com/content/dam/fom-website/drivers/L/LANNOR01_Lando_Norris/lannor01.png.transform/1col/image.png,,4.0,4,5.0,,,,0 days 00:00:28.573000,Finished,12.0,52.0
3,D RICCIARDO,RIC,ricciardo,McLaren,FF9800,mclaren,Daniel,Ricciardo,Daniel Ricciardo,https://www.formula1.com/content/dam/fom-website/drivers/D/DANRIC01_Daniel_Ricciardo/danric01.png.transform/1col/image.png,,5.0,5,6.0,,,,0 days 00:00:42.624000,Finished,10.0,52.0
55,C SAINZ,SAI,sainz,Ferrari,DC0004,ferrari,Carlos,Sainz,Carlos Sainz,https://www.formula1.com/content/dam/fom-website/drivers/C/CARSAI01_Carlos_Sainz/carsai01.png.transform/1col/image.png,,6.0,6,10.0,,,,0 days 00:00:43.454000,Finished,8.0,52.0
14,F ALONSO,ALO,alonso,Alpine,0090FF,alpine,Fernando,Alonso,Fernando Alonso,https://www.formula1.com/content/dam/fom-website/drivers/F/FERALO01_Fernando_Alonso/feralo01.png.transform/1col/image.png,,7.0,7,7.0,,,,0 days 00:01:12.093000,Finished,6.0,52.0
18,L STROLL,STR,stroll,Aston Martin,006F62,aston_martin,Lance,Stroll,Lance Stroll,https://www.formula1.com/content/dam/fom-website/drivers/L/LANSTR01_Lance_Stroll/lanstr01.png.transform/1col/image.png,,8.0,8,14.0,,,,0 days 00:01:14.289000,Finished,4.0,52.0
31,E OCON,OCO,ocon,Alpine,0090FF,alpine,Esteban,Ocon,Esteban Ocon,https://www.formula1.com/content/dam/fom-website/drivers/E/ESTOCO01_Esteban_Ocon/estoco01.png.transform/1col/image.png,,9.0,9,9.0,,,,0 days 00:01:16.162000,Finished,2.0,52.0
22,Y TSUNODA,TSU,tsunoda,AlphaTauri,2B4562,alphatauri,Yuki,Tsunoda,Yuki Tsunoda,https://www.formula1.com/content/dam/fom-website/drivers/Y/YUKTSU01_Yuki_Tsunoda/yuktsu01.png.transform/1col/image.png,,10.0,10,16.0,,,,0 days 00:01:22.065000,Finished,1.0,52.0
10,P GASLY,GAS,gasly,AlphaTauri,2B4562,alphatauri,Pierre,Gasly,Pierre Gasly,https://www.formula1.com/content/dam/fom-website/drivers/P/PIEGAS01_Pierre_Gasly/piegas01.png.transform/1col/image.png,,11.0,11,11.0,,,,0 days 00:01:25.327000,Finished,0.0,52.0
63,G RUSSELL,RUS,russell,Williams,005AFF,williams,George,Russell,George Russell,https://www.formula1.com/content/dam/fom-website/drivers/G/GEORUS01_George_Russell/georus01.png.transform/1col/image.png,,12.0,12,12.0,,,,,+1 Lap,0.0,51.0
99,A GIOVINAZZI,GIO,giovinazzi,Alfa Romeo Racing,900000,alfa,Antonio,Giovinazzi,Antonio Giovinazzi,https://www.formula1.com/content/dam/fom-website/drivers/A/ANTGIO01_Antonio_Giovinazzi/antgio01.png.transform/1col/image.png,,13.0,13,15.0,,,,,+1 Lap,0.0,51.0
6,N LATIFI,LAT,latifi,Williams,005AFF,williams,Nicholas,Latifi,Nicholas Latifi,https://www.formula1.com/content/dam/fom-website/drivers/N/NICLAF01_Nicholas_Latifi/niclaf01.png.transform/1col/image.png,,14.0,14,17.0,,,,,+1 Lap,0.0,51.0
7,K RAIKKONEN,RAI,raikkonen,Alfa Romeo Racing,900000,alfa,Kimi,Räikkönen,Kimi Räikkönen,https://www.formula1.com/content/dam/fom-website/drivers/K/KIMRAI01_Kimi_R%C3%A4ikk%C3%B6nen/kimrai01.png.transform/1col/image.png,,15.0,15,13.0,,,,,+1 Lap,0.0,51.0
11,S PEREZ,PER,perez,Red Bull Racing,0600EF,red_bull,Sergio,Perez,Sergio Perez,https://www.formula1.com/content/dam/fom-website/drivers/S/SERPER01_Sergio_Perez/serper01.png.transform/1col/image.png,,16.0,16,0.0,,,,,+1 Lap,0.0,51.0
9,N MAZEPIN,MAZ,mazepin,Haas F1 Team,FFFFFF,haas,Nikita,Mazepin,Nikita Mazepin,https://www.formula1.com/content/dam/fom-website/drivers/N/NIKMAZ01_Nikita_Mazepin/nikmaz01.png.transform/1col/image.png,,17.0,17,19.0,,,,,+1 Lap,0.0,51.0
47,M SCHUMACHER,MSC,mick_schumacher,Haas F1 Team,FFFFFF,haas,Mick,Schumacher,Mick Schumacher,https://www.formula1.com/content/dam/fom-website/drivers/M/MICSCH02_Mick_Schumacher/micsch02.png.transform/1col/image.png,,18.0,18,18.0,,,,,+1 Lap,0.0,51.0
5,S VETTEL,VET,vettel,Aston Martin,006F62,aston_martin,Sebastian,Vettel,Sebastian Vettel,https://www.formula1.com/content/dam/fom-website/drivers/S/SEBVET01_Sebastian_Vettel/sebvet01.png.transform/1col/image.png,,19.0,R,8.0,,,,,Retired,0.0,40.0
33,M VERSTAPPEN,VER,max_verstappen,Red Bull Racing,0600EF,red_bull,Max,Verstappen,Max Verstappen,https://www.formula1.com/content/dam/fom-website/drivers/M/MAXVER01_Max_Verstappen/maxver01.png.transform/1col/image.png,,20.0,R,1.0,,,,,Collision,0.0,0.0
44,L HAMILTON,HAM,hamilton,Mercedes,00D2BE,mercedes,Lewis,Hamilton,Lewis Hamilton,https://www.formula1.com/content/dam/fom-website/drivers/L/LEWHAM01_Lewis_Hamilton/lewham01.png.transform/1col/image.png,,1.0,,,0 days 00:01:16.424000,0 days 00:01:16.553000,0 days 00:01:15.419000,,,,
77,V BOTTAS,BOT,bottas,Mercedes,00D2BE,mercedes,Valtteri,Bottas,Valtteri Bottas,https://www.formula1.com/content/dam/fom-website/drivers/V/VALBOT01_Valtteri_Bottas/valbot01.png.transform/1col/image.png,,2.0,,,0 days 00:01:16.569000,0 days 00:01:16.702000,0 days 00:01:15.734000,,,,
33,M VERSTAPPEN,VER,max_verstappen,Red Bull Racing,0600EF,red_bull,Max,Verstappen,Max Verstappen,https://www.formula1.com/content/dam/fom-website/drivers/M/MAXVER01_Max_Verstappen/maxver01.png.transform/1col/image.png,,3.0,,,0 days 00:01:16.214000,0 days 00:01:15.650000,0 days 00:01:15.840000,,,,
11,S PEREZ,PER,perez,Red Bull Racing,0600EF,red_bull,Sergio,Perez,Sergio Perez,https://www.formula1.com/content/dam/fom-website/drivers/S/SERPER01_Sergio_Perez/serper01.png.transform/1col/image.png,,4.0,,,0 days 00:01:17.233000,0 days 00:01:16.443000,0 days 00:01:16.421000,,,,
10,P GASLY,GAS,gasly,AlphaTauri,2B4562,alphatauri,Pierre,Gasly,Pierre Gasly,https://www.formula1.com/content/dam/fom-website/drivers/P/PIEGAS01_Pierre_Gasly/piegas01.png.transform/1col/image.png,,5.0,,,0 days 00:01:16.874000,0 days 00:01:16.394000,0 days 00:01:16.483000,,,,
4,L NORRIS,NOR,norris,McLaren,FF9800,mclaren,Lando,Norris,Lando Norris,https://www.formula1.com/content/dam/fom-website/drivers/L/LANNOR01_Lando_Norris/lannor01.png.transform/1col/image.png,,6.0,,,0 days 00:01:17.081000,0 days 00:01:16.385000,0 days 00:01:16.489000,,,,
16,C LECLERC,LEC,leclerc,Ferrari,DC0004,ferrari,Charles,Leclerc,Charles Leclerc,https://www.formula1.com/content/dam/fom-website/drivers/C/CHALEC01_Charles_Leclerc/chalec01.png.transform/1col/image.png,,7.0,,,0 days 00:01:17.084000,0 days 00:01:16.574000,0 days 00:01:16.496000,,,,
31,E OCON,OCO,ocon,Alpine,0090FF,alpine,Esteban,Ocon,Esteban Ocon,https://www.formula1.com/content/dam/fom-website/drivers/E/ESTOCO01_Esteban_Ocon/estoco01.png.transform/1col/image.png,,8.0,,,0 days 00:01:17.367000,0 days 00:01:16.766000,0 days 00:01:16.653000,,,,
14,F ALONSO,ALO,alonso,Alpine,0090FF,alpine,Fernando,Alonso,Fernando Alonso,https://www.formula1.com/content/dam/fom-website/drivers/F/FERALO01_Fernando_Alonso/feralo01.png.transform/1col/image.png,,9.0,,,0 days 00:01:17.123000,0 days 00:01:16.541000,0 days 00:01:16.715000,,,,
5,S VETTEL,VET,vettel,Aston Martin,006F62,aston_martin,Sebastian,Vettel,Sebastian Vettel,https://www.formula1.com/content/dam/fom-website/drivers/S/SEBVET01_Sebastian_Vettel/sebvet01.png.transform/1col/image.png,,10.0,,,0 days 00:01:17.105000,0 days 00:01:16.794000,0 days 00:01:16.750000,,,,
3,D RICCIARDO,RIC,ricciardo,McLaren,FF9800,mclaren,Daniel,Ricciardo,Daniel Ricciardo,https://www.formula1.com/content/dam/fom-website/drivers/D/DANRIC01_Daniel_Ricciardo/danric01.png.transform/1col/image.png,,11.0,,,0 days 00:01:17.664000,0 days 00:01:16.871000,,,,,
18,L STROLL,STR,stroll,Aston Martin,006F62,aston_martin,Lance,Stroll,Lance Stroll,https://www.formula1.com/content/dam/fom-website/drivers/L/LANSTR01_Lance_Stroll/lanstr01.png.transform/1col/image.png,,12.0,,,0 days 00:01:17.038000,0 days 00:01:16.893000,,,,,
7,K RAIKKONEN,RAI,raikkonen,Alfa Romeo Racing,900000,alfa,Kimi,Räikkönen,Kimi Räikkönen,https://www.formula1.com/content/dam/fom-website/drivers/K/KIMRAI01_Kimi_R%C3%A4ikk%C3%B6nen/kimrai01.png.transform/1col/image.png,,13.0,,,0 days 00:01:17.553000,0 days 00:01:17.564000,,,,,
99,A GIOVINAZZI,GIO,giovinazzi,Alfa Romeo Racing,900000,alfa,Antonio,Giovinazzi,Antonio Giovinazzi,https://www.formula1.com/content/dam/fom-website/drivers/A/ANTGIO01_Antonio_Giovinazzi/antgio01.png.transform/1col/image.png,,14.0,,,0 days 00:01:17.776000,0 days 00:01:17.583000,,,,,
55,C SAINZ,SAI,sainz,Ferrari,DC0004,ferrari,Carlos,Sainz,Carlos Sainz,https://www.formula1.com/content/dam/fom-website/drivers/C/CARSAI01_Carlos_Sainz/carsai01.png.transform/1col/image.png,,15.0,,,0 days 00:01:16.649000,,,,,,
22,Y TSUNODA,TSU,tsunoda,AlphaTauri,2B4562,alphatauri,Yuki,Tsunoda,Yuki Tsunoda,https://www.formula1.com/content/dam/fom-website/drivers/Y/YUKTSU01_Yuki_Tsunoda/yuktsu01.png.transform/1col/image.png,,16.0,,,0 days 00:01:17.919000,,,,,,
63,G RUSSELL,RUS,russell,Williams,005AFF,williams,George,Russell,George Russell,https://www.formula1.com/content/dam/fom-website/drivers/G/GEORUS01_George_Russell/georus01.png.transform/1col/image.png,,17.0,,,0 days 00:01:17.944000,,,,,,
6,N LATIFI,LAT,latifi,Williams,005AFF,williams,Nicholas,Latifi,Nicholas Latifi,https://www.formula1.com/content/dam/fom-website/drivers/N/NICLAF01_Nicholas_Latifi/niclaf01.png.transform/1col/image.png,,18.0,,,0 days 00:01:18.036000,,,,,,
9,N MAZEPIN,MAZ,mazepin,Haas F1 Team,FFFFFF,haas,Nikita,Mazepin,Nikita Mazepin,https://www.formula1.com/content/dam/fom-website/drivers/N/NIKMAZ01_Nikita_Mazepin/nikmaz01.png.transform/1col/image.png,,19.0,,,0 days 00:01:18.922000,,,,,,
47,M SCHUMACHER,MSC,mick_schumacher,Haas F1 Team,FFFFFF,haas,Mick,Schumacher,Mick Schumacher,https://www.formula1.com/content/dam/fom-website/drivers/M/MICSCH02_Mick_Schumacher/micsch02.png.transform/1col/image.png,,20.0,,,,,,,,,
31,E OCON,OCO,ocon,Alpine,0090FF,alpine,Esteban,Ocon,Esteban Ocon,https://www.formula1.com/content/dam/fom-website/drivers/E/ESTOCO01_Esteban_Ocon/estoco01.png.transform/1col/image.png,,1.0,1,8.0,,,,0 days 02:04:43.199000,Finished,25.0,70.0
44,L HAMILTON,HAM,hamilton,Mercedes,00D2BE,mercedes,Lewis,Hamilton,Lewis Hamilton,https://www.formula1.com/content/dam/fom-website/drivers/L/LEWHAM01_Lewis_Hamilton/lewham01.png.transform/1col/image.png,,2.0,2,1.0,,,,0 days 00:00:02.736000,Finished,18.0,70.0
55,C SAINZ,SAI,sainz,Ferrari,DC0004,ferrari,Carlos,Sainz,Carlos Sainz,https://www.formula1.com/content/dam/fom-website/drivers/C/CARSAI01_Carlos_Sainz/carsai01.png.transform/1col/image.png,,3.0,3,15.0,,,,0 days 00:00:15.018000,Finished,15.0,70.0
14,F ALONSO,ALO,alonso,Alpine,0090FF,alpine,Fernando,Alonso,Fernando Alonso,https://www.formula1.com/content/dam/fom-website/drivers/F/FERALO01_Fernando_Alonso/feralo01.png.transform/1col/image.png,,4.0,4,9.0,,,,0 days 00:00:15.651000,Finished,12.0,70.0
10,P GASLY,GAS,gasly,AlphaTauri,2B4562,alphatauri,Pierre,Gasly,Pierre Gasly,https://www.formula1.com/content/dam/fom-website/drivers/P/PIEGAS01_Pierre_Gasly/piegas01.png.transform/1col/image.png,,5.0,5,5.0,,,,0 days 00:01:03.614000,Finished,11.0,70.0
22,Y TSUNODA,TSU,tsunoda,AlphaTauri,2B4562,alphatauri,Yuki,Tsunoda,Yuki Tsunoda,https://www.formula1.com/content/dam/fom-website/drivers/Y/YUKTSU01_Yuki_Tsunoda/yuktsu01.png.transform/1col/image.png,,6.0,6,16.0,,,,0 days 00:01:15.803000,Finished,8.0,70.0
6,N LATIFI,LAT,latifi,Williams,005AFF,williams,Nicholas,Latifi,Nicholas Latifi,https://www.formula1.com/content/dam/fom-website/drivers/N/NICLAF01_Nicholas_Latifi/niclaf01.png.transform/1col/image.png,,7.0,7,18.0,,,,0 days 00:01:17.910000,Finished,6.0,70.0
63,G RUSSELL,RUS,russell,Williams,005AFF,williams,George,Russell,George Russell,https://www.formula1.com/content/dam/fom-website/drivers/G/GEORUS01_George_Russell/georus01.png.transform/1col/image.png,,8.0,8,17.0,,,,0 days 00:01:19.094000,Finished,4.0,70.0
33,M VERSTAPPEN,VER,max_verstappen,Red Bull Racing,0600EF,red_bull,Max,Verstappen,Max Verstappen,https://www.formula1.com/content/dam/fom-website/drivers/M/MAXVER01_Max_Verstappen/maxver01.png.transform/1col/image.png,,9.0,9,3.0,,,,0 days 00:01:20.244000,Finished,2.0,70.0
7,K RAIKKONEN,RAI,raikkonen,Alfa Romeo Racing,900000,alfa,Kimi,Räikkönen,Kimi Räikkönen,https://www.formula1.com/content/dam/fom-website/drivers/K/KIMRAI01_Kimi_R%C3%A4ikk%C3%B6nen/kimrai01.png.transform/1col/image.png,,10.0,10,13.0,,,,,+1 Lap,1.0,69.0
3,D RICCIARDO,RIC,ricciardo,McLaren,FF9800,mclaren,Daniel,Ricciardo,Daniel Ricciardo,https://www.formula1.com/content/dam/fom-website/drivers/D/DANRIC01_Daniel_Ricciardo/danric01.png.transform/1col/image.png,,11.0,11,11.0,,,,,+1 Lap,0.0,69.0
47,M SCHUMACHER,MSC,mick_schumacher,Haas F1 Team,FFFFFF,haas,Mick,Schumacher,Mick Schumacher,https://www.formula1.com/content/dam/fom-website/drivers/M/MICSCH02_Mick_Schumacher/micsch02.png.transform/1col/image.png,,12.0,12,20.0,,,,,+1 Lap,0.0,69.0
99,A GIOVINAZZI,GIO,giovinazzi,Alfa Romeo Racing,900000,alfa,Antonio,Giovinazzi,Antonio Giovinazzi,https://www.formula1.com/content/dam/fom-website/drivers/A/ANTGIO01_Antonio_Giovinazzi/antgio01.png.transform/1col/image.png,,13.0,13,0.0,,,,,+1 Lap,0.0,69.0
9,N MAZEPIN,MAZ,mazepin,Haas F1 Team,FFFFFF,haas,Nikita,Mazepin,Nikita Mazepin,https://www.formula1.com/content/dam/fom-website/drivers/N/NIKMAZ01_Nikita_Mazepin/nikmaz01.png.transform/1col/image.png,,14.0,R,19.0,,,,,Collision,0.0,3.0
4,L NORRIS,NOR,norris,McLaren,FF9800,mclaren,Lando,Norris,Lando Norris,https://www.formula1.com/content/dam/fom-website/drivers/L/LANNOR01_Lando_Norris/lannor01.png.transform/1col/image.png,,15.0,R,6.0,,,,,Collision,0.0,2.0
77,V BOTTAS,BOT,bottas,Mercedes,00D2BE,mercedes,Valtteri,Bottas,Valtteri Bottas,https://www.formula1.com/content/dam/fom-website/drivers/V/VALBOT01_Valtteri_Bottas/valbot01.png.transform/1col/image.png,,16.0,R,2.0,,,,,Collision,0.0,0.0
11,S PEREZ,PER,perez,Red Bull Racing,0600EF,red_bull,Sergio,Perez,Sergio Perez,https://www.formula1.com/content/dam/fom-website/drivers/S/SERPER01_Sergio_Perez/serper01.png.transform/1col/image.png,,17.0,R,4.0,,,,,Collision,0.0,0.0
16,C LECLERC,LEC,leclerc,Ferrari,DC0004,ferrari,Charles,Leclerc,Charles Leclerc,https://www.formula1.com/content/dam/fom-website/drivers/C/CHALEC01_Charles_Leclerc/chalec01.png.transform/1col/image.png,,18.0,R,7.0,,,,,Collision,0.0,0.0
18,L STROLL,STR,stroll,Aston Martin,006F62,aston_martin,Lance,Stroll,Lance Stroll,https://www.formula1.com/content/dam/fom-website/drivers/L/LANSTR01_Lance_Stroll/lanstr01.png.transform/1col/image.png,,19.0,R,12.0,,,,,Collision,0.0,0.0
5,S VETTEL,VET,vettel,Aston Martin,006F62,aston_martin,Sebastian,Vettel,Sebastian Vettel,https://www.formula1.com/content/dam/fom-website/drivers/S/SEBVET01_Sebastian_Vettel/sebvet01.png.transform/1col/image.png,,20.0,D,10.0,,,,,Disqualified,0.0,70.0
33,M VERSTAPPEN,VER,max_verstappen,Red Bull Racing,0600EF,red_bull,Max,Verstappen,Max Verstappen,https://www.formula1.com/content/dam/fom-website/drivers/M/MAXVER01_Max_Verstappen/maxver01.png.transform/1col/image.png,,1.0,,,0 days 00:01:58.717000,0 days 00:01:56.559000,0 days 00:01:59.765000,,,,
63,G RUSSELL,RUS,russell,Williams,005AFF,williams,George,Russell,George Russell,https://www.formula1.com/content/dam/fom-website/drivers/G/GEORUS01_George_Russell/georus01.png.transform/1col/image.png,,2.0,,,0 days 00:01:59.864000,0 days 00:01:56.950000,0 days 00:02:00.086000,,,,
44,L HAMILTON,HAM,hamilton,Mercedes,00D2BE,mercedes,Lewis,Hamilton,Lewis Hamilton,https://www.formula1.com/content/dam/fom-website/drivers/L/LEWHAM01_Lewis_Hamilton/lewham01.png.transform/1col/image.png,,3.0,,,0 days 00:01:59.218000,0 days 00:01:56.229000,0 days 00:02:00.099000,,,,
3,D RICCIARDO,RIC,ricciardo,McLaren,FF9800,mclaren,Daniel,Ricciardo,Daniel Ricciardo,https://www.formula1.com/content/dam/fom-website/drivers/D/DANRIC01_Daniel_Ricciardo/danric01.png.transform/1col/image.png,,4.0,,,0 days 00:02:01.583000,0 days 00:01:57.127000,0 days 00:02:00.864000,,,,
5,S VETTEL,VET,vettel,Aston Martin,006F62,aston_martin,Sebastian,Vettel,Sebastian Vettel,https://www.formula1.com/content/dam/fom-website/drivers/S/SEBVET01_Sebastian_Vettel/sebvet01.png.transform/1col/image.png,,5.0,,,0 days 00:02:00.175000,0 days 00:01:56.814000,0 days 00:02:00.935000,,,,
10,P GASLY,GAS,gasly,AlphaTauri,2B4562,alphatauri,Pierre,Gasly,Pierre Gasly,https://www.formula1.com/content/dam/fom-website/drivers/P/PIEGAS01_Pierre_Gasly/piegas01.png.transform/1col/image.png,,6.0,,,0 days 00:02:00.387000,0 days 00:01:56.440000,0 days 00:02:01.164000,,,,
11,S PEREZ,PER,perez,Red Bull Racing,0600EF,red_bull,Sergio,Perez,Sergio Perez,https://www.formula1.com/content/dam/fom-website/drivers/S/SERPER01_Sergio_Perez/serper01.png.transform/1col/image.png,,7.0,,,0 days 00:01:59.334000,0 days 00:01:56.886000,0 days 00:02:02.112000,,,,
77,V BOTTAS,BOT,bottas,Mercedes,00D2BE,mercedes,Valtteri,Bottas,Valtteri Bottas,https://www.formula1.com/content/dam/fom-website/drivers/V/VALBOT01_Valtteri_Bottas/valbot01.png.transform/1col/image.png,,8.0,,,0 days 00:01:59.870000,0 days 00:01:56.295000,0 days 00:02:02.502000,,,,
31,E OCON,OCO,ocon,Alpine,0090FF,alpine,Esteban,Ocon,Esteban Ocon,https://www.formula1.com/content/dam/fom-website/drivers/E/ESTOCO01_Esteban_Ocon/estoco01.png.transform/1col/image.png,,9.0,,,0 days 00:02:01.824000,0 days 00:01:57.354000,0 days 00:02:03.513000,,,,
4,L NORRIS,NOR,norris,McLaren,FF9800,mclaren,Lando,Norris,Lando Norris,https://www.formula1.com/content/dam/fom-website/drivers/L/LANNOR01_Lando_Norris/lannor01.png.transform/1col/image.png,,10.0,,,0 days 00:01:58.301000,0 days 00:01:56.025000,,,,,
16,C LECLERC,LEC,leclerc,Ferrari,DC0004,ferrari,Charles,Leclerc,Charles Leclerc,https://www.formula1.com/content/dam/fom-website/drivers/C/CHALEC01_Charles_Leclerc/chalec01.png.transform/1col/image.png,,11.0,,,0 days 00:02:00.728000,0 days 00:01:57.721000,,,,,
6,N LATIFI,LAT,latifi,Williams,005AFF,williams,Nicholas,Latifi,Nicholas Latifi,https://www.formula1.com/content/dam/fom-website/drivers/N/NICLAF01_Nicholas_Latifi/niclaf01.png.transform/1col/image.png,,12.0,,,0 days 00:02:00.966000,0 days 00:01:58.056000,,,,,
55,C SAINZ,SAI,sainz,Ferrari,DC0004,ferrari,Carlos,Sainz,Carlos Sainz,https://www.formula1.com/content/dam/fom-website/drivers/C/CARSAI01_Carlos_Sainz/carsai01.png.transform/1col/image.png,,13.0,,,0 days 00:02:01.184000,0 days 00:01:58.137000,,,,,
14,F ALONSO,ALO,alonso,Alpine,0090FF,alpine,Fernando,Alonso,Fernando Alonso,https://www.formula1.com/content/dam/fom-website/drivers/F/FERALO01_Fernando_Alonso/feralo01.png.transform/1col/image.png,,14.0,,,0 days 00:02:01.653000,0 days 00:01:58.205000,,,,,
18,L STROLL,STR,stroll,Aston Martin,006F62,aston_martin,Lance,Stroll,Lance Stroll,https://www.formula1.com/content/dam/fom-website/drivers/L/LANSTR01_Lance_Stroll/lanstr01.png.transform/1col/image.png,,15.0,,,0 days 00:02:01.597000,0 days 00:01:58.231000,,,,,
99,A GIOVINAZZI,GIO,giovinazzi,Alfa Romeo Racing,900000,alfa,Antonio,Giovinazzi,Antonio Giovinazzi,https://www.formula1.com/content/dam/fom-website/drivers/A/ANTGIO01_Antonio_Giovinazzi/antgio01.png.transform/1col/image.png,,16.0,,,0 days 00:02:02.306000,,,,,,
22,Y TSUNODA,TSU,tsunoda,AlphaTauri,2B4562,alphatauri,Yuki,Tsunoda,Yuki Tsunoda,https://www.formula1.com/content/dam/fom-website/drivers/Y/YUKTSU01_Yuki_Tsunoda/yuktsu01.png.transform/1col/image.png,,17.0,,,0 days 00:02:02.413000,,,,,,
47,M SCHUMACHER,MSC,mick_schumacher,Haas F1 Team,FFFFFF,haas,Mick,Schumacher,Mick Schumacher,https://www.formula1.com/content/dam/fom-website/drivers/M/MICSCH02_Mick_Schumacher/micsch02.png.transform/1col/image.png,,18.0,,,0 days 00:02:03.973000,,,,,,
7,K RAIKKONEN,RAI,raikkonen,Alfa Romeo Racing,900000,alfa,Kimi,Räikkönen,Kimi Räikkönen,https://www.formula1.com/content/dam/fom-website/drivers/K/KIMRAI01_Kimi_R%C3%A4ikk%C3%B6nen/kimrai01.png.transform/1col/image.png,,19.0,,,0 days 00:02:04.452000,,,,,,
9,N MAZEPIN,MAZ,mazepin,Haas F1 Team,FFFFFF,haas,Nikita,Mazepin,Nikita Mazepin,https://www.formula1.com/content/dam/fom-website/drivers/N/NIKMAZ01_Nikita_Mazepin/nikmaz01.png.transform/1col/image.png,,20.0,,,0 days 00:02:04.939000,,,,,,
33,M VERSTAPPEN,VER,max_verstappen,Red Bull Racing,0600EF,red_bull,Max,Verstappen,Max Verstappen,https://www.formula1.com/content/dam/fom-website/drivers/M/MAXVER01_Max_Verstappen/maxver01.png.transform/1col/image.png,,1.0,1,1.0,,,,0 days 00:03:27.071000,Finished,12.5,1.0
63,G RUSSELL,RUS,russell,Williams,005AFF,williams,George,Russell,George Russell,https://www.formula1.com/content/dam/fom-website/drivers/G/GEORUS01_George_Russell/georus01.png.transform/1col/image.png,,2.0,2,2.0,,,,0 days 00:00:01.995000,Finished,9.0,1.0
44,L HAMILTON,HAM,hamilton,Mercedes,00D2BE,mercedes,Lewis,Hamilton,Lewis Hamilton,https://www.formula1.com/content/dam/fom-website/drivers/L/LEWHAM01_Lewis_Hamilton/lewham01.png.transform/1col/image.png,,3.0,3,3.0,,,,0 days 00:00:02.601000,Finished,7.5,1.0
3,D RICCIARDO,RIC,ricciardo,McLaren,FF9800,mclaren,Daniel,Ricciardo,Daniel Ricciardo,https://www.formula1.com/content/dam/fom-website/drivers/D/DANRIC01_Daniel_Ricciardo/danric01.png.transform/1col/image.png,,4.0,4,4.0,,,,0 days 00:00:04.496000,Finished,6.0,1.0
5,S VETTEL,VET,vettel,Aston Martin,006F62,aston_martin,Sebastian,Vettel,Sebastian Vettel,https://www.formula1.com/content/dam/fom-website/drivers/S/SEBVET01_Sebastian_Vettel/sebvet01.png.transform/1col/image.png,,5.0,5,5.0,,,,0 days 00:00:07.479000,Finished,5.0,1.0
10,P GASLY,GAS,gasly,AlphaTauri,2B4562,alphatauri,Pierre,Gasly,Pierre Gasly,https://www.formula1.com/content/dam/fom-website/drivers/P/PIEGAS01_Pierre_Gasly/piegas01.png.transform/1col/image.png,,6.0,6,6.0,,,,0 days 00:00:10.177000,Finished,4.0,1.0
31,E OCON,OCO,ocon,Alpine,0090FF,alpine,Esteban,Ocon,Esteban Ocon,https://www.formula1.com/content/dam/fom-website/drivers/E/ESTOCO01_Esteban_Ocon/estoco01.png.transform/1col/image.png,,7.0,7,8.0,,,,0 days 00:00:11.579000,Finished,3.0,1.0
16,C LECLERC,LEC,leclerc,Ferrari,DC0004,ferrari,Charles,Leclerc,Charles Leclerc,https://www.formula1.com/content/dam/fom-website/drivers/C/CHALEC01_Charles_Leclerc/chalec01.png.transform/1col/image.png,,8.0,8,9.0,,,,0 days 00:00:12.608000,Finished,2.0,1.0
6,N LATIFI,LAT,latifi,Williams,005AFF,williams,Nicholas,Latifi,Nicholas Latifi,https://www.formula1.com/content/dam/fom-website/drivers/N/NICLAF01_Nicholas_Latifi/niclaf01.png.transform/1col/image.png,,9.0,9,10.0,,,,0 days 00:00:15.485000,Finished,1.0,1.0
55,C SAINZ,SAI,sainz,Ferrari,DC0004,ferrari,Carlos,Sainz,Carlos Sainz,https://www.formula1.com/content/dam/fom-website/drivers/C/CARSAI01_Carlos_Sainz/carsai01.png.transform/1col/image.png,,10.0,10,11.0,,,,0 days 00:00:16.166000,Finished,0.5,1.0
14,F ALONSO,ALO,alonso,Alpine,0090FF,alpine,Fernando,Alonso,Fernando Alonso,https://www.formula1.com/content/dam/fom-website/drivers/F/FERALO01_Fernando_Alonso/feralo01.png.transform/1col/image.png,,11.0,11,12.0,,,,0 days 00:00:20.590000,Finished,0.0,1.0
77,V BOTTAS,BOT,bottas,Mercedes,00D2BE,mercedes,Valtteri,Bottas,Valtteri Bottas,https://www.formula1.com/content/dam/fom-website/drivers/V/VALBOT01_Valtteri_Bottas/valbot01.png.transform/1col/image.png,,12.0,12,13.0,,,,0 days 00:00:22.414000,Finished,0.0,1.0
99,A GIOVINAZZI,GIO,giovinazzi,Alfa Romeo Racing,900000,alfa,Antonio,Giovinazzi,Antonio Giovinazzi,https://www.formula1.com/content/dam/fom-website/drivers/A/ANTGIO01_Antonio_Giovinazzi/antgio01.png.transform/1col/image.png,,13.0,13,14.0,,,,0 days 00:00:24.163000,Finished,0.0,1.0
4,L NORRIS,NOR,norris,McLaren,FF9800,mclaren,Lando,Norris,Lando Norris,https://www.formula1.com/content/dam/fom-website/drivers/L/LANNOR01_Lando_Norris/lannor01.png.transform/1col/image.png,,14.0,14,15.0,,,,0 days 00:00:27.110000,Finished,0.0,1.0
22,Y TSUNODA,TSU,tsunoda,AlphaTauri,2B4562,alphatauri,Yuki,Tsunoda,Yuki Tsunoda,https://www.formula1.com/content/dam/fom-website/drivers/Y/YUKTSU01_Yuki_Tsunoda/yuktsu01.png.transform/1col/image.png,,15.0,15,16.0,,,,0 days 00:00:28.329000,Finished,0.0,1.0
47,M SCHUMACHER,MSC,mick_schumacher,Haas F1 Team,FFFFFF,haas,Mick,Schumacher,Mick Schumacher,https://www.formula1.com/content/dam/fom-website/drivers/M/MICSCH02_Mick_Schumacher/micsch02.png.transform/1col/image.png,,16.0,16,17.0,,,,0 days 00:00:29.507000,Finished,0.0,1.0
9,N MAZEPIN,MAZ,mazepin,Haas F1 Team,FFFFFF,haas,Nikita,Mazepin,Nikita Mazepin,https://www.formula1.com/content/dam/fom-website/drivers/N/NIKMAZ01_Nikita_Mazepin/nikmaz01.png.transform/1col/image.png,,17.0,17,18.0,,,,0 days 00:00:31.993000,Finished,0.0,1.0
7,K RAIKKONEN,RAI,raikkonen,Alfa Romeo Racing,900000,alfa,Kimi,Räikkönen,Kimi Räikkönen,https://www.formula1.com/content/dam/fom-website/drivers/K/KIMRAI01_Kimi_R%C3%A4ikk%C3%B6nen/kimrai01.png.transform/1col/image.png,,18.0,18,0.0,,,,0 days 00:00:36.054000,Finished,0.0,1.0
11,S PEREZ,PER,perez,Red Bull Racing,0600EF,red_bull,Sergio,Perez,Sergio Perez,https://www.formula1.com/content/dam/fom-website/drivers/S/SERPER01_Sergio_Perez/serper01.png.transform/1col/image.png,,19.0,19,0.0,,,,0 days 00:00:38.205000,Finished,0.0,1.0
18,L STROLL,STR,stroll,Aston Martin,006F62,aston_martin,Lance,Stroll,Lance Stroll,https://www.formula1.com/content/dam/fom-website/drivers/L/LANSTR01_Lance_Stroll/lanstr01.png.transform/1col/image.png,,20.0,20,19.0,,,,0 days 00:00:44.108000,Finished,0.0,1.0
33,M VERSTAPPEN,VER,max_verstappen,Red Bull Racing,0600EF,red_bull,Max,Verstappen,Max Verstappen,https://www.formula1.com/content/dam/fom-website/drivers/M/MAXVER01_Max_Verstappen/maxver01.png.transform/1col/image.png,,1.0,,,0 days 00:01:10.036000,0 days 00:01:09.071000,0 days 00:01:08.885000,,,,
44,L HAMILTON,HAM,hamilton,Mercedes,00D2BE,mercedes,Lewis,Hamilton,Lewis Hamilton,https://www.formula1.com/content/dam/fom-website/drivers/L/LEWHAM01_Lewis_Hamilton/lewham01.png.transform/1col/image.png,,2.0,,,0 days 00:01:10.114000,0 days 00:01:09.726000,0 days 00:01:08.923000,,,,
77,V BOTTAS,BOT,bottas,Mercedes,00D2BE,mercedes,Valtteri,Bottas,Valtteri Bottas,https://www.formula1.com/content/dam/fom-website/drivers/V/VALBOT01_Valtteri_Bottas/valbot01.png.transform/1col/image.png,,3.0,,,0 days 00:01:10.219000,0 days 00:01:09.769000,0 days 00:01:09.222000,,,,
10,P GASLY,GAS,gasly,AlphaTauri,2B4562,alphatauri,Pierre,Gasly,Pierre Gasly,https://www.formula1.com/content/dam/fom-website/drivers/P/PIEGAS01_Pierre_Gasly/piegas01.png.transform/1col/image.png,,4.0,,,0 days 00:01:10.274000,0 days 00:01:09.541000,0 days 00:01:09.478000,,,,
16,C LECLERC,LEC,leclerc,Ferrari,DC0004,ferrari,Charles,Leclerc,Charles Leclerc,https://www.formula1.com/content/dam/fom-website/drivers/C/CHALEC01_Charles_Leclerc/chalec01.png.transform/1col/image.png,,5.0,,,0 days 00:01:09.829000,0 days 00:01:09.437000,0 days 00:01:09.527000,,,,
55,C SAINZ,SAI,sainz,Ferrari,DC0004,ferrari,Carlos,Sainz,Carlos Sainz,https://www.formula1.com/content/dam/fom-website/drivers/C/CARSAI01_Carlos_Sainz/carsai01.png.transform/1col/image.png,,6.0,,,0 days 00:01:10.022000,0 days 00:01:09.870000,0 days 00:01:09.537000,,,,
99,A GIOVINAZZI,GIO,giovinazzi,Alfa Romeo Racing,900000,alfa,Antonio,Giovinazzi,Antonio Giovinazzi,https://www.formula1.com/content/dam/fom-website/drivers/A/ANTGIO01_Antonio_Giovinazzi/antgio01.png.transform/1col/image.png,,7.0,,,0 days 00:01:10.050000,0 days 00:01:10.033000,0 days 00:01:09.590000,,,,
31,E OCON,OCO,ocon,Alpine,0090FF,alpine,Esteban,Ocon,Esteban Ocon,https://www.formula1.com/content/dam/fom-website/drivers/E/ESTOCO01_Esteban_Ocon/estoco01.png.transform/1col/image.png,,8.0,,,0 days 00:01:10.179000,0 days 00:01:09.919000,0 days 00:01:09.933000,,,,
14,F ALONSO,ALO,alonso,Alpine,0090FF,alpine,Fernando,Alonso,Fernando Alonso,https://www.formula1.com/content/dam/fom-website/drivers/F/FERALO01_Fernando_Alonso/feralo01.png.transform/1col/image.png,,9.0,,,0 days 00:01:10.435000,0 days 00:01:10.020000,0 days 00:01:09.956000,,,,
3,D RICCIARDO,RIC,ricciardo,McLaren,FF9800,mclaren,Daniel,Ricciardo,Daniel Ricciardo,https://www.formula1.com/content/dam/fom-website/drivers/D/DANRIC01_Daniel_Ricciardo/danric01.png.transform/1col/image.png,,10.0,,,0 days 00:01:10.255000,0 days 00:01:09.865000,0 days 00:01:10.166000,,,,
63,G RUSSELL,RUS,russell,Williams,005AFF,williams,George,Russell,George Russell,https://www.formula1.com/content/dam/fom-website/drivers/G/GEORUS01_George_Russell/georus01.png.transform/1col/image.png,,11.0,,,0 days 00:01:10.382000,0 days 00:01:10.332000,,,,,
18,L STROLL,STR,stroll,Aston Martin,006F62,aston_martin,Lance,Stroll,Lance Stroll,https://www.formula1.com/content/dam/fom-website/drivers/L/LANSTR01_Lance_Stroll/lanstr01.png.transform/1col/image.png,,12.0,,,0 days 00:01:10.438000,0 days 00:01:10.367000,,,,,
4,L NORRIS,NOR,norris,McLaren,FF9800,mclaren,Lando,Norris,Lando Norris,https://www.formula1.com/content/dam/fom-website/drivers/L/LANNOR01_Lando_Norris/lannor01.png.transform/1col/image.png,,13.0,,,0 days 00:01:10.489000,0 days 00:01:10.406000,,,,,
6,N LATIFI,LAT,latifi,Williams,005AFF,williams,Nicholas,Latifi,Nicholas Latifi,https://www.formula1.com/content/dam/fom-website/drivers/N/NICLAF01_Nicholas_Latifi/niclaf01.png.transform/1col/image.png,,14.0,,,0 days 00:01:10.093000,0 days 00:01:11.161000,,,,,
22,Y TSUNODA,TSU,tsunoda,AlphaTauri,2B4562,alphatauri,Yuki,Tsunoda,Yuki Tsunoda,https://www.formula1.com/content/dam/fom-website/drivers/Y/YUKTSU01_Yuki_Tsunoda/yuktsu01.png.transform/1col/image.png,,15.0,,,0 days 00:01:10.462000,0 days 00:01:11.314000,,,,,
11,S PEREZ,PER,perez,Red Bull Racing,0600EF,red_bull,Sergio,Perez,Sergio Perez,https://www.formula1.com/content/dam/fom-website/drivers/S/SERPER01_Sergio_Perez/serper01.png.transform/1col/image.png,,16.0,,,0 days 00:01:10.530000,,,,,,
5,S VETTEL,VET,vettel,Aston Martin,006F62,aston_martin,Sebastian,Vettel,Sebastian Vettel,https://www.formula1.com/content/dam/fom-website/drivers/S/SEBVET01_Sebastian_Vettel/sebvet01.png.transform/1col/image.png,,17.0,,,0 days 00:01:10.731000,,,,,,
88,R KUBICA,KUB,kubica,Alfa Romeo Racing,900000,alfa,Robert,Kubica,Robert Kubica,None,,18.0,,,0 days 00:01:11.301000,,,,,,
47,M SCHUMACHER,MSC,mick_schumacher,Haas F1 Team,FFFFFF,haas,Mick,Schumacher,Mick Schumacher,https://www.formula1.com/content/dam/fom-website/drivers/M/MICSCH02_Mick_Schumacher/micsch02.png.transform/1col/image.png,,19.0,,,0 days 00:01:11.387000,,,,,,
9,N MAZEPIN,MAZ,mazepin,Haas F1 Team,FFFFFF,haas,Nikita,Mazepin,Nikita Mazepin,https://www.formula1.com/content/dam/fom-website/drivers/N/NIKMAZ01_Nikita_Mazepin/nikmaz01.png.transform/1col/image.png,,20.0,,,0 days 00:01:11.875000,,,,,,
33,M VERSTAPPEN,VER,max_verstappen,Red Bull Racing,0600EF,red_bull,Max,Verstappen,Max Verstappen,https://www.formula1.com/content/dam/fom-website/drivers/M/MAXVER01_Max_Verstappen/maxver01.png.transform/1col/image.png,,1.0,1,1.0,,,,0 days 01:30:05.395000,Finished,25.0,72.0
44,L HAMILTON,HAM,hamilton,Mercedes,00D2BE,mercedes,Lewis,Hamilton,Lewis Hamilton,https://www.formula1.com/content/dam/fom-website/drivers/L/LEWHAM01_Lewis_Hamilton/lewham01.png.transform/1col/image.png,,2.0,2,2.0,,,,0 days 00:00:20.932000,Finished,19.0,72.0
77,V BOTTAS,BOT,bottas,Mercedes,00D2BE,mercedes,Valtteri,Bottas,Valtteri Bottas,https://www.formula1.com/content/dam/fom-website/drivers/V/VALBOT01_Valtteri_Bottas/valbot01.png.transform/1col/image.png,,3.0,3,3.0,,,,0 days 00:00:56.460000,Finished,15.0,72.0
10,P GASLY,GAS,gasly,AlphaTauri,2B4562,alphatauri,Pierre,Gasly,Pierre Gasly,https://www.formula1.com/content/dam/fom-website/drivers/P/PIEGAS01_Pierre_Gasly/piegas01.png.transform/1col/image.png,,4.0,4,4.0,,,,,+1 Lap,12.0,71.0
16,C LECLERC,LEC,leclerc,Ferrari,DC0004,ferrari,Charles,Leclerc,Charles Leclerc,https://www.formula1.com/content/dam/fom-website/drivers/C/CHALEC01_Charles_Leclerc/chalec01.png.transform/1col/image.png,,5.0,5,5.0,,,,,+1 Lap,10.0,71.0
14,F ALONSO,ALO,alonso,Alpine,0090FF,alpine,Fernando,Alonso,Fernando Alonso,https://www.formula1.com/content/dam/fom-website/drivers/F/FERALO01_Fernando_Alonso/feralo01.png.transform/1col/image.png,,6.0,6,9.0,,,,,+1 Lap,8.0,71.0
55,C SAINZ,SAI,sainz,Ferrari,DC0004,ferrari,Carlos,Sainz,Carlos Sainz,https://www.formula1.com/content/dam/fom-website/drivers/C/CARSAI01_Carlos_Sainz/carsai01.png.transform/1col/image.png,,7.0,7,6.0,,,,,+1 Lap,6.0,71.0
11,S PEREZ,PER,perez,Red Bull Racing,0600EF,red_bull,Sergio,Perez,Sergio Perez,https://www.formula1.com/content/dam/fom-website/drivers/S/SERPER01_Sergio_Perez/serper01.png.transform/1col/image.png,,8.0,8,0.0,,,,,+1 Lap,4.0,71.0
31,E OCON,OCO,ocon,Alpine,0090FF,alpine,Esteban,Ocon,Esteban Ocon,https://www.formula1.com/content/dam/fom-website/drivers/E/ESTOCO01_Esteban_Ocon/estoco01.png.transform/1col/image.png,,9.0,9,8.0,,,,,+1 Lap,2.0,71.0
4,L NORRIS,NOR,norris,McLaren,FF9800,mclaren,Lando,Norris,Lando Norris,https://www.formula1.com/content/dam/fom-website/drivers/L/LANNOR01_Lando_Norris/lannor01.png.transform/1col/image.png,,10.0,10,13.0,,,,,+1 Lap,1.0,71.0
3,D RICCIARDO,RIC,ricciardo,McLaren,FF9800,mclaren,Daniel,Ricciardo,Daniel Ricciardo,https://www.formula1.com/content/dam/fom-website/drivers/D/DANRIC01_Daniel_Ricciardo/danric01.png.transform/1col/image.png,,11.0,11,10.0,,,,,+1 Lap,0.0,71.0
18,L STROLL,STR,stroll,Aston Martin,006F62,aston_martin,Lance,Stroll,Lance Stroll,https://www.formula1.com/content/dam/fom-website/drivers/L/LANSTR01_Lance_Stroll/lanstr01.png.transform/1col/image.png,,12.0,12,12.0,,,,,+2 Laps,0.0,70.0
5,S VETTEL,VET,vettel,Aston Martin,006F62,aston_martin,Sebastian,Vettel,Sebastian Vettel,https://www.formula1.com/content/dam/fom-website/drivers/S/SEBVET01_Sebastian_Vettel/sebvet01.png.transform/1col/image.png,,13.0,13,15.0,,,,,+2 Laps,0.0,70.0
99,A GIOVINAZZI,GIO,giovinazzi,Alfa Romeo Racing,900000,alfa,Antonio,Giovinazzi,Antonio Giovinazzi,https://www.formula1.com/content/dam/fom-website/drivers/A/ANTGIO01_Antonio_Giovinazzi/antgio01.png.transform/1col/image.png,,14.0,14,7.0,,,,,+2 Laps,0.0,70.0
88,R KUBICA,KUB,kubica,Alfa Romeo Racing,900000,alfa,Robert,Kubica,Robert Kubica,None,,15.0,15,16.0,,,,,+2 Laps,0.0,70.0
6,N LATIFI,LAT,latifi,Williams,005AFF,williams,Nicholas,Latifi,Nicholas Latifi,https://www.formula1.com/content/dam/fom-website/drivers/N/NICLAF01_Nicholas_Latifi/niclaf01.png.transform/1col/image.png,,16.0,16,0.0,,,,,+2 Laps,0.0,70.0
63,G RUSSELL,RUS,russell,Williams,005AFF,williams,George,Russell,George Russell,https://www.formula1.com/content/dam/fom-website/drivers/G/GEORUS01_George_Russell/georus01.png.transform/1col/image.png,,17.0,17,11.0,,,,,Gearbox,0.0,69.0
47,M SCHUMACHER,MSC,mick_schumacher,Haas F1 Team,FFFFFF,haas,Mick,Schumacher,Mick Schumacher,https://www.formula1.com/content/dam/fom-website/drivers/M/MICSCH02_Mick_Schumacher/micsch02.png.transform/1col/image.png,,18.0,18,17.0,,,,,+3 Laps,0.0,69.0
22,Y TSUNODA,TSU,tsunoda,AlphaTauri,2B4562,alphatauri,Yuki,Tsunoda,Yuki Tsunoda,https://www.formula1.com/content/dam/fom-website/drivers/Y/YUKTSU01_Yuki_Tsunoda/yuktsu01.png.transform/1col/image.png,,19.0,R,14.0,,,,,Power Unit,0.0,48.0
9,N MAZEPIN,MAZ,mazepin,Haas F1 Team,FFFFFF,haas,Nikita,Mazepin,Nikita Mazepin,https://www.formula1.com/content/dam/fom-website/drivers/N/NIKMAZ01_Nikita_Mazepin/nikmaz01.png.transform/1col/image.png,,20.0,R,18.0,,,,,Hydraulics,0.0,41.0
77,V BOTTAS,BOT,bottas,Mercedes,00D2BE,mercedes,Valtteri,Bottas,Valtteri Bottas,https://www.formula1.com/content/dam/fom-website/drivers/V/VALBOT01_Valtteri_Bottas/valbot01.png.transform/1col/image.png,,1.0,,,0 days 00:01:20.685000,0 days 00:01:20.032000,0 days 00:01:19.555000,,,,
44,L HAMILTON,HAM,hamilton,Mercedes,00D2BE,mercedes,Lewis,Hamilton,Lewis Hamilton,https://www.formula1.com/content/dam/fom-website/drivers/L/LEWHAM01_Lewis_Hamilton/lewham01.png.transform/1col/image.png,,2.0,,,0 days 00:01:20.543000,0 days 00:01:19.936000,0 days 00:01:19.651000,,,,
33,M VERSTAPPEN,VER,max_verstappen,Red Bull Racing,0600EF,red_bull,Max,Verstappen,Max Verstappen,https://www.formula1.com/content/dam/fom-website/drivers/M/MAXVER01_Max_Verstappen/maxver01.png.transform/1col/image.png,,3.0,,,0 days 00:01:21.035000,0 days 00:01:20.229000,0 days 00:01:19.966000,,,,
4,L NORRIS,NOR,norris,McLaren,FF9800,mclaren,Lando,Norris,Lando Norris,https://www.formula1.com/content/dam/fom-website/drivers/L/LANNOR01_Lando_Norris/lannor01.png.transform/1col/image.png,,4.0,,,0 days 00:01:20.916000,0 days 00:01:20.059000,0 days 00:01:19.989000,,,,
3,D RICCIARDO,RIC,ricciardo,McLaren,FF9800,mclaren,Daniel,Ricciardo,Daniel Ricciardo,https://www.formula1.com/content/dam/fom-website/drivers/D/DANRIC01_Daniel_Ricciardo/danric01.png.transform/1col/image.png,,5.0,,,0 days 00:01:21.292000,0 days 00:01:20.435000,0 days 00:01:19.995000,,,,
10,P GASLY,GAS,gasly,AlphaTauri,2B4562,alphatauri,Pierre,Gasly,Pierre Gasly,https://www.formula1.com/content/dam/fom-website/drivers/P/PIEGAS01_Pierre_Gasly/piegas01.png.transform/1col/image.png,,6.0,,,0 days 00:01:21.440000,0 days 00:01:20.556000,0 days 00:01:20.260000,,,,
55,C SAINZ,SAI,sainz,Ferrari,DC0004,ferrari,Carlos,Sainz,Carlos Sainz,https://www.formula1.com/content/dam/fom-website/drivers/C/CARSAI01_Carlos_Sainz/carsai01.png.transform/1col/image.png,,7.0,,,0 days 00:01:21.118000,0 days 00:01:20.750000,0 days 00:01:20.462000,,,,
16,C LECLERC,LEC,leclerc,Ferrari,DC0004,ferrari,Charles,Leclerc,Charles Leclerc,https://www.formula1.com/content/dam/fom-website/drivers/C/CHALEC01_Charles_Leclerc/chalec01.png.transform/1col/image.png,,8.0,,,0 days 00:01:21.219000,0 days 00:01:20.767000,0 days 00:01:20.510000,,,,
11,S PEREZ,PER,perez,Red Bull Racing,0600EF,red_bull,Sergio,Perez,Sergio Perez,https://www.formula1.com/content/dam/fom-website/drivers/S/SERPER01_Sergio_Perez/serper01.png.transform/1col/image.png,,9.0,,,0 days 00:01:21.308000,0 days 00:01:20.882000,0 days 00:01:20.611000,,,,
99,A GIOVINAZZI,GIO,giovinazzi,Alfa Romeo Racing,900000,alfa,Antonio,Giovinazzi,Antonio Giovinazzi,https://www.formula1.com/content/dam/fom-website/drivers/A/ANTGIO01_Antonio_Giovinazzi/antgio01.png.transform/1col/image.png,,10.0,,,0 days 00:01:21.197000,0 days 00:01:20.726000,0 days 00:01:20.808000,,,,
5,S VETTEL,VET,vettel,Aston Martin,006F62,aston_martin,Sebastian,Vettel,Sebastian Vettel,https://www.formula1.com/content/dam/fom-website/drivers/S/SEBVET01_Sebastian_Vettel/sebvet01.png.transform/1col/image.png,,11.0,,,0 days 00:01:21.394000,0 days 00:01:20.913000,,,,,
18,L STROLL,STR,stroll,Aston Martin,006F62,aston_martin,Lance,Stroll,Lance Stroll,https://www.formula1.com/content/dam/fom-website/drivers/L/LANSTR01_Lance_Stroll/lanstr01.png.transform/1col/image.png,,12.0,,,0 days 00:01:21.415000,0 days 00:01:21.020000,,,,,
14,F ALONSO,ALO,alonso,Alpine,0090FF,alpine,Fernando,Alonso,Fernando Alonso,https://www.formula1.com/content/dam/fom-website/drivers/F/FERALO01_Fernando_Alonso/feralo01.png.transform/1col/image.png,,13.0,,,0 days 00:01:21.487000,0 days 00:01:21.069000,,,,,
31,E OCON,OCO,ocon,Alpine,0090FF,alpine,Esteban,Ocon,Esteban Ocon,https://www.formula1.com/content/dam/fom-website/drivers/E/ESTOCO01_Esteban_Ocon/estoco01.png.transform/1col/image.png,,14.0,,,0 days 00:01:21.500000,0 days 00:01:21.103000,,,,,
63,G RUSSELL,RUS,russell,Williams,005AFF,williams,George,Russell,George Russell,https://www.formula1.com/content/dam/fom-website/drivers/G/GEORUS01_George_Russell/georus01.png.transform/1col/image.png,,15.0,,,0 days 00:01:21.890000,0 days 00:01:21.392000,,,,,
6,N LATIFI,LAT,latifi,Williams,005AFF,williams,Nicholas,Latifi,Nicholas Latifi,https://www.formula1.com/content/dam/fom-website/drivers/N/NICLAF01_Nicholas_Latifi/niclaf01.png.transform/1col/image.png,,16.0,,,0 days 00:01:21.925000,,,,,,
22,Y TSUNODA,TSU,tsunoda,AlphaTauri,2B4562,alphatauri,Yuki,Tsunoda,Yuki Tsunoda,https://www.formula1.com/content/dam/fom-website/drivers/Y/YUKTSU01_Yuki_Tsunoda/yuktsu01.png.transform/1col/image.png,,17.0,,,0 days 00:01:21.973000,,,,,,
47,M SCHUMACHER,MSC,mick_schumacher,Haas F1 Team,FFFFFF,haas,Mick,Schumacher,Mick Schumacher,https://www.formula1.com/content/dam/fom-website/drivers/M/MICSCH02_Mick_Schumacher/micsch02.png.transform/1col/image.png,,18.0,,,0 days 00:01:22.248000,,,,,,
88,R KUBICA,KUB,kubica,Alfa Romeo Racing,900000,alfa,Robert,Kubica,Robert Kubica,None,,19.0,,,0 days 00:01:22.530000,,,,,,
9,N MAZEPIN,MAZ,mazepin,Haas F1 Team,FFFFFF,haas,Nikita,Mazepin,Nikita Mazepin,https://www.formula1.com/content/dam/fom-website/drivers/N/NIKMAZ01_Nikita_Mazepin/nikmaz01.png.transform/1col/image.png,,20.0,,,0 days 00:01:22.716000,,,,,,
3,D RICCIARDO,RIC,ricciardo,McLaren,FF9800,mclaren,Daniel,Ricciardo,Daniel Ricciardo,https://www.formula1.com/content/dam/fom-website/drivers/D/DANRIC01_Daniel_Ricciardo/danric01.png.transform/1col/image.png,,1.0,1,2.0,,,,0 days 01:21:54.365000,Finished,26.0,53.0
4,L NORRIS,NOR,norris,McLaren,FF9800,mclaren,Lando,Norris,Lando Norris,https://www.formula1.com/content/dam/fom-website/drivers/L/LANNOR01_Lando_Norris/lannor01.png.transform/1col/image.png,,2.0,2,3.0,,,,0 days 00:00:01.747000,Finished,18.0,53.0
77,V BOTTAS,BOT,bottas,Mercedes,00D2BE,mercedes,Valtteri,Bottas,Valtteri Bottas,https://www.formula1.com/content/dam/fom-website/drivers/V/VALBOT01_Valtteri_Bottas/valbot01.png.transform/1col/image.png,,3.0,3,19.0,,,,0 days 00:00:04.921000,Finished,15.0,53.0
16,C LECLERC,LEC,leclerc,Ferrari,DC0004,ferrari,Charles,Leclerc,Charles Leclerc,https://www.formula1.com/content/dam/fom-website/drivers/C/CHALEC01_Charles_Leclerc/chalec01.png.transform/1col/image.png,,4.0,4,5.0,,,,0 days 00:00:07.309000,Finished,12.0,53.0
11,S PEREZ,PER,perez,Red Bull Racing,0600EF,red_bull,Sergio,Perez,Sergio Perez,https://www.formula1.com/content/dam/fom-website/drivers/S/SERPER01_Sergio_Perez/serper01.png.transform/1col/image.png,,5.0,5,8.0,,,,0 days 00:00:08.723000,Finished,10.0,53.0
55,C SAINZ,SAI,sainz,Ferrari,DC0004,ferrari,Carlos,Sainz,Carlos Sainz,https://www.formula1.com/content/dam/fom-website/drivers/C/CARSAI01_Carlos_Sainz/carsai01.png.transform/1col/image.png,,6.0,6,6.0,,,,0 days 00:00:10.535000,Finished,8.0,53.0
18,L STROLL,STR,stroll,Aston Martin,006F62,aston_martin,Lance,Stroll,Lance Stroll,https://www.formula1.com/content/dam/fom-website/drivers/L/LANSTR01_Lance_Stroll/lanstr01.png.transform/1col/image.png,,7.0,7,9.0,,,,0 days 00:00:15.804000,Finished,6.0,53.0
14,F ALONSO,ALO,alonso,Alpine,0090FF,alpine,Fernando,Alonso,Fernando Alonso,https://www.formula1.com/content/dam/fom-website/drivers/F/FERALO01_Fernando_Alonso/feralo01.png.transform/1col/image.png,,8.0,8,10.0,,,,0 days 00:00:17.201000,Finished,4.0,53.0
63,G RUSSELL,RUS,russell,Williams,005AFF,williams,George,Russell,George Russell,https://www.formula1.com/content/dam/fom-website/drivers/G/GEORUS01_George_Russell/georus01.png.transform/1col/image.png,,9.0,9,14.0,,,,0 days 00:00:19.742000,Finished,2.0,53.0
31,E OCON,OCO,ocon,Alpine,0090FF,alpine,Esteban,Ocon,Esteban Ocon,https://www.formula1.com/content/dam/fom-website/drivers/E/ESTOCO01_Esteban_Ocon/estoco01.png.transform/1col/image.png,,10.0,10,12.0,,,,0 days 00:00:20.868000,Finished,1.0,53.0
6,N LATIFI,LAT,latifi,Williams,005AFF,williams,Nicholas,Latifi,Nicholas Latifi,https://www.formula1.com/content/dam/fom-website/drivers/N/NICLAF01_Nicholas_Latifi/niclaf01.png.transform/1col/image.png,,11.0,11,13.0,,,,0 days 00:00:23.743000,Finished,0.0,53.0
5,S VETTEL,VET,vettel,Aston Martin,006F62,aston_martin,Sebastian,Vettel,Sebastian Vettel,https://www.formula1.com/content/dam/fom-website/drivers/S/SEBVET01_Sebastian_Vettel/sebvet01.png.transform/1col/image.png,,12.0,12,11.0,,,,0 days 00:00:24.621000,Finished,0.0,53.0
99,A GIOVINAZZI,GIO,giovinazzi,Alfa Romeo Racing,900000,alfa,Antonio,Giovinazzi,Antonio Giovinazzi,https://www.formula1.com/content/dam/fom-website/drivers/A/ANTGIO01_Antonio_Giovinazzi/antgio01.png.transform/1col/image.png,,13.0,13,7.0,,,,0 days 00:00:27.216000,Finished,0.0,53.0
88,R KUBICA,KUB,kubica,Alfa Romeo Racing,900000,alfa,Robert,Kubica,Robert Kubica,None,,14.0,14,17.0,,,,0 days 00:00:29.769000,Finished,0.0,53.0
47,M SCHUMACHER,MSC,mick_schumacher,Haas F1 Team,FFFFFF,haas,Mick,Schumacher,Mick Schumacher,https://www.formula1.com/content/dam/fom-website/drivers/M/MICSCH02_Mick_Schumacher/micsch02.png.transform/1col/image.png,,15.0,15,18.0,,,,0 days 00:00:51.088000,Finished,0.0,53.0
9,N MAZEPIN,MAZ,mazepin,Haas F1 Team,FFFFFF,haas,Nikita,Mazepin,Nikita Mazepin,https://www.formula1.com/content/dam/fom-website/drivers/N/NIKMAZ01_Nikita_Mazepin/nikmaz01.png.transform/1col/image.png,,16.0,R,16.0,,,,,Power Unit,0.0,41.0
44,L HAMILTON,HAM,hamilton,Mercedes,00D2BE,mercedes,Lewis,Hamilton,Lewis Hamilton,https://www.formula1.com/content/dam/fom-website/drivers/L/LEWHAM01_Lewis_Hamilton/lewham01.png.transform/1col/image.png,,17.0,R,4.0,,,,,Collision,0.0,25.0
33,M VERSTAPPEN,VER,max_verstappen,Red Bull Racing,0600EF,red_bull,Max,Verstappen,Max Verstappen,https://www.formula1.com/content/dam/fom-website/drivers/M/MAXVER01_Max_Verstappen/maxver01.png.transform/1col/image.png,,18.0,R,1.0,,,,,Collision,0.0,25.0
10,P GASLY,GAS,gasly,AlphaTauri,2B4562,alphatauri,Pierre,Gasly,Pierre Gasly,https://www.formula1.com/content/dam/fom-website/drivers/P/PIEGAS01_Pierre_Gasly/piegas01.png.transform/1col/image.png,,19.0,R,0.0,,,,,Suspension,0.0,3.0
22,Y TSUNODA,TSU,tsunoda,AlphaTauri,2B4562,alphatauri,Yuki,Tsunoda,Yuki Tsunoda,https://www.formula1.com/content/dam/fom-website/drivers/Y/YUKTSU01_Yuki_Tsunoda/yuktsu01.png.transform/1col/image.png,,20.0,W,0.0,,,,,Brakes,0.0,0.0
4,L NORRIS,NOR,norris,McLaren,FF9800,mclaren,Lando,Norris,Lando Norris,https://www.formula1.com/content/dam/fom-website/drivers/L/LANNOR01_Lando_Norris/lannor01.png.transform/1col/image.png,,1.0,,,0 days 00:01:47.238000,0 days 00:01:45.827000,0 days 00:01:41.993000,,,,
55,C SAINZ,SAI,sainz,Ferrari,DC0004,ferrari,Carlos,Sainz,Carlos Sainz,https://www.formula1.com/content/dam/fom-website/drivers/C/CARSAI01_Carlos_Sainz/carsai01.png.transform/1col/image.png,,2.0,,,0 days 00:01:47.924000,0 days 00:01:46.521000,0 days 00:01:42.510000,,,,
63,G RUSSELL,RUS,russell,Williams,005AFF,williams,George,Russell,George Russell,https://www.formula1.com/content/dam/fom-website/drivers/G/GEORUS01_George_Russell/georus01.png.transform/1col/image.png,,3.0,,,0 days 00:01:48.303000,0 days 00:01:46.435000,0 days 00:01:42.983000,,,,
44,L HAMILTON,HAM,hamilton,Mercedes,00D2BE,mercedes,Lewis,Hamilton,Lewis Hamilton,https://www.formula1.com/content/dam/fom-website/drivers/L/LEWHAM01_Lewis_Hamilton/lewham01.png.transform/1col/image.png,,4.0,,,0 days 00:01:45.992000,0 days 00:01:45.129000,0 days 00:01:44.050000,,,,
3,D RICCIARDO,RIC,ricciardo,McLaren,FF9800,mclaren,Daniel,Ricciardo,Daniel Ricciardo,https://www.formula1.com/content/dam/fom-website/drivers/D/DANRIC01_Daniel_Ricciardo/danric01.png.transform/1col/image.png,,5.0,,,0 days 00:01:48.345000,0 days 00:01:46.361000,0 days 00:01:44.156000,,,,
14,F ALONSO,ALO,alonso,Alpine,0090FF,alpine,Fernando,Alonso,Fernando Alonso,https://www.formula1.com/content/dam/fom-website/drivers/F/FERALO01_Fernando_Alonso/feralo01.png.transform/1col/image.png,,6.0,,,0 days 00:01:47.877000,0 days 00:01:45.514000,0 days 00:01:44.204000,,,,
77,V BOTTAS,BOT,bottas,Mercedes,00D2BE,mercedes,Valtteri,Bottas,Valtteri Bottas,https://www.formula1.com/content/dam/fom-website/drivers/V/VALBOT01_Valtteri_Bottas/valbot01.png.transform/1col/image.png,,7.0,,,0 days 00:01:46.396000,0 days 00:01:45.306000,0 days 00:01:44.710000,,,,
18,L STROLL,STR,stroll,Aston Martin,006F62,aston_martin,Lance,Stroll,Lance Stroll,https://www.formula1.com/content/dam/fom-website/drivers/L/LANSTR01_Lance_Stroll/lanstr01.png.transform/1col/image.png,,8.0,,,0 days 00:01:48.322000,0 days 00:01:46.360000,0 days 00:01:44.956000,,,,
11,S PEREZ,PER,perez,Red Bull Racing,0600EF,red_bull,Sergio,Perez,Sergio Perez,https://www.formula1.com/content/dam/fom-website/drivers/S/SERPER01_Sergio_Perez/serper01.png.transform/1col/image.png,,9.0,,,0 days 00:01:46.455000,0 days 00:01:45.834000,0 days 00:01:45.337000,,,,
31,E OCON,OCO,ocon,Alpine,0090FF,alpine,Esteban,Ocon,Esteban Ocon,https://www.formula1.com/content/dam/fom-website/drivers/E/ESTOCO01_Esteban_Ocon/estoco01.png.transform/1col/image.png,,10.0,,,0 days 00:01:48.099000,0 days 00:01:46.070000,0 days 00:01:45.865000,,,,
5,S VETTEL,VET,vettel,Aston Martin,006F62,aston_martin,Sebastian,Vettel,Sebastian Vettel,https://www.formula1.com/content/dam/fom-website/drivers/S/SEBVET01_Sebastian_Vettel/sebvet01.png.transform/1col/image.png,,11.0,,,0 days 00:01:47.205000,0 days 00:01:46.573000,,,,,
10,P GASLY,GAS,gasly,AlphaTauri,2B4562,alphatauri,Pierre,Gasly,Pierre Gasly,https://www.formula1.com/content/dam/fom-website/drivers/P/PIEGAS01_Pierre_Gasly/piegas01.png.transform/1col/image.png,,12.0,,,0 days 00:01:47.828000,0 days 00:01:46.641000,,,,,
22,Y TSUNODA,TSU,tsunoda,AlphaTauri,2B4562,alphatauri,Yuki,Tsunoda,Yuki Tsunoda,https://www.formula1.com/content/dam/fom-website/drivers/Y/YUKTSU01_Yuki_Tsunoda/yuktsu01.png.transform/1col/image.png,,13.0,,,0 days 00:01:48.854000,0 days 00:01:46.751000,,,,,
6,N LATIFI,LAT,latifi,Williams,005AFF,williams,Nicholas,Latifi,Nicholas Latifi,https://www.formula1.com/content/dam/fom-website/drivers/N/NICLAF01_Nicholas_Latifi/niclaf01.png.transform/1col/image.png,,14.0,,,0 days 00:01:48.252000,,,,,,
16,C LECLERC,LEC,leclerc,Ferrari,DC0004,ferrari,Charles,Leclerc,Charles Leclerc,https://www.formula1.com/content/dam/fom-website/drivers/C/CHALEC01_Charles_Leclerc/chalec01.png.transform/1col/image.png,,15.0,,,0 days 00:01:48.470000,,,,,,
7,K RAIKKONEN,RAI,raikkonen,Alfa Romeo Racing,900000,alfa,Kimi,Räikkönen,Kimi Räikkönen,https://www.formula1.com/content/dam/fom-website/drivers/K/KIMRAI01_Kimi_R%C3%A4ikk%C3%B6nen/kimrai01.png.transform/1col/image.png,,16.0,,,0 days 00:01:49.586000,,,,,,
47,M SCHUMACHER,MSC,mick_schumacher,Haas F1 Team,FFFFFF,haas,Mick,Schumacher,Mick Schumacher,https://www.formula1.com/content/dam/fom-website/drivers/M/MICSCH02_Mick_Schumacher/micsch02.png.transform/1col/image.png,,17.0,,,0 days 00:01:49.830000,,,,,,
99,A GIOVINAZZI,GIO,giovinazzi,Alfa Romeo Racing,900000,alfa,Antonio,Giovinazzi,Antonio Giovinazzi,https://www.formula1.com/content/dam/fom-website/drivers/A/ANTGIO01_Antonio_Giovinazzi/antgio01.png.transform/1col/image.png,,18.0,,,0 days 00:01:51.023000,,,,,,
9,N MAZEPIN,MAZ,mazepin,Haas F1 Team,FFFFFF,haas,Nikita,Mazepin,Nikita Mazepin,https://www.formula1.com/content/dam/fom-website/drivers/N/NIKMAZ01_Nikita_Mazepin/nikmaz01.png.transform/1col/image.png,,19.0,,,0 days 00:01:53.764000,,,,,,
33,M VERSTAPPEN,VER,max_verstappen,Red Bull Racing,0600EF,red_bull,Max,Verstappen,Max Verstappen,https://www.formula1.com/content/dam/fom-website/drivers/M/MAXVER01_Max_Verstappen/maxver01.png.transform/1col/image.png,,20.0,,,,,,,,,
44,L HAMILTON,HAM,hamilton,Mercedes,00D2BE,mercedes,Lewis,Hamilton,Lewis Hamilton,https://www.formula1.com/content/dam/fom-website/drivers/L/LEWHAM01_Lewis_Hamilton/lewham01.png.transform/1col/image.png,,1.0,1,4.0,,,,0 days 01:30:41.001000,Finished,25.0,53.0
33,M VERSTAPPEN,VER,max_verstappen,Red Bull Racing,0600EF,red_bull,Max,Verstappen,Max Verstappen,https://www.formula1.com/content/dam/fom-website/drivers/M/MAXVER01_Max_Verstappen/maxver01.png.transform/1col/image.png,,2.0,2,20.0,,,,0 days 00:00:53.271000,Finished,18.0,53.0
55,C SAINZ,SAI,sainz,Ferrari,DC0004,ferrari,Carlos,Sainz,Carlos Sainz,https://www.formula1.com/content/dam/fom-website/drivers/C/CARSAI01_Carlos_Sainz/carsai01.png.transform/1col/image.png,,3.0,3,2.0,,,,0 days 00:01:02.475000,Finished,15.0,53.0
3,D RICCIARDO,RIC,ricciardo,McLaren,FF9800,mclaren,Daniel,Ricciardo,Daniel Ricciardo,https://www.formula1.com/content/dam/fom-website/drivers/D/DANRIC01_Daniel_Ricciardo/danric01.png.transform/1col/image.png,,4.0,4,5.0,,,,0 days 00:01:05.607000,Finished,12.0,53.0
77,V BOTTAS,BOT,bottas,Mercedes,00D2BE,mercedes,Valtteri,Bottas,Valtteri Bottas,https://www.formula1.com/content/dam/fom-website/drivers/V/VALBOT01_Valtteri_Bottas/valbot01.png.transform/1col/image.png,,5.0,5,16.0,,,,0 days 00:01:07.533000,Finished,10.0,53.0
14,F ALONSO,ALO,alonso,Alpine,0090FF,alpine,Fernando,Alonso,Fernando Alonso,https://www.formula1.com/content/dam/fom-website/drivers/F/FERALO01_Fernando_Alonso/feralo01.png.transform/1col/image.png,,6.0,6,6.0,,,,0 days 00:01:21.321000,Finished,8.0,53.0
4,L NORRIS,NOR,norris,McLaren,FF9800,mclaren,Lando,Norris,Lando Norris,https://www.formula1.com/content/dam/fom-website/drivers/L/LANNOR01_Lando_Norris/lannor01.png.transform/1col/image.png,,7.0,7,1.0,,,,0 days 00:01:27.224000,Finished,7.0,53.0
7,K RAIKKONEN,RAI,raikkonen,Alfa Romeo Racing,900000,alfa,Kimi,Räikkönen,Kimi Räikkönen,https://www.formula1.com/content/dam/fom-website/drivers/K/KIMRAI01_Kimi_R%C3%A4ikk%C3%B6nen/kimrai01.png.transform/1col/image.png,,8.0,8,13.0,,,,0 days 00:01:28.955000,Finished,4.0,53.0
11,S PEREZ,PER,perez,Red Bull Racing,0600EF,red_bull,Sergio,Perez,Sergio Perez,https://www.formula1.com/content/dam/fom-website/drivers/S/SERPER01_Sergio_Perez/serper01.png.transform/1col/image.png,,9.0,9,8.0,,,,0 days 00:01:30.076000,Finished,2.0,53.0
63,G RUSSELL,RUS,russell,Williams,005AFF,williams,George,Russell,George Russell,https://www.formula1.com/content/dam/fom-website/drivers/G/GEORUS01_George_Russell/georus01.png.transform/1col/image.png,,10.0,10,3.0,,,,0 days 00:01:40.551000,Finished,1.0,53.0
18,L STROLL,STR,stroll,Aston Martin,006F62,aston_martin,Lance,Stroll,Lance Stroll,https://www.formula1.com/content/dam/fom-website/drivers/L/LANSTR01_Lance_Stroll/lanstr01.png.transform/1col/image.png,,11.0,11,7.0,,,,0 days 00:01:46.198000,Finished,0.0,53.0
5,S VETTEL,VET,vettel,Aston Martin,006F62,aston_martin,Sebastian,Vettel,Sebastian Vettel,https://www.formula1.com/content/dam/fom-website/drivers/S/SEBVET01_Sebastian_Vettel/sebvet01.png.transform/1col/image.png,,12.0,12,10.0,,,,,+1 Lap,0.0,52.0
10,P GASLY,GAS,gasly,AlphaTauri,2B4562,alphatauri,Pierre,Gasly,Pierre Gasly,https://www.formula1.com/content/dam/fom-website/drivers/P/PIEGAS01_Pierre_Gasly/piegas01.png.transform/1col/image.png,,13.0,13,11.0,,,,,+1 Lap,0.0,52.0
31,E OCON,OCO,ocon,Alpine,0090FF,alpine,Esteban,Ocon,Esteban Ocon,https://www.formula1.com/content/dam/fom-website/drivers/E/ESTOCO01_Esteban_Ocon/estoco01.png.transform/1col/image.png,,14.0,14,9.0,,,,,+1 Lap,0.0,52.0
16,C LECLERC,LEC,leclerc,Ferrari,DC0004,ferrari,Charles,Leclerc,Charles Leclerc,https://www.formula1.com/content/dam/fom-website/drivers/C/CHALEC01_Charles_Leclerc/chalec01.png.transform/1col/image.png,,15.0,15,19.0,,,,,+1 Lap,0.0,52.0
99,A GIOVINAZZI,GIO,giovinazzi,Alfa Romeo Racing,900000,alfa,Antonio,Giovinazzi,Antonio Giovinazzi,https://www.formula1.com/content/dam/fom-website/drivers/A/ANTGIO01_Antonio_Giovinazzi/antgio01.png.transform/1col/image.png,,16.0,16,17.0,,,,,+1 Lap,0.0,52.0
22,Y TSUNODA,TSU,tsunoda,AlphaTauri,2B4562,alphatauri,Yuki,Tsunoda,Yuki Tsunoda,https://www.formula1.com/content/dam/fom-website/drivers/Y/YUKTSU01_Yuki_Tsunoda/yuktsu01.png.transform/1col/image.png,,17.0,17,12.0,,,,,+1 Lap,0.0,52.0
9,N MAZEPIN,MAZ,mazepin,Haas F1 Team,FFFFFF,haas,Nikita,Mazepin,Nikita Mazepin,https://www.formula1.com/content/dam/fom-website/drivers/N/NIKMAZ01_Nikita_Mazepin/nikmaz01.png.transform/1col/image.png,,18.0,18,15.0,,,,,+2 Laps,0.0,51.0
6,N LATIFI,LAT,latifi,Williams,005AFF,williams,Nicholas,Latifi,Nicholas Latifi,https://www.formula1.com/content/dam/fom-website/drivers/N/NICLAF01_Nicholas_Latifi/niclaf01.png.transform/1col/image.png,,19.0,19,18.0,,,,,Accident,0.0,47.0
47,M SCHUMACHER,MSC,mick_schumacher,Haas F1 Team,FFFFFF,haas,Mick,Schumacher,Mick Schumacher,https://www.formula1.com/content/dam/fom-website/drivers/M/MICSCH02_Mick_Schumacher/micsch02.png.transform/1col/image.png,,20.0,R,14.0,,,,,Oil leak,0.0,32.0
44,L HAMILTON,HAM,hamilton,Mercedes,00D2BE,mercedes,Lewis,Hamilton,Lewis Hamilton,https://www.formula1.com/content/dam/fom-website/drivers/L/LEWHAM01_Lewis_Hamilton/lewham01.png.transform/1col/image.png,,1.0,,,0 days 00:01:24.585000,0 days 00:01:23.082000,0 days 00:01:22.868000,,,,
77,V BOTTAS,BOT,bottas,Mercedes,00D2BE,mercedes,Valtteri,Bottas,Valtteri Bottas,https://www.formula1.com/content/dam/fom-website/drivers/V/VALBOT01_Valtteri_Bottas/valbot01.png.transform/1col/image.png,,2.0,,,0 days 00:01:25.047000,0 days 00:01:23.579000,0 days 00:01:22.998000,,,,
33,M VERSTAPPEN,VER,max_verstappen,Red Bull Racing,0600EF,red_bull,Max,Verstappen,Max Verstappen,https://www.formula1.com/content/dam/fom-website/drivers/M/MAXVER01_Max_Verstappen/maxver01.png.transform/1col/image.png,,3.0,,,0 days 00:01:24.592000,0 days 00:01:23.732000,0 days 00:01:23.196000,,,,
16,C LECLERC,LEC,leclerc,Ferrari,DC0004,ferrari,Charles,Leclerc,Charles Leclerc,https://www.formula1.com/content/dam/fom-website/drivers/C/CHALEC01_Charles_Leclerc/chalec01.png.transform/1col/image.png,,4.0,,,0 days 00:01:24.869000,0 days 00:01:24.015000,0 days 00:01:23.265000,,,,
10,P GASLY,GAS,gasly,AlphaTauri,2B4562,alphatauri,Pierre,Gasly,Pierre Gasly,https://www.formula1.com/content/dam/fom-website/drivers/P/PIEGAS01_Pierre_Gasly/piegas01.png.transform/1col/image.png,,5.0,,,0 days 00:01:24.704000,0 days 00:01:23.817000,0 days 00:01:23.326000,,,,
14,F ALONSO,ALO,alonso,Alpine,0090FF,alpine,Fernando,Alonso,Fernando Alonso,https://www.formula1.com/content/dam/fom-website/drivers/F/FERALO01_Fernando_Alonso/feralo01.png.transform/1col/image.png,,6.0,,,0 days 00:01:25.174000,0 days 00:01:23.914000,0 days 00:01:23.477000,,,,
11,S PEREZ,PER,perez,Red Bull Racing,0600EF,red_bull,Sergio,Perez,Sergio Perez,https://www.formula1.com/content/dam/fom-website/drivers/S/SERPER01_Sergio_Perez/serper01.png.transform/1col/image.png,,7.0,,,0 days 00:01:24.963000,0 days 00:01:23.961000,0 days 00:01:23.706000,,,,
4,L NORRIS,NOR,norris,McLaren,FF9800,mclaren,Lando,Norris,Lando Norris,https://www.formula1.com/content/dam/fom-website/drivers/L/LANNOR01_Lando_Norris/lannor01.png.transform/1col/image.png,,8.0,,,0 days 00:01:25.138000,0 days 00:01:24.642000,0 days 00:01:23.954000,,,,
18,L STROLL,STR,stroll,Aston Martin,006F62,aston_martin,Lance,Stroll,Lance Stroll,https://www.formula1.com/content/dam/fom-website/drivers/L/LANSTR01_Lance_Stroll/lanstr01.png.transform/1col/image.png,,9.0,,,0 days 00:01:25.511000,0 days 00:01:24.601000,0 days 00:01:24.305000,,,,
22,Y TSUNODA,TSU,tsunoda,AlphaTauri,2B4562,alphatauri,Yuki,Tsunoda,Yuki Tsunoda,https://www.formula1.com/content/dam/fom-website/drivers/Y/YUKTSU01_Yuki_Tsunoda/yuktsu01.png.transform/1col/image.png,,10.0,,,0 days 00:01:25.409000,0 days 00:01:24.054000,0 days 00:01:24.368000,,,,
5,S VETTEL,VET,vettel,Aston Martin,006F62,aston_martin,Sebastian,Vettel,Sebastian Vettel,https://www.formula1.com/content/dam/fom-website/drivers/S/SEBVET01_Sebastian_Vettel/sebvet01.png.transform/1col/image.png,,11.0,,,0 days 00:01:25.787000,0 days 00:01:24.795000,,,,,
31,E OCON,OCO,ocon,Alpine,0090FF,alpine,Esteban,Ocon,Esteban Ocon,https://www.formula1.com/content/dam/fom-website/drivers/E/ESTOCO01_Esteban_Ocon/estoco01.png.transform/1col/image.png,,12.0,,,0 days 00:01:25.422000,0 days 00:01:24.842000,,,,,
63,G RUSSELL,RUS,russell,Williams,005AFF,williams,George,Russell,George Russell,https://www.formula1.com/content/dam/fom-website/drivers/G/GEORUS01_George_Russell/georus01.png.transform/1col/image.png,,13.0,,,0 days 00:01:25.417000,0 days 00:01:25.007000,,,,,
47,M SCHUMACHER,MSC,mick_schumacher,Haas F1 Team,FFFFFF,haas,Mick,Schumacher,Mick Schumacher,https://www.formula1.com/content/dam/fom-website/drivers/M/MICSCH02_Mick_Schumacher/micsch02.png.transform/1col/image.png,,14.0,,,0 days 00:01:25.555000,0 days 00:01:25.200000,,,,,
55,C SAINZ,SAI,sainz,Ferrari,DC0004,ferrari,Carlos,Sainz,Carlos Sainz,https://www.formula1.com/content/dam/fom-website/drivers/C/CARSAI01_Carlos_Sainz/carsai01.png.transform/1col/image.png,,15.0,,,0 days 00:01:25.177000,,,,,,
3,D RICCIARDO,RIC,ricciardo,McLaren,FF9800,mclaren,Daniel,Ricciardo,Daniel Ricciardo,https://www.formula1.com/content/dam/fom-website/drivers/D/DANRIC01_Daniel_Ricciardo/danric01.png.transform/1col/image.png,,16.0,,,0 days 00:01:25.881000,,,,,,
6,N LATIFI,LAT,latifi,Williams,005AFF,williams,Nicholas,Latifi,Nicholas Latifi,https://www.formula1.com/content/dam/fom-website/drivers/N/NICLAF01_Nicholas_Latifi/niclaf01.png.transform/1col/image.png,,17.0,,,0 days 00:01:26.086000,,,,,,
99,A GIOVINAZZI,GIO,giovinazzi,Alfa Romeo Racing,900000,alfa,Antonio,Giovinazzi,Antonio Giovinazzi,https://www.formula1.com/content/dam/fom-website/drivers/A/ANTGIO01_Antonio_Giovinazzi/antgio01.png.transform/1col/image.png,,18.0,,,0 days 00:01:26.430000,,,,,,
7,K RAIKKONEN,RAI,raikkonen,Alfa Romeo Racing,900000,alfa,Kimi,Räikkönen,Kimi Räikkönen,https://www.formula1.com/content/dam/fom-website/drivers/K/KIMRAI01_Kimi_R%C3%A4ikk%C3%B6nen/kimrai01.png.transform/1col/image.png,,19.0,,,0 days 00:01:27.525000,,,,,,
9,N MAZEPIN,MAZ,mazepin,Haas F1 Team,FFFFFF,haas,Nikita,Mazepin,Nikita Mazepin,https://www.formula1.com/content/dam/fom-website/drivers/N/NIKMAZ01_Nikita_Mazepin/nikmaz01.png.transform/1col/image.png,,20.0,,,0 days 00:01:28.449000,,,,,,
77,V BOTTAS,BOT,bottas,Mercedes,00D2BE,mercedes,Valtteri,Bottas,Valtteri Bottas,https://www.formula1.com/content/dam/fom-website/drivers/V/VALBOT01_Valtteri_Bottas/valbot01.png.transform/1col/image.png,,1.0,1,1.0,,,,0 days 01:31:04.103000,Finished,26.0,58.0
33,M VERSTAPPEN,VER,max_verstappen,Red Bull Racing,0600EF,red_bull,Max,Verstappen,Max Verstappen,https://www.formula1.com/content/dam/fom-website/drivers/M/MAXVER01_Max_Verstappen/maxver01.png.transform/1col/image.png,,2.0,2,2.0,,,,0 days 00:00:14.584000,Finished,18.0,58.0
11,S PEREZ,PER,perez,Red Bull Racing,0600EF,red_bull,Sergio,Perez,Sergio Perez,https://www.formula1.com/content/dam/fom-website/drivers/S/SERPER01_Sergio_Perez/serper01.png.transform/1col/image.png,,3.0,3,6.0,,,,0 days 00:00:33.471000,Finished,15.0,58.0
16,C LECLERC,LEC,leclerc,Ferrari,DC0004,ferrari,Charles,Leclerc,Charles Leclerc,https://www.formula1.com/content/dam/fom-website/drivers/C/CHALEC01_Charles_Leclerc/chalec01.png.transform/1col/image.png,,4.0,4,3.0,,,,0 days 00:00:37.814000,Finished,12.0,58.0
44,L HAMILTON,HAM,hamilton,Mercedes,00D2BE,mercedes,Lewis,Hamilton,Lewis Hamilton,https://www.formula1.com/content/dam/fom-website/drivers/L/LEWHAM01_Lewis_Hamilton/lewham01.png.transform/1col/image.png,,5.0,5,11.0,,,,0 days 00:00:41.812000,Finished,10.0,58.0
10,P GASLY,GAS,gasly,AlphaTauri,2B4562,alphatauri,Pierre,Gasly,Pierre Gasly,https://www.formula1.com/content/dam/fom-website/drivers/P/PIEGAS01_Pierre_Gasly/piegas01.png.transform/1col/image.png,,6.0,6,4.0,,,,0 days 00:00:44.292000,Finished,8.0,58.0
4,L NORRIS,NOR,norris,McLaren,FF9800,mclaren,Lando,Norris,Lando Norris,https://www.formula1.com/content/dam/fom-website/drivers/L/LANNOR01_Lando_Norris/lannor01.png.transform/1col/image.png,,7.0,7,7.0,,,,0 days 00:00:47.213000,Finished,6.0,58.0
55,C SAINZ,SAI,sainz,Ferrari,DC0004,ferrari,Carlos,Sainz,Carlos Sainz,https://www.formula1.com/content/dam/fom-website/drivers/C/CARSAI01_Carlos_Sainz/carsai01.png.transform/1col/image.png,,8.0,8,19.0,,,,0 days 00:00:51.526000,Finished,4.0,58.0
18,L STROLL,STR,stroll,Aston Martin,006F62,aston_martin,Lance,Stroll,Lance Stroll,https://www.formula1.com/content/dam/fom-website/drivers/L/LANSTR01_Lance_Stroll/lanstr01.png.transform/1col/image.png,,9.0,9,8.0,,,,0 days 00:01:22.018000,Finished,2.0,58.0
31,E OCON,OCO,ocon,Alpine,0090FF,alpine,Esteban,Ocon,Esteban Ocon,https://www.formula1.com/content/dam/fom-website/drivers/E/ESTOCO01_Esteban_Ocon/estoco01.png.transform/1col/image.png,,10.0,10,12.0,,,,,+1 Lap,1.0,57.0
99,A GIOVINAZZI,GIO,giovinazzi,Alfa Romeo Racing,900000,alfa,Antonio,Giovinazzi,Antonio Giovinazzi,https://www.formula1.com/content/dam/fom-website/drivers/A/ANTGIO01_Antonio_Giovinazzi/antgio01.png.transform/1col/image.png,,11.0,11,16.0,,,,,+1 Lap,0.0,57.0
7,K RAIKKONEN,RAI,raikkonen,Alfa Romeo Racing,900000,alfa,Kimi,Räikkönen,Kimi Räikkönen,https://www.formula1.com/content/dam/fom-website/drivers/K/KIMRAI01_Kimi_R%C3%A4ikk%C3%B6nen/kimrai01.png.transform/1col/image.png,,12.0,12,17.0,,,,,+1 Lap,0.0,57.0
3,D RICCIARDO,RIC,ricciardo,McLaren,FF9800,mclaren,Daniel,Ricciardo,Daniel Ricciardo,https://www.formula1.com/content/dam/fom-website/drivers/D/DANRIC01_Daniel_Ricciardo/danric01.png.transform/1col/image.png,,13.0,13,20.0,,,,,+1 Lap,0.0,57.0
22,Y TSUNODA,TSU,tsunoda,AlphaTauri,2B4562,alphatauri,Yuki,Tsunoda,Yuki Tsunoda,https://www.formula1.com/content/dam/fom-website/drivers/Y/YUKTSU01_Yuki_Tsunoda/yuktsu01.png.transform/1col/image.png,,14.0,14,9.0,,,,,+1 Lap,0.0,57.0
63,G RUSSELL,RUS,russell,Williams,005AFF,williams,George,Russell,George Russell,https://www.formula1.com/content/dam/fom-website/drivers/G/GEORUS01_George_Russell/georus01.png.transform/1col/image.png,,15.0,15,13.0,,,,,+1 Lap,0.0,57.0
14,F ALONSO,ALO,alonso,Alpine,0090FF,alpine,Fernando,Alonso,Fernando Alonso,https://www.formula1.com/content/dam/fom-website/drivers/F/FERALO01_Fernando_Alonso/feralo01.png.transform/1col/image.png,,16.0,16,5.0,,,,,+1 Lap,0.0,57.0
6,N LATIFI,LAT,latifi,Williams,005AFF,williams,Nicholas,Latifi,Nicholas Latifi,https://www.formula1.com/content/dam/fom-website/drivers/N/NICLAF01_Nicholas_Latifi/niclaf01.png.transform/1col/image.png,,17.0,17,15.0,,,,,+1 Lap,0.0,57.0
5,S VETTEL,VET,vettel,Aston Martin,006F62,aston_martin,Sebastian,Vettel,Sebastian Vettel,https://www.formula1.com/content/dam/fom-website/drivers/S/SEBVET01_Sebastian_Vettel/sebvet01.png.transform/1col/image.png,,18.0,18,10.0,,,,,+1 Lap,0.0,57.0
47,M SCHUMACHER,MSC,mick_schumacher,Haas F1 Team,FFFFFF,haas,Mick,Schumacher,Mick Schumacher,https://www.formula1.com/content/dam/fom-website/drivers/M/MICSCH02_Mick_Schumacher/micsch02.png.transform/1col/image.png,,19.0,19,14.0,,,,,+2 Laps,0.0,56.0
9,N MAZEPIN,MAZ,mazepin,Haas F1 Team,FFFFFF,haas,Nikita,Mazepin,Nikita Mazepin,https://www.formula1.com/content/dam/fom-website/drivers/N/NIKMAZ01_Nikita_Mazepin/nikmaz01.png.transform/1col/image.png,,20.0,20,18.0,,,,,+2 Laps,0.0,56.0
33,M VERSTAPPEN,VER,max_verstappen,Red Bull Racing,0600EF,red_bull,Max,Verstappen,Max Verstappen,https://www.formula1.com/content/dam/fom-website/drivers/M/MAXVER01_Max_Verstappen/maxver01.png.transform/1col/image.png,,1.0,,,0 days 00:01:34.352000,0 days 00:01:33.464000,0 days 00:01:32.910000,,,,
44,L HAMILTON,HAM,hamilton,Mercedes,00D2BE,mercedes,Lewis,Hamilton,Lewis Hamilton,https://www.formula1.com/content/dam/fom-website/drivers/L/LEWHAM01_Lewis_Hamilton/lewham01.png.transform/1col/image.png,,2.0,,,0 days 00:01:34.579000,0 days 00:01:33.797000,0 days 00:01:33.119000,,,,
11,S PEREZ,PER,perez,Red Bull Racing,0600EF,red_bull,Sergio,Perez,Sergio Perez,https://www.formula1.com/content/dam/fom-website/drivers/S/SERPER01_Sergio_Perez/serper01.png.transform/1col/image.png,,3.0,,,0 days 00:01:34.369000,0 days 00:01:34.178000,0 days 00:01:33.134000,,,,
77,V BOTTAS,BOT,bottas,Mercedes,00D2BE,mercedes,Valtteri,Bottas,Valtteri Bottas,https://www.formula1.com/content/dam/fom-website/drivers/V/VALBOT01_Valtteri_Bottas/valbot01.png.transform/1col/image.png,,4.0,,,0 days 00:01:34.590000,0 days 00:01:33.959000,0 days 00:01:33.475000,,,,
16,C LECLERC,LEC,leclerc,Ferrari,DC0004,ferrari,Charles,Leclerc,Charles Leclerc,https://www.formula1.com/content/dam/fom-website/drivers/C/CHALEC01_Charles_Leclerc/chalec01.png.transform/1col/image.png,,5.0,,,0 days 00:01:34.153000,0 days 00:01:33.928000,0 days 00:01:33.606000,,,,
55,C SAINZ,SAI,sainz,Ferrari,DC0004,ferrari,Carlos,Sainz,Carlos Sainz,https://www.formula1.com/content/dam/fom-website/drivers/C/CARSAI01_Carlos_Sainz/carsai01.png.transform/1col/image.png,,6.0,,,0 days 00:01:34.558000,0 days 00:01:34.126000,0 days 00:01:33.792000,,,,
3,D RICCIARDO,RIC,ricciardo,McLaren,FF9800,mclaren,Daniel,Ricciardo,Daniel Ricciardo,https://www.formula1.com/content/dam/fom-website/drivers/D/DANRIC01_Daniel_Ricciardo/danric01.png.transform/1col/image.png,,7.0,,,0 days 00:01:34.407000,0 days 00:01:34.643000,0 days 00:01:33.808000,,,,
4,L NORRIS,NOR,norris,McLaren,FF9800,mclaren,Lando,Norris,Lando Norris,https://www.formula1.com/content/dam/fom-website/drivers/L/LANNOR01_Lando_Norris/lannor01.png.transform/1col/image.png,,8.0,,,0 days 00:01:34.551000,0 days 00:01:33.880000,0 days 00:01:33.887000,,,,
10,P GASLY,GAS,gasly,AlphaTauri,2B4562,alphatauri,Pierre,Gasly,Pierre Gasly,https://www.formula1.com/content/dam/fom-website/drivers/P/PIEGAS01_Pierre_Gasly/piegas01.png.transform/1col/image.png,,9.0,,,0 days 00:01:34.567000,0 days 00:01:34.583000,0 days 00:01:34.118000,,,,
22,Y TSUNODA,TSU,tsunoda,AlphaTauri,2B4562,alphatauri,Yuki,Tsunoda,Yuki Tsunoda,https://www.formula1.com/content/dam/fom-website/drivers/Y/YUKTSU01_Yuki_Tsunoda/yuktsu01.png.transform/1col/image.png,,10.0,,,0 days 00:01:35.360000,0 days 00:01:35.137000,0 days 00:01:34.918000,,,,
31,E OCON,OCO,ocon,Alpine,0090FF,alpine,Esteban,Ocon,Esteban Ocon,https://www.formula1.com/content/dam/fom-website/drivers/E/ESTOCO01_Esteban_Ocon/estoco01.png.transform/1col/image.png,,11.0,,,0 days 00:01:35.747000,0 days 00:01:35.377000,,,,,
5,S VETTEL,VET,vettel,Aston Martin,006F62,aston_martin,Sebastian,Vettel,Sebastian Vettel,https://www.formula1.com/content/dam/fom-website/drivers/S/SEBVET01_Sebastian_Vettel/sebvet01.png.transform/1col/image.png,,12.0,,,0 days 00:01:35.281000,0 days 00:01:35.500000,,,,,
99,A GIOVINAZZI,GIO,giovinazzi,Alfa Romeo Racing,900000,alfa,Antonio,Giovinazzi,Antonio Giovinazzi,https://www.formula1.com/content/dam/fom-website/drivers/A/ANTGIO01_Antonio_Giovinazzi/antgio01.png.transform/1col/image.png,,13.0,,,0 days 00:01:35.920000,0 days 00:01:35.794000,,,,,
14,F ALONSO,ALO,alonso,Alpine,0090FF,alpine,Fernando,Alonso,Fernando Alonso,https://www.formula1.com/content/dam/fom-website/drivers/F/FERALO01_Fernando_Alonso/feralo01.png.transform/1col/image.png,,14.0,,,0 days 00:01:35.756000,0 days 00:01:44.549000,,,,,
63,G RUSSELL,RUS,russell,Williams,005AFF,williams,George,Russell,George Russell,https://www.formula1.com/content/dam/fom-website/drivers/G/GEORUS01_George_Russell/georus01.png.transform/1col/image.png,,15.0,,,0 days 00:01:35.746000,,,,,,
18,L STROLL,STR,stroll,Aston Martin,006F62,aston_martin,Lance,Stroll,Lance Stroll,https://www.formula1.com/content/dam/fom-website/drivers/L/LANSTR01_Lance_Stroll/lanstr01.png.transform/1col/image.png,,16.0,,,0 days 00:01:35.983000,,,,,,
6,N LATIFI,LAT,latifi,Williams,005AFF,williams,Nicholas,Latifi,Nicholas Latifi,https://www.formula1.com/content/dam/fom-website/drivers/N/NICLAF01_Nicholas_Latifi/niclaf01.png.transform/1col/image.png,,17.0,,,0 days 00:01:35.995000,,,,,,
7,K RAIKKONEN,RAI,raikkonen,Alfa Romeo Racing,900000,alfa,Kimi,Räikkönen,Kimi Räikkönen,https://www.formula1.com/content/dam/fom-website/drivers/K/KIMRAI01_Kimi_R%C3%A4ikk%C3%B6nen/kimrai01.png.transform/1col/image.png,,18.0,,,0 days 00:01:36.311000,,,,,,
47,M SCHUMACHER,MSC,mick_schumacher,Haas F1 Team,FFFFFF,haas,Mick,Schumacher,Mick Schumacher,https://www.formula1.com/content/dam/fom-website/drivers/M/MICSCH02_Mick_Schumacher/micsch02.png.transform/1col/image.png,,19.0,,,0 days 00:01:36.499000,,,,,,
9,N MAZEPIN,MAZ,mazepin,Haas F1 Team,FFFFFF,haas,Nikita,Mazepin,Nikita Mazepin,https://www.formula1.com/content/dam/fom-website/drivers/N/NIKMAZ01_Nikita_Mazepin/nikmaz01.png.transform/1col/image.png,,20.0,,,0 days 00:01:36.796000,,,,,,
33,M VERSTAPPEN,VER,max_verstappen,Red Bull Racing,0600EF,red_bull,Max,Verstappen,Max Verstappen,https://www.formula1.com/content/dam/fom-website/drivers/M/MAXVER01_Max_Verstappen/maxver01.png.transform/1col/image.png,,1.0,1,1.0,,,,0 days 01:34:36.552000,Finished,25.0,56.0
44,L HAMILTON,HAM,hamilton,Mercedes,00D2BE,mercedes,Lewis,Hamilton,Lewis Hamilton,https://www.formula1.com/content/dam/fom-website/drivers/L/LEWHAM01_Lewis_Hamilton/lewham01.png.transform/1col/image.png,,2.0,2,2.0,,,,0 days 00:00:01.333000,Finished,19.0,56.0
11,S PEREZ,PER,perez,Red Bull Racing,0600EF,red_bull,Sergio,Perez,Sergio Perez,https://www.formula1.com/content/dam/fom-website/drivers/S/SERPER01_Sergio_Perez/serper01.png.transform/1col/image.png,,3.0,3,3.0,,,,0 days 00:00:42.223000,Finished,15.0,56.0
16,C LECLERC,LEC,leclerc,Ferrari,DC0004,ferrari,Charles,Leclerc,Charles Leclerc,https://www.formula1.com/content/dam/fom-website/drivers/C/CHALEC01_Charles_Leclerc/chalec01.png.transform/1col/image.png,,4.0,4,4.0,,,,0 days 00:00:52.246000,Finished,12.0,56.0
3,D RICCIARDO,RIC,ricciardo,McLaren,FF9800,mclaren,Daniel,Ricciardo,Daniel Ricciardo,https://www.formula1.com/content/dam/fom-website/drivers/D/DANRIC01_Daniel_Ricciardo/danric01.png.transform/1col/image.png,,5.0,5,6.0,,,,0 days 00:01:16.854000,Finished,10.0,56.0
77,V BOTTAS,BOT,bottas,Mercedes,00D2BE,mercedes,Valtteri,Bottas,Valtteri Bottas,https://www.formula1.com/content/dam/fom-website/drivers/V/VALBOT01_Valtteri_Bottas/valbot01.png.transform/1col/image.png,,6.0,6,9.0,,,,0 days 00:01:20.128000,Finished,8.0,56.0
55,C SAINZ,SAI,sainz,Ferrari,DC0004,ferrari,Carlos,Sainz,Carlos Sainz,https://www.formula1.com/content/dam/fom-website/drivers/C/CARSAI01_Carlos_Sainz/carsai01.png.transform/1col/image.png,,7.0,7,5.0,,,,0 days 00:01:23.545000,Finished,6.0,56.0
4,L NORRIS,NOR,norris,McLaren,FF9800,mclaren,Lando,Norris,Lando Norris,https://www.formula1.com/content/dam/fom-website/drivers/L/LANNOR01_Lando_Norris/lannor01.png.transform/1col/image.png,,8.0,8,7.0,,,,0 days 00:01:24.395000,Finished,4.0,56.0
22,Y TSUNODA,TSU,tsunoda,AlphaTauri,2B4562,alphatauri,Yuki,Tsunoda,Yuki Tsunoda,https://www.formula1.com/content/dam/fom-website/drivers/Y/YUKTSU01_Yuki_Tsunoda/yuktsu01.png.transform/1col/image.png,,9.0,9,10.0,,,,,+1 Lap,2.0,55.0
5,S VETTEL,VET,vettel,Aston Martin,006F62,aston_martin,Sebastian,Vettel,Sebastian Vettel,https://www.formula1.com/content/dam/fom-website/drivers/S/SEBVET01_Sebastian_Vettel/sebvet01.png.transform/1col/image.png,,10.0,10,18.0,,,,,+1 Lap,1.0,55.0
99,A GIOVINAZZI,GIO,giovinazzi,Alfa Romeo Racing,900000,alfa,Antonio,Giovinazzi,Antonio Giovinazzi,https://www.formula1.com/content/dam/fom-website/drivers/A/ANTGIO01_Antonio_Giovinazzi/antgio01.png.transform/1col/image.png,,11.0,11,12.0,,,,,+1 Lap,0.0,55.0
18,L STROLL,STR,stroll,Aston Martin,006F62,aston_martin,Lance,Stroll,Lance Stroll,https://www.formula1.com/content/dam/fom-website/drivers/L/LANSTR01_Lance_Stroll/lanstr01.png.transform/1col/image.png,,12.0,12,13.0,,,,,+1 Lap,0.0,55.0
7,K RAIKKONEN,RAI,raikkonen,Alfa Romeo Racing,900000,alfa,Kimi,Räikkönen,Kimi Räikkönen,https://www.formula1.com/content/dam/fom-website/drivers/K/KIMRAI01_Kimi_R%C3%A4ikk%C3%B6nen/kimrai01.png.transform/1col/image.png,,13.0,13,15.0,,,,,+1 Lap,0.0,55.0
63,G RUSSELL,RUS,russell,Williams,005AFF,williams,George,Russell,George Russell,https://www.formula1.com/content/dam/fom-website/drivers/G/GEORUS01_George_Russell/georus01.png.transform/1col/image.png,,14.0,14,20.0,,,,,+1 Lap,0.0,55.0
6,N LATIFI,LAT,latifi,Williams,005AFF,williams,Nicholas,Latifi,Nicholas Latifi,https://www.formula1.com/content/dam/fom-website/drivers/N/NICLAF01_Nicholas_Latifi/niclaf01.png.transform/1col/image.png,,15.0,15,14.0,,,,,+1 Lap,0.0,55.0
47,M SCHUMACHER,MSC,mick_schumacher,Haas F1 Team,FFFFFF,haas,Mick,Schumacher,Mick Schumacher,https://www.formula1.com/content/dam/fom-website/drivers/M/MICSCH02_Mick_Schumacher/micsch02.png.transform/1col/image.png,,16.0,16,16.0,,,,,+2 Laps,0.0,54.0
9,N MAZEPIN,MAZ,mazepin,Haas F1 Team,FFFFFF,haas,Nikita,Mazepin,Nikita Mazepin,https://www.formula1.com/content/dam/fom-website/drivers/N/NIKMAZ01_Nikita_Mazepin/nikmaz01.png.transform/1col/image.png,,17.0,17,17.0,,,,,+2 Laps,0.0,54.0
14,F ALONSO,ALO,alonso,Alpine,0090FF,alpine,Fernando,Alonso,Fernando Alonso,https://www.formula1.com/content/dam/fom-website/drivers/F/FERALO01_Fernando_Alonso/feralo01.png.transform/1col/image.png,,18.0,R,19.0,,,,,Rear wing,0.0,49.0
31,E OCON,OCO,ocon,Alpine,0090FF,alpine,Esteban,Ocon,Esteban Ocon,https://www.formula1.com/content/dam/fom-website/drivers/E/ESTOCO01_Esteban_Ocon/estoco01.png.transform/1col/image.png,,19.0,R,11.0,,,,,Mechanical,0.0,40.0
10,P GASLY,GAS,gasly,AlphaTauri,2B4562,alphatauri,Pierre,Gasly,Pierre Gasly,https://www.formula1.com/content/dam/fom-website/drivers/P/PIEGAS01_Pierre_Gasly/piegas01.png.transform/1col/image.png,,20.0,R,8.0,,,,,Suspension,0.0,14.0
77,V BOTTAS,BOT,bottas,Mercedes,00D2BE,mercedes,Valtteri,Bottas,Valtteri Bottas,https://www.formula1.com/content/dam/fom-website/drivers/V/VALBOT01_Valtteri_Bottas/valbot01.png.transform/1col/image.png,,1.0,,,0 days 00:01:16.727000,0 days 00:01:16.864000,0 days 00:01:15.875000,,,,
44,L HAMILTON,HAM,hamilton,Mercedes,00D2BE,mercedes,Lewis,Hamilton,Lewis Hamilton,https://www.formula1.com/content/dam/fom-website/drivers/L/LEWHAM01_Lewis_Hamilton/lewham01.png.transform/1col/image.png,,2.0,,,0 days 00:01:17.207000,0 days 00:01:16.474000,0 days 00:01:16.020000,,,,
33,M VERSTAPPEN,VER,max_verstappen,Red Bull Racing,0600EF,red_bull,Max,Verstappen,Max Verstappen,https://www.formula1.com/content/dam/fom-website/drivers/M/MAXVER01_Max_Verstappen/maxver01.png.transform/1col/image.png,,3.0,,,0 days 00:01:16.788000,0 days 00:01:16.483000,0 days 00:01:16.225000,,,,
11,S PEREZ,PER,perez,Red Bull Racing,0600EF,red_bull,Sergio,Perez,Sergio Perez,https://www.formula1.com/content/dam/fom-website/drivers/S/SERPER01_Sergio_Perez/serper01.png.transform/1col/image.png,,4.0,,,0 days 00:01:17.003000,0 days 00:01:17.055000,0 days 00:01:16.342000,,,,
10,P GASLY,GAS,gasly,AlphaTauri,2B4562,alphatauri,Pierre,Gasly,Pierre Gasly,https://www.formula1.com/content/dam/fom-website/drivers/P/PIEGAS01_Pierre_Gasly/piegas01.png.transform/1col/image.png,,5.0,,,0 days 00:01:16.908000,0 days 00:01:16.955000,0 days 00:01:16.456000,,,,
55,C SAINZ,SAI,sainz,Ferrari,DC0004,ferrari,Carlos,Sainz,Carlos Sainz,https://www.formula1.com/content/dam/fom-website/drivers/C/CARSAI01_Carlos_Sainz/carsai01.png.transform/1col/image.png,,6.0,,,0 days 00:01:17.517000,0 days 00:01:17.248000,0 days 00:01:16.761000,,,,
3,D RICCIARDO,RIC,ricciardo,McLaren,FF9800,mclaren,Daniel,Ricciardo,Daniel Ricciardo,https://www.formula1.com/content/dam/fom-website/drivers/D/DANRIC01_Daniel_Ricciardo/danric01.png.transform/1col/image.png,,7.0,,,0 days 00:01:17.719000,0 days 00:01:17.092000,0 days 00:01:16.763000,,,,
16,C LECLERC,LEC,leclerc,Ferrari,DC0004,ferrari,Charles,Leclerc,Charles Leclerc,https://www.formula1.com/content/dam/fom-website/drivers/C/CHALEC01_Charles_Leclerc/chalec01.png.transform/1col/image.png,,8.0,,,0 days 00:01:16.748000,0 days 00:01:17.034000,0 days 00:01:16.837000,,,,
22,Y TSUNODA,TSU,tsunoda,AlphaTauri,2B4562,alphatauri,Yuki,Tsunoda,Yuki Tsunoda,https://www.formula1.com/content/dam/fom-website/drivers/Y/YUKTSU01_Yuki_Tsunoda/yuktsu01.png.transform/1col/image.png,,9.0,,,0 days 00:01:17.330000,0 days 00:01:16.701000,0 days 00:01:17.158000,,,,
4,L NORRIS,NOR,norris,McLaren,FF9800,mclaren,Lando,Norris,Lando Norris,https://www.formula1.com/content/dam/fom-website/drivers/L/LANNOR01_Lando_Norris/lannor01.png.transform/1col/image.png,,10.0,,,0 days 00:01:17.569000,0 days 00:01:17.473000,0 days 00:01:36.830000,,,,
5,S VETTEL,VET,vettel,Aston Martin,006F62,aston_martin,Sebastian,Vettel,Sebastian Vettel,https://www.formula1.com/content/dam/fom-website/drivers/S/SEBVET01_Sebastian_Vettel/sebvet01.png.transform/1col/image.png,,11.0,,,0 days 00:01:17.502000,0 days 00:01:17.746000,,,,,
7,K RAIKKONEN,RAI,raikkonen,Alfa Romeo Racing,900000,alfa,Kimi,Räikkönen,Kimi Räikkönen,https://www.formula1.com/content/dam/fom-website/drivers/K/KIMRAI01_Kimi_R%C3%A4ikk%C3%B6nen/kimrai01.png.transform/1col/image.png,,12.0,,,0 days 00:01:17.606000,0 days 00:01:17.958000,,,,,
63,G RUSSELL,RUS,russell,Williams,005AFF,williams,George,Russell,George Russell,https://www.formula1.com/content/dam/fom-website/drivers/G/GEORUS01_George_Russell/georus01.png.transform/1col/image.png,,13.0,,,0 days 00:01:17.958000,0 days 00:01:18.172000,,,,,
99,A GIOVINAZZI,GIO,giovinazzi,Alfa Romeo Racing,900000,alfa,Antonio,Giovinazzi,Antonio Giovinazzi,https://www.formula1.com/content/dam/fom-website/drivers/A/ANTGIO01_Antonio_Giovinazzi/antgio01.png.transform/1col/image.png,,14.0,,,0 days 00:01:17.897000,0 days 00:01:18.290000,,,,,
31,E OCON,OCO,ocon,Alpine,0090FF,alpine,Esteban,Ocon,Esteban Ocon,https://www.formula1.com/content/dam/fom-website/drivers/E/ESTOCO01_Esteban_Ocon/estoco01.png.transform/1col/image.png,,15.0,,,0 days 00:01:18.126000,0 days 00:01:18.405000,,,,,
14,F ALONSO,ALO,alonso,Alpine,0090FF,alpine,Fernando,Alonso,Fernando Alonso,https://www.formula1.com/content/dam/fom-website/drivers/F/FERALO01_Fernando_Alonso/feralo01.png.transform/1col/image.png,,16.0,,,0 days 00:01:18.452000,,,,,,
6,N LATIFI,LAT,latifi,Williams,005AFF,williams,Nicholas,Latifi,Nicholas Latifi,https://www.formula1.com/content/dam/fom-website/drivers/N/NICLAF01_Nicholas_Latifi/niclaf01.png.transform/1col/image.png,,17.0,,,0 days 00:01:18.756000,,,,,,
47,M SCHUMACHER,MSC,mick_schumacher,Haas F1 Team,FFFFFF,haas,Mick,Schumacher,Mick Schumacher,https://www.formula1.com/content/dam/fom-website/drivers/M/MICSCH02_Mick_Schumacher/micsch02.png.transform/1col/image.png,,18.0,,,0 days 00:01:18.858000,,,,,,
9,N MAZEPIN,MAZ,mazepin,Haas F1 Team,FFFFFF,haas,Nikita,Mazepin,Nikita Mazepin,https://www.formula1.com/content/dam/fom-website/drivers/N/NIKMAZ01_Nikita_Mazepin/nikmaz01.png.transform/1col/image.png,,19.0,,,0 days 00:01:19.303000,,,,,,
18,L STROLL,STR,stroll,Aston Martin,006F62,aston_martin,Lance,Stroll,Lance Stroll,https://www.formula1.com/content/dam/fom-website/drivers/L/LANSTR01_Lance_Stroll/lanstr01.png.transform/1col/image.png,,20.0,,,0 days 00:01:20.873000,,,,,,
33,M VERSTAPPEN,VER,max_verstappen,Red Bull Racing,0600EF,red_bull,Max,Verstappen,Max Verstappen,https://www.formula1.com/content/dam/fom-website/drivers/M/MAXVER01_Max_Verstappen/maxver01.png.transform/1col/image.png,,1.0,1,3.0,,,,0 days 01:38:39.086000,Finished,25.0,71.0
44,L HAMILTON,HAM,hamilton,Mercedes,00D2BE,mercedes,Lewis,Hamilton,Lewis Hamilton,https://www.formula1.com/content/dam/fom-website/drivers/L/LEWHAM01_Lewis_Hamilton/lewham01.png.transform/1col/image.png,,2.0,2,2.0,,,,0 days 00:00:16.555000,Finished,18.0,71.0
11,S PEREZ,PER,perez,Red Bull Racing,0600EF,red_bull,Sergio,Perez,Sergio Perez,https://www.formula1.com/content/dam/fom-website/drivers/S/SERPER01_Sergio_Perez/serper01.png.transform/1col/image.png,,3.0,3,4.0,,,,0 days 00:00:17.752000,Finished,15.0,71.0
10,P GASLY,GAS,gasly,AlphaTauri,2B4562,alphatauri,Pierre,Gasly,Pierre Gasly,https://www.formula1.com/content/dam/fom-website/drivers/P/PIEGAS01_Pierre_Gasly/piegas01.png.transform/1col/image.png,,4.0,4,5.0,,,,0 days 00:01:03.845000,Finished,12.0,71.0
16,C LECLERC,LEC,leclerc,Ferrari,DC0004,ferrari,Charles,Leclerc,Charles Leclerc,https://www.formula1.com/content/dam/fom-website/drivers/C/CHALEC01_Charles_Leclerc/chalec01.png.transform/1col/image.png,,5.0,5,8.0,,,,0 days 00:01:21.037000,Finished,10.0,71.0
55,C SAINZ,SAI,sainz,Ferrari,DC0004,ferrari,Carlos,Sainz,Carlos Sainz,https://www.formula1.com/content/dam/fom-website/drivers/C/CARSAI01_Carlos_Sainz/carsai01.png.transform/1col/image.png,,6.0,6,6.0,,,,,+1 Lap,8.0,70.0
5,S VETTEL,VET,vettel,Aston Martin,006F62,aston_martin,Sebastian,Vettel,Sebastian Vettel,https://www.formula1.com/content/dam/fom-website/drivers/S/SEBVET01_Sebastian_Vettel/sebvet01.png.transform/1col/image.png,,7.0,7,9.0,,,,,+1 Lap,6.0,70.0
7,K RAIKKONEN,RAI,raikkonen,Alfa Romeo Racing,900000,alfa,Kimi,Räikkönen,Kimi Räikkönen,https://www.formula1.com/content/dam/fom-website/drivers/K/KIMRAI01_Kimi_R%C3%A4ikk%C3%B6nen/kimrai01.png.transform/1col/image.png,,8.0,8,10.0,,,,,+1 Lap,4.0,70.0
14,F ALONSO,ALO,alonso,Alpine,0090FF,alpine,Fernando,Alonso,Fernando Alonso,https://www.formula1.com/content/dam/fom-website/drivers/F/FERALO01_Fernando_Alonso/feralo01.png.transform/1col/image.png,,9.0,9,12.0,,,,,+1 Lap,2.0,70.0
4,L NORRIS,NOR,norris,McLaren,FF9800,mclaren,Lando,Norris,Lando Norris,https://www.formula1.com/content/dam/fom-website/drivers/L/LANNOR01_Lando_Norris/lannor01.png.transform/1col/image.png,,10.0,10,18.0,,,,,+1 Lap,1.0,70.0
99,A GIOVINAZZI,GIO,giovinazzi,Alfa Romeo Racing,900000,alfa,Antonio,Giovinazzi,Antonio Giovinazzi,https://www.formula1.com/content/dam/fom-website/drivers/A/ANTGIO01_Antonio_Giovinazzi/antgio01.png.transform/1col/image.png,,11.0,11,11.0,,,,,+1 Lap,0.0,70.0
3,D RICCIARDO,RIC,ricciardo,McLaren,FF9800,mclaren,Daniel,Ricciardo,Daniel Ricciardo,https://www.formula1.com/content/dam/fom-website/drivers/D/DANRIC01_Daniel_Ricciardo/danric01.png.transform/1col/image.png,,12.0,12,7.0,,,,,+1 Lap,0.0,70.0
31,E OCON,OCO,ocon,Alpine,0090FF,alpine,Esteban,Ocon,Esteban Ocon,https://www.formula1.com/content/dam/fom-website/drivers/E/ESTOCO01_Esteban_Ocon/estoco01.png.transform/1col/image.png,,13.0,13,19.0,,,,,+1 Lap,0.0,70.0
18,L STROLL,STR,stroll,Aston Martin,006F62,aston_martin,Lance,Stroll,Lance Stroll,https://www.formula1.com/content/dam/fom-website/drivers/L/LANSTR01_Lance_Stroll/lanstr01.png.transform/1col/image.png,,14.0,14,20.0,,,,,+2 Laps,0.0,69.0
77,V BOTTAS,BOT,bottas,Mercedes,00D2BE,mercedes,Valtteri,Bottas,Valtteri Bottas,https://www.formula1.com/content/dam/fom-website/drivers/V/VALBOT01_Valtteri_Bottas/valbot01.png.transform/1col/image.png,,15.0,15,1.0,,,,,+2 Laps,0.0,69.0
63,G RUSSELL,RUS,russell,Williams,005AFF,williams,George,Russell,George Russell,https://www.formula1.com/content/dam/fom-website/drivers/G/GEORUS01_George_Russell/georus01.png.transform/1col/image.png,,16.0,16,16.0,,,,,+2 Laps,0.0,69.0
6,N LATIFI,LAT,latifi,Williams,005AFF,williams,Nicholas,Latifi,Nicholas Latifi,https://www.formula1.com/content/dam/fom-website/drivers/N/NICLAF01_Nicholas_Latifi/niclaf01.png.transform/1col/image.png,,17.0,17,13.0,,,,,+2 Laps,0.0,69.0
9,N MAZEPIN,MAZ,mazepin,Haas F1 Team,FFFFFF,haas,Nikita,Mazepin,Nikita Mazepin,https://www.formula1.com/content/dam/fom-website/drivers/N/NIKMAZ01_Nikita_Mazepin/nikmaz01.png.transform/1col/image.png,,18.0,18,15.0,,,,,+3 Laps,0.0,68.0
47,M SCHUMACHER,MSC,mick_schumacher,Haas F1 Team,FFFFFF,haas,Mick,Schumacher,Mick Schumacher,https://www.formula1.com/content/dam/fom-website/drivers/M/MICSCH02_Mick_Schumacher/micsch02.png.transform/1col/image.png,,19.0,R,14.0,,,,,Collision,0.0,0.0
22,Y TSUNODA,TSU,tsunoda,AlphaTauri,2B4562,alphatauri,Yuki,Tsunoda,Yuki Tsunoda,https://www.formula1.com/content/dam/fom-website/drivers/Y/YUKTSU01_Yuki_Tsunoda/yuktsu01.png.transform/1col/image.png,,20.0,R,17.0,,,,,Collision,0.0,0.0
44,L HAMILTON,HAM,hamilton,Mercedes,00D2BE,mercedes,Lewis,Hamilton,Lewis Hamilton,https://www.formula1.com/content/dam/fom-website/drivers/L/LEWHAM01_Lewis_Hamilton/lewham01.png.transform/1col/image.png,,1.0,,,0 days 00:01:08.733000,0 days 00:01:08.068000,0 days 00:01:07.934000,,,,
33,M VERSTAPPEN,VER,max_verstappen,Red Bull Racing,0600EF,red_bull,Max,Verstappen,Max Verstappen,https://www.formula1.com/content/dam/fom-website/drivers/M/MAXVER01_Max_Verstappen/maxver01.png.transform/1col/image.png,,2.0,,,0 days 00:01:09.329000,0 days 00:01:08.499000,0 days 00:01:08.372000,,,,
77,V BOTTAS,BOT,bottas,Mercedes,00D2BE,mercedes,Valtteri,Bottas,Valtteri Bottas,https://www.formula1.com/content/dam/fom-website/drivers/V/VALBOT01_Valtteri_Bottas/valbot01.png.transform/1col/image.png,,3.0,,,0 days 00:01:09.040000,0 days 00:01:08.426000,0 days 00:01:08.469000,,,,
11,S PEREZ,PER,perez,Red Bull Racing,0600EF,red_bull,Sergio,Perez,Sergio Perez,https://www.formula1.com/content/dam/fom-website/drivers/S/SERPER01_Sergio_Perez/serper01.png.transform/1col/image.png,,4.0,,,0 days 00:01:09.172000,0 days 00:01:08.973000,0 days 00:01:08.483000,,,,
10,P GASLY,GAS,gasly,AlphaTauri,2B4562,alphatauri,Pierre,Gasly,Pierre Gasly,https://www.formula1.com/content/dam/fom-website/drivers/P/PIEGAS01_Pierre_Gasly/piegas01.png.transform/1col/image.png,,5.0,,,0 days 00:01:09.347000,0 days 00:01:08.903000,0 days 00:01:08.777000,,,,
55,C SAINZ,SAI,sainz,Ferrari,DC0004,ferrari,Carlos,Sainz,Carlos Sainz,https://www.formula1.com/content/dam/fom-website/drivers/C/CARSAI01_Carlos_Sainz/carsai01.png.transform/1col/image.png,,6.0,,,0 days 00:01:09.046000,0 days 00:01:09.031000,0 days 00:01:08.826000,,,,
16,C LECLERC,LEC,leclerc,Ferrari,DC0004,ferrari,Charles,Leclerc,Charles Leclerc,https://www.formula1.com/content/dam/fom-website/drivers/C/CHALEC01_Charles_Leclerc/chalec01.png.transform/1col/image.png,,7.0,,,0 days 00:01:09.155000,0 days 00:01:08.859000,0 days 00:01:08.960000,,,,
4,L NORRIS,NOR,norris,McLaren,FF9800,mclaren,Lando,Norris,Lando Norris,https://www.formula1.com/content/dam/fom-website/drivers/L/LANNOR01_Lando_Norris/lannor01.png.transform/1col/image.png,,8.0,,,0 days 00:01:09.365000,0 days 00:01:09.030000,0 days 00:01:08.980000,,,,
3,D RICCIARDO,RIC,ricciardo,McLaren,FF9800,mclaren,Daniel,Ricciardo,Daniel Ricciardo,https://www.formula1.com/content/dam/fom-website/drivers/D/DANRIC01_Daniel_Ricciardo/danric01.png.transform/1col/image.png,,9.0,,,0 days 00:01:09.374000,0 days 00:01:09.093000,0 days 00:01:09.039000,,,,
14,F ALONSO,ALO,alonso,Alpine,0090FF,alpine,Fernando,Alonso,Fernando Alonso,https://www.formula1.com/content/dam/fom-website/drivers/F/FERALO01_Fernando_Alonso/feralo01.png.transform/1col/image.png,,10.0,,,0 days 00:01:09.391000,0 days 00:01:09.137000,0 days 00:01:09.113000,,,,
31,E OCON,OCO,ocon,Alpine,0090FF,alpine,Esteban,Ocon,Esteban Ocon,https://www.formula1.com/content/dam/fom-website/drivers/E/ESTOCO01_Esteban_Ocon/estoco01.png.transform/1col/image.png,,11.0,,,0 days 00:01:09.430000,0 days 00:01:09.189000,,,,,
5,S VETTEL,VET,vettel,Aston Martin,006F62,aston_martin,Sebastian,Vettel,Sebastian Vettel,https://www.formula1.com/content/dam/fom-website/drivers/S/SEBVET01_Sebastian_Vettel/sebvet01.png.transform/1col/image.png,,12.0,,,0 days 00:01:09.451000,0 days 00:01:09.399000,,,,,
22,Y TSUNODA,TSU,tsunoda,AlphaTauri,2B4562,alphatauri,Yuki,Tsunoda,Yuki Tsunoda,https://www.formula1.com/content/dam/fom-website/drivers/Y/YUKTSU01_Yuki_Tsunoda/yuktsu01.png.transform/1col/image.png,,13.0,,,0 days 00:01:09.350000,0 days 00:01:09.483000,,,,,
7,K RAIKKONEN,RAI,raikkonen,Alfa Romeo Racing,900000,alfa,Kimi,Räikkönen,Kimi Räikkönen,https://www.formula1.com/content/dam/fom-website/drivers/K/KIMRAI01_Kimi_R%C3%A4ikk%C3%B6nen/kimrai01.png.transform/1col/image.png,,14.0,,,0 days 00:01:09.598000,0 days 00:01:09.503000,,,,,
99,A GIOVINAZZI,GIO,giovinazzi,Alfa Romeo Racing,900000,alfa,Antonio,Giovinazzi,Antonio Giovinazzi,https://www.formula1.com/content/dam/fom-website/drivers/A/ANTGIO01_Antonio_Giovinazzi/antgio01.png.transform/1col/image.png,,15.0,,,0 days 00:01:09.342000,0 days 00:01:10.227000,,,,,
18,L STROLL,STR,stroll,Aston Martin,006F62,aston_martin,Lance,Stroll,Lance Stroll,https://www.formula1.com/content/dam/fom-website/drivers/L/LANSTR01_Lance_Stroll/lanstr01.png.transform/1col/image.png,,16.0,,,0 days 00:01:09.663000,,,,,,
6,N LATIFI,LAT,latifi,Williams,005AFF,williams,Nicholas,Latifi,Nicholas Latifi,https://www.formula1.com/content/dam/fom-website/drivers/N/NICLAF01_Nicholas_Latifi/niclaf01.png.transform/1col/image.png,,17.0,,,0 days 00:01:09.897000,,,,,,
63,G RUSSELL,RUS,russell,Williams,005AFF,williams,George,Russell,George Russell,https://www.formula1.com/content/dam/fom-website/drivers/G/GEORUS01_George_Russell/georus01.png.transform/1col/image.png,,18.0,,,0 days 00:01:09.953000,,,,,,
47,M SCHUMACHER,MSC,mick_schumacher,Haas F1 Team,FFFFFF,haas,Mick,Schumacher,Mick Schumacher,https://www.formula1.com/content/dam/fom-website/drivers/M/MICSCH02_Mick_Schumacher/micsch02.png.transform/1col/image.png,,19.0,,,0 days 00:01:10.329000,,,,,,
9,N MAZEPIN,MAZ,mazepin,Haas F1 Team,FFFFFF,haas,Nikita,Mazepin,Nikita Mazepin,https://www.formula1.com/content/dam/fom-website/drivers/N/NIKMAZ01_Nikita_Mazepin/nikmaz01.png.transform/1col/image.png,,20.0,,,0 days 00:01:10.589000,,,,,,
44,L HAMILTON,HAM,hamilton,Mercedes,00D2BE,mercedes,Lewis,Hamilton,Lewis Hamilton,https://www.formula1.com/content/dam/fom-website/drivers/L/LEWHAM01_Lewis_Hamilton/lewham01.png.transform/1col/image.png,,1.0,1,10.0,,,,0 days 01:32:22.851000,Finished,25.0,71.0
33,M VERSTAPPEN,VER,max_verstappen,Red Bull Racing,0600EF,red_bull,Max,Verstappen,Max Verstappen,https://www.formula1.com/content/dam/fom-website/drivers/M/MAXVER01_Max_Verstappen/maxver01.png.transform/1col/image.png,,2.0,2,2.0,,,,0 days 00:00:10.496000,Finished,18.0,71.0
77,V BOTTAS,BOT,bottas,Mercedes,00D2BE,mercedes,Valtteri,Bottas,Valtteri Bottas,https://www.formula1.com/content/dam/fom-website/drivers/V/VALBOT01_Valtteri_Bottas/valbot01.png.transform/1col/image.png,,3.0,3,1.0,,,,0 days 00:00:13.576000,Finished,15.0,71.0
11,S PEREZ,PER,perez,Red Bull Racing,0600EF,red_bull,Sergio,Perez,Sergio Perez,https://www.formula1.com/content/dam/fom-website/drivers/S/SERPER01_Sergio_Perez/serper01.png.transform/1col/image.png,,4.0,4,4.0,,,,0 days 00:00:39.940000,Finished,13.0,71.0
16,C LECLERC,LEC,leclerc,Ferrari,DC0004,ferrari,Charles,Leclerc,Charles Leclerc,https://www.formula1.com/content/dam/fom-website/drivers/C/CHALEC01_Charles_Leclerc/chalec01.png.transform/1col/image.png,,5.0,5,6.0,,,,0 days 00:00:49.517000,Finished,10.0,71.0
55,C SAINZ,SAI,sainz,Ferrari,DC0004,ferrari,Carlos,Sainz,Carlos Sainz,https://www.formula1.com/content/dam/fom-website/drivers/C/CARSAI01_Carlos_Sainz/carsai01.png.transform/1col/image.png,,6.0,6,3.0,,,,0 days 00:00:51.820000,Finished,8.0,71.0
10,P GASLY,GAS,gasly,AlphaTauri,2B4562,alphatauri,Pierre,Gasly,Pierre Gasly,https://www.formula1.com/content/dam/fom-website/drivers/P/PIEGAS01_Pierre_Gasly/piegas01.png.transform/1col/image.png,,7.0,7,7.0,,,,,+1 Lap,6.0,70.0
31,E OCON,OCO,ocon,Alpine,0090FF,alpine,Esteban,Ocon,Esteban Ocon,https://www.formula1.com/content/dam/fom-website/drivers/E/ESTOCO01_Esteban_Ocon/estoco01.png.transform/1col/image.png,,8.0,8,8.0,,,,,+1 Lap,4.0,70.0
14,F ALONSO,ALO,alonso,Alpine,0090FF,alpine,Fernando,Alonso,Fernando Alonso,https://www.formula1.com/content/dam/fom-website/drivers/F/FERALO01_Fernando_Alonso/feralo01.png.transform/1col/image.png,,9.0,9,12.0,,,,,+1 Lap,2.0,70.0
4,L NORRIS,NOR,norris,McLaren,FF9800,mclaren,Lando,Norris,Lando Norris,https://www.formula1.com/content/dam/fom-website/drivers/L/LANNOR01_Lando_Norris/lannor01.png.transform/1col/image.png,,10.0,10,5.0,,,,,+1 Lap,1.0,70.0
5,S VETTEL,VET,vettel,Aston Martin,006F62,aston_martin,Sebastian,Vettel,Sebastian Vettel,https://www.formula1.com/content/dam/fom-website/drivers/S/SEBVET01_Sebastian_Vettel/sebvet01.png.transform/1col/image.png,,11.0,11,9.0,,,,,+1 Lap,0.0,70.0
7,K RAIKKONEN,RAI,raikkonen,Alfa Romeo Racing,900000,alfa,Kimi,Räikkönen,Kimi Räikkönen,https://www.formula1.com/content/dam/fom-website/drivers/K/KIMRAI01_Kimi_R%C3%A4ikk%C3%B6nen/kimrai01.png.transform/1col/image.png,,12.0,12,0.0,,,,,+1 Lap,0.0,70.0
63,G RUSSELL,RUS,russell,Williams,005AFF,williams,George,Russell,George Russell,https://www.formula1.com/content/dam/fom-website/drivers/G/GEORUS01_George_Russell/georus01.png.transform/1col/image.png,,13.0,13,17.0,,,,,+1 Lap,0.0,70.0
99,A GIOVINAZZI,GIO,giovinazzi,Alfa Romeo Racing,900000,alfa,Antonio,Giovinazzi,Antonio Giovinazzi,https://www.formula1.com/content/dam/fom-website/drivers/A/ANTGIO01_Antonio_Giovinazzi/antgio01.png.transform/1col/image.png,,14.0,14,13.0,,,,,+1 Lap,0.0,70.0
22,Y TSUNODA,TSU,tsunoda,AlphaTauri,2B4562,alphatauri,Yuki,Tsunoda,Yuki Tsunoda,https://www.formula1.com/content/dam/fom-website/drivers/Y/YUKTSU01_Yuki_Tsunoda/yuktsu01.png.transform/1col/image.png,,15.0,15,15.0,,,,,+1 Lap,0.0,70.0
6,N LATIFI,LAT,latifi,Williams,005AFF,williams,Nicholas,Latifi,Nicholas Latifi,https://www.formula1.com/content/dam/fom-website/drivers/N/NICLAF01_Nicholas_Latifi/niclaf01.png.transform/1col/image.png,,16.0,16,16.0,,,,,+1 Lap,0.0,70.0
9,N MAZEPIN,MAZ,mazepin,Haas F1 Team,FFFFFF,haas,Nikita,Mazepin,Nikita Mazepin,https://www.formula1.com/content/dam/fom-website/drivers/N/NIKMAZ01_Nikita_Mazepin/nikmaz01.png.transform/1col/image.png,,17.0,17,19.0,,,,,+2 Laps,0.0,69.0
47,M SCHUMACHER,MSC,mick_schumacher,Haas F1 Team,FFFFFF,haas,Mick,Schumacher,Mick Schumacher,https://www.formula1.com/content/dam/fom-website/drivers/M/MICSCH02_Mick_Schumacher/micsch02.png.transform/1col/image.png,,18.0,18,18.0,,,,,+2 Laps,0.0,69.0
3,D RICCIARDO,RIC,ricciardo,McLaren,FF9800,mclaren,Daniel,Ricciardo,Daniel Ricciardo,https://www.formula1.com/content/dam/fom-website/drivers/D/DANRIC01_Daniel_Ricciardo/danric01.png.transform/1col/image.png,,19.0,R,11.0,,,,,Power loss,0.0,49.0
18,L STROLL,STR,stroll,Aston Martin,006F62,aston_martin,Lance,Stroll,Lance Stroll,https://www.formula1.com/content/dam/fom-website/drivers/L/LANSTR01_Lance_Stroll/lanstr01.png.transform/1col/image.png,,20.0,R,14.0,,,,,Collision damage,0.0,47.0
44,L HAMILTON,HAM,hamilton,Mercedes,00D2BE,mercedes,Lewis,Hamilton,Lewis Hamilton,https://www.formula1.com/content/dam/fom-website/drivers/L/LEWHAM01_Lewis_Hamilton/lewham01.png.transform/1col/image.png,,1.0,,,0 days 00:01:21.901000,0 days 00:01:21.682000,0 days 00:01:20.827000,,,,
33,M VERSTAPPEN,VER,max_verstappen,Red Bull Racing,0600EF,red_bull,Max,Verstappen,Max Verstappen,https://www.formula1.com/content/dam/fom-website/drivers/M/MAXVER01_Max_Verstappen/maxver01.png.transform/1col/image.png,,2.0,,,0 days 00:01:21.996000,0 days 00:01:21.984000,0 days 00:01:21.282000,,,,
77,V BOTTAS,BOT,bottas,Mercedes,00D2BE,mercedes,Valtteri,Bottas,Valtteri Bottas,https://www.formula1.com/content/dam/fom-website/drivers/V/VALBOT01_Valtteri_Bottas/valbot01.png.transform/1col/image.png,,3.0,,,0 days 00:01:22.016000,0 days 00:01:21.991000,0 days 00:01:21.478000,,,,
10,P GASLY,GAS,gasly,AlphaTauri,2B4562,alphatauri,Pierre,Gasly,Pierre Gasly,https://www.formula1.com/content/dam/fom-website/drivers/P/PIEGAS01_Pierre_Gasly/piegas01.png.transform/1col/image.png,,4.0,,,0 days 00:01:22.535000,0 days 00:01:21.728000,0 days 00:01:21.640000,,,,
14,F ALONSO,ALO,alonso,Alpine,0090FF,alpine,Fernando,Alonso,Fernando Alonso,https://www.formula1.com/content/dam/fom-website/drivers/F/FERALO01_Fernando_Alonso/feralo01.png.transform/1col/image.png,,5.0,,,0 days 00:01:22.422000,0 days 00:01:21.894000,0 days 00:01:21.670000,,,,
4,L NORRIS,NOR,norris,McLaren,FF9800,mclaren,Lando,Norris,Lando Norris,https://www.formula1.com/content/dam/fom-website/drivers/L/LANNOR01_Lando_Norris/lannor01.png.transform/1col/image.png,,6.0,,,0 days 00:01:22.839000,0 days 00:01:22.216000,0 days 00:01:21.731000,,,,
55,C SAINZ,SAI,sainz,Ferrari,DC0004,ferrari,Carlos,Sainz,Carlos Sainz,https://www.formula1.com/content/dam/fom-website/drivers/C/CARSAI01_Carlos_Sainz/carsai01.png.transform/1col/image.png,,7.0,,,0 days 00:01:22.304000,0 days 00:01:22.241000,0 days 00:01:21.840000,,,,
22,Y TSUNODA,TSU,tsunoda,AlphaTauri,2B4562,alphatauri,Yuki,Tsunoda,Yuki Tsunoda,https://www.formula1.com/content/dam/fom-website/drivers/Y/YUKTSU01_Yuki_Tsunoda/yuktsu01.png.transform/1col/image.png,,8.0,,,0 days 00:01:22.458000,0 days 00:01:22.058000,0 days 00:01:21.881000,,,,
31,E OCON,OCO,ocon,Alpine,0090FF,alpine,Esteban,Ocon,Esteban Ocon,https://www.formula1.com/content/dam/fom-website/drivers/E/ESTOCO01_Esteban_Ocon/estoco01.png.transform/1col/image.png,,9.0,,,0 days 00:01:22.565000,0 days 00:01:22.012000,0 days 00:01:22.028000,,,,
5,S VETTEL,VET,vettel,Aston Martin,006F62,aston_martin,Sebastian,Vettel,Sebastian Vettel,https://www.formula1.com/content/dam/fom-website/drivers/S/SEBVET01_Sebastian_Vettel/sebvet01.png.transform/1col/image.png,,10.0,,,0 days 00:01:22.549000,0 days 00:01:22.146000,0 days 00:01:22.785000,,,,
11,S PEREZ,PER,perez,Red Bull Racing,0600EF,red_bull,Sergio,Perez,Sergio Perez,https://www.formula1.com/content/dam/fom-website/drivers/S/SERPER01_Sergio_Perez/serper01.png.transform/1col/image.png,,11.0,,,0 days 00:01:22.398000,0 days 00:01:22.346000,,,,,
18,L STROLL,STR,stroll,Aston Martin,006F62,aston_martin,Lance,Stroll,Lance Stroll,https://www.formula1.com/content/dam/fom-website/drivers/L/LANSTR01_Lance_Stroll/lanstr01.png.transform/1col/image.png,,12.0,,,0 days 00:01:22.551000,0 days 00:01:22.460000,,,,,
16,C LECLERC,LEC,leclerc,Ferrari,DC0004,ferrari,Charles,Leclerc,Charles Leclerc,https://www.formula1.com/content/dam/fom-website/drivers/C/CHALEC01_Charles_Leclerc/chalec01.png.transform/1col/image.png,,13.0,,,0 days 00:01:22.742000,0 days 00:01:22.463000,,,,,
3,D RICCIARDO,RIC,ricciardo,McLaren,FF9800,mclaren,Daniel,Ricciardo,Daniel Ricciardo,https://www.formula1.com/content/dam/fom-website/drivers/D/DANRIC01_Daniel_Ricciardo/danric01.png.transform/1col/image.png,,14.0,,,0 days 00:01:22.688000,0 days 00:01:22.597000,,,,,
63,G RUSSELL,RUS,russell,Williams,005AFF,williams,George,Russell,George Russell,https://www.formula1.com/content/dam/fom-website/drivers/G/GEORUS01_George_Russell/georus01.png.transform/1col/image.png,,15.0,,,0 days 00:01:22.863000,0 days 00:01:22.756000,,,,,
7,K RAIKKONEN,RAI,raikkonen,Alfa Romeo Racing,900000,alfa,Kimi,Räikkönen,Kimi Räikkönen,https://www.formula1.com/content/dam/fom-website/drivers/K/KIMRAI01_Kimi_R%C3%A4ikk%C3%B6nen/kimrai01.png.transform/1col/image.png,,16.0,,,0 days 00:01:23.156000,,,,,,
6,N LATIFI,LAT,latifi,Williams,005AFF,williams,Nicholas,Latifi,Nicholas Latifi,https://www.formula1.com/content/dam/fom-website/drivers/N/NICLAF01_Nicholas_Latifi/niclaf01.png.transform/1col/image.png,,17.0,,,0 days 00:01:23.213000,,,,,,
99,A GIOVINAZZI,GIO,giovinazzi,Alfa Romeo Racing,900000,alfa,Antonio,Giovinazzi,Antonio Giovinazzi,https://www.formula1.com/content/dam/fom-website/drivers/A/ANTGIO01_Antonio_Giovinazzi/antgio01.png.transform/1col/image.png,,18.0,,,0 days 00:01:23.262000,,,,,,
47,M SCHUMACHER,MSC,mick_schumacher,Haas F1 Team,FFFFFF,haas,Mick,Schumacher,Mick Schumacher,https://www.formula1.com/content/dam/fom-website/drivers/M/MICSCH02_Mick_Schumacher/micsch02.png.transform/1col/image.png,,19.0,,,0 days 00:01:23.407000,,,,,,
9,N MAZEPIN,MAZ,mazepin,Haas F1 Team,FFFFFF,haas,Nikita,Mazepin,Nikita Mazepin,https://www.formula1.com/content/dam/fom-website/drivers/N/NIKMAZ01_Nikita_Mazepin/nikmaz01.png.transform/1col/image.png,,20.0,,,0 days 00:01:25.859000,,,,,,
44,L HAMILTON,HAM,hamilton,Mercedes,00D2BE,mercedes,Lewis,Hamilton,Lewis Hamilton,https://www.formula1.com/content/dam/fom-website/drivers/L/LEWHAM01_Lewis_Hamilton/lewham01.png.transform/1col/image.png,,1.0,1,1.0,,,,0 days 01:24:28.471000,Finished,25.0,57.0
33,M VERSTAPPEN,VER,max_verstappen,Red Bull Racing,0600EF,red_bull,Max,Verstappen,Max Verstappen,https://www.formula1.com/content/dam/fom-website/drivers/M/MAXVER01_Max_Verstappen/maxver01.png.transform/1col/image.png,,2.0,2,7.0,,,,0 days 00:00:25.743000,Finished,19.0,57.0
14,F ALONSO,ALO,alonso,Alpine,0090FF,alpine,Fernando,Alonso,Fernando Alonso,https://www.formula1.com/content/dam/fom-website/drivers/F/FERALO01_Fernando_Alonso/feralo01.png.transform/1col/image.png,,3.0,3,3.0,,,,0 days 00:00:59.457000,Finished,15.0,57.0
11,S PEREZ,PER,perez,Red Bull Racing,0600EF,red_bull,Sergio,Perez,Sergio Perez,https://www.formula1.com/content/dam/fom-website/drivers/S/SERPER01_Sergio_Perez/serper01.png.transform/1col/image.png,,4.0,4,11.0,,,,0 days 00:01:02.306000,Finished,12.0,57.0
31,E OCON,OCO,ocon,Alpine,0090FF,alpine,Esteban,Ocon,Esteban Ocon,https://www.formula1.com/content/dam/fom-website/drivers/E/ESTOCO01_Esteban_Ocon/estoco01.png.transform/1col/image.png,,5.0,5,9.0,,,,0 days 00:01:20.570000,Finished,10.0,57.0
18,L STROLL,STR,stroll,Aston Martin,006F62,aston_martin,Lance,Stroll,Lance Stroll,https://www.formula1.com/content/dam/fom-website/drivers/L/LANSTR01_Lance_Stroll/lanstr01.png.transform/1col/image.png,,6.0,6,12.0,,,,0 days 00:01:21.274000,Finished,8.0,57.0
55,C SAINZ,SAI,sainz,Ferrari,DC0004,ferrari,Carlos,Sainz,Carlos Sainz,https://www.formula1.com/content/dam/fom-website/drivers/C/CARSAI01_Carlos_Sainz/carsai01.png.transform/1col/image.png,,7.0,7,5.0,,,,0 days 00:01:21.911000,Finished,6.0,57.0
16,C LECLERC,LEC,leclerc,Ferrari,DC0004,ferrari,Charles,Leclerc,Charles Leclerc,https://www.formula1.com/content/dam/fom-website/drivers/C/CHALEC01_Charles_Leclerc/chalec01.png.transform/1col/image.png,,8.0,8,13.0,,,,0 days 00:01:23.126000,Finished,4.0,57.0
4,L NORRIS,NOR,norris,McLaren,FF9800,mclaren,Lando,Norris,Lando Norris,https://www.formula1.com/content/dam/fom-website/drivers/L/LANNOR01_Lando_Norris/lannor01.png.transform/1col/image.png,,9.0,9,4.0,,,,,+1 Lap,2.0,56.0
5,S VETTEL,VET,vettel,Aston Martin,006F62,aston_martin,Sebastian,Vettel,Sebastian Vettel,https://www.formula1.com/content/dam/fom-website/drivers/S/SEBVET01_Sebastian_Vettel/sebvet01.png.transform/1col/image.png,,10.0,10,10.0,,,,,+1 Lap,1.0,56.0
10,P GASLY,GAS,gasly,AlphaTauri,2B4562,alphatauri,Pierre,Gasly,Pierre Gasly,https://www.formula1.com/content/dam/fom-website/drivers/P/PIEGAS01_Pierre_Gasly/piegas01.png.transform/1col/image.png,,11.0,11,2.0,,,,,+1 Lap,0.0,56.0
3,D RICCIARDO,RIC,ricciardo,McLaren,FF9800,mclaren,Daniel,Ricciardo,Daniel Ricciardo,https://www.formula1.com/content/dam/fom-website/drivers/D/DANRIC01_Daniel_Ricciardo/danric01.png.transform/1col/image.png,,12.0,12,14.0,,,,,+1 Lap,0.0,56.0
22,Y TSUNODA,TSU,tsunoda,AlphaTauri,2B4562,alphatauri,Yuki,Tsunoda,Yuki Tsunoda,https://www.formula1.com/content/dam/fom-website/drivers/Y/YUKTSU01_Yuki_Tsunoda/yuktsu01.png.transform/1col/image.png,,13.0,13,8.0,,,,,+1 Lap,0.0,56.0
7,K RAIKKONEN,RAI,raikkonen,Alfa Romeo Racing,900000,alfa,Kimi,Räikkönen,Kimi Räikkönen,https://www.formula1.com/content/dam/fom-website/drivers/K/KIMRAI01_Kimi_R%C3%A4ikk%C3%B6nen/kimrai01.png.transform/1col/image.png,,14.0,14,16.0,,,,,+1 Lap,0.0,56.0
99,A GIOVINAZZI,GIO,giovinazzi,Alfa Romeo Racing,900000,alfa,Antonio,Giovinazzi,Antonio Giovinazzi,https://www.formula1.com/content/dam/fom-website/drivers/A/ANTGIO01_Antonio_Giovinazzi/antgio01.png.transform/1col/image.png,,15.0,15,18.0,,,,,+1 Lap,0.0,56.0
47,M SCHUMACHER,MSC,mick_schumacher,Haas F1 Team,FFFFFF,haas,Mick,Schumacher,Mick Schumacher,https://www.formula1.com/content/dam/fom-website/drivers/M/MICSCH02_Mick_Schumacher/micsch02.png.transform/1col/image.png,,16.0,16,19.0,,,,,+1 Lap,0.0,56.0
63,G RUSSELL,RUS,russell,Williams,005AFF,williams,George,Russell,George Russell,https://www.formula1.com/content/dam/fom-website/drivers/G/GEORUS01_George_Russell/georus01.png.transform/1col/image.png,,17.0,17,15.0,,,,,+2 Laps,0.0,55.0
9,N MAZEPIN,MAZ,mazepin,Haas F1 Team,FFFFFF,haas,Nikita,Mazepin,Nikita Mazepin,https://www.formula1.com/content/dam/fom-website/drivers/N/NIKMAZ01_Nikita_Mazepin/nikmaz01.png.transform/1col/image.png,,18.0,18,20.0,,,,,+2 Laps,0.0,55.0
6,N LATIFI,LAT,latifi,Williams,005AFF,williams,Nicholas,Latifi,Nicholas Latifi,https://www.formula1.com/content/dam/fom-website/drivers/N/NICLAF01_Nicholas_Latifi/niclaf01.png.transform/1col/image.png,,19.0,R,17.0,,,,,Puncture,0.0,50.0
77,V BOTTAS,BOT,bottas,Mercedes,00D2BE,mercedes,Valtteri,Bottas,Valtteri Bottas,https://www.formula1.com/content/dam/fom-website/drivers/V/VALBOT01_Valtteri_Bottas/valbot01.png.transform/1col/image.png,,20.0,R,6.0,,,,,Damage,0.0,48.0
44,L HAMILTON,HAM,hamilton,Mercedes,00D2BE,mercedes,Lewis,Hamilton,Lewis Hamilton,https://www.formula1.com/content/dam/fom-website/drivers/L/LEWHAM01_Lewis_Hamilton/lewham01.png.transform/1col/image.png,,1.0,,,0 days 00:01:28.466000,0 days 00:01:27.712000,0 days 00:01:27.511000,,,,
77,V BOTTAS,BOT,bottas,Mercedes,00D2BE,mercedes,Valtteri,Bottas,Valtteri Bottas,https://www.formula1.com/content/dam/fom-website/drivers/V/VALBOT01_Valtteri_Bottas/valbot01.png.transform/1col/image.png,,2.0,,,0 days 00:01:28.057000,0 days 00:01:28.054000,0 days 00:01:27.622000,,,,
33,M VERSTAPPEN,VER,max_verstappen,Red Bull Racing,0600EF,red_bull,Max,Verstappen,Max Verstappen,https://www.formula1.com/content/dam/fom-website/drivers/M/MAXVER01_Max_Verstappen/maxver01.png.transform/1col/image.png,,3.0,,,0 days 00:01:28.285000,0 days 00:01:27.953000,0 days 00:01:27.653000,,,,
16,C LECLERC,LEC,leclerc,Ferrari,DC0004,ferrari,Charles,Leclerc,Charles Leclerc,https://www.formula1.com/content/dam/fom-website/drivers/C/CHALEC01_Charles_Leclerc/chalec01.png.transform/1col/image.png,,4.0,,,0 days 00:01:28.310000,0 days 00:01:28.459000,0 days 00:01:28.054000,,,,
11,S PEREZ,PER,perez,Red Bull Racing,0600EF,red_bull,Sergio,Perez,Sergio Perez,https://www.formula1.com/content/dam/fom-website/drivers/S/SERPER01_Sergio_Perez/serper01.png.transform/1col/image.png,,5.0,,,0 days 00:01:28.021000,0 days 00:01:27.946000,0 days 00:01:28.123000,,,,
10,P GASLY,GAS,gasly,AlphaTauri,2B4562,alphatauri,Pierre,Gasly,Pierre Gasly,https://www.formula1.com/content/dam/fom-website/drivers/P/PIEGAS01_Pierre_Gasly/piegas01.png.transform/1col/image.png,,6.0,,,0 days 00:01:28.401000,0 days 00:01:28.314000,0 days 00:01:28.125000,,,,
4,L NORRIS,NOR,norris,McLaren,FF9800,mclaren,Lando,Norris,Lando Norris,https://www.formula1.com/content/dam/fom-website/drivers/L/LANNOR01_Lando_Norris/lannor01.png.transform/1col/image.png,,7.0,,,0 days 00:01:28.338000,0 days 00:01:28.344000,0 days 00:01:28.180000,,,,
22,Y TSUNODA,TSU,tsunoda,AlphaTauri,2B4562,alphatauri,Yuki,Tsunoda,Yuki Tsunoda,https://www.formula1.com/content/dam/fom-website/drivers/Y/YUKTSU01_Yuki_Tsunoda/yuktsu01.png.transform/1col/image.png,,8.0,,,0 days 00:01:28.503000,0 days 00:01:28.222000,0 days 00:01:28.442000,,,,
31,E OCON,OCO,ocon,Alpine,0090FF,alpine,Esteban,Ocon,Esteban Ocon,https://www.formula1.com/content/dam/fom-website/drivers/E/ESTOCO01_Esteban_Ocon/estoco01.png.transform/1col/image.png,,9.0,,,0 days 00:01:28.752000,0 days 00:01:28.574000,0 days 00:01:28.647000,,,,
99,A GIOVINAZZI,GIO,giovinazzi,Alfa Romeo Racing,900000,alfa,Antonio,Giovinazzi,Antonio Giovinazzi,https://www.formula1.com/content/dam/fom-website/drivers/A/ANTGIO01_Antonio_Giovinazzi/antgio01.png.transform/1col/image.png,,10.0,,,0 days 00:01:28.899000,0 days 00:01:28.616000,0 days 00:01:28.754000,,,,
3,D RICCIARDO,RIC,ricciardo,McLaren,FF9800,mclaren,Daniel,Ricciardo,Daniel Ricciardo,https://www.formula1.com/content/dam/fom-website/drivers/D/DANRIC01_Daniel_Ricciardo/danric01.png.transform/1col/image.png,,11.0,,,0 days 00:01:28.216000,0 days 00:01:28.668000,,,,,
7,K RAIKKONEN,RAI,raikkonen,Alfa Romeo Racing,900000,alfa,Kimi,Räikkönen,Kimi Räikkönen,https://www.formula1.com/content/dam/fom-website/drivers/K/KIMRAI01_Kimi_R%C3%A4ikk%C3%B6nen/kimrai01.png.transform/1col/image.png,,12.0,,,0 days 00:01:28.856000,0 days 00:01:28.885000,,,,,
14,F ALONSO,ALO,alonso,Alpine,0090FF,alpine,Fernando,Alonso,Fernando Alonso,https://www.formula1.com/content/dam/fom-website/drivers/F/FERALO01_Fernando_Alonso/feralo01.png.transform/1col/image.png,,13.0,,,0 days 00:01:28.944000,0 days 00:01:28.920000,,,,,
63,G RUSSELL,RUS,russell,Williams,005AFF,williams,George,Russell,George Russell,https://www.formula1.com/content/dam/fom-website/drivers/G/GEORUS01_George_Russell/georus01.png.transform/1col/image.png,,14.0,,,0 days 00:01:28.926000,0 days 00:01:29.054000,,,,,
55,C SAINZ,SAI,sainz,Ferrari,DC0004,ferrari,Carlos,Sainz,Carlos Sainz,https://www.formula1.com/content/dam/fom-website/drivers/C/CARSAI01_Carlos_Sainz/carsai01.png.transform/1col/image.png,,15.0,,,0 days 00:01:28.237000,0 days 00:01:53.652000,,,,,
6,N LATIFI,LAT,latifi,Williams,005AFF,williams,Nicholas,Latifi,Nicholas Latifi,https://www.formula1.com/content/dam/fom-website/drivers/N/NICLAF01_Nicholas_Latifi/niclaf01.png.transform/1col/image.png,,16.0,,,0 days 00:01:29.177000,,,,,,
5,S VETTEL,VET,vettel,Aston Martin,006F62,aston_martin,Sebastian,Vettel,Sebastian Vettel,https://www.formula1.com/content/dam/fom-website/drivers/S/SEBVET01_Sebastian_Vettel/sebvet01.png.transform/1col/image.png,,17.0,,,0 days 00:01:29.198000,,,,,,
18,L STROLL,STR,stroll,Aston Martin,006F62,aston_martin,Lance,Stroll,Lance Stroll,https://www.formula1.com/content/dam/fom-website/drivers/L/LANSTR01_Lance_Stroll/lanstr01.png.transform/1col/image.png,,18.0,,,0 days 00:01:29.368000,,,,,,
47,M SCHUMACHER,MSC,mick_schumacher,Haas F1 Team,FFFFFF,haas,Mick,Schumacher,Mick Schumacher,https://www.formula1.com/content/dam/fom-website/drivers/M/MICSCH02_Mick_Schumacher/micsch02.png.transform/1col/image.png,,19.0,,,0 days 00:01:29.464000,,,,,,
9,N MAZEPIN,MAZ,mazepin,Haas F1 Team,FFFFFF,haas,Nikita,Mazepin,Nikita Mazepin,https://www.formula1.com/content/dam/fom-website/drivers/N/NIKMAZ01_Nikita_Mazepin/nikmaz01.png.transform/1col/image.png,,20.0,,,0 days 00:01:30.473000,,,,,,
44,L HAMILTON,HAM,hamilton,Mercedes,00D2BE,mercedes,Lewis,Hamilton,Lewis Hamilton,https://www.formula1.com/content/dam/fom-website/drivers/L/LEWHAM01_Lewis_Hamilton/lewham01.png.transform/1col/image.png,,1.0,1,1.0,,,,0 days 02:06:15.118000,Finished,26.0,50.0
33,M VERSTAPPEN,VER,max_verstappen,Red Bull Racing,0600EF,red_bull,Max,Verstappen,Max Verstappen,https://www.formula1.com/content/dam/fom-website/drivers/M/MAXVER01_Max_Verstappen/maxver01.png.transform/1col/image.png,,2.0,2,3.0,,,,0 days 00:00:11.825000,Finished,18.0,50.0
77,V BOTTAS,BOT,bottas,Mercedes,00D2BE,mercedes,Valtteri,Bottas,Valtteri Bottas,https://www.formula1.com/content/dam/fom-website/drivers/V/VALBOT01_Valtteri_Bottas/valbot01.png.transform/1col/image.png,,3.0,3,2.0,,,,0 days 00:00:27.531000,Finished,15.0,50.0
31,E OCON,OCO,ocon,Alpine,0090FF,alpine,Esteban,Ocon,Esteban Ocon,https://www.formula1.com/content/dam/fom-website/drivers/E/ESTOCO01_Esteban_Ocon/estoco01.png.transform/1col/image.png,,4.0,4,9.0,,,,0 days 00:00:27.633000,Finished,12.0,50.0
3,D RICCIARDO,RIC,ricciardo,McLaren,FF9800,mclaren,Daniel,Ricciardo,Daniel Ricciardo,https://www.formula1.com/content/dam/fom-website/drivers/D/DANRIC01_Daniel_Ricciardo/danric01.png.transform/1col/image.png,,5.0,5,11.0,,,,0 days 00:00:40.121000,Finished,10.0,50.0
10,P GASLY,GAS,gasly,AlphaTauri,2B4562,alphatauri,Pierre,Gasly,Pierre Gasly,https://www.formula1.com/content/dam/fom-website/drivers/P/PIEGAS01_Pierre_Gasly/piegas01.png.transform/1col/image.png,,6.0,6,6.0,,,,0 days 00:00:41.613000,Finished,8.0,50.0
16,C LECLERC,LEC,leclerc,Ferrari,DC0004,ferrari,Charles,Leclerc,Charles Leclerc,https://www.formula1.com/content/dam/fom-website/drivers/C/CHALEC01_Charles_Leclerc/chalec01.png.transform/1col/image.png,,7.0,7,4.0,,,,0 days 00:00:44.475000,Finished,6.0,50.0
55,C SAINZ,SAI,sainz,Ferrari,DC0004,ferrari,Carlos,Sainz,Carlos Sainz,https://www.formula1.com/content/dam/fom-website/drivers/C/CARSAI01_Carlos_Sainz/carsai01.png.transform/1col/image.png,,8.0,8,15.0,,,,0 days 00:00:46.606000,Finished,4.0,50.0
99,A GIOVINAZZI,GIO,giovinazzi,Alfa Romeo Racing,900000,alfa,Antonio,Giovinazzi,Antonio Giovinazzi,https://www.formula1.com/content/dam/fom-website/drivers/A/ANTGIO01_Antonio_Giovinazzi/antgio01.png.transform/1col/image.png,,9.0,9,10.0,,,,0 days 00:00:58.505000,Finished,2.0,50.0
4,L NORRIS,NOR,norris,McLaren,FF9800,mclaren,Lando,Norris,Lando Norris,https://www.formula1.com/content/dam/fom-website/drivers/L/LANNOR01_Lando_Norris/lannor01.png.transform/1col/image.png,,10.0,10,7.0,,,,0 days 00:01:01.358000,Finished,1.0,50.0
18,L STROLL,STR,stroll,Aston Martin,006F62,aston_martin,Lance,Stroll,Lance Stroll,https://www.formula1.com/content/dam/fom-website/drivers/L/LANSTR01_Lance_Stroll/lanstr01.png.transform/1col/image.png,,11.0,11,18.0,,,,0 days 00:01:17.212000,Finished,0.0,50.0
6,N LATIFI,LAT,latifi,Williams,005AFF,williams,Nicholas,Latifi,Nicholas Latifi,https://www.formula1.com/content/dam/fom-website/drivers/N/NICLAF01_Nicholas_Latifi/niclaf01.png.transform/1col/image.png,,12.0,12,16.0,,,,0 days 00:01:23.249000,Finished,0.0,50.0
14,F ALONSO,ALO,alonso,Alpine,0090FF,alpine,Fernando,Alonso,Fernando Alonso,https://www.formula1.com/content/dam/fom-website/drivers/F/FERALO01_Fernando_Alonso/feralo01.png.transform/1col/image.png,,13.0,13,13.0,,,,,+1 Lap,0.0,49.0
22,Y TSUNODA,TSU,tsunoda,AlphaTauri,2B4562,alphatauri,Yuki,Tsunoda,Yuki Tsunoda,https://www.formula1.com/content/dam/fom-website/drivers/Y/YUKTSU01_Yuki_Tsunoda/yuktsu01.png.transform/1col/image.png,,14.0,14,8.0,,,,,+1 Lap,0.0,49.0
7,K RAIKKONEN,RAI,raikkonen,Alfa Romeo Racing,900000,alfa,Kimi,Räikkönen,Kimi Räikkönen,https://www.formula1.com/content/dam/fom-website/drivers/K/KIMRAI01_Kimi_R%C3%A4ikk%C3%B6nen/kimrai01.png.transform/1col/image.png,,15.0,15,12.0,,,,,+1 Lap,0.0,49.0
5,S VETTEL,VET,vettel,Aston Martin,006F62,aston_martin,Sebastian,Vettel,Sebastian Vettel,https://www.formula1.com/content/dam/fom-website/drivers/S/SEBVET01_Sebastian_Vettel/sebvet01.png.transform/1col/image.png,,16.0,R,17.0,,,,,Collision damage,0.0,44.0
11,S PEREZ,PER,perez,Red Bull Racing,0600EF,red_bull,Sergio,Perez,Sergio Perez,https://www.formula1.com/content/dam/fom-website/drivers/S/SERPER01_Sergio_Perez/serper01.png.transform/1col/image.png,,17.0,R,5.0,,,,,Collision,0.0,14.0
9,N MAZEPIN,MAZ,mazepin,Haas F1 Team,FFFFFF,haas,Nikita,Mazepin,Nikita Mazepin,https://www.formula1.com/content/dam/fom-website/drivers/N/NIKMAZ01_Nikita_Mazepin/nikmaz01.png.transform/1col/image.png,,18.0,R,20.0,,,,,Collision,0.0,14.0
63,G RUSSELL,RUS,russell,Williams,005AFF,williams,George,Russell,George Russell,https://www.formula1.com/content/dam/fom-website/drivers/G/GEORUS01_George_Russell/georus01.png.transform/1col/image.png,,19.0,R,14.0,,,,,Collision,0.0,14.0
47,M SCHUMACHER,MSC,mick_schumacher,Haas F1 Team,FFFFFF,haas,Mick,Schumacher,Mick Schumacher,https://www.formula1.com/content/dam/fom-website/drivers/M/MICSCH02_Mick_Schumacher/micsch02.png.transform/1col/image.png,,20.0,R,19.0,,,,,Accident,0.0,8.0
33,M VERSTAPPEN,VER,max_verstappen,Red Bull Racing,0600EF,red_bull,Max,Verstappen,Max Verstappen,https://www.formula1.com/content/dam/fom-website/drivers/M/MAXVER01_Max_Verstappen/maxver01.png.transform/1col/image.png,,1.0,,,0 days 00:01:23.322000,0 days 00:01:22.800000,0 days 00:01:22.109000,,,,
44,L HAMILTON,HAM,hamilton,Mercedes,00D2BE,mercedes,Lewis,Hamilton,Lewis Hamilton,https://www.formula1.com/content/dam/fom-website/drivers/L/LEWHAM01_Lewis_Hamilton/lewham01.png.transform/1col/image.png,,2.0,,,0 days 00:01:22.845000,0 days 00:01:23.145000,0 days 00:01:22.480000,,,,
4,L NORRIS,NOR,norris,McLaren,FF9800,mclaren,Lando,Norris,Lando Norris,https://www.formula1.com/content/dam/fom-website/drivers/L/LANNOR01_Lando_Norris/lannor01.png.transform/1col/image.png,,3.0,,,0 days 00:01:23.553000,0 days 00:01:23.256000,0 days 00:01:22.931000,,,,
11,S PEREZ,PER,perez,Red Bull Racing,0600EF,red_bull,Sergio,Perez,Sergio Perez,https://www.formula1.com/content/dam/fom-website/drivers/S/SERPER01_Sergio_Perez/serper01.png.transform/1col/image.png,,4.0,,,0 days 00:01:23.350000,0 days 00:01:23.135000,0 days 00:01:22.947000,,,,
55,C SAINZ,SAI,sainz,Ferrari,DC0004,ferrari,Carlos,Sainz,Carlos Sainz,https://www.formula1.com/content/dam/fom-website/drivers/C/CARSAI01_Carlos_Sainz/carsai01.png.transform/1col/image.png,,5.0,,,0 days 00:01:23.624000,0 days 00:01:23.174000,0 days 00:01:22.992000,,,,
77,V BOTTAS,BOT,bottas,Mercedes,00D2BE,mercedes,Valtteri,Bottas,Valtteri Bottas,https://www.formula1.com/content/dam/fom-website/drivers/V/VALBOT01_Valtteri_Bottas/valbot01.png.transform/1col/image.png,,6.0,,,0 days 00:01:23.117000,0 days 00:01:23.246000,0 days 00:01:23.036000,,,,
16,C LECLERC,LEC,leclerc,Ferrari,DC0004,ferrari,Charles,Leclerc,Charles Leclerc,https://www.formula1.com/content/dam/fom-website/drivers/C/CHALEC01_Charles_Leclerc/chalec01.png.transform/1col/image.png,,7.0,,,0 days 00:01:23.467000,0 days 00:01:23.202000,0 days 00:01:23.122000,,,,
22,Y TSUNODA,TSU,tsunoda,AlphaTauri,2B4562,alphatauri,Yuki,Tsunoda,Yuki Tsunoda,https://www.formula1.com/content/dam/fom-website/drivers/Y/YUKTSU01_Yuki_Tsunoda/yuktsu01.png.transform/1col/image.png,,8.0,,,0 days 00:01:23.428000,0 days 00:01:23.404000,0 days 00:01:23.220000,,,,
31,E OCON,OCO,ocon,Alpine,0090FF,alpine,Esteban,Ocon,Esteban Ocon,https://www.formula1.com/content/dam/fom-website/drivers/E/ESTOCO01_Esteban_Ocon/estoco01.png.transform/1col/image.png,,9.0,,,0 days 00:01:23.764000,0 days 00:01:23.420000,0 days 00:01:23.389000,,,,
3,D RICCIARDO,RIC,ricciardo,McLaren,FF9800,mclaren,Daniel,Ricciardo,Daniel Ricciardo,https://www.formula1.com/content/dam/fom-website/drivers/D/DANRIC01_Daniel_Ricciardo/danric01.png.transform/1col/image.png,,10.0,,,0 days 00:01:23.829000,0 days 00:01:23.448000,0 days 00:01:23.409000,,,,
14,F ALONSO,ALO,alonso,Alpine,0090FF,alpine,Fernando,Alonso,Fernando Alonso,https://www.formula1.com/content/dam/fom-website/drivers/F/FERALO01_Fernando_Alonso/feralo01.png.transform/1col/image.png,,11.0,,,0 days 00:01:23.846000,0 days 00:01:23.460000,,,,,
10,P GASLY,GAS,gasly,AlphaTauri,2B4562,alphatauri,Pierre,Gasly,Pierre Gasly,https://www.formula1.com/content/dam/fom-website/drivers/P/PIEGAS01_Pierre_Gasly/piegas01.png.transform/1col/image.png,,12.0,,,0 days 00:01:23.489000,0 days 00:01:24.043000,,,,,
18,L STROLL,STR,stroll,Aston Martin,006F62,aston_martin,Lance,Stroll,Lance Stroll,https://www.formula1.com/content/dam/fom-website/drivers/L/LANSTR01_Lance_Stroll/lanstr01.png.transform/1col/image.png,,13.0,,,0 days 00:01:24.061000,0 days 00:01:24.066000,,,,,
99,A GIOVINAZZI,GIO,giovinazzi,Alfa Romeo Racing,900000,alfa,Antonio,Giovinazzi,Antonio Giovinazzi,https://www.formula1.com/content/dam/fom-website/drivers/A/ANTGIO01_Antonio_Giovinazzi/antgio01.png.transform/1col/image.png,,14.0,,,0 days 00:01:24.118000,0 days 00:01:24.251000,,,,,
5,S VETTEL,VET,vettel,Aston Martin,006F62,aston_martin,Sebastian,Vettel,Sebastian Vettel,https://www.formula1.com/content/dam/fom-website/drivers/S/SEBVET01_Sebastian_Vettel/sebvet01.png.transform/1col/image.png,,15.0,,,0 days 00:01:24.225000,0 days 00:01:24.305000,,,,,
6,N LATIFI,LAT,latifi,Williams,005AFF,williams,Nicholas,Latifi,Nicholas Latifi,https://www.formula1.com/content/dam/fom-website/drivers/N/NICLAF01_Nicholas_Latifi/niclaf01.png.transform/1col/image.png,,16.0,,,0 days 00:01:24.338000,,,,,,
63,G RUSSELL,RUS,russell,Williams,005AFF,williams,George,Russell,George Russell,https://www.formula1.com/content/dam/fom-website/drivers/G/GEORUS01_George_Russell/georus01.png.transform/1col/image.png,,17.0,,,0 days 00:01:24.423000,,,,,,
7,K RAIKKONEN,RAI,raikkonen,Alfa Romeo Racing,900000,alfa,Kimi,Räikkönen,Kimi Räikkönen,https://www.formula1.com/content/dam/fom-website/drivers/K/KIMRAI01_Kimi_R%C3%A4ikk%C3%B6nen/kimrai01.png.transform/1col/image.png,,18.0,,,0 days 00:01:24.779000,,,,,,
47,M SCHUMACHER,MSC,mick_schumacher,Haas F1 Team,FFFFFF,haas,Mick,Schumacher,Mick Schumacher,https://www.formula1.com/content/dam/fom-website/drivers/M/MICSCH02_Mick_Schumacher/micsch02.png.transform/1col/image.png,,19.0,,,0 days 00:01:24.906000,,,,,,
9,N MAZEPIN,MAZ,mazepin,Haas F1 Team,FFFFFF,haas,Nikita,Mazepin,Nikita Mazepin,https://www.formula1.com/content/dam/fom-website/drivers/N/NIKMAZ01_Nikita_Mazepin/nikmaz01.png.transform/1col/image.png,,20.0,,,0 days 00:01:25.685000,,,,,,
33,M VERSTAPPEN,VER,max_verstappen,Red Bull Racing,0600EF,red_bull,Max,Verstappen,Max Verstappen,https://www.formula1.com/content/dam/fom-website/drivers/M/MAXVER01_Max_Verstappen/maxver01.png.transform/1col/image.png,,1.0,1,1.0,,,,0 days 01:30:17.345000,Finished,26.0,58.0
44,L HAMILTON,HAM,hamilton,Mercedes,00D2BE,mercedes,Lewis,Hamilton,Lewis Hamilton,https://www.formula1.com/content/dam/fom-website/drivers/L/LEWHAM01_Lewis_Hamilton/lewham01.png.transform/1col/image.png,,2.0,2,2.0,,,,0 days 00:00:02.256000,Finished,18.0,58.0
55,C SAINZ,SAI,sainz,Ferrari,DC0004,ferrari,Carlos,Sainz,Carlos Sainz,https://www.formula1.com/content/dam/fom-website/drivers/C/CARSAI01_Carlos_Sainz/carsai01.png.transform/1col/image.png,,3.0,3,5.0,,,,0 days 00:00:05.173000,Finished,15.0,58.0
22,Y TSUNODA,TSU,tsunoda,AlphaTauri,2B4562,alphatauri,Yuki,Tsunoda,Yuki Tsunoda,https://www.formula1.com/content/dam/fom-website/drivers/Y/YUKTSU01_Yuki_Tsunoda/yuktsu01.png.transform/1col/image.png,,4.0,4,8.0,,,,0 days 00:00:05.692000,Finished,12.0,58.0
10,P GASLY,GAS,gasly,AlphaTauri,2B4562,alphatauri,Pierre,Gasly,Pierre Gasly,https://www.formula1.com/content/dam/fom-website/drivers/P/PIEGAS01_Pierre_Gasly/piegas01.png.transform/1col/image.png,,5.0,5,12.0,,,,0 days 00:00:06.531000,Finished,10.0,58.0
77,V BOTTAS,BOT,bottas,Mercedes,00D2BE,mercedes,Valtteri,Bottas,Valtteri Bottas,https://www.formula1.com/content/dam/fom-website/drivers/V/VALBOT01_Valtteri_Bottas/valbot01.png.transform/1col/image.png,,6.0,6,6.0,,,,0 days 00:00:07.463000,Finished,8.0,58.0
4,L NORRIS,NOR,norris,McLaren,FF9800,mclaren,Lando,Norris,Lando Norris,https://www.formula1.com/content/dam/fom-website/drivers/L/LANNOR01_Lando_Norris/lannor01.png.transform/1col/image.png,,7.0,7,3.0,,,,0 days 00:00:59.200000,Finished,6.0,58.0
14,F ALONSO,ALO,alonso,Alpine,0090FF,alpine,Fernando,Alonso,Fernando Alonso,https://www.formula1.com/content/dam/fom-website/drivers/F/FERALO01_Fernando_Alonso/feralo01.png.transform/1col/image.png,,8.0,8,11.0,,,,0 days 00:01:01.708000,Finished,4.0,58.0
31,E OCON,OCO,ocon,Alpine,0090FF,alpine,Esteban,Ocon,Esteban Ocon,https://www.formula1.com/content/dam/fom-website/drivers/E/ESTOCO01_Esteban_Ocon/estoco01.png.transform/1col/image.png,,9.0,9,9.0,,,,0 days 00:01:04.026000,Finished,2.0,58.0
16,C LECLERC,LEC,leclerc,Ferrari,DC0004,ferrari,Charles,Leclerc,Charles Leclerc,https://www.formula1.com/content/dam/fom-website/drivers/C/CHALEC01_Charles_Leclerc/chalec01.png.transform/1col/image.png,,10.0,10,7.0,,,,0 days 00:01:06.057000,Finished,1.0,58.0
5,S VETTEL,VET,vettel,Aston Martin,006F62,aston_martin,Sebastian,Vettel,Sebastian Vettel,https://www.formula1.com/content/dam/fom-website/drivers/S/SEBVET01_Sebastian_Vettel/sebvet01.png.transform/1col/image.png,,11.0,11,15.0,,,,0 days 00:01:07.527000,Finished,0.0,58.0
3,D RICCIARDO,RIC,ricciardo,McLaren,FF9800,mclaren,Daniel,Ricciardo,Daniel Ricciardo,https://www.formula1.com/content/dam/fom-website/drivers/D/DANRIC01_Daniel_Ricciardo/danric01.png.transform/1col/image.png,,12.0,12,10.0,,,,,+1 Lap,0.0,57.0
18,L STROLL,STR,stroll,Aston Martin,006F62,aston_martin,Lance,Stroll,Lance Stroll,https://www.formula1.com/content/dam/fom-website/drivers/L/LANSTR01_Lance_Stroll/lanstr01.png.transform/1col/image.png,,13.0,13,13.0,,,,,+1 Lap,0.0,57.0
47,M SCHUMACHER,MSC,mick_schumacher,Haas F1 Team,FFFFFF,haas,Mick,Schumacher,Mick Schumacher,https://www.formula1.com/content/dam/fom-website/drivers/M/MICSCH02_Mick_Schumacher/micsch02.png.transform/1col/image.png,,14.0,14,19.0,,,,,+1 Lap,0.0,57.0
11,S PEREZ,PER,perez,Red Bull Racing,0600EF,red_bull,Sergio,Perez,Sergio Perez,https://www.formula1.com/content/dam/fom-website/drivers/S/SERPER01_Sergio_Perez/serper01.png.transform/1col/image.png,,15.0,15,4.0,,,,,Engine,0.0,55.0
6,N LATIFI,LAT,latifi,Williams,005AFF,williams,Nicholas,Latifi,Nicholas Latifi,https://www.formula1.com/content/dam/fom-website/drivers/N/NICLAF01_Nicholas_Latifi/niclaf01.png.transform/1col/image.png,,16.0,R,16.0,,,,,Accident,0.0,50.0
99,A GIOVINAZZI,GIO,giovinazzi,Alfa Romeo Racing,900000,alfa,Antonio,Giovinazzi,Antonio Giovinazzi,https://www.formula1.com/content/dam/fom-website/drivers/A/ANTGIO01_Antonio_Giovinazzi/antgio01.png.transform/1col/image.png,,17.0,R,14.0,,,,,Gearbox,0.0,33.0
63,G RUSSELL,RUS,russell,Williams,005AFF,williams,George,Russell,George Russell,https://www.formula1.com/content/dam/fom-website/drivers/G/GEORUS01_George_Russell/georus01.png.transform/1col/image.png,,18.0,R,17.0,,,,,Gearbox,0.0,26.0
7,K RAIKKONEN,RAI,raikkonen,Alfa Romeo Racing,900000,alfa,Kimi,Räikkönen,Kimi Räikkönen,https://www.formula1.com/content/dam/fom-website/drivers/K/KIMRAI01_Kimi_R%C3%A4ikk%C3%B6nen/kimrai01.png.transform/1col/image.png,,19.0,R,18.0,,,,,Brakes,0.0,25.0
9,nan,MAZ,mazepin,Haas F1 Team,nan,haas,Nikita,Mazepin,Nikita Mazepin,nan,,,W,,,,,,Illness,0.0,0.0
16,C LECLERC,LEC,leclerc,Ferrari,ed1c24,ferrari,Charles,Leclerc,Charles Leclerc,https://www.formula1.com/content/dam/fom-website/drivers/C/CHALEC01_Charles_Leclerc/chalec01.png.transform/1col/image.png,MON,1.0,,,0 days 00:01:31.471000,0 days 00:01:30.932000,0 days 00:01:30.558000,,,,
1,M VERSTAPPEN,VER,max_verstappen,Red Bull Racing,1e5bc6,red_bull,Max,Verstappen,Max Verstappen,https://www.formula1.com/content/dam/fom-website/drivers/M/MAXVER01_Max_Verstappen/maxver01.png.transform/1col/image.png,NED,2.0,,,0 days 00:01:31.785000,0 days 00:01:30.757000,0 days 00:01:30.681000,,,,
55,C SAINZ,SAI,sainz,Ferrari,ed1c24,ferrari,Carlos,Sainz,Carlos Sainz,https://www.formula1.com/content/dam/fom-website/drivers/C/CARSAI01_Carlos_Sainz/carsai01.png.transform/1col/image.png,ESP,3.0,,,0 days 00:01:31.567000,0 days 00:01:30.787000,0 days 00:01:30.687000,,,,
11,S PEREZ,PER,perez,Red Bull Racing,1e5bc6,red_bull,Sergio,Perez,Sergio Perez,https://www.formula1.com/content/dam/fom-website/drivers/S/SERPER01_Sergio_Perez/serper01.png.transform/1col/image.png,MEX,4.0,,,0 days 00:01:32.311000,0 days 00:01:31.008000,0 days 00:01:30.921000,,,,
44,L HAMILTON,HAM,hamilton,Mercedes,6cd3bf,mercedes,Lewis,Hamilton,Lewis Hamilton,https://www.formula1.com/content/dam/fom-website/drivers/L/LEWHAM01_Lewis_Hamilton/lewham01.png.transform/1col/image.png,GBR,5.0,,,0 days 00:01:32.285000,0 days 00:01:31.048000,0 days 00:01:31.238000,,,,
77,V BOTTAS,BOT,bottas,Alfa Romeo,b12039,alfa,Valtteri,Bottas,Valtteri Bottas,https://www.formula1.com/content/dam/fom-website/drivers/V/VALBOT01_Valtteri_Bottas/valbot01.png.transform/1col/image.png,FIN,6.0,,,0 days 00:01:31.919000,0 days 00:01:31.717000,0 days 00:01:31.560000,,,,
20,K MAGNUSSEN,MAG,kevin_magnussen,Haas F1 Team,b6babd,haas,Kevin,Magnussen,Kevin Magnussen,None,DEN,7.0,,,0 days 00:01:31.955000,0 days 00:01:31.461000,0 days 00:01:31.808000,,,,
14,F ALONSO,ALO,alonso,Alpine,2293d1,alpine,Fernando,Alonso,Fernando Alonso,https://www.formula1.com/content/dam/fom-website/drivers/F/FERALO01_Fernando_Alonso/feralo01.png.transform/1col/image.png,ESP,8.0,,,0 days 00:01:32.346000,0 days 00:01:31.621000,0 days 00:01:32.195000,,,,
63,G RUSSELL,RUS,russell,Mercedes,6cd3bf,mercedes,George,Russell,George Russell,https://www.formula1.com/content/dam/fom-website/drivers/G/GEORUS01_George_Russell/georus01.png.transform/1col/image.png,GBR,9.0,,,0 days 00:01:32.269000,0 days 00:01:31.252000,0 days 00:01:32.216000,,,,
10,P GASLY,GAS,gasly,AlphaTauri,4e7c9b,alphatauri,Pierre,Gasly,Pierre Gasly,https://www.formula1.com/content/dam/fom-website/drivers/P/PIEGAS01_Pierre_Gasly/piegas01.png.transform/1col/image.png,FRA,10.0,,,0 days 00:01:32.096000,0 days 00:01:31.635000,0 days 00:01:32.338000,,,,
31,E OCON,OCO,ocon,Alpine,2293d1,alpine,Esteban,Ocon,Esteban Ocon,https://www.formula1.com/content/dam/fom-website/drivers/E/ESTOCO01_Esteban_Ocon/estoco01.png.transform/1col/image.png,FRA,11.0,,,0 days 00:01:32.041000,0 days 00:01:31.782000,,,,,
47,M SCHUMACHER,MSC,mick_schumacher,Haas F1 Team,b6babd,haas,Mick,Schumacher,Mick Schumacher,https://www.formula1.com/content/dam/fom-website/drivers/M/MICSCH02_Mick_Schumacher/micsch02.png.transform/1col/image.png,GER,12.0,,,0 days 00:01:32.380000,0 days 00:01:31.998000,,,,,
4,L NORRIS,NOR,norris,McLaren,f58020,mclaren,Lando,Norris,Lando Norris,https://www.formula1.com/content/dam/fom-website/drivers/L/LANNOR01_Lando_Norris/lannor01.png.transform/1col/image.png,GBR,13.0,,,0 days 00:01:32.239000,0 days 00:01:32.008000,,,,,
23,A ALBON,ALB,albon,Williams,37bedd,williams,Alexander,Albon,Alexander Albon,https://www.formula1.com/content/dam/fom-website/drivers/A/ALEALB01_Alexander_Albon/alealb01.png.transform/1col/image.png,THA,14.0,,,0 days 00:01:32.726000,0 days 00:01:32.664000,,,,,
24,G ZHOU,ZHO,zhou,Alfa Romeo,b12039,alfa,Guanyu,Zhou,Guanyu Zhou,https://www.formula1.com/content/dam/fom-website/drivers/G/GUAZHO01_Guanyu_Zhou/guazho01.png.transform/1col/image.png,CHN,15.0,,,0 days 00:01:32.493000,0 days 00:01:33.543000,,,,,
22,Y TSUNODA,TSU,tsunoda,AlphaTauri,4e7c9b,alphatauri,Yuki,Tsunoda,Yuki Tsunoda,https://www.formula1.com/content/dam/fom-website/drivers/Y/YUKTSU01_Yuki_Tsunoda/yuktsu01.png.transform/1col/image.png,JPN,16.0,,,0 days 00:01:32.750000,,,,,,
27,N HULKENBERG,HUL,hulkenberg,Aston Martin,2d826d,aston_martin,Nico,Hulkenberg,Nico Hulkenberg,None,GER,17.0,,,0 days 00:01:32.777000,,,,,,
3,D RICCIARDO,RIC,ricciardo,McLaren,f58020,mclaren,Daniel,Ricciardo,Daniel Ricciardo,https://www.formula1.com/content/dam/fom-website/drivers/D/DANRIC01_Daniel_Ricciardo/danric01.png.transform/1col/image.png,AUS,18.0,,,0 days 00:01:32.945000,,,,,,
18,L STROLL,STR,stroll,Aston Martin,2d826d,aston_martin,Lance,Stroll,Lance Stroll,https://www.formula1.com/content/dam/fom-website/drivers/L/LANSTR01_Lance_Stroll/lanstr01.png.transform/1col/image.png,CAN,19.0,,,0 days 00:01:33.032000,,,,,,
6,N LATIFI,LAT,latifi,Williams,37bedd,williams,Nicholas,Latifi,Nicholas Latifi,https://www.formula1.com/content/dam/fom-website/drivers/N/NICLAF01_Nicholas_Latifi/niclaf01.png.transform/1col/image.png,CAN,20.0,,,0 days 00:01:33.634000,,,,,,
16,C LECLERC,LEC,leclerc,Ferrari,ed1c24,ferrari,Charles,Leclerc,Charles Leclerc,https://www.formula1.com/content/dam/fom-website/drivers/C/CHALEC01_Charles_Leclerc/chalec01.png.transform/1col/image.png,MON,1.0,1,1.0,,,,0 days 01:37:33.584000,Finished,26.0,57.0
55,C SAINZ,SAI,sainz,Ferrari,ed1c24,ferrari,Carlos,Sainz,Carlos Sainz,https://www.formula1.com/content/dam/fom-website/drivers/C/CARSAI01_Carlos_Sainz/carsai01.png.transform/1col/image.png,ESP,2.0,2,3.0,,,,0 days 00:00:05.598000,Finished,18.0,57.0
44,L HAMILTON,HAM,hamilton,Mercedes,6cd3bf,mercedes,Lewis,Hamilton,Lewis Hamilton,https://www.formula1.com/content/dam/fom-website/drivers/L/LEWHAM01_Lewis_Hamilton/lewham01.png.transform/1col/image.png,GBR,3.0,3,5.0,,,,0 days 00:00:09.675000,Finished,15.0,57.0
63,G RUSSELL,RUS,russell,Mercedes,6cd3bf,mercedes,George,Russell,George Russell,https://www.formula1.com/content/dam/fom-website/drivers/G/GEORUS01_George_Russell/georus01.png.transform/1col/image.png,GBR,4.0,4,9.0,,,,0 days 00:00:11.211000,Finished,12.0,57.0
20,K MAGNUSSEN,MAG,kevin_magnussen,Haas F1 Team,b6babd,haas,Kevin,Magnussen,Kevin Magnussen,None,DEN,5.0,5,7.0,,,,0 days 00:00:14.754000,Finished,10.0,57.0
77,V BOTTAS,BOT,bottas,Alfa Romeo,b12039,alfa,Valtteri,Bottas,Valtteri Bottas,https://www.formula1.com/content/dam/fom-website/drivers/V/VALBOT01_Valtteri_Bottas/valbot01.png.transform/1col/image.png,FIN,6.0,6,6.0,,,,0 days 00:00:16.119000,Finished,8.0,57.0
31,E OCON,OCO,ocon,Alpine,2293d1,alpine,Esteban,Ocon,Esteban Ocon,https://www.formula1.com/content/dam/fom-website/drivers/E/ESTOCO01_Esteban_Ocon/estoco01.png.transform/1col/image.png,FRA,7.0,7,11.0,,,,0 days 00:00:19.423000,Finished,6.0,57.0
22,Y TSUNODA,TSU,tsunoda,AlphaTauri,4e7c9b,alphatauri,Yuki,Tsunoda,Yuki Tsunoda,https://www.formula1.com/content/dam/fom-website/drivers/Y/YUKTSU01_Yuki_Tsunoda/yuktsu01.png.transform/1col/image.png,JPN,8.0,8,16.0,,,,0 days 00:00:20.386000,Finished,4.0,57.0
14,F ALONSO,ALO,alonso,Alpine,2293d1,alpine,Fernando,Alonso,Fernando Alonso,https://www.formula1.com/content/dam/fom-website/drivers/F/FERALO01_Fernando_Alonso/feralo01.png.transform/1col/image.png,ESP,9.0,9,8.0,,,,0 days 00:00:22.390000,Finished,2.0,57.0
24,G ZHOU,ZHO,zhou,Alfa Romeo,b12039,alfa,Guanyu,Zhou,Guanyu Zhou,https://www.formula1.com/content/dam/fom-website/drivers/G/GUAZHO01_Guanyu_Zhou/guazho01.png.transform/1col/image.png,CHN,10.0,10,15.0,,,,0 days 00:00:23.064000,Finished,1.0,57.0
47,M SCHUMACHER,MSC,mick_schumacher,Haas F1 Team,b6babd,haas,Mick,Schumacher,Mick Schumacher,https://www.formula1.com/content/dam/fom-website/drivers/M/MICSCH02_Mick_Schumacher/micsch02.png.transform/1col/image.png,GER,11.0,11,12.0,,,,0 days 00:00:32.574000,Finished,0.0,57.0
18,L STROLL,STR,stroll,Aston Martin,2d826d,aston_martin,Lance,Stroll,Lance Stroll,https://www.formula1.com/content/dam/fom-website/drivers/L/LANSTR01_Lance_Stroll/lanstr01.png.transform/1col/image.png,CAN,12.0,12,19.0,,,,0 days 00:00:45.873000,Finished,0.0,57.0
23,A ALBON,ALB,albon,Williams,37bedd,williams,Alexander,Albon,Alexander Albon,https://www.formula1.com/content/dam/fom-website/drivers/A/ALEALB01_Alexander_Albon/alealb01.png.transform/1col/image.png,THA,13.0,13,14.0,,,,0 days 00:00:53.932000,Finished,0.0,57.0
3,D RICCIARDO,RIC,ricciardo,McLaren,f58020,mclaren,Daniel,Ricciardo,Daniel Ricciardo,https://www.formula1.com/content/dam/fom-website/drivers/D/DANRIC01_Daniel_Ricciardo/danric01.png.transform/1col/image.png,AUS,14.0,14,18.0,,,,0 days 00:00:54.975000,Finished,0.0,57.0
4,L NORRIS,NOR,norris,McLaren,f58020,mclaren,Lando,Norris,Lando Norris,https://www.formula1.com/content/dam/fom-website/drivers/L/LANNOR01_Lando_Norris/lannor01.png.transform/1col/image.png,GBR,15.0,15,13.0,,,,0 days 00:00:56.335000,Finished,0.0,57.0
6,N LATIFI,LAT,latifi,Williams,37bedd,williams,Nicholas,Latifi,Nicholas Latifi,https://www.formula1.com/content/dam/fom-website/drivers/N/NICLAF01_Nicholas_Latifi/niclaf01.png.transform/1col/image.png,CAN,16.0,16,20.0,,,,0 days 00:01:01.795000,Finished,0.0,57.0
27,N HULKENBERG,HUL,hulkenberg,Aston Martin,2d826d,aston_martin,Nico,Hulkenberg,Nico Hulkenberg,None,GER,17.0,17,17.0,,,,0 days 00:01:03.829000,Finished,0.0,57.0
11,S PEREZ,PER,perez,Red Bull Racing,1e5bc6,red_bull,Sergio,Perez,Sergio Perez,https://www.formula1.com/content/dam/fom-website/drivers/S/SERPER01_Sergio_Perez/serper01.png.transform/1col/image.png,MEX,18.0,18,4.0,,,,,Fuel pressure,0.0,56.0
1,M VERSTAPPEN,VER,max_verstappen,Red Bull Racing,1e5bc6,red_bull,Max,Verstappen,Max Verstappen,https://www.formula1.com/content/dam/fom-website/drivers/M/MAXVER01_Max_Verstappen/maxver01.png.transform/1col/image.png,NED,19.0,19,2.0,,,,,Fuel pressure,0.0,54.0
10,P GASLY,GAS,gasly,AlphaTauri,4e7c9b,alphatauri,Pierre,Gasly,Pierre Gasly,https://www.formula1.com/content/dam/fom-website/drivers/P/PIEGAS01_Pierre_Gasly/piegas01.png.transform/1col/image.png,FRA,20.0,R,10.0,,,,,Power Unit,0.0,44.0
11,S PEREZ,PER,perez,Red Bull Racing,1e5bc6,red_bull,Sergio,Perez,Sergio Perez,https://www.formula1.com/content/dam/fom-website/drivers/S/SERPER01_Sergio_Perez/serper01.png.transform/1col/image.png,MEX,1.0,,,0 days 00:01:29.705000,0 days 00:01:28.924000,0 days 00:01:28.200000,,,,
16,C LECLERC,LEC,leclerc,Ferrari,ed1c24,ferrari,Charles,Leclerc,Charles Leclerc,https://www.formula1.com/content/dam/fom-website/drivers/C/CHALEC01_Charles_Leclerc/chalec01.png.transform/1col/image.png,MON,2.0,,,0 days 00:01:29.039000,0 days 00:01:28.780000,0 days 00:01:28.225000,,,,
55,C SAINZ,SAI,sainz,Ferrari,ed1c24,ferrari,Carlos,Sainz,Carlos Sainz,https://www.formula1.com/content/dam/fom-website/drivers/C/CARSAI01_Carlos_Sainz/carsai01.png.transform/1col/image.png,ESP,3.0,,,0 days 00:01:28.855000,0 days 00:01:28.686000,0 days 00:01:28.402000,,,,
1,M VERSTAPPEN,VER,max_verstappen,Red Bull Racing,1e5bc6,red_bull,Max,Verstappen,Max Verstappen,https://www.formula1.com/content/dam/fom-website/drivers/M/MAXVER01_Max_Verstappen/maxver01.png.transform/1col/image.png,NED,4.0,,,0 days 00:01:28.928000,0 days 00:01:28.945000,0 days 00:01:28.461000,,,,
31,E OCON,OCO,ocon,Alpine,2293d1,alpine,Esteban,Ocon,Esteban Ocon,https://www.formula1.com/content/dam/fom-website/drivers/E/ESTOCO01_Esteban_Ocon/estoco01.png.transform/1col/image.png,FRA,5.0,,,0 days 00:01:30.093000,0 days 00:01:29.584000,0 days 00:01:29.068000,,,,
63,G RUSSELL,RUS,russell,Mercedes,6cd3bf,mercedes,George,Russell,George Russell,https://www.formula1.com/content/dam/fom-website/drivers/G/GEORUS01_George_Russell/georus01.png.transform/1col/image.png,GBR,6.0,,,0 days 00:01:29.680000,0 days 00:01:29.618000,0 days 00:01:29.104000,,,,
14,F ALONSO,ALO,alonso,Alpine,2293d1,alpine,Fernando,Alonso,Fernando Alonso,https://www.formula1.com/content/dam/fom-website/drivers/F/FERALO01_Fernando_Alonso/feralo01.png.transform/1col/image.png,ESP,7.0,,,0 days 00:01:29.978000,0 days 00:01:29.295000,0 days 00:01:29.147000,,,,
77,V BOTTAS,BOT,bottas,Alfa Romeo,b12039,alfa,Valtteri,Bottas,Valtteri Bottas,https://www.formula1.com/content/dam/fom-website/drivers/V/VALBOT01_Valtteri_Bottas/valbot01.png.transform/1col/image.png,FIN,8.0,,,0 days 00:01:29.683000,0 days 00:01:29.404000,0 days 00:01:29.183000,,,,
10,P GASLY,GAS,gasly,AlphaTauri,4e7c9b,alphatauri,Pierre,Gasly,Pierre Gasly,https://www.formula1.com/content/dam/fom-website/drivers/P/PIEGAS01_Pierre_Gasly/piegas01.png.transform/1col/image.png,FRA,9.0,,,0 days 00:01:29.891000,0 days 00:01:29.418000,0 days 00:01:29.254000,,,,
20,K MAGNUSSEN,MAG,kevin_magnussen,Haas F1 Team,b6babd,haas,Kevin,Magnussen,Kevin Magnussen,None,DEN,10.0,,,0 days 00:01:29.831000,0 days 00:01:29.546000,0 days 00:01:29.588000,,,,
4,L NORRIS,NOR,norris,McLaren,f58020,mclaren,Lando,Norris,Lando Norris,https://www.formula1.com/content/dam/fom-website/drivers/L/LANNOR01_Lando_Norris/lannor01.png.transform/1col/image.png,GBR,11.0,,,0 days 00:01:29.957000,0 days 00:01:29.651000,,,,,
3,D RICCIARDO,RIC,ricciardo,McLaren,f58020,mclaren,Daniel,Ricciardo,Daniel Ricciardo,https://www.formula1.com/content/dam/fom-website/drivers/D/DANRIC01_Daniel_Ricciardo/danric01.png.transform/1col/image.png,AUS,12.0,,,0 days 00:01:30.009000,0 days 00:01:29.773000,,,,,
24,G ZHOU,ZHO,zhou,Alfa Romeo,b12039,alfa,Guanyu,Zhou,Guanyu Zhou,https://www.formula1.com/content/dam/fom-website/drivers/G/GUAZHO01_Guanyu_Zhou/guazho01.png.transform/1col/image.png,CHN,13.0,,,0 days 00:01:29.978000,0 days 00:01:29.819000,,,,,
47,M SCHUMACHER,MSC,mick_schumacher,Haas F1 Team,b6babd,haas,Mick,Schumacher,Mick Schumacher,https://www.formula1.com/content/dam/fom-website/drivers/M/MICSCH02_Mick_Schumacher/micsch02.png.transform/1col/image.png,GER,14.0,,,0 days 00:01:30.167000,0 days 00:01:29.920000,,,,,
18,L STROLL,STR,stroll,Aston Martin,2d826d,aston_martin,Lance,Stroll,Lance Stroll,https://www.formula1.com/content/dam/fom-website/drivers/L/LANSTR01_Lance_Stroll/lanstr01.png.transform/1col/image.png,CAN,15.0,,,0 days 00:01:30.256000,0 days 00:01:31.009000,,,,,
44,L HAMILTON,HAM,hamilton,Mercedes,6cd3bf,mercedes,Lewis,Hamilton,Lewis Hamilton,https://www.formula1.com/content/dam/fom-website/drivers/L/LEWHAM01_Lewis_Hamilton/lewham01.png.transform/1col/image.png,GBR,16.0,,,0 days 00:01:30.343000,,,,,,
23,A ALBON,ALB,albon,Williams,37bedd,williams,Alexander,Albon,Alexander Albon,https://www.formula1.com/content/dam/fom-website/drivers/A/ALEALB01_Alexander_Albon/alealb01.png.transform/1col/image.png,THA,17.0,,,0 days 00:01:30.492000,,,,,,
27,N HULKENBERG,HUL,hulkenberg,Aston Martin,2d826d,aston_martin,Nico,Hulkenberg,Nico Hulkenberg,None,GER,18.0,,,0 days 00:01:30.543000,,,,,,
6,N LATIFI,LAT,latifi,Williams,37bedd,williams,Nicholas,Latifi,Nicholas Latifi,https://www.formula1.com/content/dam/fom-website/drivers/N/NICLAF01_Nicholas_Latifi/niclaf01.png.transform/1col/image.png,CAN,19.0,,,0 days 00:01:31.817000,,,,,,
22,Y TSUNODA,TSU,tsunoda,AlphaTauri,4e7c9b,alphatauri,Yuki,Tsunoda,Yuki Tsunoda,https://www.formula1.com/content/dam/fom-website/drivers/Y/YUKTSU01_Yuki_Tsunoda/yuktsu01.png.transform/1col/image.png,JPN,20.0,,,,,,,,,
1,M VERSTAPPEN,VER,max_verstappen,Red Bull Racing,1e5bc6,red_bull,Max,Verstappen,Max Verstappen,https://www.formula1.com/content/dam/fom-website/drivers/M/MAXVER01_Max_Verstappen/maxver01.png.transform/1col/image.png,NED,1.0,1,4.0,,,,0 days 01:24:19.293000,Finished,25.0,50.0
16,C LECLERC,LEC,leclerc,Ferrari,ed1c24,ferrari,Charles,Leclerc,Charles Leclerc,https://www.formula1.com/content/dam/fom-website/drivers/C/CHALEC01_Charles_Leclerc/chalec01.png.transform/1col/image.png,MON,2.0,2,2.0,,,,0 days 00:00:00.549000,Finished,19.0,50.0
55,C SAINZ,SAI,sainz,Ferrari,ed1c24,ferrari,Carlos,Sainz,Carlos Sainz,https://www.formula1.com/content/dam/fom-website/drivers/C/CARSAI01_Carlos_Sainz/carsai01.png.transform/1col/image.png,ESP,3.0,3,3.0,,,,0 days 00:00:08.097000,Finished,15.0,50.0
11,S PEREZ,PER,perez,Red Bull Racing,1e5bc6,red_bull,Sergio,Perez,Sergio Perez,https://www.formula1.com/content/dam/fom-website/drivers/S/SERPER01_Sergio_Perez/serper01.png.transform/1col/image.png,MEX,4.0,4,1.0,,,,0 days 00:00:10.800000,Finished,12.0,50.0
63,G RUSSELL,RUS,russell,Mercedes,6cd3bf,mercedes,George,Russell,George Russell,https://www.formula1.com/content/dam/fom-website/drivers/G/GEORUS01_George_Russell/georus01.png.transform/1col/image.png,GBR,5.0,5,6.0,,,,0 days 00:00:32.732000,Finished,10.0,50.0
31,E OCON,OCO,ocon,Alpine,2293d1,alpine,Esteban,Ocon,Esteban Ocon,https://www.formula1.com/content/dam/fom-website/drivers/E/ESTOCO01_Esteban_Ocon/estoco01.png.transform/1col/image.png,FRA,6.0,6,5.0,,,,0 days 00:00:56.017000,Finished,8.0,50.0
4,L NORRIS,NOR,norris,McLaren,f58020,mclaren,Lando,Norris,Lando Norris,https://www.formula1.com/content/dam/fom-website/drivers/L/LANNOR01_Lando_Norris/lannor01.png.transform/1col/image.png,GBR,7.0,7,11.0,,,,0 days 00:00:56.124000,Finished,6.0,50.0
10,P GASLY,GAS,gasly,AlphaTauri,4e7c9b,alphatauri,Pierre,Gasly,Pierre Gasly,https://www.formula1.com/content/dam/fom-website/drivers/P/PIEGAS01_Pierre_Gasly/piegas01.png.transform/1col/image.png,FRA,8.0,8,9.0,,,,0 days 00:01:02.946000,Finished,4.0,50.0
20,K MAGNUSSEN,MAG,kevin_magnussen,Haas F1 Team,b6babd,haas,Kevin,Magnussen,Kevin Magnussen,None,DEN,9.0,9,10.0,,,,0 days 00:01:04.308000,Finished,2.0,50.0
44,L HAMILTON,HAM,hamilton,Mercedes,6cd3bf,mercedes,Lewis,Hamilton,Lewis Hamilton,https://www.formula1.com/content/dam/fom-website/drivers/L/LEWHAM01_Lewis_Hamilton/lewham01.png.transform/1col/image.png,GBR,10.0,10,15.0,,,,0 days 00:01:13.948000,Finished,1.0,50.0
24,G ZHOU,ZHO,zhou,Alfa Romeo,b12039,alfa,Guanyu,Zhou,Guanyu Zhou,https://www.formula1.com/content/dam/fom-website/drivers/G/GUAZHO01_Guanyu_Zhou/guazho01.png.transform/1col/image.png,CHN,11.0,11,12.0,,,,0 days 00:01:22.215000,Finished,0.0,50.0
27,N HULKENBERG,HUL,hulkenberg,Aston Martin,2d826d,aston_martin,Nico,Hulkenberg,Nico Hulkenberg,None,GER,12.0,12,17.0,,,,0 days 00:01:31.742000,Finished,0.0,50.0
18,L STROLL,STR,stroll,Aston Martin,2d826d,aston_martin,Lance,Stroll,Lance Stroll,https://www.formula1.com/content/dam/fom-website/drivers/L/LANSTR01_Lance_Stroll/lanstr01.png.transform/1col/image.png,CAN,13.0,13,13.0,,,,,+1 Lap,0.0,49.0
23,A ALBON,ALB,albon,Williams,37bedd,williams,Alexander,Albon,Alexander Albon,https://www.formula1.com/content/dam/fom-website/drivers/A/ALEALB01_Alexander_Albon/alealb01.png.transform/1col/image.png,THA,14.0,14,16.0,,,,,Collision damage,0.0,47.0
77,V BOTTAS,BOT,bottas,Alfa Romeo,b12039,alfa,Valtteri,Bottas,Valtteri Bottas,https://www.formula1.com/content/dam/fom-website/drivers/V/VALBOT01_Valtteri_Bottas/valbot01.png.transform/1col/image.png,FIN,15.0,R,8.0,,,,,Cooling system,0.0,36.0
14,F ALONSO,ALO,alonso,Alpine,2293d1,alpine,Fernando,Alonso,Fernando Alonso,https://www.formula1.com/content/dam/fom-website/drivers/F/FERALO01_Fernando_Alonso/feralo01.png.transform/1col/image.png,ESP,16.0,R,7.0,,,,,Water pump,0.0,35.0
3,D RICCIARDO,RIC,ricciardo,McLaren,f58020,mclaren,Daniel,Ricciardo,Daniel Ricciardo,https://www.formula1.com/content/dam/fom-website/drivers/D/DANRIC01_Daniel_Ricciardo/danric01.png.transform/1col/image.png,AUS,17.0,R,14.0,,,,,Gearbox,0.0,35.0
6,N LATIFI,LAT,latifi,Williams,37bedd,williams,Nicholas,Latifi,Nicholas Latifi,https://www.formula1.com/content/dam/fom-website/drivers/N/NICLAF01_Nicholas_Latifi/niclaf01.png.transform/1col/image.png,CAN,18.0,R,18.0,,,,,Accident,0.0,14.0
22,Y TSUNODA,TSU,tsunoda,AlphaTauri,4e7c9b,alphatauri,Yuki,Tsunoda,Yuki Tsunoda,https://www.formula1.com/content/dam/fom-website/drivers/Y/YUKTSU01_Yuki_Tsunoda/yuktsu01.png.transform/1col/image.png,JPN,19.0,R,19.0,,,,,Power Unit,0.0,0.0
47,nan,MSC,mick_schumacher,Haas F1 Team,nan,haas,Mick,Schumacher,Mick Schumacher,nan,nan,,W,,,,,,Withdrew,0.0,0.0
16,C LECLERC,LEC,leclerc,Ferrari,ed1c24,ferrari,Charles,Leclerc,Charles Leclerc,https://www.formula1.com/content/dam/fom-website/drivers/C/CHALEC01_Charles_Leclerc/chalec01.png.transform/1col/image.png,MON,1.0,,,0 days 00:01:18.881000,0 days 00:01:18.606000,0 days 00:01:17.868000,,,,
1,M VERSTAPPEN,VER,max_verstappen,Red Bull Racing,1e5bc6,red_bull,Max,Verstappen,Max Verstappen,https://www.formula1.com/content/dam/fom-website/drivers/M/MAXVER01_Max_Verstappen/maxver01.png.transform/1col/image.png,NED,2.0,,,0 days 00:01:18.580000,0 days 00:01:18.611000,0 days 00:01:18.154000,,,,
11,S PEREZ,PER,perez,Red Bull Racing,1e5bc6,red_bull,Sergio,Perez,Sergio Perez,https://www.formula1.com/content/dam/fom-website/drivers/S/SERPER01_Sergio_Perez/serper01.png.transform/1col/image.png,MEX,3.0,,,0 days 00:01:18.834000,0 days 00:01:18.340000,0 days 00:01:18.240000,,,,
4,L NORRIS,NOR,norris,McLaren,f58020,mclaren,Lando,Norris,Lando Norris,https://www.formula1.com/content/dam/fom-website/drivers/L/LANNOR01_Lando_Norris/lannor01.png.transform/1col/image.png,GBR,4.0,,,0 days 00:01:19.280000,0 days 00:01:19.066000,0 days 00:01:18.703000,,,,
44,L HAMILTON,HAM,hamilton,Mercedes,6cd3bf,mercedes,Lewis,Hamilton,Lewis Hamilton,https://www.formula1.com/content/dam/fom-website/drivers/L/LEWHAM01_Lewis_Hamilton/lewham01.png.transform/1col/image.png,GBR,5.0,,,0 days 00:01:19.401000,0 days 00:01:19.106000,0 days 00:01:18.825000,,,,
63,G RUSSELL,RUS,russell,Mercedes,6cd3bf,mercedes,George,Russell,George Russell,https://www.formula1.com/content/dam/fom-website/drivers/G/GEORUS01_George_Russell/georus01.png.transform/1col/image.png,GBR,6.0,,,0 days 00:01:19.405000,0 days 00:01:19.076000,0 days 00:01:18.933000,,,,
3,D RICCIARDO,RIC,ricciardo,McLaren,f58020,mclaren,Daniel,Ricciardo,Daniel Ricciardo,https://www.formula1.com/content/dam/fom-website/drivers/D/DANRIC01_Daniel_Ricciardo/danric01.png.transform/1col/image.png,AUS,7.0,,,0 days 00:01:19.665000,0 days 00:01:19.130000,0 days 00:01:19.032000,,,,
31,E OCON,OCO,ocon,Alpine,2293d1,alpine,Esteban,Ocon,Esteban Ocon,https://www.formula1.com/content/dam/fom-website/drivers/E/ESTOCO01_Esteban_Ocon/estoco01.png.transform/1col/image.png,FRA,8.0,,,0 days 00:01:19.605000,0 days 00:01:19.136000,0 days 00:01:19.061000,,,,
55,C SAINZ,SAI,sainz,Ferrari,ed1c24,ferrari,Carlos,Sainz,Carlos Sainz,https://www.formula1.com/content/dam/fom-website/drivers/C/CARSAI01_Carlos_Sainz/carsai01.png.transform/1col/image.png,ESP,9.0,,,0 days 00:01:18.983000,0 days 00:01:18.469000,0 days 00:01:19.408000,,,,
14,F ALONSO,ALO,alonso,Alpine,2293d1,alpine,Fernando,Alonso,Fernando Alonso,https://www.formula1.com/content/dam/fom-website/drivers/F/FERALO01_Fernando_Alonso/feralo01.png.transform/1col/image.png,ESP,10.0,,,0 days 00:01:19.192000,0 days 00:01:18.815000,,,,,
10,P GASLY,GAS,gasly,AlphaTauri,4e7c9b,alphatauri,Pierre,Gasly,Pierre Gasly,https://www.formula1.com/content/dam/fom-website/drivers/P/PIEGAS01_Pierre_Gasly/piegas01.png.transform/1col/image.png,FRA,11.0,,,0 days 00:01:19.580000,0 days 00:01:19.226000,,,,,
77,V BOTTAS,BOT,bottas,Alfa Romeo,b12039,alfa,Valtteri,Bottas,Valtteri Bottas,https://www.formula1.com/content/dam/fom-website/drivers/V/VALBOT01_Valtteri_Bottas/valbot01.png.transform/1col/image.png,FIN,12.0,,,0 days 00:01:19.251000,0 days 00:01:19.410000,,,,,
22,Y TSUNODA,TSU,tsunoda,AlphaTauri,4e7c9b,alphatauri,Yuki,Tsunoda,Yuki Tsunoda,https://www.formula1.com/content/dam/fom-website/drivers/Y/YUKTSU01_Yuki_Tsunoda/yuktsu01.png.transform/1col/image.png,JPN,13.0,,,0 days 00:01:19.742000,0 days 00:01:19.424000,,,,,
24,G ZHOU,ZHO,zhou,Alfa Romeo,b12039,alfa,Guanyu,Zhou,Guanyu Zhou,https://www.formula1.com/content/dam/fom-website/drivers/G/GUAZHO01_Guanyu_Zhou/guazho01.png.transform/1col/image.png,CHN,14.0,,,0 days 00:01:19.910000,0 days 00:01:20.155000,,,,,
47,M SCHUMACHER,MSC,mick_schumacher,Haas F1 Team,b6babd,haas,Mick,Schumacher,Mick Schumacher,https://www.formula1.com/content/dam/fom-website/drivers/M/MICSCH02_Mick_Schumacher/micsch02.png.transform/1col/image.png,GER,15.0,,,0 days 00:01:20.104000,0 days 00:01:20.465000,,,,,
23,A ALBON,ALB,albon,Williams,37bedd,williams,Alexander,Albon,Alexander Albon,https://www.formula1.com/content/dam/fom-website/drivers/A/ALEALB01_Alexander_Albon/alealb01.png.transform/1col/image.png,THA,16.0,,,0 days 00:01:20.135000,,,,,,
20,K MAGNUSSEN,MAG,kevin_magnussen,Haas F1 Team,b6babd,haas,Kevin,Magnussen,Kevin Magnussen,None,DEN,17.0,,,0 days 00:01:20.254000,,,,,,
5,S VETTEL,VET,vettel,Aston Martin,2d826d,aston_martin,Sebastian,Vettel,Sebastian Vettel,https://www.formula1.com/content/dam/fom-website/drivers/S/SEBVET01_Sebastian_Vettel/sebvet01.png.transform/1col/image.png,GER,18.0,,,0 days 00:01:21.149000,,,,,,
6,N LATIFI,LAT,latifi,Williams,37bedd,williams,Nicholas,Latifi,Nicholas Latifi,https://www.formula1.com/content/dam/fom-website/drivers/N/NICLAF01_Nicholas_Latifi/niclaf01.png.transform/1col/image.png,CAN,19.0,,,0 days 00:01:21.372000,,,,,,
18,L STROLL,STR,stroll,Aston Martin,2d826d,aston_martin,Lance,Stroll,Lance Stroll,https://www.formula1.com/content/dam/fom-website/drivers/L/LANSTR01_Lance_Stroll/lanstr01.png.transform/1col/image.png,CAN,20.0,,,,,,,,,
16,C LECLERC,LEC,leclerc,Ferrari,ed1c24,ferrari,Charles,Leclerc,Charles Leclerc,https://www.formula1.com/content/dam/fom-website/drivers/C/CHALEC01_Charles_Leclerc/chalec01.png.transform/1col/image.png,MON,1.0,1,1.0,,,,0 days 01:27:46.548000,Finished,26.0,58.0
11,S PEREZ,PER,perez,Red Bull Racing,1e5bc6,red_bull,Sergio,Perez,Sergio Perez,https://www.formula1.com/content/dam/fom-website/drivers/S/SERPER01_Sergio_Perez/serper01.png.transform/1col/image.png,MEX,2.0,2,3.0,,,,0 days 00:00:20.524000,Finished,18.0,58.0
63,G RUSSELL,RUS,russell,Mercedes,6cd3bf,mercedes,George,Russell,George Russell,https://www.formula1.com/content/dam/fom-website/drivers/G/GEORUS01_George_Russell/georus01.png.transform/1col/image.png,GBR,3.0,3,6.0,,,,0 days 00:00:25.593000,Finished,15.0,58.0
44,L HAMILTON,HAM,hamilton,Mercedes,6cd3bf,mercedes,Lewis,Hamilton,Lewis Hamilton,https://www.formula1.com/content/dam/fom-website/drivers/L/LEWHAM01_Lewis_Hamilton/lewham01.png.transform/1col/image.png,GBR,4.0,4,5.0,,,,0 days 00:00:28.543000,Finished,12.0,58.0
4,L NORRIS,NOR,norris,McLaren,f58020,mclaren,Lando,Norris,Lando Norris,https://www.formula1.com/content/dam/fom-website/drivers/L/LANNOR01_Lando_Norris/lannor01.png.transform/1col/image.png,GBR,5.0,5,4.0,,,,0 days 00:00:53.303000,Finished,10.0,58.0
3,D RICCIARDO,RIC,ricciardo,McLaren,f58020,mclaren,Daniel,Ricciardo,Daniel Ricciardo,https://www.formula1.com/content/dam/fom-website/drivers/D/DANRIC01_Daniel_Ricciardo/danric01.png.transform/1col/image.png,AUS,6.0,6,7.0,,,,0 days 00:00:53.737000,Finished,8.0,58.0
31,E OCON,OCO,ocon,Alpine,2293d1,alpine,Esteban,Ocon,Esteban Ocon,https://www.formula1.com/content/dam/fom-website/drivers/E/ESTOCO01_Esteban_Ocon/estoco01.png.transform/1col/image.png,FRA,7.0,7,8.0,,,,0 days 00:01:01.683000,Finished,6.0,58.0
77,V BOTTAS,BOT,bottas,Alfa Romeo,b12039,alfa,Valtteri,Bottas,Valtteri Bottas,https://www.formula1.com/content/dam/fom-website/drivers/V/VALBOT01_Valtteri_Bottas/valbot01.png.transform/1col/image.png,FIN,8.0,8,12.0,,,,0 days 00:01:08.439000,Finished,4.0,58.0
10,P GASLY,GAS,gasly,AlphaTauri,4e7c9b,alphatauri,Pierre,Gasly,Pierre Gasly,https://www.formula1.com/content/dam/fom-website/drivers/P/PIEGAS01_Pierre_Gasly/piegas01.png.transform/1col/image.png,FRA,9.0,9,11.0,,,,0 days 00:01:16.221000,Finished,2.0,58.0
23,A ALBON,ALB,albon,Williams,37bedd,williams,Alexander,Albon,Alexander Albon,https://www.formula1.com/content/dam/fom-website/drivers/A/ALEALB01_Alexander_Albon/alealb01.png.transform/1col/image.png,THA,10.0,10,20.0,,,,0 days 00:01:19.382000,Finished,1.0,58.0
24,G ZHOU,ZHO,zhou,Alfa Romeo,b12039,alfa,Guanyu,Zhou,Guanyu Zhou,https://www.formula1.com/content/dam/fom-website/drivers/G/GUAZHO01_Guanyu_Zhou/guazho01.png.transform/1col/image.png,CHN,11.0,11,14.0,,,,0 days 00:01:21.695000,Finished,0.0,58.0
18,L STROLL,STR,stroll,Aston Martin,2d826d,aston_martin,Lance,Stroll,Lance Stroll,https://www.formula1.com/content/dam/fom-website/drivers/L/LANSTR01_Lance_Stroll/lanstr01.png.transform/1col/image.png,CAN,12.0,12,19.0,,,,0 days 00:01:28.598000,Finished,0.0,58.0
47,M SCHUMACHER,MSC,mick_schumacher,Haas F1 Team,b6babd,haas,Mick,Schumacher,Mick Schumacher,https://www.formula1.com/content/dam/fom-website/drivers/M/MICSCH02_Mick_Schumacher/micsch02.png.transform/1col/image.png,GER,13.0,13,15.0,,,,,+1 Lap,0.0,57.0
20,K MAGNUSSEN,MAG,kevin_magnussen,Haas F1 Team,b6babd,haas,Kevin,Magnussen,Kevin Magnussen,None,DEN,14.0,14,16.0,,,,,+1 Lap,0.0,57.0
22,Y TSUNODA,TSU,tsunoda,AlphaTauri,4e7c9b,alphatauri,Yuki,Tsunoda,Yuki Tsunoda,https://www.formula1.com/content/dam/fom-website/drivers/Y/YUKTSU01_Yuki_Tsunoda/yuktsu01.png.transform/1col/image.png,JPN,15.0,15,13.0,,,,,+1 Lap,0.0,57.0
6,N LATIFI,LAT,latifi,Williams,37bedd,williams,Nicholas,Latifi,Nicholas Latifi,https://www.formula1.com/content/dam/fom-website/drivers/N/NICLAF01_Nicholas_Latifi/niclaf01.png.transform/1col/image.png,CAN,16.0,16,18.0,,,,,+1 Lap,0.0,57.0
14,F ALONSO,ALO,alonso,Alpine,2293d1,alpine,Fernando,Alonso,Fernando Alonso,https://www.formula1.com/content/dam/fom-website/drivers/F/FERALO01_Fernando_Alonso/feralo01.png.transform/1col/image.png,ESP,17.0,17,10.0,,,,,+1 Lap,0.0,57.0
1,M VERSTAPPEN,VER,max_verstappen,Red Bull Racing,1e5bc6,red_bull,Max,Verstappen,Max Verstappen,https://www.formula1.com/content/dam/fom-website/drivers/M/MAXVER01_Max_Verstappen/maxver01.png.transform/1col/image.png,NED,18.0,R,2.0,,,,,Fuel leak,0.0,38.0
5,S VETTEL,VET,vettel,Aston Martin,2d826d,aston_martin,Sebastian,Vettel,Sebastian Vettel,https://www.formula1.com/content/dam/fom-website/drivers/S/SEBVET01_Sebastian_Vettel/sebvet01.png.transform/1col/image.png,GER,19.0,R,17.0,,,,,Accident,0.0,22.0
55,C SAINZ,SAI,sainz,Ferrari,ed1c24,ferrari,Carlos,Sainz,Carlos Sainz,https://www.formula1.com/content/dam/fom-website/drivers/C/CARSAI01_Carlos_Sainz/carsai01.png.transform/1col/image.png,ESP,20.0,R,9.0,,,,,Spun off,0.0,1.0
1,M VERSTAPPEN,VER,max_verstappen,Red Bull Racing,1e5bc6,red_bull,Max,Verstappen,Max Verstappen,https://www.formula1.com/content/dam/fom-website/drivers/M/MAXVER01_Max_Verstappen/maxver01.png.transform/1col/image.png,NED,1.0,,,0 days 00:01:19.295000,0 days 00:01:18.793000,0 days 00:01:27.999000,,,,
16,C LECLERC,LEC,leclerc,Ferrari,ed1c24,ferrari,Charles,Leclerc,Charles Leclerc,https://www.formula1.com/content/dam/fom-website/drivers/C/CHALEC01_Charles_Leclerc/chalec01.png.transform/1col/image.png,MON,2.0,,,0 days 00:01:18.796000,0 days 00:01:19.584000,0 days 00:01:28.778000,,,,
4,L NORRIS,NOR,norris,McLaren,f58020,mclaren,Lando,Norris,Lando Norris,https://www.formula1.com/content/dam/fom-website/drivers/L/LANNOR01_Lando_Norris/lannor01.png.transform/1col/image.png,GBR,3.0,,,0 days 00:01:20.168000,0 days 00:01:19.294000,0 days 00:01:29.131000,,,,
20,K MAGNUSSEN,MAG,kevin_magnussen,Haas F1 Team,b6babd,haas,Kevin,Magnussen,Kevin Magnussen,None,DEN,4.0,,,0 days 00:01:20.147000,0 days 00:01:19.902000,0 days 00:01:29.164000,,,,
14,F ALONSO,ALO,alonso,Alpine,2293d1,alpine,Fernando,Alonso,Fernando Alonso,https://www.formula1.com/content/dam/fom-website/drivers/F/FERALO01_Fernando_Alonso/feralo01.png.transform/1col/image.png,ESP,5.0,,,0 days 00:01:20.198000,0 days 00:01:19.595000,0 days 00:01:29.202000,,,,
3,D RICCIARDO,RIC,ricciardo,McLaren,f58020,mclaren,Daniel,Ricciardo,Daniel Ricciardo,https://www.formula1.com/content/dam/fom-website/drivers/D/DANRIC01_Daniel_Ricciardo/danric01.png.transform/1col/image.png,AUS,6.0,,,0 days 00:01:19.980000,0 days 00:01:20.031000,0 days 00:01:29.742000,,,,
11,S PEREZ,PER,perez,Red Bull Racing,1e5bc6,red_bull,Sergio,Perez,Sergio Perez,https://www.formula1.com/content/dam/fom-website/drivers/S/SERPER01_Sergio_Perez/serper01.png.transform/1col/image.png,MEX,7.0,,,0 days 00:01:19.773000,0 days 00:01:19.296000,0 days 00:01:29.808000,,,,
77,V BOTTAS,BOT,bottas,Alfa Romeo,b12039,alfa,Valtteri,Bottas,Valtteri Bottas,https://www.formula1.com/content/dam/fom-website/drivers/V/VALBOT01_Valtteri_Bottas/valbot01.png.transform/1col/image.png,FIN,8.0,,,0 days 00:01:20.419000,0 days 00:01:20.192000,0 days 00:01:30.439000,,,,
5,S VETTEL,VET,vettel,Aston Martin,2d826d,aston_martin,Sebastian,Vettel,Sebastian Vettel,https://www.formula1.com/content/dam/fom-website/drivers/S/SEBVET01_Sebastian_Vettel/sebvet01.png.transform/1col/image.png,GER,9.0,,,0 days 00:01:20.364000,0 days 00:01:19.957000,0 days 00:01:31.062000,,,,
55,C SAINZ,SAI,sainz,Ferrari,ed1c24,ferrari,Carlos,Sainz,Carlos Sainz,https://www.formula1.com/content/dam/fom-website/drivers/C/CARSAI01_Carlos_Sainz/carsai01.png.transform/1col/image.png,ESP,10.0,,,0 days 00:01:19.305000,0 days 00:01:18.990000,,,,,
63,G RUSSELL,RUS,russell,Mercedes,6cd3bf,mercedes,George,Russell,George Russell,https://www.formula1.com/content/dam/fom-website/drivers/G/GEORUS01_George_Russell/georus01.png.transform/1col/image.png,GBR,11.0,,,0 days 00:01:20.383000,0 days 00:01:20.757000,,,,,
47,M SCHUMACHER,MSC,mick_schumacher,Haas F1 Team,b6babd,haas,Mick,Schumacher,Mick Schumacher,https://www.formula1.com/content/dam/fom-website/drivers/M/MICSCH02_Mick_Schumacher/micsch02.png.transform/1col/image.png,GER,12.0,,,0 days 00:01:20.422000,0 days 00:01:20.916000,,,,,
44,L HAMILTON,HAM,hamilton,Mercedes,6cd3bf,mercedes,Lewis,Hamilton,Lewis Hamilton,https://www.formula1.com/content/dam/fom-website/drivers/L/LEWHAM01_Lewis_Hamilton/lewham01.png.transform/1col/image.png,GBR,13.0,,,0 days 00:01:20.470000,0 days 00:01:21.138000,,,,,
24,G ZHOU,ZHO,zhou,Alfa Romeo,b12039,alfa,Guanyu,Zhou,Guanyu Zhou,https://www.formula1.com/content/dam/fom-website/drivers/G/GUAZHO01_Guanyu_Zhou/guazho01.png.transform/1col/image.png,CHN,14.0,,,0 days 00:01:19.730000,0 days 00:01:21.434000,,,,,
18,L STROLL,STR,stroll,Aston Martin,2d826d,aston_martin,Lance,Stroll,Lance Stroll,https://www.formula1.com/content/dam/fom-website/drivers/L/LANSTR01_Lance_Stroll/lanstr01.png.transform/1col/image.png,CAN,15.0,,,0 days 00:01:20.342000,0 days 00:01:28.119000,,,,,
22,Y TSUNODA,TSU,tsunoda,AlphaTauri,4e7c9b,alphatauri,Yuki,Tsunoda,Yuki Tsunoda,https://www.formula1.com/content/dam/fom-website/drivers/Y/YUKTSU01_Yuki_Tsunoda/yuktsu01.png.transform/1col/image.png,JPN,16.0,,,0 days 00:01:20.474000,,,,,,
10,P GASLY,GAS,gasly,AlphaTauri,4e7c9b,alphatauri,Pierre,Gasly,Pierre Gasly,https://www.formula1.com/content/dam/fom-website/drivers/P/PIEGAS01_Pierre_Gasly/piegas01.png.transform/1col/image.png,FRA,17.0,,,0 days 00:01:20.732000,,,,,,
6,N LATIFI,LAT,latifi,Williams,37bedd,williams,Nicholas,Latifi,Nicholas Latifi,https://www.formula1.com/content/dam/fom-website/drivers/N/NICLAF01_Nicholas_Latifi/niclaf01.png.transform/1col/image.png,CAN,18.0,,,0 days 00:01:21.971000,,,,,,
31,E OCON,OCO,ocon,Alpine,2293d1,alpine,Esteban,Ocon,Esteban Ocon,https://www.formula1.com/content/dam/fom-website/drivers/E/ESTOCO01_Esteban_Ocon/estoco01.png.transform/1col/image.png,FRA,19.0,,,0 days 00:01:22.338000,,,,,,
23,A ALBON,ALB,albon,Williams,37bedd,williams,Alexander,Albon,Alexander Albon,https://www.formula1.com/content/dam/fom-website/drivers/A/ALEALB01_Alexander_Albon/alealb01.png.transform/1col/image.png,THA,20.0,,,,,,,,,
1,M VERSTAPPEN,VER,max_verstappen,Red Bull Racing,1e5bc6,red_bull,Max,Verstappen,Max Verstappen,https://www.formula1.com/content/dam/fom-website/drivers/M/MAXVER01_Max_Verstappen/maxver01.png.transform/1col/image.png,NED,1.0,1,1.0,,,,0 days 01:32:07.986000,Finished,26.0,63.0
11,S PEREZ,PER,perez,Red Bull Racing,1e5bc6,red_bull,Sergio,Perez,Sergio Perez,https://www.formula1.com/content/dam/fom-website/drivers/S/SERPER01_Sergio_Perez/serper01.png.transform/1col/image.png,MEX,2.0,2,3.0,,,,0 days 00:00:16.527000,Finished,18.0,63.0
4,L NORRIS,NOR,norris,McLaren,f58020,mclaren,Lando,Norris,Lando Norris,https://www.formula1.com/content/dam/fom-website/drivers/L/LANNOR01_Lando_Norris/lannor01.png.transform/1col/image.png,GBR,3.0,3,5.0,,,,0 days 00:00:34.834000,Finished,15.0,63.0
63,G RUSSELL,RUS,russell,Mercedes,6cd3bf,mercedes,George,Russell,George Russell,https://www.formula1.com/content/dam/fom-website/drivers/G/GEORUS01_George_Russell/georus01.png.transform/1col/image.png,GBR,4.0,4,11.0,,,,0 days 00:00:42.506000,Finished,12.0,63.0
77,V BOTTAS,BOT,bottas,Alfa Romeo,b12039,alfa,Valtteri,Bottas,Valtteri Bottas,https://www.formula1.com/content/dam/fom-website/drivers/V/VALBOT01_Valtteri_Bottas/valbot01.png.transform/1col/image.png,FIN,5.0,5,7.0,,,,0 days 00:00:43.181000,Finished,10.0,63.0
16,C LECLERC,LEC,leclerc,Ferrari,ed1c24,ferrari,Charles,Leclerc,Charles Leclerc,https://www.formula1.com/content/dam/fom-website/drivers/C/CHALEC01_Charles_Leclerc/chalec01.png.transform/1col/image.png,MON,6.0,6,2.0,,,,0 days 00:00:56.072000,Finished,8.0,63.0
22,Y TSUNODA,TSU,tsunoda,AlphaTauri,4e7c9b,alphatauri,Yuki,Tsunoda,Yuki Tsunoda,https://www.formula1.com/content/dam/fom-website/drivers/Y/YUKTSU01_Yuki_Tsunoda/yuktsu01.png.transform/1col/image.png,JPN,7.0,7,12.0,,,,0 days 00:01:01.110000,Finished,6.0,63.0
5,S VETTEL,VET,vettel,Aston Martin,2d826d,aston_martin,Sebastian,Vettel,Sebastian Vettel,https://www.formula1.com/content/dam/fom-website/drivers/S/SEBVET01_Sebastian_Vettel/sebvet01.png.transform/1col/image.png,GER,8.0,8,13.0,,,,0 days 00:01:10.892000,Finished,4.0,63.0
20,K MAGNUSSEN,MAG,kevin_magnussen,Haas F1 Team,b6babd,haas,Kevin,Magnussen,Kevin Magnussen,None,DEN,9.0,9,8.0,,,,0 days 00:01:15.260000,Finished,2.0,63.0
18,L STROLL,STR,stroll,Aston Martin,2d826d,aston_martin,Lance,Stroll,Lance Stroll,https://www.formula1.com/content/dam/fom-website/drivers/L/LANSTR01_Lance_Stroll/lanstr01.png.transform/1col/image.png,CAN,10.0,10,15.0,,,,,+1 Lap,1.0,62.0
23,A ALBON,ALB,albon,Williams,37bedd,williams,Alexander,Albon,Alexander Albon,https://www.formula1.com/content/dam/fom-website/drivers/A/ALEALB01_Alexander_Albon/alealb01.png.transform/1col/image.png,THA,11.0,11,18.0,,,,,+1 Lap,0.0,62.0
10,P GASLY,GAS,gasly,AlphaTauri,4e7c9b,alphatauri,Pierre,Gasly,Pierre Gasly,https://www.formula1.com/content/dam/fom-website/drivers/P/PIEGAS01_Pierre_Gasly/piegas01.png.transform/1col/image.png,FRA,12.0,12,17.0,,,,,+1 Lap,0.0,62.0
44,L HAMILTON,HAM,hamilton,Mercedes,6cd3bf,mercedes,Lewis,Hamilton,Lewis Hamilton,https://www.formula1.com/content/dam/fom-website/drivers/L/LEWHAM01_Lewis_Hamilton/lewham01.png.transform/1col/image.png,GBR,13.0,13,14.0,,,,,+1 Lap,0.0,62.0
31,E OCON,OCO,ocon,Alpine,2293d1,alpine,Esteban,Ocon,Esteban Ocon,https://www.formula1.com/content/dam/fom-website/drivers/E/ESTOCO01_Esteban_Ocon/estoco01.png.transform/1col/image.png,FRA,14.0,14,16.0,,,,,+1 Lap,0.0,62.0
24,G ZHOU,ZHO,zhou,Alfa Romeo,b12039,alfa,Guanyu,Zhou,Guanyu Zhou,https://www.formula1.com/content/dam/fom-website/drivers/G/GUAZHO01_Guanyu_Zhou/guazho01.png.transform/1col/image.png,CHN,15.0,15,0.0,,,,,+1 Lap,0.0,62.0
6,N LATIFI,LAT,latifi,Williams,37bedd,williams,Nicholas,Latifi,Nicholas Latifi,https://www.formula1.com/content/dam/fom-website/drivers/N/NICLAF01_Nicholas_Latifi/niclaf01.png.transform/1col/image.png,CAN,16.0,16,19.0,,,,,+1 Lap,0.0,62.0
47,M SCHUMACHER,MSC,mick_schumacher,Haas F1 Team,b6babd,haas,Mick,Schumacher,Mick Schumacher,https://www.formula1.com/content/dam/fom-website/drivers/M/MICSCH02_Mick_Schumacher/micsch02.png.transform/1col/image.png,GER,17.0,17,10.0,,,,,+1 Lap,0.0,62.0
3,D RICCIARDO,RIC,ricciardo,McLaren,f58020,mclaren,Daniel,Ricciardo,Daniel Ricciardo,https://www.formula1.com/content/dam/fom-website/drivers/D/DANRIC01_Daniel_Ricciardo/danric01.png.transform/1col/image.png,AUS,18.0,18,6.0,,,,,+1 Lap,0.0,62.0
14,F ALONSO,ALO,alonso,Alpine,2293d1,alpine,Fernando,Alonso,Fernando Alonso,https://www.formula1.com/content/dam/fom-website/drivers/F/FERALO01_Fernando_Alonso/feralo01.png.transform/1col/image.png,ESP,19.0,R,9.0,,,,,Collision damage,0.0,6.0
55,C SAINZ,SAI,sainz,Ferrari,ed1c24,ferrari,Carlos,Sainz,Carlos Sainz,https://www.formula1.com/content/dam/fom-website/drivers/C/CARSAI01_Carlos_Sainz/carsai01.png.transform/1col/image.png,ESP,20.0,R,4.0,,,,,Collision,0.0,0.0
16,C LECLERC,LEC,leclerc,Ferrari,ed1c24,ferrari,Charles,Leclerc,Charles Leclerc,https://www.formula1.com/content/dam/fom-website/drivers/C/CHALEC01_Charles_Leclerc/chalec01.png.transform/1col/image.png,MON,1.0,,,0 days 00:01:29.474000,0 days 00:01:29.130000,0 days 00:01:28.796000,,,,
55,C SAINZ,SAI,sainz,Ferrari,ed1c24,ferrari,Carlos,Sainz,Carlos Sainz,https://www.formula1.com/content/dam/fom-website/drivers/C/CARSAI01_Carlos_Sainz/carsai01.png.transform/1col/image.png,ESP,2.0,,,0 days 00:01:30.079000,0 days 00:01:29.729000,0 days 00:01:28.986000,,,,
1,M VERSTAPPEN,VER,max_verstappen,Red Bull Racing,1e5bc6,red_bull,Max,Verstappen,Max Verstappen,https://www.formula1.com/content/dam/fom-website/drivers/M/MAXVER01_Max_Verstappen/maxver01.png.transform/1col/image.png,NED,3.0,,,0 days 00:01:29.836000,0 days 00:01:29.202000,0 days 00:01:28.991000,,,,
11,S PEREZ,PER,perez,Red Bull Racing,1e5bc6,red_bull,Sergio,Perez,Sergio Perez,https://www.formula1.com/content/dam/fom-website/drivers/S/SERPER01_Sergio_Perez/serper01.png.transform/1col/image.png,MEX,4.0,,,0 days 00:01:30.055000,0 days 00:01:29.673000,0 days 00:01:29.036000,,,,
77,V BOTTAS,BOT,bottas,Alfa Romeo,b12039,alfa,Valtteri,Bottas,Valtteri Bottas,https://www.formula1.com/content/dam/fom-website/drivers/V/VALBOT01_Valtteri_Bottas/valbot01.png.transform/1col/image.png,FIN,5.0,,,0 days 00:01:30.845000,0 days 00:01:29.751000,0 days 00:01:29.475000,,,,
44,L HAMILTON,HAM,hamilton,Mercedes,6cd3bf,mercedes,Lewis,Hamilton,Lewis Hamilton,https://www.formula1.com/content/dam/fom-website/drivers/L/LEWHAM01_Lewis_Hamilton/lewham01.png.transform/1col/image.png,GBR,6.0,,,0 days 00:01:30.388000,0 days 00:01:29.797000,0 days 00:01:29.625000,,,,
10,P GASLY,GAS,gasly,AlphaTauri,4e7c9b,alphatauri,Pierre,Gasly,Pierre Gasly,https://www.formula1.com/content/dam/fom-website/drivers/P/PIEGAS01_Pierre_Gasly/piegas01.png.transform/1col/image.png,FRA,7.0,,,0 days 00:01:30.779000,0 days 00:01:30.128000,0 days 00:01:29.690000,,,,
4,L NORRIS,NOR,norris,McLaren,f58020,mclaren,Lando,Norris,Lando Norris,https://www.formula1.com/content/dam/fom-website/drivers/L/LANNOR01_Lando_Norris/lannor01.png.transform/1col/image.png,GBR,8.0,,,0 days 00:01:30.761000,0 days 00:01:29.634000,0 days 00:01:29.750000,,,,
22,Y TSUNODA,TSU,tsunoda,AlphaTauri,4e7c9b,alphatauri,Yuki,Tsunoda,Yuki Tsunoda,https://www.formula1.com/content/dam/fom-website/drivers/Y/YUKTSU01_Yuki_Tsunoda/yuktsu01.png.transform/1col/image.png,JPN,9.0,,,0 days 00:01:30.485000,0 days 00:01:30.031000,0 days 00:01:29.932000,,,,
18,L STROLL,STR,stroll,Aston Martin,2d826d,aston_martin,Lance,Stroll,Lance Stroll,https://www.formula1.com/content/dam/fom-website/drivers/L/LANSTR01_Lance_Stroll/lanstr01.png.transform/1col/image.png,CAN,10.0,,,0 days 00:01:30.441000,0 days 00:01:29.996000,0 days 00:01:30.676000,,,,
14,F ALONSO,ALO,alonso,Alpine,2293d1,alpine,Fernando,Alonso,Fernando Alonso,https://www.formula1.com/content/dam/fom-website/drivers/F/FERALO01_Fernando_Alonso/feralo01.png.transform/1col/image.png,ESP,11.0,,,0 days 00:01:30.407000,0 days 00:01:30.160000,,,,,
63,G RUSSELL,RUS,russell,Mercedes,6cd3bf,mercedes,George,Russell,George Russell,https://www.formula1.com/content/dam/fom-website/drivers/G/GEORUS01_George_Russell/georus01.png.transform/1col/image.png,GBR,12.0,,,0 days 00:01:30.490000,0 days 00:01:30.173000,,,,,
5,S VETTEL,VET,vettel,Aston Martin,2d826d,aston_martin,Sebastian,Vettel,Sebastian Vettel,https://www.formula1.com/content/dam/fom-website/drivers/S/SEBVET01_Sebastian_Vettel/sebvet01.png.transform/1col/image.png,GER,13.0,,,0 days 00:01:30.677000,0 days 00:01:30.214000,,,,,
3,D RICCIARDO,RIC,ricciardo,McLaren,f58020,mclaren,Daniel,Ricciardo,Daniel Ricciardo,https://www.formula1.com/content/dam/fom-website/drivers/D/DANRIC01_Daniel_Ricciardo/danric01.png.transform/1col/image.png,AUS,14.0,,,0 days 00:01:30.583000,0 days 00:01:30.310000,,,,,
47,M SCHUMACHER,MSC,mick_schumacher,Haas F1 Team,b6babd,haas,Mick,Schumacher,Mick Schumacher,https://www.formula1.com/content/dam/fom-website/drivers/M/MICSCH02_Mick_Schumacher/micsch02.png.transform/1col/image.png,GER,15.0,,,0 days 00:01:30.645000,0 days 00:01:30.423000,,,,,
20,K MAGNUSSEN,MAG,kevin_magnussen,Haas F1 Team,b6babd,haas,Kevin,Magnussen,Kevin Magnussen,None,DEN,16.0,,,0 days 00:01:30.975000,,,,,,
24,G ZHOU,ZHO,zhou,Alfa Romeo,b12039,alfa,Guanyu,Zhou,Guanyu Zhou,https://www.formula1.com/content/dam/fom-website/drivers/G/GUAZHO01_Guanyu_Zhou/guazho01.png.transform/1col/image.png,CHN,17.0,,,0 days 00:01:31.020000,,,,,,
23,A ALBON,ALB,albon,Williams,37bedd,williams,Alexander,Albon,Alexander Albon,https://www.formula1.com/content/dam/fom-website/drivers/A/ALEALB01_Alexander_Albon/alealb01.png.transform/1col/image.png,THA,18.0,,,0 days 00:01:31.266000,,,,,,
6,N LATIFI,LAT,latifi,Williams,37bedd,williams,Nicholas,Latifi,Nicholas Latifi,https://www.formula1.com/content/dam/fom-website/drivers/N/NICLAF01_Nicholas_Latifi/niclaf01.png.transform/1col/image.png,CAN,19.0,,,0 days 00:01:31.325000,,,,,,
31,E OCON,OCO,ocon,Alpine,2293d1,alpine,Esteban,Ocon,Esteban Ocon,https://www.formula1.com/content/dam/fom-website/drivers/E/ESTOCO01_Esteban_Ocon/estoco01.png.transform/1col/image.png,FRA,20.0,,,,,,,,,
1,M VERSTAPPEN,VER,max_verstappen,Red Bull Racing,1e5bc6,red_bull,Max,Verstappen,Max Verstappen,https://www.formula1.com/content/dam/fom-website/drivers/M/MAXVER01_Max_Verstappen/maxver01.png.transform/1col/image.png,NED,1.0,1,3.0,,,,0 days 01:34:24.258000,Finished,26.0,57.0
16,C LECLERC,LEC,leclerc,Ferrari,ed1c24,ferrari,Charles,Leclerc,Charles Leclerc,https://www.formula1.com/content/dam/fom-website/drivers/C/CHALEC01_Charles_Leclerc/chalec01.png.transform/1col/image.png,MON,2.0,2,1.0,,,,0 days 00:00:03.786000,Finished,18.0,57.0
55,C SAINZ,SAI,sainz,Ferrari,ed1c24,ferrari,Carlos,Sainz,Carlos Sainz,https://www.formula1.com/content/dam/fom-website/drivers/C/CARSAI01_Carlos_Sainz/carsai01.png.transform/1col/image.png,ESP,3.0,3,2.0,,,,0 days 00:00:08.229000,Finished,15.0,57.0
11,S PEREZ,PER,perez,Red Bull Racing,1e5bc6,red_bull,Sergio,Perez,Sergio Perez,https://www.formula1.com/content/dam/fom-website/drivers/S/SERPER01_Sergio_Perez/serper01.png.transform/1col/image.png,MEX,4.0,4,4.0,,,,0 days 00:00:10.638000,Finished,12.0,57.0
63,G RUSSELL,RUS,russell,Mercedes,6cd3bf,mercedes,George,Russell,George Russell,https://www.formula1.com/content/dam/fom-website/drivers/G/GEORUS01_George_Russell/georus01.png.transform/1col/image.png,GBR,5.0,5,12.0,,,,0 days 00:00:18.582000,Finished,10.0,57.0
44,L HAMILTON,HAM,hamilton,Mercedes,6cd3bf,mercedes,Lewis,Hamilton,Lewis Hamilton,https://www.formula1.com/content/dam/fom-website/drivers/L/LEWHAM01_Lewis_Hamilton/lewham01.png.transform/1col/image.png,GBR,6.0,6,6.0,,,,0 days 00:00:21.368000,Finished,8.0,57.0
77,V BOTTAS,BOT,bottas,Alfa Romeo,b12039,alfa,Valtteri,Bottas,Valtteri Bottas,https://www.formula1.com/content/dam/fom-website/drivers/V/VALBOT01_Valtteri_Bottas/valbot01.png.transform/1col/image.png,FIN,7.0,7,5.0,,,,0 days 00:00:25.073000,Finished,6.0,57.0
31,E OCON,OCO,ocon,Alpine,2293d1,alpine,Esteban,Ocon,Esteban Ocon,https://www.formula1.com/content/dam/fom-website/drivers/E/ESTOCO01_Esteban_Ocon/estoco01.png.transform/1col/image.png,FRA,8.0,8,20.0,,,,0 days 00:00:28.386000,Finished,4.0,57.0
23,A ALBON,ALB,albon,Williams,37bedd,williams,Alexander,Albon,Alexander Albon,https://www.formula1.com/content/dam/fom-website/drivers/A/ALEALB01_Alexander_Albon/alealb01.png.transform/1col/image.png,THA,9.0,9,18.0,,,,0 days 00:00:32.365000,Finished,2.0,57.0
18,L STROLL,STR,stroll,Aston Martin,2d826d,aston_martin,Lance,Stroll,Lance Stroll,https://www.formula1.com/content/dam/fom-website/drivers/L/LANSTR01_Lance_Stroll/lanstr01.png.transform/1col/image.png,CAN,10.0,10,0.0,,,,0 days 00:00:37.026000,Finished,1.0,57.0
14,F ALONSO,ALO,alonso,Alpine,2293d1,alpine,Fernando,Alonso,Fernando Alonso,https://www.formula1.com/content/dam/fom-website/drivers/F/FERALO01_Fernando_Alonso/feralo01.png.transform/1col/image.png,ESP,11.0,11,11.0,,,,0 days 00:00:37.128000,Finished,0.0,57.0
22,Y TSUNODA,TSU,tsunoda,AlphaTauri,4e7c9b,alphatauri,Yuki,Tsunoda,Yuki Tsunoda,https://www.formula1.com/content/dam/fom-website/drivers/Y/YUKTSU01_Yuki_Tsunoda/yuktsu01.png.transform/1col/image.png,JPN,12.0,12,9.0,,,,0 days 00:00:40.146000,Finished,0.0,57.0
3,D RICCIARDO,RIC,ricciardo,McLaren,f58020,mclaren,Daniel,Ricciardo,Daniel Ricciardo,https://www.formula1.com/content/dam/fom-website/drivers/D/DANRIC01_Daniel_Ricciardo/danric01.png.transform/1col/image.png,AUS,13.0,13,14.0,,,,0 days 00:00:40.902000,Finished,0.0,57.0
6,N LATIFI,LAT,latifi,Williams,37bedd,williams,Nicholas,Latifi,Nicholas Latifi,https://www.formula1.com/content/dam/fom-website/drivers/N/NICLAF01_Nicholas_Latifi/niclaf01.png.transform/1col/image.png,CAN,14.0,14,19.0,,,,0 days 00:00:49.936000,Finished,0.0,57.0
47,M SCHUMACHER,MSC,mick_schumacher,Haas F1 Team,b6babd,haas,Mick,Schumacher,Mick Schumacher,https://www.formula1.com/content/dam/fom-website/drivers/M/MICSCH02_Mick_Schumacher/micsch02.png.transform/1col/image.png,GER,15.0,15,15.0,,,,0 days 00:01:13.305000,Finished,0.0,57.0
20,K MAGNUSSEN,MAG,kevin_magnussen,Haas F1 Team,b6babd,haas,Kevin,Magnussen,Kevin Magnussen,None,DEN,16.0,16,16.0,,,,,Front wing,0.0,56.0
5,S VETTEL,VET,vettel,Aston Martin,2d826d,aston_martin,Sebastian,Vettel,Sebastian Vettel,https://www.formula1.com/content/dam/fom-website/drivers/S/SEBVET01_Sebastian_Vettel/sebvet01.png.transform/1col/image.png,GER,17.0,17,0.0,,,,,Collision,0.0,54.0
10,P GASLY,GAS,gasly,AlphaTauri,4e7c9b,alphatauri,Pierre,Gasly,Pierre Gasly,https://www.formula1.com/content/dam/fom-website/drivers/P/PIEGAS01_Pierre_Gasly/piegas01.png.transform/1col/image.png,FRA,18.0,R,7.0,,,,,Suspension,0.0,45.0
4,L NORRIS,NOR,norris,McLaren,f58020,mclaren,Lando,Norris,Lando Norris,https://www.formula1.com/content/dam/fom-website/drivers/L/LANNOR01_Lando_Norris/lannor01.png.transform/1col/image.png,GBR,19.0,R,8.0,,,,,Collision,0.0,39.0
24,G ZHOU,ZHO,zhou,Alfa Romeo,b12039,alfa,Guanyu,Zhou,Guanyu Zhou,https://www.formula1.com/content/dam/fom-website/drivers/G/GUAZHO01_Guanyu_Zhou/guazho01.png.transform/1col/image.png,CHN,20.0,R,17.0,,,,,Water leak,0.0,6.0
16,C LECLERC,LEC,leclerc,Ferrari,ed1c24,ferrari,Charles,Leclerc,Charles Leclerc,https://www.formula1.com/content/dam/fom-website/drivers/C/CHALEC01_Charles_Leclerc/chalec01.png.transform/1col/image.png,MON,1.0,,,0 days 00:01:19.861000,0 days 00:01:19.969000,0 days 00:01:18.750000,,,,
1,M VERSTAPPEN,VER,max_verstappen,Red Bull Racing,1e5bc6,red_bull,Max,Verstappen,Max Verstappen,https://www.formula1.com/content/dam/fom-website/drivers/M/MAXVER01_Max_Verstappen/maxver01.png.transform/1col/image.png,NED,2.0,,,0 days 00:01:20.091000,0 days 00:01:19.219000,0 days 00:01:19.073000,,,,
55,C SAINZ,SAI,sainz,Ferrari,ed1c24,ferrari,Carlos,Sainz,Carlos Sainz,https://www.formula1.com/content/dam/fom-website/drivers/C/CARSAI01_Carlos_Sainz/carsai01.png.transform/1col/image.png,ESP,3.0,,,0 days 00:01:19.892000,0 days 00:01:19.453000,0 days 00:01:19.166000,,,,
63,G RUSSELL,RUS,russell,Mercedes,6cd3bf,mercedes,George,Russell,George Russell,https://www.formula1.com/content/dam/fom-website/drivers/G/GEORUS01_George_Russell/georus01.png.transform/1col/image.png,GBR,4.0,,,0 days 00:01:20.218000,0 days 00:01:19.470000,0 days 00:01:19.393000,,,,
11,S PEREZ,PER,perez,Red Bull Racing,1e5bc6,red_bull,Sergio,Perez,Sergio Perez,https://www.formula1.com/content/dam/fom-website/drivers/S/SERPER01_Sergio_Perez/serper01.png.transform/1col/image.png,MEX,5.0,,,0 days 00:01:20.447000,0 days 00:01:19.830000,0 days 00:01:19.420000,,,,
44,L HAMILTON,HAM,hamilton,Mercedes,6cd3bf,mercedes,Lewis,Hamilton,Lewis Hamilton,https://www.formula1.com/content/dam/fom-website/drivers/L/LEWHAM01_Lewis_Hamilton/lewham01.png.transform/1col/image.png,GBR,6.0,,,0 days 00:01:20.252000,0 days 00:01:19.794000,0 days 00:01:19.512000,,,,
77,V BOTTAS,BOT,bottas,Alfa Romeo,b12039,alfa,Valtteri,Bottas,Valtteri Bottas,https://www.formula1.com/content/dam/fom-website/drivers/V/VALBOT01_Valtteri_Bottas/valbot01.png.transform/1col/image.png,FIN,7.0,,,0 days 00:01:20.355000,0 days 00:01:20.053000,0 days 00:01:19.608000,,,,
20,K MAGNUSSEN,MAG,kevin_magnussen,Haas F1 Team,b6babd,haas,Kevin,Magnussen,Kevin Magnussen,None,DEN,8.0,,,0 days 00:01:20.227000,0 days 00:01:19.810000,0 days 00:01:19.682000,,,,
3,D RICCIARDO,RIC,ricciardo,McLaren,f58020,mclaren,Daniel,Ricciardo,Daniel Ricciardo,https://www.formula1.com/content/dam/fom-website/drivers/D/DANRIC01_Daniel_Ricciardo/danric01.png.transform/1col/image.png,AUS,9.0,,,0 days 00:01:20.549000,0 days 00:01:20.287000,0 days 00:01:20.297000,,,,
47,M SCHUMACHER,MSC,mick_schumacher,Haas F1 Team,b6babd,haas,Mick,Schumacher,Mick Schumacher,https://www.formula1.com/content/dam/fom-website/drivers/M/MICSCH02_Mick_Schumacher/micsch02.png.transform/1col/image.png,GER,10.0,,,0 days 00:01:20.683000,0 days 00:01:20.436000,0 days 00:01:20.368000,,,,
4,L NORRIS,NOR,norris,McLaren,f58020,mclaren,Lando,Norris,Lando Norris,https://www.formula1.com/content/dam/fom-website/drivers/L/LANNOR01_Lando_Norris/lannor01.png.transform/1col/image.png,GBR,11.0,,,0 days 00:01:20.838000,0 days 00:01:20.471000,,,,,
31,E OCON,OCO,ocon,Alpine,2293d1,alpine,Esteban,Ocon,Esteban Ocon,https://www.formula1.com/content/dam/fom-website/drivers/E/ESTOCO01_Esteban_Ocon/estoco01.png.transform/1col/image.png,FRA,12.0,,,0 days 00:01:20.880000,0 days 00:01:20.638000,,,,,
22,Y TSUNODA,TSU,tsunoda,AlphaTauri,4e7c9b,alphatauri,Yuki,Tsunoda,Yuki Tsunoda,https://www.formula1.com/content/dam/fom-website/drivers/Y/YUKTSU01_Yuki_Tsunoda/yuktsu01.png.transform/1col/image.png,JPN,13.0,,,0 days 00:01:20.707000,0 days 00:01:20.639000,,,,,
10,P GASLY,GAS,gasly,AlphaTauri,4e7c9b,alphatauri,Pierre,Gasly,Pierre Gasly,https://www.formula1.com/content/dam/fom-website/drivers/P/PIEGAS01_Pierre_Gasly/piegas01.png.transform/1col/image.png,FRA,14.0,,,0 days 00:01:20.719000,0 days 00:01:20.861000,,,,,
24,G ZHOU,ZHO,zhou,Alfa Romeo,b12039,alfa,Guanyu,Zhou,Guanyu Zhou,https://www.formula1.com/content/dam/fom-website/drivers/G/GUAZHO01_Guanyu_Zhou/guazho01.png.transform/1col/image.png,CHN,15.0,,,0 days 00:01:20.476000,0 days 00:01:21.094000,,,,,
5,S VETTEL,VET,vettel,Aston Martin,2d826d,aston_martin,Sebastian,Vettel,Sebastian Vettel,https://www.formula1.com/content/dam/fom-website/drivers/S/SEBVET01_Sebastian_Vettel/sebvet01.png.transform/1col/image.png,GER,16.0,,,0 days 00:01:20.954000,,,,,,
14,F ALONSO,ALO,alonso,Alpine,2293d1,alpine,Fernando,Alonso,Fernando Alonso,https://www.formula1.com/content/dam/fom-website/drivers/F/FERALO01_Fernando_Alonso/feralo01.png.transform/1col/image.png,ESP,17.0,,,0 days 00:01:21.043000,,,,,,
18,L STROLL,STR,stroll,Aston Martin,2d826d,aston_martin,Lance,Stroll,Lance Stroll,https://www.formula1.com/content/dam/fom-website/drivers/L/LANSTR01_Lance_Stroll/lanstr01.png.transform/1col/image.png,CAN,18.0,,,0 days 00:01:21.418000,,,,,,
23,A ALBON,ALB,albon,Williams,37bedd,williams,Alexander,Albon,Alexander Albon,https://www.formula1.com/content/dam/fom-website/drivers/A/ALEALB01_Alexander_Albon/alealb01.png.transform/1col/image.png,THA,19.0,,,0 days 00:01:21.645000,,,,,,
6,N LATIFI,LAT,latifi,Williams,37bedd,williams,Nicholas,Latifi,Nicholas Latifi,https://www.formula1.com/content/dam/fom-website/drivers/N/NICLAF01_Nicholas_Latifi/niclaf01.png.transform/1col/image.png,CAN,20.0,,,0 days 00:01:21.915000,,,,,,
1,M VERSTAPPEN,VER,max_verstappen,Red Bull Racing,1e5bc6,red_bull,Max,Verstappen,Max Verstappen,https://www.formula1.com/content/dam/fom-website/drivers/M/MAXVER01_Max_Verstappen/maxver01.png.transform/1col/image.png,NED,1.0,1,2.0,,,,0 days 01:37:20.475000,Finished,25.0,66.0
11,S PEREZ,PER,perez,Red Bull Racing,1e5bc6,red_bull,Sergio,Perez,Sergio Perez,https://www.formula1.com/content/dam/fom-website/drivers/S/SERPER01_Sergio_Perez/serper01.png.transform/1col/image.png,MEX,2.0,2,5.0,,,,0 days 00:00:13.072000,Finished,19.0,66.0
63,G RUSSELL,RUS,russell,Mercedes,6cd3bf,mercedes,George,Russell,George Russell,https://www.formula1.com/content/dam/fom-website/drivers/G/GEORUS01_George_Russell/georus01.png.transform/1col/image.png,GBR,3.0,3,4.0,,,,0 days 00:00:32.927000,Finished,15.0,66.0
55,C SAINZ,SAI,sainz,Ferrari,ed1c24,ferrari,Carlos,Sainz,Carlos Sainz,https://www.formula1.com/content/dam/fom-website/drivers/C/CARSAI01_Carlos_Sainz/carsai01.png.transform/1col/image.png,ESP,4.0,4,3.0,,,,0 days 00:00:45.208000,Finished,12.0,66.0
44,L HAMILTON,HAM,hamilton,Mercedes,6cd3bf,mercedes,Lewis,Hamilton,Lewis Hamilton,https://www.formula1.com/content/dam/fom-website/drivers/L/LEWHAM01_Lewis_Hamilton/lewham01.png.transform/1col/image.png,GBR,5.0,5,6.0,,,,0 days 00:00:54.534000,Finished,10.0,66.0
77,V BOTTAS,BOT,bottas,Alfa Romeo,b12039,alfa,Valtteri,Bottas,Valtteri Bottas,https://www.formula1.com/content/dam/fom-website/drivers/V/VALBOT01_Valtteri_Bottas/valbot01.png.transform/1col/image.png,FIN,6.0,6,7.0,,,,0 days 00:00:59.976000,Finished,8.0,66.0
31,E OCON,OCO,ocon,Alpine,2293d1,alpine,Esteban,Ocon,Esteban Ocon,https://www.formula1.com/content/dam/fom-website/drivers/E/ESTOCO01_Esteban_Ocon/estoco01.png.transform/1col/image.png,FRA,7.0,7,12.0,,,,0 days 00:01:15.397000,Finished,6.0,66.0
4,L NORRIS,NOR,norris,McLaren,f58020,mclaren,Lando,Norris,Lando Norris,https://www.formula1.com/content/dam/fom-website/drivers/L/LANNOR01_Lando_Norris/lannor01.png.transform/1col/image.png,GBR,8.0,8,11.0,,,,0 days 00:01:23.235000,Finished,4.0,66.0
14,F ALONSO,ALO,alonso,Alpine,2293d1,alpine,Fernando,Alonso,Fernando Alonso,https://www.formula1.com/content/dam/fom-website/drivers/F/FERALO01_Fernando_Alonso/feralo01.png.transform/1col/image.png,ESP,9.0,9,20.0,,,,,+1 Lap,2.0,65.0
22,Y TSUNODA,TSU,tsunoda,AlphaTauri,4e7c9b,alphatauri,Yuki,Tsunoda,Yuki Tsunoda,https://www.formula1.com/content/dam/fom-website/drivers/Y/YUKTSU01_Yuki_Tsunoda/yuktsu01.png.transform/1col/image.png,JPN,10.0,10,13.0,,,,,+1 Lap,1.0,65.0
5,S VETTEL,VET,vettel,Aston Martin,2d826d,aston_martin,Sebastian,Vettel,Sebastian Vettel,https://www.formula1.com/content/dam/fom-website/drivers/S/SEBVET01_Sebastian_Vettel/sebvet01.png.transform/1col/image.png,GER,11.0,11,16.0,,,,,+1 Lap,0.0,65.0
3,D RICCIARDO,RIC,ricciardo,McLaren,f58020,mclaren,Daniel,Ricciardo,Daniel Ricciardo,https://www.formula1.com/content/dam/fom-website/drivers/D/DANRIC01_Daniel_Ricciardo/danric01.png.transform/1col/image.png,AUS,12.0,12,9.0,,,,,+1 Lap,0.0,65.0
10,P GASLY,GAS,gasly,AlphaTauri,4e7c9b,alphatauri,Pierre,Gasly,Pierre Gasly,https://www.formula1.com/content/dam/fom-website/drivers/P/PIEGAS01_Pierre_Gasly/piegas01.png.transform/1col/image.png,FRA,13.0,13,14.0,,,,,+1 Lap,0.0,65.0
47,M SCHUMACHER,MSC,mick_schumacher,Haas F1 Team,b6babd,haas,Mick,Schumacher,Mick Schumacher,https://www.formula1.com/content/dam/fom-website/drivers/M/MICSCH02_Mick_Schumacher/micsch02.png.transform/1col/image.png,GER,14.0,14,10.0,,,,,+1 Lap,0.0,65.0
18,L STROLL,STR,stroll,Aston Martin,2d826d,aston_martin,Lance,Stroll,Lance Stroll,https://www.formula1.com/content/dam/fom-website/drivers/L/LANSTR01_Lance_Stroll/lanstr01.png.transform/1col/image.png,CAN,15.0,15,17.0,,,,,+1 Lap,0.0,65.0
6,N LATIFI,LAT,latifi,Williams,37bedd,williams,Nicholas,Latifi,Nicholas Latifi,https://www.formula1.com/content/dam/fom-website/drivers/N/NICLAF01_Nicholas_Latifi/niclaf01.png.transform/1col/image.png,CAN,16.0,16,19.0,,,,,+2 Laps,0.0,64.0
20,K MAGNUSSEN,MAG,kevin_magnussen,Haas F1 Team,b6babd,haas,Kevin,Magnussen,Kevin Magnussen,None,DEN,17.0,17,8.0,,,,,+2 Laps,0.0,64.0
23,A ALBON,ALB,albon,Williams,37bedd,williams,Alexander,Albon,Alexander Albon,https://www.formula1.com/content/dam/fom-website/drivers/A/ALEALB01_Alexander_Albon/alealb01.png.transform/1col/image.png,THA,18.0,18,18.0,,,,,+2 Laps,0.0,64.0
24,G ZHOU,ZHO,zhou,Alfa Romeo,b12039,alfa,Guanyu,Zhou,Guanyu Zhou,https://www.formula1.com/content/dam/fom-website/drivers/G/GUAZHO01_Guanyu_Zhou/guazho01.png.transform/1col/image.png,CHN,19.0,R,15.0,,,,,Power loss,0.0,28.0
16,C LECLERC,LEC,leclerc,Ferrari,ed1c24,ferrari,Charles,Leclerc,Charles Leclerc,https://www.formula1.com/content/dam/fom-website/drivers/C/CHALEC01_Charles_Leclerc/chalec01.png.transform/1col/image.png,MON,20.0,R,1.0,,,,,Turbo,0.0,27.0
16,C LECLERC,LEC,leclerc,Ferrari,ed1c24,ferrari,Charles,Leclerc,Charles Leclerc,https://www.formula1.com/content/dam/fom-website/drivers/C/CHALEC01_Charles_Leclerc/chalec01.png.transform/1col/image.png,MON,1.0,,,0 days 00:01:12.569000,0 days 00:01:11.864000,0 days 00:01:11.376000,,,,
55,C SAINZ,SAI,sainz,Ferrari,ed1c24,ferrari,Carlos,Sainz,Carlos Sainz,https://www.formula1.com/content/dam/fom-website/drivers/C/CARSAI01_Carlos_Sainz/carsai01.png.transform/1col/image.png,ESP,2.0,,,0 days 00:01:12.616000,0 days 00:01:12.074000,0 days 00:01:11.601000,,,,
11,S PEREZ,PER,perez,Red Bull Racing,1e5bc6,red_bull,Sergio,Perez,Sergio Perez,https://www.formula1.com/content/dam/fom-website/drivers/S/SERPER01_Sergio_Perez/serper01.png.transform/1col/image.png,MEX,3.0,,,0 days 00:01:13.004000,0 days 00:01:11.954000,0 days 00:01:11.629000,,,,
1,M VERSTAPPEN,VER,max_verstappen,Red Bull Racing,1e5bc6,red_bull,Max,Verstappen,Max Verstappen,https://www.formula1.com/content/dam/fom-website/drivers/M/MAXVER01_Max_Verstappen/maxver01.png.transform/1col/image.png,NED,4.0,,,0 days 00:01:12.993000,0 days 00:01:12.117000,0 days 00:01:11.666000,,,,
4,L NORRIS,NOR,norris,McLaren,f58020,mclaren,Lando,Norris,Lando Norris,https://www.formula1.com/content/dam/fom-website/drivers/L/LANNOR01_Lando_Norris/lannor01.png.transform/1col/image.png,GBR,5.0,,,0 days 00:01:12.927000,0 days 00:01:12.266000,0 days 00:01:11.849000,,,,
63,G RUSSELL,RUS,russell,Mercedes,6cd3bf,mercedes,George,Russell,George Russell,https://www.formula1.com/content/dam/fom-website/drivers/G/GEORUS01_George_Russell/georus01.png.transform/1col/image.png,GBR,6.0,,,0 days 00:01:12.787000,0 days 00:01:12.617000,0 days 00:01:12.112000,,,,
14,F ALONSO,ALO,alonso,Alpine,2293d1,alpine,Fernando,Alonso,Fernando Alonso,https://www.formula1.com/content/dam/fom-website/drivers/F/FERALO01_Fernando_Alonso/feralo01.png.transform/1col/image.png,ESP,7.0,,,0 days 00:01:13.394000,0 days 00:01:12.688000,0 days 00:01:12.247000,,,,
44,L HAMILTON,HAM,hamilton,Mercedes,6cd3bf,mercedes,Lewis,Hamilton,Lewis Hamilton,https://www.formula1.com/content/dam/fom-website/drivers/L/LEWHAM01_Lewis_Hamilton/lewham01.png.transform/1col/image.png,GBR,8.0,,,0 days 00:01:13.444000,0 days 00:01:12.595000,0 days 00:01:12.560000,,,,
5,S VETTEL,VET,vettel,Aston Martin,2d826d,aston_martin,Sebastian,Vettel,Sebastian Vettel,https://www.formula1.com/content/dam/fom-website/drivers/S/SEBVET01_Sebastian_Vettel/sebvet01.png.transform/1col/image.png,GER,9.0,,,0 days 00:01:13.313000,0 days 00:01:12.613000,0 days 00:01:12.732000,,,,
31,E OCON,OCO,ocon,Alpine,2293d1,alpine,Esteban,Ocon,Esteban Ocon,https://www.formula1.com/content/dam/fom-website/drivers/E/ESTOCO01_Esteban_Ocon/estoco01.png.transform/1col/image.png,FRA,10.0,,,0 days 00:01:12.848000,0 days 00:01:12.528000,0 days 00:01:13.047000,,,,
22,Y TSUNODA,TSU,tsunoda,AlphaTauri,4e7c9b,alphatauri,Yuki,Tsunoda,Yuki Tsunoda,https://www.formula1.com/content/dam/fom-website/drivers/Y/YUKTSU01_Yuki_Tsunoda/yuktsu01.png.transform/1col/image.png,JPN,11.0,,,0 days 00:01:13.110000,0 days 00:01:12.797000,,,,,
77,V BOTTAS,BOT,bottas,Alfa Romeo,b12039,alfa,Valtteri,Bottas,Valtteri Bottas,https://www.formula1.com/content/dam/fom-website/drivers/V/VALBOT01_Valtteri_Bottas/valbot01.png.transform/1col/image.png,FIN,12.0,,,0 days 00:01:13.541000,0 days 00:01:12.909000,,,,,
20,K MAGNUSSEN,MAG,kevin_magnussen,Haas F1 Team,b6babd,haas,Kevin,Magnussen,Kevin Magnussen,None,DEN,13.0,,,0 days 00:01:13.069000,0 days 00:01:12.921000,,,,,
3,D RICCIARDO,RIC,ricciardo,McLaren,f58020,mclaren,Daniel,Ricciardo,Daniel Ricciardo,https://www.formula1.com/content/dam/fom-website/drivers/D/DANRIC01_Daniel_Ricciardo/danric01.png.transform/1col/image.png,AUS,14.0,,,0 days 00:01:13.338000,0 days 00:01:12.964000,,,,,
47,M SCHUMACHER,MSC,mick_schumacher,Haas F1 Team,b6babd,haas,Mick,Schumacher,Mick Schumacher,https://www.formula1.com/content/dam/fom-website/drivers/M/MICSCH02_Mick_Schumacher/micsch02.png.transform/1col/image.png,GER,15.0,,,0 days 00:01:13.469000,0 days 00:01:13.081000,,,,,
23,A ALBON,ALB,albon,Williams,37bedd,williams,Alexander,Albon,Alexander Albon,https://www.formula1.com/content/dam/fom-website/drivers/A/ALEALB01_Alexander_Albon/alealb01.png.transform/1col/image.png,THA,16.0,,,0 days 00:01:13.611000,,,,,,
10,P GASLY,GAS,gasly,AlphaTauri,4e7c9b,alphatauri,Pierre,Gasly,Pierre Gasly,https://www.formula1.com/content/dam/fom-website/drivers/P/PIEGAS01_Pierre_Gasly/piegas01.png.transform/1col/image.png,FRA,17.0,,,0 days 00:01:13.660000,,,,,,
18,L STROLL,STR,stroll,Aston Martin,2d826d,aston_martin,Lance,Stroll,Lance Stroll,https://www.formula1.com/content/dam/fom-website/drivers/L/LANSTR01_Lance_Stroll/lanstr01.png.transform/1col/image.png,CAN,18.0,,,0 days 00:01:13.678000,,,,,,
6,N LATIFI,LAT,latifi,Williams,37bedd,williams,Nicholas,Latifi,Nicholas Latifi,https://www.formula1.com/content/dam/fom-website/drivers/N/NICLAF01_Nicholas_Latifi/niclaf01.png.transform/1col/image.png,CAN,19.0,,,0 days 00:01:14.403000,,,,,,
24,G ZHOU,ZHO,zhou,Alfa Romeo,b12039,alfa,Guanyu,Zhou,Guanyu Zhou,https://www.formula1.com/content/dam/fom-website/drivers/G/GUAZHO01_Guanyu_Zhou/guazho01.png.transform/1col/image.png,CHN,20.0,,,0 days 00:01:15.606000,,,,,,
11,S PEREZ,PER,perez,Red Bull Racing,1e5bc6,red_bull,Sergio,Perez,Sergio Perez,https://www.formula1.com/content/dam/fom-website/drivers/S/SERPER01_Sergio_Perez/serper01.png.transform/1col/image.png,MEX,1.0,1,3.0,,,,0 days 01:56:30.265000,Finished,25.0,64.0
55,C SAINZ,SAI,sainz,Ferrari,ed1c24,ferrari,Carlos,Sainz,Carlos Sainz,https://www.formula1.com/content/dam/fom-website/drivers/C/CARSAI01_Carlos_Sainz/carsai01.png.transform/1col/image.png,ESP,2.0,2,2.0,,,,0 days 00:00:01.154000,Finished,18.0,64.0
1,M VERSTAPPEN,VER,max_verstappen,Red Bull Racing,1e5bc6,red_bull,Max,Verstappen,Max Verstappen,https://www.formula1.com/content/dam/fom-website/drivers/M/MAXVER01_Max_Verstappen/maxver01.png.transform/1col/image.png,NED,3.0,3,4.0,,,,0 days 00:00:01.491000,Finished,15.0,64.0
16,C LECLERC,LEC,leclerc,Ferrari,ed1c24,ferrari,Charles,Leclerc,Charles Leclerc,https://www.formula1.com/content/dam/fom-website/drivers/C/CHALEC01_Charles_Leclerc/chalec01.png.transform/1col/image.png,MON,4.0,4,1.0,,,,0 days 00:00:02.922000,Finished,12.0,64.0
63,G RUSSELL,RUS,russell,Mercedes,6cd3bf,mercedes,George,Russell,George Russell,https://www.formula1.com/content/dam/fom-website/drivers/G/GEORUS01_George_Russell/georus01.png.transform/1col/image.png,GBR,5.0,5,6.0,,,,0 days 00:00:11.968000,Finished,10.0,64.0
4,L NORRIS,NOR,norris,McLaren,f58020,mclaren,Lando,Norris,Lando Norris,https://www.formula1.com/content/dam/fom-website/drivers/L/LANNOR01_Lando_Norris/lannor01.png.transform/1col/image.png,GBR,6.0,6,5.0,,,,0 days 00:00:12.231000,Finished,9.0,64.0
14,F ALONSO,ALO,alonso,Alpine,2293d1,alpine,Fernando,Alonso,Fernando Alonso,https://www.formula1.com/content/dam/fom-website/drivers/F/FERALO01_Fernando_Alonso/feralo01.png.transform/1col/image.png,ESP,7.0,7,7.0,,,,0 days 00:00:46.358000,Finished,6.0,64.0
44,L HAMILTON,HAM,hamilton,Mercedes,6cd3bf,mercedes,Lewis,Hamilton,Lewis Hamilton,https://www.formula1.com/content/dam/fom-website/drivers/L/LEWHAM01_Lewis_Hamilton/lewham01.png.transform/1col/image.png,GBR,8.0,8,8.0,,,,0 days 00:00:50.388000,Finished,4.0,64.0
77,V BOTTAS,BOT,bottas,Alfa Romeo,b12039,alfa,Valtteri,Bottas,Valtteri Bottas,https://www.formula1.com/content/dam/fom-website/drivers/V/VALBOT01_Valtteri_Bottas/valbot01.png.transform/1col/image.png,FIN,9.0,9,12.0,,,,0 days 00:00:52.525000,Finished,2.0,64.0
5,S VETTEL,VET,vettel,Aston Martin,2d826d,aston_martin,Sebastian,Vettel,Sebastian Vettel,https://www.formula1.com/content/dam/fom-website/drivers/S/SEBVET01_Sebastian_Vettel/sebvet01.png.transform/1col/image.png,GER,10.0,10,9.0,,,,0 days 00:00:53.536000,Finished,1.0,64.0
10,P GASLY,GAS,gasly,AlphaTauri,4e7c9b,alphatauri,Pierre,Gasly,Pierre Gasly,https://www.formula1.com/content/dam/fom-website/drivers/P/PIEGAS01_Pierre_Gasly/piegas01.png.transform/1col/image.png,FRA,11.0,11,17.0,,,,0 days 00:00:54.289000,Finished,0.0,64.0
31,E OCON,OCO,ocon,Alpine,2293d1,alpine,Esteban,Ocon,Esteban Ocon,https://www.formula1.com/content/dam/fom-website/drivers/E/ESTOCO01_Esteban_Ocon/estoco01.png.transform/1col/image.png,FRA,12.0,12,10.0,,,,0 days 00:00:55.644000,Finished,0.0,64.0
3,D RICCIARDO,RIC,ricciardo,McLaren,f58020,mclaren,Daniel,Ricciardo,Daniel Ricciardo,https://www.formula1.com/content/dam/fom-website/drivers/D/DANRIC01_Daniel_Ricciardo/danric01.png.transform/1col/image.png,AUS,13.0,13,14.0,,,,0 days 00:00:57.635000,Finished,0.0,64.0
18,L STROLL,STR,stroll,Aston Martin,2d826d,aston_martin,Lance,Stroll,Lance Stroll,https://www.formula1.com/content/dam/fom-website/drivers/L/LANSTR01_Lance_Stroll/lanstr01.png.transform/1col/image.png,CAN,14.0,14,18.0,,,,0 days 00:01:00.802000,Finished,0.0,64.0
6,N LATIFI,LAT,latifi,Williams,37bedd,williams,Nicholas,Latifi,Nicholas Latifi,https://www.formula1.com/content/dam/fom-website/drivers/N/NICLAF01_Nicholas_Latifi/niclaf01.png.transform/1col/image.png,CAN,15.0,15,19.0,,,,,+1 Lap,0.0,63.0
24,G ZHOU,ZHO,zhou,Alfa Romeo,b12039,alfa,Guanyu,Zhou,Guanyu Zhou,https://www.formula1.com/content/dam/fom-website/drivers/G/GUAZHO01_Guanyu_Zhou/guazho01.png.transform/1col/image.png,CHN,16.0,16,20.0,,,,,+1 Lap,0.0,63.0
22,Y TSUNODA,TSU,tsunoda,AlphaTauri,4e7c9b,alphatauri,Yuki,Tsunoda,Yuki Tsunoda,https://www.formula1.com/content/dam/fom-website/drivers/Y/YUKTSU01_Yuki_Tsunoda/yuktsu01.png.transform/1col/image.png,JPN,17.0,17,11.0,,,,,+1 Lap,0.0,63.0
23,A ALBON,ALB,albon,Williams,37bedd,williams,Alexander,Albon,Alexander Albon,https://www.formula1.com/content/dam/fom-website/drivers/A/ALEALB01_Alexander_Albon/alealb01.png.transform/1col/image.png,THA,18.0,R,16.0,,,,,Mechanical,0.0,48.0
47,M SCHUMACHER,MSC,mick_schumacher,Haas F1 Team,b6babd,haas,Mick,Schumacher,Mick Schumacher,https://www.formula1.com/content/dam/fom-website/drivers/M/MICSCH02_Mick_Schumacher/micsch02.png.transform/1col/image.png,GER,19.0,R,15.0,,,,,Accident,0.0,24.0
20,K MAGNUSSEN,MAG,kevin_magnussen,Haas F1 Team,b6babd,haas,Kevin,Magnussen,Kevin Magnussen,None,DEN,20.0,R,13.0,,,,,Water pressure,0.0,19.0
16,C LECLERC,LEC,leclerc,Ferrari,ed1c24,ferrari,Charles,Leclerc,Charles Leclerc,https://www.formula1.com/content/dam/fom-website/drivers/C/CHALEC01_Charles_Leclerc/chalec01.png.transform/1col/image.png,MON,1.0,,,0 days 00:01:42.865000,0 days 00:01:42.046000,0 days 00:01:41.359000,,,,
11,S PEREZ,PER,perez,Red Bull Racing,1e5bc6,red_bull,Sergio,Perez,Sergio Perez,https://www.formula1.com/content/dam/fom-website/drivers/S/SERPER01_Sergio_Perez/serper01.png.transform/1col/image.png,MEX,2.0,,,0 days 00:01:42.733000,0 days 00:01:41.955000,0 days 00:01:41.641000,,,,
1,M VERSTAPPEN,VER,max_verstappen,Red Bull Racing,1e5bc6,red_bull,Max,Verstappen,Max Verstappen,https://www.formula1.com/content/dam/fom-website/drivers/M/MAXVER01_Max_Verstappen/maxver01.png.transform/1col/image.png,NED,3.0,,,0 days 00:01:42.722000,0 days 00:01:42.227000,0 days 00:01:41.706000,,,,
55,C SAINZ,SAI,sainz,Ferrari,ed1c24,ferrari,Carlos,Sainz,Carlos Sainz,https://www.formula1.com/content/dam/fom-website/drivers/C/CARSAI01_Carlos_Sainz/carsai01.png.transform/1col/image.png,ESP,4.0,,,0 days 00:01:42.957000,0 days 00:01:42.088000,0 days 00:01:41.814000,,,,
63,G RUSSELL,RUS,russell,Mercedes,6cd3bf,mercedes,George,Russell,George Russell,https://www.formula1.com/content/dam/fom-website/drivers/G/GEORUS01_George_Russell/georus01.png.transform/1col/image.png,GBR,5.0,,,0 days 00:01:43.754000,0 days 00:01:43.281000,0 days 00:01:42.712000,,,,
10,P GASLY,GAS,gasly,AlphaTauri,4e7c9b,alphatauri,Pierre,Gasly,Pierre Gasly,https://www.formula1.com/content/dam/fom-website/drivers/P/PIEGAS01_Pierre_Gasly/piegas01.png.transform/1col/image.png,FRA,6.0,,,0 days 00:01:43.268000,0 days 00:01:43.129000,0 days 00:01:42.845000,,,,
44,L HAMILTON,HAM,hamilton,Mercedes,6cd3bf,mercedes,Lewis,Hamilton,Lewis Hamilton,https://www.formula1.com/content/dam/fom-website/drivers/L/LEWHAM01_Lewis_Hamilton/lewham01.png.transform/1col/image.png,GBR,7.0,,,0 days 00:01:43.939000,0 days 00:01:43.182000,0 days 00:01:42.924000,,,,
22,Y TSUNODA,TSU,tsunoda,AlphaTauri,4e7c9b,alphatauri,Yuki,Tsunoda,Yuki Tsunoda,https://www.formula1.com/content/dam/fom-website/drivers/Y/YUKTSU01_Yuki_Tsunoda/yuktsu01.png.transform/1col/image.png,JPN,8.0,,,0 days 00:01:43.595000,0 days 00:01:43.376000,0 days 00:01:43.056000,,,,
5,S VETTEL,VET,vettel,Aston Martin,2d826d,aston_martin,Sebastian,Vettel,Sebastian Vettel,https://www.formula1.com/content/dam/fom-website/drivers/S/SEBVET01_Sebastian_Vettel/sebvet01.png.transform/1col/image.png,GER,9.0,,,0 days 00:01:43.279000,0 days 00:01:43.268000,0 days 00:01:43.091000,,,,
14,F ALONSO,ALO,alonso,Alpine,2293d1,alpine,Fernando,Alonso,Fernando Alonso,https://www.formula1.com/content/dam/fom-website/drivers/F/FERALO01_Fernando_Alonso/feralo01.png.transform/1col/image.png,ESP,10.0,,,0 days 00:01:44.083000,0 days 00:01:43.360000,0 days 00:01:43.173000,,,,
4,L NORRIS,NOR,norris,McLaren,f58020,mclaren,Lando,Norris,Lando Norris,https://www.formula1.com/content/dam/fom-website/drivers/L/LANNOR01_Lando_Norris/lannor01.png.transform/1col/image.png,GBR,11.0,,,0 days 00:01:44.237000,0 days 00:01:43.398000,,,,,
3,D RICCIARDO,RIC,ricciardo,McLaren,f58020,mclaren,Daniel,Ricciardo,Daniel Ricciardo,https://www.formula1.com/content/dam/fom-website/drivers/D/DANRIC01_Daniel_Ricciardo/danric01.png.transform/1col/image.png,AUS,12.0,,,0 days 00:01:44.437000,0 days 00:01:43.574000,,,,,
31,E OCON,OCO,ocon,Alpine,2293d1,alpine,Esteban,Ocon,Esteban Ocon,https://www.formula1.com/content/dam/fom-website/drivers/E/ESTOCO01_Esteban_Ocon/estoco01.png.transform/1col/image.png,FRA,13.0,,,0 days 00:01:43.903000,0 days 00:01:43.585000,,,,,
24,G ZHOU,ZHO,zhou,Alfa Romeo,b12039,alfa,Guanyu,Zhou,Guanyu Zhou,https://www.formula1.com/content/dam/fom-website/drivers/G/GUAZHO01_Guanyu_Zhou/guazho01.png.transform/1col/image.png,CHN,14.0,,,0 days 00:01:43.777000,0 days 00:01:43.790000,,,,,
77,V BOTTAS,BOT,bottas,Alfa Romeo,b12039,alfa,Valtteri,Bottas,Valtteri Bottas,https://www.formula1.com/content/dam/fom-website/drivers/V/VALBOT01_Valtteri_Bottas/valbot01.png.transform/1col/image.png,FIN,15.0,,,0 days 00:01:44.478000,0 days 00:01:44.444000,,,,,
20,K MAGNUSSEN,MAG,kevin_magnussen,Haas F1 Team,b6babd,haas,Kevin,Magnussen,Kevin Magnussen,None,DEN,16.0,,,0 days 00:01:44.643000,,,,,,
23,A ALBON,ALB,albon,Williams,37bedd,williams,Alexander,Albon,Alexander Albon,https://www.formula1.com/content/dam/fom-website/drivers/A/ALEALB01_Alexander_Albon/alealb01.png.transform/1col/image.png,THA,17.0,,,0 days 00:01:44.719000,,,,,,
6,N LATIFI,LAT,latifi,Williams,37bedd,williams,Nicholas,Latifi,Nicholas Latifi,https://www.formula1.com/content/dam/fom-website/drivers/N/NICLAF01_Nicholas_Latifi/niclaf01.png.transform/1col/image.png,CAN,18.0,,,0 days 00:01:45.367000,,,,,,
18,L STROLL,STR,stroll,Aston Martin,2d826d,aston_martin,Lance,Stroll,Lance Stroll,https://www.formula1.com/content/dam/fom-website/drivers/L/LANSTR01_Lance_Stroll/lanstr01.png.transform/1col/image.png,CAN,19.0,,,0 days 00:01:45.371000,,,,,,
47,M SCHUMACHER,MSC,mick_schumacher,Haas F1 Team,b6babd,haas,Mick,Schumacher,Mick Schumacher,https://www.formula1.com/content/dam/fom-website/drivers/M/MICSCH02_Mick_Schumacher/micsch02.png.transform/1col/image.png,GER,20.0,,,0 days 00:01:45.775000,,,,,,
1,M VERSTAPPEN,VER,max_verstappen,Red Bull Racing,1e5bc6,red_bull,Max,Verstappen,Max Verstappen,https://www.formula1.com/content/dam/fom-website/drivers/M/MAXVER01_Max_Verstappen/maxver01.png.transform/1col/image.png,NED,1.0,1,3.0,,,,0 days 01:34:05.941000,Finished,25.0,51.0
11,S PEREZ,PER,perez,Red Bull Racing,1e5bc6,red_bull,Sergio,Perez,Sergio Perez,https://www.formula1.com/content/dam/fom-website/drivers/S/SERPER01_Sergio_Perez/serper01.png.transform/1col/image.png,MEX,2.0,2,2.0,,,,0 days 00:00:20.823000,Finished,19.0,51.0
63,G RUSSELL,RUS,russell,Mercedes,6cd3bf,mercedes,George,Russell,George Russell,https://www.formula1.com/content/dam/fom-website/drivers/G/GEORUS01_George_Russell/georus01.png.transform/1col/image.png,GBR,3.0,3,5.0,,,,0 days 00:00:45.995000,Finished,15.0,51.0
44,L HAMILTON,HAM,hamilton,Mercedes,6cd3bf,mercedes,Lewis,Hamilton,Lewis Hamilton,https://www.formula1.com/content/dam/fom-website/drivers/L/LEWHAM01_Lewis_Hamilton/lewham01.png.transform/1col/image.png,GBR,4.0,4,7.0,,,,0 days 00:01:11.679000,Finished,12.0,51.0
10,P GASLY,GAS,gasly,AlphaTauri,4e7c9b,alphatauri,Pierre,Gasly,Pierre Gasly,https://www.formula1.com/content/dam/fom-website/drivers/P/PIEGAS01_Pierre_Gasly/piegas01.png.transform/1col/image.png,FRA,5.0,5,6.0,,,,0 days 00:01:17.299000,Finished,10.0,51.0
5,S VETTEL,VET,vettel,Aston Martin,2d826d,aston_martin,Sebastian,Vettel,Sebastian Vettel,https://www.formula1.com/content/dam/fom-website/drivers/S/SEBVET01_Sebastian_Vettel/sebvet01.png.transform/1col/image.png,GER,6.0,6,9.0,,,,0 days 00:01:24.099000,Finished,8.0,51.0
14,F ALONSO,ALO,alonso,Alpine,2293d1,alpine,Fernando,Alonso,Fernando Alonso,https://www.formula1.com/content/dam/fom-website/drivers/F/FERALO01_Fernando_Alonso/feralo01.png.transform/1col/image.png,ESP,7.0,7,10.0,,,,0 days 00:01:28.596000,Finished,6.0,51.0
3,D RICCIARDO,RIC,ricciardo,McLaren,f58020,mclaren,Daniel,Ricciardo,Daniel Ricciardo,https://www.formula1.com/content/dam/fom-website/drivers/D/DANRIC01_Daniel_Ricciardo/danric01.png.transform/1col/image.png,AUS,8.0,8,12.0,,,,0 days 00:01:32.207000,Finished,4.0,51.0
4,L NORRIS,NOR,norris,McLaren,f58020,mclaren,Lando,Norris,Lando Norris,https://www.formula1.com/content/dam/fom-website/drivers/L/LANNOR01_Lando_Norris/lannor01.png.transform/1col/image.png,GBR,9.0,9,11.0,,,,0 days 00:01:32.556000,Finished,2.0,51.0
31,E OCON,OCO,ocon,Alpine,2293d1,alpine,Esteban,Ocon,Esteban Ocon,https://www.formula1.com/content/dam/fom-website/drivers/E/ESTOCO01_Esteban_Ocon/estoco01.png.transform/1col/image.png,FRA,10.0,10,13.0,,,,0 days 00:01:48.184000,Finished,1.0,51.0
77,V BOTTAS,BOT,bottas,Alfa Romeo,b12039,alfa,Valtteri,Bottas,Valtteri Bottas,https://www.formula1.com/content/dam/fom-website/drivers/V/VALBOT01_Valtteri_Bottas/valbot01.png.transform/1col/image.png,FIN,11.0,11,15.0,,,,,+1 Lap,0.0,50.0
23,A ALBON,ALB,albon,Williams,37bedd,williams,Alexander,Albon,Alexander Albon,https://www.formula1.com/content/dam/fom-website/drivers/A/ALEALB01_Alexander_Albon/alealb01.png.transform/1col/image.png,THA,12.0,12,17.0,,,,,+1 Lap,0.0,50.0
22,Y TSUNODA,TSU,tsunoda,AlphaTauri,4e7c9b,alphatauri,Yuki,Tsunoda,Yuki Tsunoda,https://www.formula1.com/content/dam/fom-website/drivers/Y/YUKTSU01_Yuki_Tsunoda/yuktsu01.png.transform/1col/image.png,JPN,13.0,13,8.0,,,,,+1 Lap,0.0,50.0
47,M SCHUMACHER,MSC,mick_schumacher,Haas F1 Team,b6babd,haas,Mick,Schumacher,Mick Schumacher,https://www.formula1.com/content/dam/fom-website/drivers/M/MICSCH02_Mick_Schumacher/micsch02.png.transform/1col/image.png,GER,14.0,14,20.0,,,,,+1 Lap,0.0,50.0
6,N LATIFI,LAT,latifi,Williams,37bedd,williams,Nicholas,Latifi,Nicholas Latifi,https://www.formula1.com/content/dam/fom-website/drivers/N/NICLAF01_Nicholas_Latifi/niclaf01.png.transform/1col/image.png,CAN,15.0,15,18.0,,,,,+1 Lap,0.0,50.0
18,L STROLL,STR,stroll,Aston Martin,2d826d,aston_martin,Lance,Stroll,Lance Stroll,https://www.formula1.com/content/dam/fom-website/drivers/L/LANSTR01_Lance_Stroll/lanstr01.png.transform/1col/image.png,CAN,16.0,16,19.0,,,,,Vibrations,0.0,46.0
20,K MAGNUSSEN,MAG,kevin_magnussen,Haas F1 Team,b6babd,haas,Kevin,Magnussen,Kevin Magnussen,None,DEN,17.0,R,16.0,,,,,Power Unit,0.0,31.0
24,G ZHOU,ZHO,zhou,Alfa Romeo,b12039,alfa,Guanyu,Zhou,Guanyu Zhou,https://www.formula1.com/content/dam/fom-website/drivers/G/GUAZHO01_Guanyu_Zhou/guazho01.png.transform/1col/image.png,CHN,18.0,R,14.0,,,,,Hydraulics,0.0,23.0
16,C LECLERC,LEC,leclerc,Ferrari,ed1c24,ferrari,Charles,Leclerc,Charles Leclerc,https://www.formula1.com/content/dam/fom-website/drivers/C/CHALEC01_Charles_Leclerc/chalec01.png.transform/1col/image.png,MON,19.0,R,1.0,,,,,Power Unit,0.0,21.0
55,C SAINZ,SAI,sainz,Ferrari,ed1c24,ferrari,Carlos,Sainz,Carlos Sainz,https://www.formula1.com/content/dam/fom-website/drivers/C/CARSAI01_Carlos_Sainz/carsai01.png.transform/1col/image.png,ESP,20.0,R,4.0,,,,,Hydraulics,0.0,8.0
1,M VERSTAPPEN,VER,max_verstappen,Red Bull Racing,1e5bc6,red_bull,Max,Verstappen,Max Verstappen,https://www.formula1.com/content/dam/fom-website/drivers/M/MAXVER01_Max_Verstappen/maxver01.png.transform/1col/image.png,NED,1.0,,,0 days 00:01:32.219000,0 days 00:01:23.746000,0 days 00:01:21.299000,,,,
14,F ALONSO,ALO,alonso,Alpine,2293d1,alpine,Fernando,Alonso,Fernando Alonso,https://www.formula1.com/content/dam/fom-website/drivers/F/FERALO01_Fernando_Alonso/feralo01.png.transform/1col/image.png,ESP,2.0,,,0 days 00:01:32.277000,0 days 00:01:24.848000,0 days 00:01:21.944000,,,,
55,C SAINZ,SAI,sainz,Ferrari,ed1c24,ferrari,Carlos,Sainz,Carlos Sainz,https://www.formula1.com/content/dam/fom-website/drivers/C/CARSAI01_Carlos_Sainz/carsai01.png.transform/1col/image.png,ESP,3.0,,,0 days 00:01:32.781000,0 days 00:01:25.197000,0 days 00:01:22.096000,,,,
44,L HAMILTON,HAM,hamilton,Mercedes,6cd3bf,mercedes,Lewis,Hamilton,Lewis Hamilton,https://www.formula1.com/content/dam/fom-website/drivers/L/LEWHAM01_Lewis_Hamilton/lewham01.png.transform/1col/image.png,GBR,4.0,,,0 days 00:01:33.841000,0 days 00:01:25.543000,0 days 00:01:22.891000,,,,
20,K MAGNUSSEN,MAG,kevin_magnussen,Haas F1 Team,b6babd,haas,Kevin,Magnussen,Kevin Magnussen,None,DEN,5.0,,,0 days 00:01:32.957000,0 days 00:01:26.254000,0 days 00:01:22.960000,,,,
47,M SCHUMACHER,MSC,mick_schumacher,Haas F1 Team,b6babd,haas,Mick,Schumacher,Mick Schumacher,https://www.formula1.com/content/dam/fom-website/drivers/M/MICSCH02_Mick_Schumacher/micsch02.png.transform/1col/image.png,GER,6.0,,,0 days 00:01:33.707000,0 days 00:01:25.684000,0 days 00:01:23.356000,,,,
31,E OCON,OCO,ocon,Alpine,2293d1,alpine,Esteban,Ocon,Esteban Ocon,https://www.formula1.com/content/dam/fom-website/drivers/E/ESTOCO01_Esteban_Ocon/estoco01.png.transform/1col/image.png,FRA,7.0,,,0 days 00:01:33.012000,0 days 00:01:26.135000,0 days 00:01:23.529000,,,,
63,G RUSSELL,RUS,russell,Mercedes,6cd3bf,mercedes,George,Russell,George Russell,https://www.formula1.com/content/dam/fom-website/drivers/G/GEORUS01_George_Russell/georus01.png.transform/1col/image.png,GBR,8.0,,,0 days 00:01:33.160000,0 days 00:01:24.950000,0 days 00:01:23.557000,,,,
3,D RICCIARDO,RIC,ricciardo,McLaren,f58020,mclaren,Daniel,Ricciardo,Daniel Ricciardo,https://www.formula1.com/content/dam/fom-website/drivers/D/DANRIC01_Daniel_Ricciardo/danric01.png.transform/1col/image.png,AUS,9.0,,,0 days 00:01:33.636000,0 days 00:01:26.375000,0 days 00:01:23.749000,,,,
24,G ZHOU,ZHO,zhou,Alfa Romeo,b12039,alfa,Guanyu,Zhou,Guanyu Zhou,https://www.formula1.com/content/dam/fom-website/drivers/G/GUAZHO01_Guanyu_Zhou/guazho01.png.transform/1col/image.png,CHN,10.0,,,0 days 00:01:33.692000,0 days 00:01:26.116000,0 days 00:01:24.030000,,,,
77,V BOTTAS,BOT,bottas,Alfa Romeo,b12039,alfa,Valtteri,Bottas,Valtteri Bottas,https://www.formula1.com/content/dam/fom-website/drivers/V/VALBOT01_Valtteri_Bottas/valbot01.png.transform/1col/image.png,FIN,11.0,,,0 days 00:01:33.689000,0 days 00:01:26.788000,,,,,
23,A ALBON,ALB,albon,Williams,37bedd,williams,Alexander,Albon,Alexander Albon,https://www.formula1.com/content/dam/fom-website/drivers/A/ALEALB01_Alexander_Albon/alealb01.png.transform/1col/image.png,THA,12.0,,,0 days 00:01:34.047000,0 days 00:01:26.858000,,,,,
11,S PEREZ,PER,perez,Red Bull Racing,1e5bc6,red_bull,Sergio,Perez,Sergio Perez,https://www.formula1.com/content/dam/fom-website/drivers/S/SERPER01_Sergio_Perez/serper01.png.transform/1col/image.png,MEX,13.0,,,0 days 00:01:33.929000,0 days 00:01:33.127000,,,,,
4,L NORRIS,NOR,norris,McLaren,f58020,mclaren,Lando,Norris,Lando Norris,https://www.formula1.com/content/dam/fom-website/drivers/L/LANNOR01_Lando_Norris/lannor01.png.transform/1col/image.png,GBR,14.0,,,0 days 00:01:34.066000,,,,,,
16,C LECLERC,LEC,leclerc,Ferrari,ed1c24,ferrari,Charles,Leclerc,Charles Leclerc,https://www.formula1.com/content/dam/fom-website/drivers/C/CHALEC01_Charles_Leclerc/chalec01.png.transform/1col/image.png,MON,15.0,,,0 days 00:01:33.008000,,,,,,
10,P GASLY,GAS,gasly,AlphaTauri,4e7c9b,alphatauri,Pierre,Gasly,Pierre Gasly,https://www.formula1.com/content/dam/fom-website/drivers/P/PIEGAS01_Pierre_Gasly/piegas01.png.transform/1col/image.png,FRA,16.0,,,0 days 00:01:34.492000,,,,,,
5,S VETTEL,VET,vettel,Aston Martin,2d826d,aston_martin,Sebastian,Vettel,Sebastian Vettel,https://www.formula1.com/content/dam/fom-website/drivers/S/SEBVET01_Sebastian_Vettel/sebvet01.png.transform/1col/image.png,GER,17.0,,,0 days 00:01:34.512000,,,,,,
18,L STROLL,STR,stroll,Aston Martin,2d826d,aston_martin,Lance,Stroll,Lance Stroll,https://www.formula1.com/content/dam/fom-website/drivers/L/LANSTR01_Lance_Stroll/lanstr01.png.transform/1col/image.png,CAN,18.0,,,0 days 00:01:35.532000,,,,,,
6,N LATIFI,LAT,latifi,Williams,37bedd,williams,Nicholas,Latifi,Nicholas Latifi,https://www.formula1.com/content/dam/fom-website/drivers/N/NICLAF01_Nicholas_Latifi/niclaf01.png.transform/1col/image.png,CAN,19.0,,,0 days 00:01:35.660000,,,,,,
22,Y TSUNODA,TSU,tsunoda,AlphaTauri,4e7c9b,alphatauri,Yuki,Tsunoda,Yuki Tsunoda,https://www.formula1.com/content/dam/fom-website/drivers/Y/YUKTSU01_Yuki_Tsunoda/yuktsu01.png.transform/1col/image.png,JPN,20.0,,,0 days 00:01:36.575000,,,,,,
1,M VERSTAPPEN,VER,max_verstappen,Red Bull Racing,1e5bc6,red_bull,Max,Verstappen,Max Verstappen,https://www.formula1.com/content/dam/fom-website/drivers/M/MAXVER01_Max_Verstappen/maxver01.png.transform/1col/image.png,NED,1.0,1,1.0,,,,0 days 01:36:21.757000,Finished,25.0,70.0
55,C SAINZ,SAI,sainz,Ferrari,ed1c24,ferrari,Carlos,Sainz,Carlos Sainz,https://www.formula1.com/content/dam/fom-website/drivers/C/CARSAI01_Carlos_Sainz/carsai01.png.transform/1col/image.png,ESP,2.0,2,3.0,,,,0 days 00:00:00.993000,Finished,19.0,70.0
44,L HAMILTON,HAM,hamilton,Mercedes,6cd3bf,mercedes,Lewis,Hamilton,Lewis Hamilton,https://www.formula1.com/content/dam/fom-website/drivers/L/LEWHAM01_Lewis_Hamilton/lewham01.png.transform/1col/image.png,GBR,3.0,3,4.0,,,,0 days 00:00:07.006000,Finished,15.0,70.0
63,G RUSSELL,RUS,russell,Mercedes,6cd3bf,mercedes,George,Russell,George Russell,https://www.formula1.com/content/dam/fom-website/drivers/G/GEORUS01_George_Russell/georus01.png.transform/1col/image.png,GBR,4.0,4,8.0,,,,0 days 00:00:12.313000,Finished,12.0,70.0
16,C LECLERC,LEC,leclerc,Ferrari,ed1c24,ferrari,Charles,Leclerc,Charles Leclerc,https://www.formula1.com/content/dam/fom-website/drivers/C/CHALEC01_Charles_Leclerc/chalec01.png.transform/1col/image.png,MON,5.0,5,19.0,,,,0 days 00:00:15.168000,Finished,10.0,70.0
31,E OCON,OCO,ocon,Alpine,2293d1,alpine,Esteban,Ocon,Esteban Ocon,https://www.formula1.com/content/dam/fom-website/drivers/E/ESTOCO01_Esteban_Ocon/estoco01.png.transform/1col/image.png,FRA,6.0,6,7.0,,,,0 days 00:00:23.890000,Finished,8.0,70.0
77,V BOTTAS,BOT,bottas,Alfa Romeo,b12039,alfa,Valtteri,Bottas,Valtteri Bottas,https://www.formula1.com/content/dam/fom-website/drivers/V/VALBOT01_Valtteri_Bottas/valbot01.png.transform/1col/image.png,FIN,7.0,7,11.0,,,,0 days 00:00:25.247000,Finished,6.0,70.0
24,G ZHOU,ZHO,zhou,Alfa Romeo,b12039,alfa,Guanyu,Zhou,Guanyu Zhou,https://www.formula1.com/content/dam/fom-website/drivers/G/GUAZHO01_Guanyu_Zhou/guazho01.png.transform/1col/image.png,CHN,8.0,8,10.0,,,,0 days 00:00:26.952000,Finished,4.0,70.0
14,F ALONSO,ALO,alonso,Alpine,2293d1,alpine,Fernando,Alonso,Fernando Alonso,https://www.formula1.com/content/dam/fom-website/drivers/F/FERALO01_Fernando_Alonso/feralo01.png.transform/1col/image.png,ESP,9.0,9,2.0,,,,0 days 00:00:29.945000,Finished,2.0,70.0
18,L STROLL,STR,stroll,Aston Martin,2d826d,aston_martin,Lance,Stroll,Lance Stroll,https://www.formula1.com/content/dam/fom-website/drivers/L/LANSTR01_Lance_Stroll/lanstr01.png.transform/1col/image.png,CAN,10.0,10,17.0,,,,0 days 00:00:38.222000,Finished,1.0,70.0
3,D RICCIARDO,RIC,ricciardo,McLaren,f58020,mclaren,Daniel,Ricciardo,Daniel Ricciardo,https://www.formula1.com/content/dam/fom-website/drivers/D/DANRIC01_Daniel_Ricciardo/danric01.png.transform/1col/image.png,AUS,11.0,11,9.0,,,,0 days 00:00:43.047000,Finished,0.0,70.0
5,S VETTEL,VET,vettel,Aston Martin,2d826d,aston_martin,Sebastian,Vettel,Sebastian Vettel,https://www.formula1.com/content/dam/fom-website/drivers/S/SEBVET01_Sebastian_Vettel/sebvet01.png.transform/1col/image.png,GER,12.0,12,16.0,,,,0 days 00:00:44.245000,Finished,0.0,70.0
23,A ALBON,ALB,albon,Williams,37bedd,williams,Alexander,Albon,Alexander Albon,https://www.formula1.com/content/dam/fom-website/drivers/A/ALEALB01_Alexander_Albon/alealb01.png.transform/1col/image.png,THA,13.0,13,12.0,,,,0 days 00:00:44.893000,Finished,0.0,70.0
10,P GASLY,GAS,gasly,AlphaTauri,4e7c9b,alphatauri,Pierre,Gasly,Pierre Gasly,https://www.formula1.com/content/dam/fom-website/drivers/P/PIEGAS01_Pierre_Gasly/piegas01.png.transform/1col/image.png,FRA,14.0,14,15.0,,,,0 days 00:00:45.183000,Finished,0.0,70.0
4,L NORRIS,NOR,norris,McLaren,f58020,mclaren,Lando,Norris,Lando Norris,https://www.formula1.com/content/dam/fom-website/drivers/L/LANNOR01_Lando_Norris/lannor01.png.transform/1col/image.png,GBR,15.0,15,14.0,,,,0 days 00:00:52.145000,Finished,0.0,70.0
6,N LATIFI,LAT,latifi,Williams,37bedd,williams,Nicholas,Latifi,Nicholas Latifi,https://www.formula1.com/content/dam/fom-website/drivers/N/NICLAF01_Nicholas_Latifi/niclaf01.png.transform/1col/image.png,CAN,16.0,16,18.0,,,,0 days 00:00:59.978000,Finished,0.0,70.0
20,K MAGNUSSEN,MAG,kevin_magnussen,Haas F1 Team,b6babd,haas,Kevin,Magnussen,Kevin Magnussen,None,DEN,17.0,17,5.0,,,,0 days 00:01:08.180000,Finished,0.0,70.0
22,Y TSUNODA,TSU,tsunoda,AlphaTauri,4e7c9b,alphatauri,Yuki,Tsunoda,Yuki Tsunoda,https://www.formula1.com/content/dam/fom-website/drivers/Y/YUKTSU01_Yuki_Tsunoda/yuktsu01.png.transform/1col/image.png,JPN,18.0,R,20.0,,,,,Accident,0.0,47.0
47,M SCHUMACHER,MSC,mick_schumacher,Haas F1 Team,b6babd,haas,Mick,Schumacher,Mick Schumacher,https://www.formula1.com/content/dam/fom-website/drivers/M/MICSCH02_Mick_Schumacher/micsch02.png.transform/1col/image.png,GER,19.0,R,6.0,,,,,Engine,0.0,18.0
11,S PEREZ,PER,perez,Red Bull Racing,1e5bc6,red_bull,Sergio,Perez,Sergio Perez,https://www.formula1.com/content/dam/fom-website/drivers/S/SERPER01_Sergio_Perez/serper01.png.transform/1col/image.png,MEX,20.0,R,13.0,,,,,Gearbox,0.0,7.0
55,C SAINZ,SAI,sainz,Ferrari,ed1c24,ferrari,Carlos,Sainz,Carlos Sainz,https://www.formula1.com/content/dam/fom-website/drivers/C/CARSAI01_Carlos_Sainz/carsai01.png.transform/1col/image.png,ESP,1.0,,,0 days 00:01:40.190000,0 days 00:01:41.602000,0 days 00:01:40.983000,,,,
1,M VERSTAPPEN,VER,max_verstappen,Red Bull Racing,1e5bc6,red_bull,Max,Verstappen,Max Verstappen,https://www.formula1.com/content/dam/fom-website/drivers/M/MAXVER01_Max_Verstappen/maxver01.png.transform/1col/image.png,NED,2.0,,,0 days 00:01:39.129000,0 days 00:01:40.655000,0 days 00:01:41.055000,,,,
16,C LECLERC,LEC,leclerc,Ferrari,ed1c24,ferrari,Charles,Leclerc,Charles Leclerc,https://www.formula1.com/content/dam/fom-website/drivers/C/CHALEC01_Charles_Leclerc/chalec01.png.transform/1col/image.png,MON,3.0,,,0 days 00:01:39.846000,0 days 00:01:41.247000,0 days 00:01:41.298000,,,,
11,S PEREZ,PER,perez,Red Bull Racing,1e5bc6,red_bull,Sergio,Perez,Sergio Perez,https://www.formula1.com/content/dam/fom-website/drivers/S/SERPER01_Sergio_Perez/serper01.png.transform/1col/image.png,MEX,4.0,,,0 days 00:01:40.521000,0 days 00:01:42.513000,0 days 00:01:41.616000,,,,
44,L HAMILTON,HAM,hamilton,Mercedes,6cd3bf,mercedes,Lewis,Hamilton,Lewis Hamilton,https://www.formula1.com/content/dam/fom-website/drivers/L/LEWHAM01_Lewis_Hamilton/lewham01.png.transform/1col/image.png,GBR,5.0,,,0 days 00:01:40.428000,0 days 00:01:41.062000,0 days 00:01:41.995000,,,,
4,L NORRIS,NOR,norris,McLaren,f58020,mclaren,Lando,Norris,Lando Norris,https://www.formula1.com/content/dam/fom-website/drivers/L/LANNOR01_Lando_Norris/lannor01.png.transform/1col/image.png,GBR,6.0,,,0 days 00:01:41.515000,0 days 00:01:41.821000,0 days 00:01:42.084000,,,,
14,F ALONSO,ALO,alonso,Alpine,2293d1,alpine,Fernando,Alonso,Fernando Alonso,https://www.formula1.com/content/dam/fom-website/drivers/F/FERALO01_Fernando_Alonso/feralo01.png.transform/1col/image.png,ESP,7.0,,,0 days 00:01:41.598000,0 days 00:01:42.209000,0 days 00:01:42.116000,,,,
63,G RUSSELL,RUS,russell,Mercedes,6cd3bf,mercedes,George,Russell,George Russell,https://www.formula1.com/content/dam/fom-website/drivers/G/GEORUS01_George_Russell/georus01.png.transform/1col/image.png,GBR,8.0,,,0 days 00:01:40.028000,0 days 00:01:41.725000,0 days 00:01:42.161000,,,,
24,G ZHOU,ZHO,zhou,Alfa Romeo,b12039,alfa,Guanyu,Zhou,Guanyu Zhou,https://www.formula1.com/content/dam/fom-website/drivers/G/GUAZHO01_Guanyu_Zhou/guazho01.png.transform/1col/image.png,CHN,9.0,,,0 days 00:01:40.791000,0 days 00:01:42.640000,0 days 00:01:42.719000,,,,
6,N LATIFI,LAT,latifi,Williams,37bedd,williams,Nicholas,Latifi,Nicholas Latifi,https://www.formula1.com/content/dam/fom-website/drivers/N/NICLAF01_Nicholas_Latifi/niclaf01.png.transform/1col/image.png,CAN,10.0,,,0 days 00:01:41.998000,0 days 00:01:43.273000,0 days 00:02:03.095000,,,,
10,P GASLY,GAS,gasly,AlphaTauri,4e7c9b,alphatauri,Pierre,Gasly,Pierre Gasly,https://www.formula1.com/content/dam/fom-website/drivers/P/PIEGAS01_Pierre_Gasly/piegas01.png.transform/1col/image.png,FRA,11.0,,,0 days 00:01:41.680000,0 days 00:01:43.702000,,,,,
77,V BOTTAS,BOT,bottas,Alfa Romeo,b12039,alfa,Valtteri,Bottas,Valtteri Bottas,https://www.formula1.com/content/dam/fom-website/drivers/V/VALBOT01_Valtteri_Bottas/valbot01.png.transform/1col/image.png,FIN,12.0,,,0 days 00:01:41.396000,0 days 00:01:44.232000,,,,,
22,Y TSUNODA,TSU,tsunoda,AlphaTauri,4e7c9b,alphatauri,Yuki,Tsunoda,Yuki Tsunoda,https://www.formula1.com/content/dam/fom-website/drivers/Y/YUKTSU01_Yuki_Tsunoda/yuktsu01.png.transform/1col/image.png,JPN,13.0,,,0 days 00:01:41.893000,0 days 00:01:44.311000,,,,,
3,D RICCIARDO,RIC,ricciardo,McLaren,f58020,mclaren,Daniel,Ricciardo,Daniel Ricciardo,https://www.formula1.com/content/dam/fom-website/drivers/D/DANRIC01_Daniel_Ricciardo/danric01.png.transform/1col/image.png,AUS,14.0,,,0 days 00:01:41.933000,0 days 00:01:44.355000,,,,,
31,E OCON,OCO,ocon,Alpine,2293d1,alpine,Esteban,Ocon,Esteban Ocon,https://www.formula1.com/content/dam/fom-website/drivers/E/ESTOCO01_Esteban_Ocon/estoco01.png.transform/1col/image.png,FRA,15.0,,,0 days 00:01:41.730000,0 days 00:01:45.190000,,,,,
23,A ALBON,ALB,albon,Williams,37bedd,williams,Alexander,Albon,Alexander Albon,https://www.formula1.com/content/dam/fom-website/drivers/A/ALEALB01_Alexander_Albon/alealb01.png.transform/1col/image.png,THA,16.0,,,0 days 00:01:42.078000,,,,,,
20,K MAGNUSSEN,MAG,kevin_magnussen,Haas F1 Team,b6babd,haas,Kevin,Magnussen,Kevin Magnussen,None,DEN,17.0,,,0 days 00:01:42.159000,,,,,,
5,S VETTEL,VET,vettel,Aston Martin,2d826d,aston_martin,Sebastian,Vettel,Sebastian Vettel,https://www.formula1.com/content/dam/fom-website/drivers/S/SEBVET01_Sebastian_Vettel/sebvet01.png.transform/1col/image.png,GER,18.0,,,0 days 00:01:42.666000,,,,,,
47,M SCHUMACHER,MSC,mick_schumacher,Haas F1 Team,b6babd,haas,Mick,Schumacher,Mick Schumacher,https://www.formula1.com/content/dam/fom-website/drivers/M/MICSCH02_Mick_Schumacher/micsch02.png.transform/1col/image.png,GER,19.0,,,0 days 00:01:42.708000,,,,,,
18,L STROLL,STR,stroll,Aston Martin,2d826d,aston_martin,Lance,Stroll,Lance Stroll,https://www.formula1.com/content/dam/fom-website/drivers/L/LANSTR01_Lance_Stroll/lanstr01.png.transform/1col/image.png,CAN,20.0,,,0 days 00:01:43.430000,,,,,,
55,C SAINZ,SAI,sainz,Ferrari,ed1c24,ferrari,Carlos,Sainz,Carlos Sainz,https://www.formula1.com/content/dam/fom-website/drivers/C/CARSAI01_Carlos_Sainz/carsai01.png.transform/1col/image.png,ESP,1.0,1,1.0,,,,0 days 02:17:50.311000,Finished,25.0,52.0
11,S PEREZ,PER,perez,Red Bull Racing,1e5bc6,red_bull,Sergio,Perez,Sergio Perez,https://www.formula1.com/content/dam/fom-website/drivers/S/SERPER01_Sergio_Perez/serper01.png.transform/1col/image.png,MEX,2.0,2,4.0,,,,0 days 00:00:03.779000,Finished,18.0,52.0
44,L HAMILTON,HAM,hamilton,Mercedes,6cd3bf,mercedes,Lewis,Hamilton,Lewis Hamilton,https://www.formula1.com/content/dam/fom-website/drivers/L/LEWHAM01_Lewis_Hamilton/lewham01.png.transform/1col/image.png,GBR,3.0,3,5.0,,,,0 days 00:00:06.225000,Finished,16.0,52.0
16,C LECLERC,LEC,leclerc,Ferrari,ed1c24,ferrari,Charles,Leclerc,Charles Leclerc,https://www.formula1.com/content/dam/fom-website/drivers/C/CHALEC01_Charles_Leclerc/chalec01.png.transform/1col/image.png,MON,4.0,4,3.0,,,,0 days 00:00:08.546000,Finished,12.0,52.0
14,F ALONSO,ALO,alonso,Alpine,2293d1,alpine,Fernando,Alonso,Fernando Alonso,https://www.formula1.com/content/dam/fom-website/drivers/F/FERALO01_Fernando_Alonso/feralo01.png.transform/1col/image.png,ESP,5.0,5,7.0,,,,0 days 00:00:09.571000,Finished,10.0,52.0
4,L NORRIS,NOR,norris,McLaren,f58020,mclaren,Lando,Norris,Lando Norris,https://www.formula1.com/content/dam/fom-website/drivers/L/LANNOR01_Lando_Norris/lannor01.png.transform/1col/image.png,GBR,6.0,6,6.0,,,,0 days 00:00:11.943000,Finished,8.0,52.0
1,M VERSTAPPEN,VER,max_verstappen,Red Bull Racing,1e5bc6,red_bull,Max,Verstappen,Max Verstappen,https://www.formula1.com/content/dam/fom-website/drivers/M/MAXVER01_Max_Verstappen/maxver01.png.transform/1col/image.png,NED,7.0,7,2.0,,,,0 days 00:00:18.777000,Finished,6.0,52.0
47,M SCHUMACHER,MSC,mick_schumacher,Haas F1 Team,b6babd,haas,Mick,Schumacher,Mick Schumacher,https://www.formula1.com/content/dam/fom-website/drivers/M/MICSCH02_Mick_Schumacher/micsch02.png.transform/1col/image.png,GER,8.0,8,19.0,,,,0 days 00:00:18.995000,Finished,4.0,52.0
5,S VETTEL,VET,vettel,Aston Martin,2d826d,aston_martin,Sebastian,Vettel,Sebastian Vettel,https://www.formula1.com/content/dam/fom-website/drivers/S/SEBVET01_Sebastian_Vettel/sebvet01.png.transform/1col/image.png,GER,9.0,9,18.0,,,,0 days 00:00:22.356000,Finished,2.0,52.0
20,K MAGNUSSEN,MAG,kevin_magnussen,Haas F1 Team,b6babd,haas,Kevin,Magnussen,Kevin Magnussen,None,DEN,10.0,10,17.0,,,,0 days 00:00:24.590000,Finished,1.0,52.0
18,L STROLL,STR,stroll,Aston Martin,2d826d,aston_martin,Lance,Stroll,Lance Stroll,https://www.formula1.com/content/dam/fom-website/drivers/L/LANSTR01_Lance_Stroll/lanstr01.png.transform/1col/image.png,CAN,11.0,11,20.0,,,,0 days 00:00:26.147000,Finished,0.0,52.0
6,N LATIFI,LAT,latifi,Williams,37bedd,williams,Nicholas,Latifi,Nicholas Latifi,https://www.formula1.com/content/dam/fom-website/drivers/N/NICLAF01_Nicholas_Latifi/niclaf01.png.transform/1col/image.png,CAN,12.0,12,10.0,,,,0 days 00:00:32.511000,Finished,0.0,52.0
3,D RICCIARDO,RIC,ricciardo,McLaren,f58020,mclaren,Daniel,Ricciardo,Daniel Ricciardo,https://www.formula1.com/content/dam/fom-website/drivers/D/DANRIC01_Daniel_Ricciardo/danric01.png.transform/1col/image.png,AUS,13.0,13,14.0,,,,0 days 00:00:32.817000,Finished,0.0,52.0
22,Y TSUNODA,TSU,tsunoda,AlphaTauri,4e7c9b,alphatauri,Yuki,Tsunoda,Yuki Tsunoda,https://www.formula1.com/content/dam/fom-website/drivers/Y/YUKTSU01_Yuki_Tsunoda/yuktsu01.png.transform/1col/image.png,JPN,14.0,14,13.0,,,,0 days 00:00:40.910000,Finished,0.0,52.0
31,E OCON,OCO,ocon,Alpine,2293d1,alpine,Esteban,Ocon,Esteban Ocon,https://www.formula1.com/content/dam/fom-website/drivers/E/ESTOCO01_Esteban_Ocon/estoco01.png.transform/1col/image.png,FRA,15.0,R,15.0,,,,,Fuel pump,0.0,37.0
10,P GASLY,GAS,gasly,AlphaTauri,4e7c9b,alphatauri,Pierre,Gasly,Pierre Gasly,https://www.formula1.com/content/dam/fom-website/drivers/P/PIEGAS01_Pierre_Gasly/piegas01.png.transform/1col/image.png,FRA,16.0,R,11.0,,,,,Collision damage,0.0,26.0
77,V BOTTAS,BOT,bottas,Alfa Romeo,b12039,alfa,Valtteri,Bottas,Valtteri Bottas,https://www.formula1.com/content/dam/fom-website/drivers/V/VALBOT01_Valtteri_Bottas/valbot01.png.transform/1col/image.png,FIN,17.0,R,12.0,,,,,Gearbox,0.0,20.0
63,G RUSSELL,RUS,russell,Mercedes,6cd3bf,mercedes,George,Russell,George Russell,https://www.formula1.com/content/dam/fom-website/drivers/G/GEORUS01_George_Russell/georus01.png.transform/1col/image.png,GBR,18.0,R,8.0,,,,,Collision,0.0,0.0
24,G ZHOU,ZHO,zhou,Alfa Romeo,b12039,alfa,Guanyu,Zhou,Guanyu Zhou,https://www.formula1.com/content/dam/fom-website/drivers/G/GUAZHO01_Guanyu_Zhou/guazho01.png.transform/1col/image.png,CHN,19.0,R,9.0,,,,,Collision,0.0,0.0
23,A ALBON,ALB,albon,Williams,37bedd,williams,Alexander,Albon,Alexander Albon,https://www.formula1.com/content/dam/fom-website/drivers/A/ALEALB01_Alexander_Albon/alealb01.png.transform/1col/image.png,THA,20.0,R,16.0,,,,,Collision,0.0,0.0
1,M VERSTAPPEN,VER,max_verstappen,Red Bull Racing,1e5bc6,red_bull,Max,Verstappen,Max Verstappen,https://www.formula1.com/content/dam/fom-website/drivers/M/MAXVER01_Max_Verstappen/maxver01.png.transform/1col/image.png,NED,1.0,,,0 days 00:01:05.852000,0 days 00:01:05.374000,0 days 00:01:04.984000,,,,
16,C LECLERC,LEC,leclerc,Ferrari,ed1c24,ferrari,Charles,Leclerc,Charles Leclerc,https://www.formula1.com/content/dam/fom-website/drivers/C/CHALEC01_Charles_Leclerc/chalec01.png.transform/1col/image.png,MON,2.0,,,0 days 00:01:05.419000,0 days 00:01:05.287000,0 days 00:01:05.013000,,,,
55,C SAINZ,SAI,sainz,Ferrari,ed1c24,ferrari,Carlos,Sainz,Carlos Sainz,https://www.formula1.com/content/dam/fom-website/drivers/C/CARSAI01_Carlos_Sainz/carsai01.png.transform/1col/image.png,ESP,3.0,,,0 days 00:01:05.660000,0 days 00:01:05.576000,0 days 00:01:05.066000,,,,
63,G RUSSELL,RUS,russell,Mercedes,6cd3bf,mercedes,George,Russell,George Russell,https://www.formula1.com/content/dam/fom-website/drivers/G/GEORUS01_George_Russell/georus01.png.transform/1col/image.png,GBR,4.0,,,0 days 00:01:06.235000,0 days 00:01:05.697000,0 days 00:01:05.431000,,,,
31,E OCON,OCO,ocon,Alpine,2293d1,alpine,Esteban,Ocon,Esteban Ocon,https://www.formula1.com/content/dam/fom-website/drivers/E/ESTOCO01_Esteban_Ocon/estoco01.png.transform/1col/image.png,FRA,5.0,,,0 days 00:01:06.468000,0 days 00:01:05.993000,0 days 00:01:05.726000,,,,
20,K MAGNUSSEN,MAG,kevin_magnussen,Haas F1 Team,b6babd,haas,Kevin,Magnussen,Kevin Magnussen,None,DEN,6.0,,,0 days 00:01:06.366000,0 days 00:01:05.894000,0 days 00:01:05.879000,,,,
47,M SCHUMACHER,MSC,mick_schumacher,Haas F1 Team,b6babd,haas,Mick,Schumacher,Mick Schumacher,https://www.formula1.com/content/dam/fom-website/drivers/M/MICSCH02_Mick_Schumacher/micsch02.png.transform/1col/image.png,GER,7.0,,,0 days 00:01:06.405000,0 days 00:01:06.151000,0 days 00:01:06.011000,,,,
14,F ALONSO,ALO,alonso,Alpine,2293d1,alpine,Fernando,Alonso,Fernando Alonso,https://www.formula1.com/content/dam/fom-website/drivers/F/FERALO01_Fernando_Alonso/feralo01.png.transform/1col/image.png,ESP,8.0,,,0 days 00:01:06.016000,0 days 00:01:06.082000,0 days 00:01:06.103000,,,,
44,L HAMILTON,HAM,hamilton,Mercedes,6cd3bf,mercedes,Lewis,Hamilton,Lewis Hamilton,https://www.formula1.com/content/dam/fom-website/drivers/L/LEWHAM01_Lewis_Hamilton/lewham01.png.transform/1col/image.png,GBR,9.0,,,0 days 00:01:06.079000,0 days 00:01:05.475000,0 days 00:01:13.151000,,,,
10,P GASLY,GAS,gasly,AlphaTauri,4e7c9b,alphatauri,Pierre,Gasly,Pierre Gasly,https://www.formula1.com/content/dam/fom-website/drivers/P/PIEGAS01_Pierre_Gasly/piegas01.png.transform/1col/image.png,FRA,10.0,,,0 days 00:01:06.589000,0 days 00:01:06.160000,,,,,
23,A ALBON,ALB,albon,Williams,37bedd,williams,Alexander,Albon,Alexander Albon,https://www.formula1.com/content/dam/fom-website/drivers/A/ALEALB01_Alexander_Albon/alealb01.png.transform/1col/image.png,THA,11.0,,,0 days 00:01:06.516000,0 days 00:01:06.230000,,,,,
77,V BOTTAS,BOT,bottas,Alfa Romeo,b12039,alfa,Valtteri,Bottas,Valtteri Bottas,https://www.formula1.com/content/dam/fom-website/drivers/V/VALBOT01_Valtteri_Bottas/valbot01.png.transform/1col/image.png,FIN,12.0,,,0 days 00:01:06.442000,0 days 00:01:06.319000,,,,,
11,S PEREZ,PER,perez,Red Bull Racing,1e5bc6,red_bull,Sergio,Perez,Sergio Perez,https://www.formula1.com/content/dam/fom-website/drivers/S/SERPER01_Sergio_Perez/serper01.png.transform/1col/image.png,MEX,13.0,,,0 days 00:01:06.143000,0 days 00:01:06.458000,,,,,
22,Y TSUNODA,TSU,tsunoda,AlphaTauri,4e7c9b,alphatauri,Yuki,Tsunoda,Yuki Tsunoda,https://www.formula1.com/content/dam/fom-website/drivers/Y/YUKTSU01_Yuki_Tsunoda/yuktsu01.png.transform/1col/image.png,JPN,14.0,,,0 days 00:01:06.463000,0 days 00:01:06.851000,,,,,
4,L NORRIS,NOR,norris,McLaren,f58020,mclaren,Lando,Norris,Lando Norris,https://www.formula1.com/content/dam/fom-website/drivers/L/LANNOR01_Lando_Norris/lannor01.png.transform/1col/image.png,GBR,15.0,,,0 days 00:01:06.330000,0 days 00:01:25.847000,,,,,
3,D RICCIARDO,RIC,ricciardo,McLaren,f58020,mclaren,Daniel,Ricciardo,Daniel Ricciardo,https://www.formula1.com/content/dam/fom-website/drivers/D/DANRIC01_Daniel_Ricciardo/danric01.png.transform/1col/image.png,AUS,16.0,,,0 days 00:01:06.613000,,,,,,
18,L STROLL,STR,stroll,Aston Martin,2d826d,aston_martin,Lance,Stroll,Lance Stroll,https://www.formula1.com/content/dam/fom-website/drivers/L/LANSTR01_Lance_Stroll/lanstr01.png.transform/1col/image.png,CAN,17.0,,,0 days 00:01:06.847000,,,,,,
24,G ZHOU,ZHO,zhou,Alfa Romeo,b12039,alfa,Guanyu,Zhou,Guanyu Zhou,https://www.formula1.com/content/dam/fom-website/drivers/G/GUAZHO01_Guanyu_Zhou/guazho01.png.transform/1col/image.png,CHN,18.0,,,0 days 00:01:06.901000,,,,,,
6,N LATIFI,LAT,latifi,Williams,37bedd,williams,Nicholas,Latifi,Nicholas Latifi,https://www.formula1.com/content/dam/fom-website/drivers/N/NICLAF01_Nicholas_Latifi/niclaf01.png.transform/1col/image.png,CAN,19.0,,,0 days 00:01:07.003000,,,,,,
5,S VETTEL,VET,vettel,Aston Martin,2d826d,aston_martin,Sebastian,Vettel,Sebastian Vettel,https://www.formula1.com/content/dam/fom-website/drivers/S/SEBVET01_Sebastian_Vettel/sebvet01.png.transform/1col/image.png,GER,20.0,,,0 days 00:01:07.083000,,,,,,
16,C LECLERC,LEC,leclerc,Ferrari,ed1c24,ferrari,Charles,Leclerc,Charles Leclerc,https://www.formula1.com/content/dam/fom-website/drivers/C/CHALEC01_Charles_Leclerc/chalec01.png.transform/1col/image.png,MON,1.0,1,2.0,,,,0 days 01:24:24.312000,Finished,25.0,71.0
1,M VERSTAPPEN,VER,max_verstappen,Red Bull Racing,1e5bc6,red_bull,Max,Verstappen,Max Verstappen,https://www.formula1.com/content/dam/fom-website/drivers/M/MAXVER01_Max_Verstappen/maxver01.png.transform/1col/image.png,NED,2.0,2,1.0,,,,0 days 00:00:01.532000,Finished,19.0,71.0
44,L HAMILTON,HAM,hamilton,Mercedes,6cd3bf,mercedes,Lewis,Hamilton,Lewis Hamilton,https://www.formula1.com/content/dam/fom-website/drivers/L/LEWHAM01_Lewis_Hamilton/lewham01.png.transform/1col/image.png,GBR,3.0,3,8.0,,,,0 days 00:00:41.217000,Finished,15.0,71.0
63,G RUSSELL,RUS,russell,Mercedes,6cd3bf,mercedes,George,Russell,George Russell,https://www.formula1.com/content/dam/fom-website/drivers/G/GEORUS01_George_Russell/georus01.png.transform/1col/image.png,GBR,4.0,4,4.0,,,,0 days 00:00:58.972000,Finished,12.0,71.0
31,E OCON,OCO,ocon,Alpine,2293d1,alpine,Esteban,Ocon,Esteban Ocon,https://www.formula1.com/content/dam/fom-website/drivers/E/ESTOCO01_Esteban_Ocon/estoco01.png.transform/1col/image.png,FRA,5.0,5,6.0,,,,0 days 00:01:08.436000,Finished,10.0,71.0
47,M SCHUMACHER,MSC,mick_schumacher,Haas F1 Team,b6babd,haas,Mick,Schumacher,Mick Schumacher,https://www.formula1.com/content/dam/fom-website/drivers/M/MICSCH02_Mick_Schumacher/micsch02.png.transform/1col/image.png,GER,6.0,6,9.0,,,,,+1 Lap,8.0,70.0
4,L NORRIS,NOR,norris,McLaren,f58020,mclaren,Lando,Norris,Lando Norris,https://www.formula1.com/content/dam/fom-website/drivers/L/LANNOR01_Lando_Norris/lannor01.png.transform/1col/image.png,GBR,7.0,7,10.0,,,,,+1 Lap,6.0,70.0
20,K MAGNUSSEN,MAG,kevin_magnussen,Haas F1 Team,b6babd,haas,Kevin,Magnussen,Kevin Magnussen,None,DEN,8.0,8,7.0,,,,,+1 Lap,4.0,70.0
3,D RICCIARDO,RIC,ricciardo,McLaren,f58020,mclaren,Daniel,Ricciardo,Daniel Ricciardo,https://www.formula1.com/content/dam/fom-website/drivers/D/DANRIC01_Daniel_Ricciardo/danric01.png.transform/1col/image.png,AUS,9.0,9,11.0,,,,,+1 Lap,2.0,70.0
14,F ALONSO,ALO,alonso,Alpine,2293d1,alpine,Fernando,Alonso,Fernando Alonso,https://www.formula1.com/content/dam/fom-website/drivers/F/FERALO01_Fernando_Alonso/feralo01.png.transform/1col/image.png,ESP,10.0,10,19.0,,,,,+1 Lap,1.0,70.0
77,V BOTTAS,BOT,bottas,Alfa Romeo,b12039,alfa,Valtteri,Bottas,Valtteri Bottas,https://www.formula1.com/content/dam/fom-website/drivers/V/VALBOT01_Valtteri_Bottas/valbot01.png.transform/1col/image.png,FIN,11.0,11,0.0,,,,,+1 Lap,0.0,70.0
23,A ALBON,ALB,albon,Williams,37bedd,williams,Alexander,Albon,Alexander Albon,https://www.formula1.com/content/dam/fom-website/drivers/A/ALEALB01_Alexander_Albon/alealb01.png.transform/1col/image.png,THA,12.0,12,15.0,,,,,+1 Lap,0.0,70.0
18,L STROLL,STR,stroll,Aston Martin,2d826d,aston_martin,Lance,Stroll,Lance Stroll,https://www.formula1.com/content/dam/fom-website/drivers/L/LANSTR01_Lance_Stroll/lanstr01.png.transform/1col/image.png,CAN,13.0,13,12.0,,,,,+1 Lap,0.0,70.0
24,G ZHOU,ZHO,zhou,Alfa Romeo,b12039,alfa,Guanyu,Zhou,Guanyu Zhou,https://www.formula1.com/content/dam/fom-website/drivers/G/GUAZHO01_Guanyu_Zhou/guazho01.png.transform/1col/image.png,CHN,14.0,14,13.0,,,,,+1 Lap,0.0,70.0
10,P GASLY,GAS,gasly,AlphaTauri,4e7c9b,alphatauri,Pierre,Gasly,Pierre Gasly,https://www.formula1.com/content/dam/fom-website/drivers/P/PIEGAS01_Pierre_Gasly/piegas01.png.transform/1col/image.png,FRA,15.0,15,14.0,,,,,+1 Lap,0.0,70.0
22,Y TSUNODA,TSU,tsunoda,AlphaTauri,4e7c9b,alphatauri,Yuki,Tsunoda,Yuki Tsunoda,https://www.formula1.com/content/dam/fom-website/drivers/Y/YUKTSU01_Yuki_Tsunoda/yuktsu01.png.transform/1col/image.png,JPN,16.0,16,16.0,,,,,+1 Lap,0.0,70.0
5,S VETTEL,VET,vettel,Aston Martin,2d826d,aston_martin,Sebastian,Vettel,Sebastian Vettel,https://www.formula1.com/content/dam/fom-website/drivers/S/SEBVET01_Sebastian_Vettel/sebvet01.png.transform/1col/image.png,GER,17.0,17,18.0,,,,,+1 Lap,0.0,70.0
55,C SAINZ,SAI,sainz,Ferrari,ed1c24,ferrari,Carlos,Sainz,Carlos Sainz,https://www.formula1.com/content/dam/fom-website/drivers/C/CARSAI01_Carlos_Sainz/carsai01.png.transform/1col/image.png,ESP,18.0,R,3.0,,,,,Power Unit,0.0,56.0
6,N LATIFI,LAT,latifi,Williams,37bedd,williams,Nicholas,Latifi,Nicholas Latifi,https://www.formula1.com/content/dam/fom-website/drivers/N/NICLAF01_Nicholas_Latifi/niclaf01.png.transform/1col/image.png,CAN,19.0,R,17.0,,,,,Undertray,0.0,48.0
11,S PEREZ,PER,perez,Red Bull Racing,1e5bc6,red_bull,Sergio,Perez,Sergio Perez,https://www.formula1.com/content/dam/fom-website/drivers/S/SERPER01_Sergio_Perez/serper01.png.transform/1col/image.png,MEX,20.0,R,5.0,,,,,Collision damage,0.0,24.0
16,C LECLERC,LEC,leclerc,Ferrari,ed1c24,ferrari,Charles,Leclerc,Charles Leclerc,https://www.formula1.com/content/dam/fom-website/drivers/C/CHALEC01_Charles_Leclerc/chalec01.png.transform/1col/image.png,MON,1.0,,,0 days 00:01:31.727000,0 days 00:01:31.216000,0 days 00:01:30.872000,,,,
1,M VERSTAPPEN,VER,max_verstappen,Red Bull Racing,1e5bc6,red_bull,Max,Verstappen,Max Verstappen,https://www.formula1.com/content/dam/fom-website/drivers/M/MAXVER01_Max_Verstappen/maxver01.png.transform/1col/image.png,NED,2.0,,,0 days 00:01:31.891000,0 days 00:01:31.990000,0 days 00:01:31.176000,,,,
11,S PEREZ,PER,perez,Red Bull Racing,1e5bc6,red_bull,Sergio,Perez,Sergio Perez,https://www.formula1.com/content/dam/fom-website/drivers/S/SERPER01_Sergio_Perez/serper01.png.transform/1col/image.png,MEX,3.0,,,0 days 00:01:32.354000,0 days 00:01:32.120000,0 days 00:01:31.335000,,,,
44,L HAMILTON,HAM,hamilton,Mercedes,6cd3bf,mercedes,Lewis,Hamilton,Lewis Hamilton,https://www.formula1.com/content/dam/fom-website/drivers/L/LEWHAM01_Lewis_Hamilton/lewham01.png.transform/1col/image.png,GBR,4.0,,,0 days 00:01:33.041000,0 days 00:01:32.274000,0 days 00:01:31.765000,,,,
4,L NORRIS,NOR,norris,McLaren,f58020,mclaren,Lando,Norris,Lando Norris,https://www.formula1.com/content/dam/fom-website/drivers/L/LANNOR01_Lando_Norris/lannor01.png.transform/1col/image.png,GBR,5.0,,,0 days 00:01:32.672000,0 days 00:01:32.777000,0 days 00:01:32.032000,,,,
63,G RUSSELL,RUS,russell,Mercedes,6cd3bf,mercedes,George,Russell,George Russell,https://www.formula1.com/content/dam/fom-website/drivers/G/GEORUS01_George_Russell/georus01.png.transform/1col/image.png,GBR,6.0,,,0 days 00:01:33.109000,0 days 00:01:32.633000,0 days 00:01:32.131000,,,,
14,F ALONSO,ALO,alonso,Alpine,2293d1,alpine,Fernando,Alonso,Fernando Alonso,https://www.formula1.com/content/dam/fom-website/drivers/F/FERALO01_Fernando_Alonso/feralo01.png.transform/1col/image.png,ESP,7.0,,,0 days 00:01:32.819000,0 days 00:01:32.631000,0 days 00:01:32.552000,,,,
22,Y TSUNODA,TSU,tsunoda,AlphaTauri,4e7c9b,alphatauri,Yuki,Tsunoda,Yuki Tsunoda,https://www.formula1.com/content/dam/fom-website/drivers/Y/YUKTSU01_Yuki_Tsunoda/yuktsu01.png.transform/1col/image.png,JPN,8.0,,,0 days 00:01:33.394000,0 days 00:01:32.836000,0 days 00:01:32.780000,,,,
55,C SAINZ,SAI,sainz,Ferrari,ed1c24,ferrari,Carlos,Sainz,Carlos Sainz,https://www.formula1.com/content/dam/fom-website/drivers/C/CARSAI01_Carlos_Sainz/carsai01.png.transform/1col/image.png,ESP,9.0,,,0 days 00:01:32.297000,0 days 00:01:31.081000,,,,,
20,K MAGNUSSEN,MAG,kevin_magnussen,Haas F1 Team,b6babd,haas,Kevin,Magnussen,Kevin Magnussen,None,DEN,10.0,,,0 days 00:01:32.756000,0 days 00:01:32.649000,,,,,
3,D RICCIARDO,RIC,ricciardo,McLaren,f58020,mclaren,Daniel,Ricciardo,Daniel Ricciardo,https://www.formula1.com/content/dam/fom-website/drivers/D/DANRIC01_Daniel_Ricciardo/danric01.png.transform/1col/image.png,AUS,11.0,,,0 days 00:01:33.404000,0 days 00:01:32.922000,,,,,
31,E OCON,OCO,ocon,Alpine,2293d1,alpine,Esteban,Ocon,Esteban Ocon,https://www.formula1.com/content/dam/fom-website/drivers/E/ESTOCO01_Esteban_Ocon/estoco01.png.transform/1col/image.png,FRA,12.0,,,0 days 00:01:33.346000,0 days 00:01:33.048000,,,,,
77,V BOTTAS,BOT,bottas,Alfa Romeo,b12039,alfa,Valtteri,Bottas,Valtteri Bottas,https://www.formula1.com/content/dam/fom-website/drivers/V/VALBOT01_Valtteri_Bottas/valbot01.png.transform/1col/image.png,FIN,13.0,,,0 days 00:01:33.034000,0 days 00:01:33.052000,,,,,
5,S VETTEL,VET,vettel,Aston Martin,2d826d,aston_martin,Sebastian,Vettel,Sebastian Vettel,https://www.formula1.com/content/dam/fom-website/drivers/S/SEBVET01_Sebastian_Vettel/sebvet01.png.transform/1col/image.png,GER,14.0,,,0 days 00:01:33.285000,0 days 00:01:33.276000,,,,,
23,A ALBON,ALB,albon,Williams,37bedd,williams,Alexander,Albon,Alexander Albon,https://www.formula1.com/content/dam/fom-website/drivers/A/ALEALB01_Alexander_Albon/alealb01.png.transform/1col/image.png,THA,15.0,,,0 days 00:01:33.423000,0 days 00:01:33.307000,,,,,
10,P GASLY,GAS,gasly,AlphaTauri,4e7c9b,alphatauri,Pierre,Gasly,Pierre Gasly,https://www.formula1.com/content/dam/fom-website/drivers/P/PIEGAS01_Pierre_Gasly/piegas01.png.transform/1col/image.png,FRA,16.0,,,0 days 00:01:33.439000,,,,,,
18,L STROLL,STR,stroll,Aston Martin,2d826d,aston_martin,Lance,Stroll,Lance Stroll,https://www.formula1.com/content/dam/fom-website/drivers/L/LANSTR01_Lance_Stroll/lanstr01.png.transform/1col/image.png,CAN,17.0,,,0 days 00:01:33.439000,,,,,,
24,G ZHOU,ZHO,zhou,Alfa Romeo,b12039,alfa,Guanyu,Zhou,Guanyu Zhou,https://www.formula1.com/content/dam/fom-website/drivers/G/GUAZHO01_Guanyu_Zhou/guazho01.png.transform/1col/image.png,CHN,18.0,,,0 days 00:01:33.674000,,,,,,
47,M SCHUMACHER,MSC,mick_schumacher,Haas F1 Team,b6babd,haas,Mick,Schumacher,Mick Schumacher,https://www.formula1.com/content/dam/fom-website/drivers/M/MICSCH02_Mick_Schumacher/micsch02.png.transform/1col/image.png,GER,19.0,,,0 days 00:01:33.701000,,,,,,
6,N LATIFI,LAT,latifi,Williams,37bedd,williams,Nicholas,Latifi,Nicholas Latifi,https://www.formula1.com/content/dam/fom-website/drivers/N/NICLAF01_Nicholas_Latifi/niclaf01.png.transform/1col/image.png,CAN,20.0,,,0 days 00:01:33.794000,,,,,,
1,M VERSTAPPEN,VER,max_verstappen,Red Bull Racing,1e5bc6,red_bull,Max,Verstappen,Max Verstappen,https://www.formula1.com/content/dam/fom-website/drivers/M/MAXVER01_Max_Verstappen/maxver01.png.transform/1col/image.png,NED,1.0,1,2.0,,,,0 days 01:30:02.112000,Finished,25.0,53.0
44,L HAMILTON,HAM,hamilton,Mercedes,6cd3bf,mercedes,Lewis,Hamilton,Lewis Hamilton,https://www.formula1.com/content/dam/fom-website/drivers/L/LEWHAM01_Lewis_Hamilton/lewham01.png.transform/1col/image.png,GBR,2.0,2,4.0,,,,0 days 00:00:10.587000,Finished,18.0,53.0
63,G RUSSELL,RUS,russell,Mercedes,6cd3bf,mercedes,George,Russell,George Russell,https://www.formula1.com/content/dam/fom-website/drivers/G/GEORUS01_George_Russell/georus01.png.transform/1col/image.png,GBR,3.0,3,6.0,,,,0 days 00:00:16.495000,Finished,15.0,53.0
11,S PEREZ,PER,perez,Red Bull Racing,1e5bc6,red_bull,Sergio,Perez,Sergio Perez,https://www.formula1.com/content/dam/fom-website/drivers/S/SERPER01_Sergio_Perez/serper01.png.transform/1col/image.png,MEX,4.0,4,3.0,,,,0 days 00:00:17.310000,Finished,12.0,53.0
55,C SAINZ,SAI,sainz,Ferrari,ed1c24,ferrari,Carlos,Sainz,Carlos Sainz,https://www.formula1.com/content/dam/fom-website/drivers/C/CARSAI01_Carlos_Sainz/carsai01.png.transform/1col/image.png,ESP,5.0,5,19.0,,,,0 days 00:00:28.872000,Finished,11.0,53.0
14,F ALONSO,ALO,alonso,Alpine,2293d1,alpine,Fernando,Alonso,Fernando Alonso,https://www.formula1.com/content/dam/fom-website/drivers/F/FERALO01_Fernando_Alonso/feralo01.png.transform/1col/image.png,ESP,6.0,6,7.0,,,,0 days 00:00:42.879000,Finished,8.0,53.0
4,L NORRIS,NOR,norris,McLaren,f58020,mclaren,Lando,Norris,Lando Norris,https://www.formula1.com/content/dam/fom-website/drivers/L/LANNOR01_Lando_Norris/lannor01.png.transform/1col/image.png,GBR,7.0,7,5.0,,,,0 days 00:00:52.026000,Finished,6.0,53.0
31,E OCON,OCO,ocon,Alpine,2293d1,alpine,Esteban,Ocon,Esteban Ocon,https://www.formula1.com/content/dam/fom-website/drivers/E/ESTOCO01_Esteban_Ocon/estoco01.png.transform/1col/image.png,FRA,8.0,8,10.0,,,,0 days 00:00:56.959000,Finished,4.0,53.0
3,D RICCIARDO,RIC,ricciardo,McLaren,f58020,mclaren,Daniel,Ricciardo,Daniel Ricciardo,https://www.formula1.com/content/dam/fom-website/drivers/D/DANRIC01_Daniel_Ricciardo/danric01.png.transform/1col/image.png,AUS,9.0,9,9.0,,,,0 days 00:01:00.372000,Finished,2.0,53.0
18,L STROLL,STR,stroll,Aston Martin,2d826d,aston_martin,Lance,Stroll,Lance Stroll,https://www.formula1.com/content/dam/fom-website/drivers/L/LANSTR01_Lance_Stroll/lanstr01.png.transform/1col/image.png,CAN,10.0,10,15.0,,,,0 days 00:01:02.549000,Finished,1.0,53.0
5,S VETTEL,VET,vettel,Aston Martin,2d826d,aston_martin,Sebastian,Vettel,Sebastian Vettel,https://www.formula1.com/content/dam/fom-website/drivers/S/SEBVET01_Sebastian_Vettel/sebvet01.png.transform/1col/image.png,GER,11.0,11,12.0,,,,0 days 00:01:04.494000,Finished,0.0,53.0
10,P GASLY,GAS,gasly,AlphaTauri,4e7c9b,alphatauri,Pierre,Gasly,Pierre Gasly,https://www.formula1.com/content/dam/fom-website/drivers/P/PIEGAS01_Pierre_Gasly/piegas01.png.transform/1col/image.png,FRA,12.0,12,14.0,,,,0 days 00:01:05.448000,Finished,0.0,53.0
23,A ALBON,ALB,albon,Williams,37bedd,williams,Alexander,Albon,Alexander Albon,https://www.formula1.com/content/dam/fom-website/drivers/A/ALEALB01_Alexander_Albon/alealb01.png.transform/1col/image.png,THA,13.0,13,13.0,,,,0 days 00:01:08.565000,Finished,0.0,53.0
77,V BOTTAS,BOT,bottas,Alfa Romeo,b12039,alfa,Valtteri,Bottas,Valtteri Bottas,https://www.formula1.com/content/dam/fom-website/drivers/V/VALBOT01_Valtteri_Bottas/valbot01.png.transform/1col/image.png,FIN,14.0,14,11.0,,,,0 days 00:01:16.666000,Finished,0.0,53.0
47,M SCHUMACHER,MSC,mick_schumacher,Haas F1 Team,b6babd,haas,Mick,Schumacher,Mick Schumacher,https://www.formula1.com/content/dam/fom-website/drivers/M/MICSCH02_Mick_Schumacher/micsch02.png.transform/1col/image.png,GER,15.0,15,17.0,,,,0 days 00:01:20.394000,Finished,0.0,53.0
24,G ZHOU,ZHO,zhou,Alfa Romeo,b12039,alfa,Guanyu,Zhou,Guanyu Zhou,https://www.formula1.com/content/dam/fom-website/drivers/G/GUAZHO01_Guanyu_Zhou/guazho01.png.transform/1col/image.png,CHN,16.0,16,16.0,,,,,+6 Laps,0.0,47.0
6,N LATIFI,LAT,latifi,Williams,37bedd,williams,Nicholas,Latifi,Nicholas Latifi,https://www.formula1.com/content/dam/fom-website/drivers/N/NICLAF01_Nicholas_Latifi/niclaf01.png.transform/1col/image.png,CAN,17.0,R,18.0,,,,,Collision damage,0.0,40.0
20,K MAGNUSSEN,MAG,kevin_magnussen,Haas F1 Team,b6babd,haas,Kevin,Magnussen,Kevin Magnussen,None,DEN,18.0,R,20.0,,,,,Collision damage,0.0,37.0
16,C LECLERC,LEC,leclerc,Ferrari,ed1c24,ferrari,Charles,Leclerc,Charles Leclerc,https://www.formula1.com/content/dam/fom-website/drivers/C/CHALEC01_Charles_Leclerc/chalec01.png.transform/1col/image.png,MON,19.0,R,1.0,,,,,Accident,0.0,17.0
22,Y TSUNODA,TSU,tsunoda,AlphaTauri,4e7c9b,alphatauri,Yuki,Tsunoda,Yuki Tsunoda,https://www.formula1.com/content/dam/fom-website/drivers/Y/YUKTSU01_Yuki_Tsunoda/yuktsu01.png.transform/1col/image.png,JPN,20.0,R,8.0,,,,,Undertray,0.0,17.0
63,G RUSSELL,RUS,russell,Mercedes,6cd3bf,mercedes,George,Russell,George Russell,https://www.formula1.com/content/dam/fom-website/drivers/G/GEORUS01_George_Russell/georus01.png.transform/1col/image.png,GBR,1.0,,,0 days 00:01:18.407000,0 days 00:01:18.154000,0 days 00:01:17.377000,,,,
55,C SAINZ,SAI,sainz,Ferrari,ed1c24,ferrari,Carlos,Sainz,Carlos Sainz,https://www.formula1.com/content/dam/fom-website/drivers/C/CARSAI01_Carlos_Sainz/carsai01.png.transform/1col/image.png,ESP,2.0,,,0 days 00:01:18.434000,0 days 00:01:17.946000,0 days 00:01:17.421000,,,,
16,C LECLERC,LEC,leclerc,Ferrari,ed1c24,ferrari,Charles,Leclerc,Charles Leclerc,https://www.formula1.com/content/dam/fom-website/drivers/C/CHALEC01_Charles_Leclerc/chalec01.png.transform/1col/image.png,MON,3.0,,,0 days 00:01:18.806000,0 days 00:01:17.768000,0 days 00:01:17.567000,,,,
4,L NORRIS,NOR,norris,McLaren,f58020,mclaren,Lando,Norris,Lando Norris,https://www.formula1.com/content/dam/fom-website/drivers/L/LANNOR01_Lando_Norris/lannor01.png.transform/1col/image.png,GBR,4.0,,,0 days 00:01:18.653000,0 days 00:01:18.121000,0 days 00:01:17.769000,,,,
31,E OCON,OCO,ocon,Alpine,2293d1,alpine,Esteban,Ocon,Esteban Ocon,https://www.formula1.com/content/dam/fom-website/drivers/E/ESTOCO01_Esteban_Ocon/estoco01.png.transform/1col/image.png,FRA,5.0,,,0 days 00:01:18.866000,0 days 00:01:18.216000,0 days 00:01:18.018000,,,,
14,F ALONSO,ALO,alonso,Alpine,2293d1,alpine,Fernando,Alonso,Fernando Alonso,https://www.formula1.com/content/dam/fom-website/drivers/F/FERALO01_Fernando_Alonso/feralo01.png.transform/1col/image.png,ESP,6.0,,,0 days 00:01:18.716000,0 days 00:01:17.904000,0 days 00:01:18.078000,,,,
44,L HAMILTON,HAM,hamilton,Mercedes,6cd3bf,mercedes,Lewis,Hamilton,Lewis Hamilton,https://www.formula1.com/content/dam/fom-website/drivers/L/LEWHAM01_Lewis_Hamilton/lewham01.png.transform/1col/image.png,GBR,7.0,,,0 days 00:01:18.374000,0 days 00:01:18.035000,0 days 00:01:18.142000,,,,
77,V BOTTAS,BOT,bottas,Alfa Romeo,b12039,alfa,Valtteri,Bottas,Valtteri Bottas,https://www.formula1.com/content/dam/fom-website/drivers/V/VALBOT01_Valtteri_Bottas/valbot01.png.transform/1col/image.png,FIN,8.0,,,0 days 00:01:18.935000,0 days 00:01:18.445000,0 days 00:01:18.157000,,,,
3,D RICCIARDO,RIC,ricciardo,McLaren,f58020,mclaren,Daniel,Ricciardo,Daniel Ricciardo,https://www.formula1.com/content/dam/fom-website/drivers/D/DANRIC01_Daniel_Ricciardo/danric01.png.transform/1col/image.png,AUS,9.0,,,0 days 00:01:18.775000,0 days 00:01:18.198000,0 days 00:01:18.379000,,,,
1,M VERSTAPPEN,VER,max_verstappen,Red Bull Racing,1e5bc6,red_bull,Max,Verstappen,Max Verstappen,https://www.formula1.com/content/dam/fom-website/drivers/M/MAXVER01_Max_Verstappen/maxver01.png.transform/1col/image.png,NED,10.0,,,0 days 00:01:18.509000,0 days 00:01:17.703000,0 days 00:01:18.823000,,,,
11,S PEREZ,PER,perez,Red Bull Racing,1e5bc6,red_bull,Sergio,Perez,Sergio Perez,https://www.formula1.com/content/dam/fom-website/drivers/S/SERPER01_Sergio_Perez/serper01.png.transform/1col/image.png,MEX,11.0,,,0 days 00:01:19.118000,0 days 00:01:18.516000,,,,,
24,G ZHOU,ZHO,zhou,Alfa Romeo,b12039,alfa,Guanyu,Zhou,Guanyu Zhou,https://www.formula1.com/content/dam/fom-website/drivers/G/GUAZHO01_Guanyu_Zhou/guazho01.png.transform/1col/image.png,CHN,12.0,,,0 days 00:01:18.973000,0 days 00:01:18.573000,,,,,
20,K MAGNUSSEN,MAG,kevin_magnussen,Haas F1 Team,b6babd,haas,Kevin,Magnussen,Kevin Magnussen,None,DEN,13.0,,,0 days 00:01:18.993000,0 days 00:01:18.825000,,,,,
18,L STROLL,STR,stroll,Aston Martin,2d826d,aston_martin,Lance,Stroll,Lance Stroll,https://www.formula1.com/content/dam/fom-website/drivers/L/LANSTR01_Lance_Stroll/lanstr01.png.transform/1col/image.png,CAN,14.0,,,0 days 00:01:19.205000,0 days 00:01:19.137000,,,,,
47,M SCHUMACHER,MSC,mick_schumacher,Haas F1 Team,b6babd,haas,Mick,Schumacher,Mick Schumacher,https://www.formula1.com/content/dam/fom-website/drivers/M/MICSCH02_Mick_Schumacher/micsch02.png.transform/1col/image.png,GER,15.0,,,0 days 00:01:19.164000,0 days 00:01:19.202000,,,,,
22,Y TSUNODA,TSU,tsunoda,AlphaTauri,4e7c9b,alphatauri,Yuki,Tsunoda,Yuki Tsunoda,https://www.formula1.com/content/dam/fom-website/drivers/Y/YUKTSU01_Yuki_Tsunoda/yuktsu01.png.transform/1col/image.png,JPN,16.0,,,0 days 00:01:19.240000,,,,,,
23,A ALBON,ALB,albon,Williams,37bedd,williams,Alexander,Albon,Alexander Albon,https://www.formula1.com/content/dam/fom-website/drivers/A/ALEALB01_Alexander_Albon/alealb01.png.transform/1col/image.png,THA,17.0,,,0 days 00:01:19.256000,,,,,,
5,S VETTEL,VET,vettel,Aston Martin,2d826d,aston_martin,Sebastian,Vettel,Sebastian Vettel,https://www.formula1.com/content/dam/fom-website/drivers/S/SEBVET01_Sebastian_Vettel/sebvet01.png.transform/1col/image.png,GER,18.0,,,0 days 00:01:19.273000,,,,,,
10,P GASLY,GAS,gasly,AlphaTauri,4e7c9b,alphatauri,Pierre,Gasly,Pierre Gasly,https://www.formula1.com/content/dam/fom-website/drivers/P/PIEGAS01_Pierre_Gasly/piegas01.png.transform/1col/image.png,FRA,19.0,,,0 days 00:01:19.527000,,,,,,
6,N LATIFI,LAT,latifi,Williams,37bedd,williams,Nicholas,Latifi,Nicholas Latifi,https://www.formula1.com/content/dam/fom-website/drivers/N/NICLAF01_Nicholas_Latifi/niclaf01.png.transform/1col/image.png,CAN,20.0,,,0 days 00:01:19.570000,,,,,,
1,M VERSTAPPEN,VER,max_verstappen,Red Bull Racing,1e5bc6,red_bull,Max,Verstappen,Max Verstappen,https://www.formula1.com/content/dam/fom-website/drivers/M/MAXVER01_Max_Verstappen/maxver01.png.transform/1col/image.png,NED,1.0,1,10.0,,,,0 days 01:39:35.912000,Finished,25.0,70.0
44,L HAMILTON,HAM,hamilton,Mercedes,6cd3bf,mercedes,Lewis,Hamilton,Lewis Hamilton,https://www.formula1.com/content/dam/fom-website/drivers/L/LEWHAM01_Lewis_Hamilton/lewham01.png.transform/1col/image.png,GBR,2.0,2,7.0,,,,0 days 00:00:07.834000,Finished,19.0,70.0
63,G RUSSELL,RUS,russell,Mercedes,6cd3bf,mercedes,George,Russell,George Russell,https://www.formula1.com/content/dam/fom-website/drivers/G/GEORUS01_George_Russell/georus01.png.transform/1col/image.png,GBR,3.0,3,1.0,,,,0 days 00:00:12.337000,Finished,15.0,70.0
55,C SAINZ,SAI,sainz,Ferrari,ed1c24,ferrari,Carlos,Sainz,Carlos Sainz,https://www.formula1.com/content/dam/fom-website/drivers/C/CARSAI01_Carlos_Sainz/carsai01.png.transform/1col/image.png,ESP,4.0,4,2.0,,,,0 days 00:00:14.579000,Finished,12.0,70.0
11,S PEREZ,PER,perez,Red Bull Racing,1e5bc6,red_bull,Sergio,Perez,Sergio Perez,https://www.formula1.com/content/dam/fom-website/drivers/S/SERPER01_Sergio_Perez/serper01.png.transform/1col/image.png,MEX,5.0,5,11.0,,,,0 days 00:00:15.688000,Finished,10.0,70.0
16,C LECLERC,LEC,leclerc,Ferrari,ed1c24,ferrari,Charles,Leclerc,Charles Leclerc,https://www.formula1.com/content/dam/fom-website/drivers/C/CHALEC01_Charles_Leclerc/chalec01.png.transform/1col/image.png,MON,6.0,6,3.0,,,,0 days 00:00:16.047000,Finished,8.0,70.0
4,L NORRIS,NOR,norris,McLaren,f58020,mclaren,Lando,Norris,Lando Norris,https://www.formula1.com/content/dam/fom-website/drivers/L/LANNOR01_Lando_Norris/lannor01.png.transform/1col/image.png,GBR,7.0,7,4.0,,,,0 days 00:01:18.300000,Finished,6.0,70.0
14,F ALONSO,ALO,alonso,Alpine,2293d1,alpine,Fernando,Alonso,Fernando Alonso,https://www.formula1.com/content/dam/fom-website/drivers/F/FERALO01_Fernando_Alonso/feralo01.png.transform/1col/image.png,ESP,8.0,8,6.0,,,,,+1 Lap,4.0,69.0
31,E OCON,OCO,ocon,Alpine,2293d1,alpine,Esteban,Ocon,Esteban Ocon,https://www.formula1.com/content/dam/fom-website/drivers/E/ESTOCO01_Esteban_Ocon/estoco01.png.transform/1col/image.png,FRA,9.0,9,5.0,,,,,+1 Lap,2.0,69.0
5,S VETTEL,VET,vettel,Aston Martin,2d826d,aston_martin,Sebastian,Vettel,Sebastian Vettel,https://www.formula1.com/content/dam/fom-website/drivers/S/SEBVET01_Sebastian_Vettel/sebvet01.png.transform/1col/image.png,GER,10.0,10,18.0,,,,,+1 Lap,1.0,69.0
18,L STROLL,STR,stroll,Aston Martin,2d826d,aston_martin,Lance,Stroll,Lance Stroll,https://www.formula1.com/content/dam/fom-website/drivers/L/LANSTR01_Lance_Stroll/lanstr01.png.transform/1col/image.png,CAN,11.0,11,14.0,,,,,+1 Lap,0.0,69.0
10,P GASLY,GAS,gasly,AlphaTauri,4e7c9b,alphatauri,Pierre,Gasly,Pierre Gasly,https://www.formula1.com/content/dam/fom-website/drivers/P/PIEGAS01_Pierre_Gasly/piegas01.png.transform/1col/image.png,FRA,12.0,12,0.0,,,,,+1 Lap,0.0,69.0
24,G ZHOU,ZHO,zhou,Alfa Romeo,b12039,alfa,Guanyu,Zhou,Guanyu Zhou,https://www.formula1.com/content/dam/fom-website/drivers/G/GUAZHO01_Guanyu_Zhou/guazho01.png.transform/1col/image.png,CHN,13.0,13,12.0,,,,,+1 Lap,0.0,69.0
47,M SCHUMACHER,MSC,mick_schumacher,Haas F1 Team,b6babd,haas,Mick,Schumacher,Mick Schumacher,https://www.formula1.com/content/dam/fom-website/drivers/M/MICSCH02_Mick_Schumacher/micsch02.png.transform/1col/image.png,GER,14.0,14,15.0,,,,,+1 Lap,0.0,69.0
3,D RICCIARDO,RIC,ricciardo,McLaren,f58020,mclaren,Daniel,Ricciardo,Daniel Ricciardo,https://www.formula1.com/content/dam/fom-website/drivers/D/DANRIC01_Daniel_Ricciardo/danric01.png.transform/1col/image.png,AUS,15.0,15,9.0,,,,,+1 Lap,0.0,69.0
20,K MAGNUSSEN,MAG,kevin_magnussen,Haas F1 Team,b6babd,haas,Kevin,Magnussen,Kevin Magnussen,None,DEN,16.0,16,13.0,,,,,+1 Lap,0.0,69.0
23,A ALBON,ALB,albon,Williams,37bedd,williams,Alexander,Albon,Alexander Albon,https://www.formula1.com/content/dam/fom-website/drivers/A/ALEALB01_Alexander_Albon/alealb01.png.transform/1col/image.png,THA,17.0,17,17.0,,,,,+1 Lap,0.0,69.0
6,N LATIFI,LAT,latifi,Williams,37bedd,williams,Nicholas,Latifi,Nicholas Latifi,https://www.formula1.com/content/dam/fom-website/drivers/N/NICLAF01_Nicholas_Latifi/niclaf01.png.transform/1col/image.png,CAN,18.0,18,19.0,,,,,+1 Lap,0.0,69.0
22,Y TSUNODA,TSU,tsunoda,AlphaTauri,4e7c9b,alphatauri,Yuki,Tsunoda,Yuki Tsunoda,https://www.formula1.com/content/dam/fom-website/drivers/Y/YUKTSU01_Yuki_Tsunoda/yuktsu01.png.transform/1col/image.png,JPN,19.0,19,16.0,,,,,+2 Laps,0.0,68.0
77,V BOTTAS,BOT,bottas,Alfa Romeo,b12039,alfa,Valtteri,Bottas,Valtteri Bottas,https://www.formula1.com/content/dam/fom-website/drivers/V/VALBOT01_Valtteri_Bottas/valbot01.png.transform/1col/image.png,FIN,20.0,20,8.0,,,,,Power Unit,0.0,65.0
1,M VERSTAPPEN,VER,max_verstappen,Red Bull Racing,1e5bc6,red_bull,Max,Verstappen,Max Verstappen,https://www.formula1.com/content/dam/fom-website/drivers/M/MAXVER01_Max_Verstappen/maxver01.png.transform/1col/image.png,NED,1.0,,,0 days 00:01:44.581000,0 days 00:01:44.723000,0 days 00:01:43.665000,,,,
55,C SAINZ,SAI,sainz,Ferrari,ed1c24,ferrari,Carlos,Sainz,Carlos Sainz,https://www.formula1.com/content/dam/fom-website/drivers/C/CARSAI01_Carlos_Sainz/carsai01.png.transform/1col/image.png,ESP,2.0,,,0 days 00:01:45.050000,0 days 00:01:45.418000,0 days 00:01:44.297000,,,,
11,S PEREZ,PER,perez,Red Bull Racing,1e5bc6,red_bull,Sergio,Perez,Sergio Perez,https://www.formula1.com/content/dam/fom-website/drivers/S/SERPER01_Sergio_Perez/serper01.png.transform/1col/image.png,MEX,3.0,,,0 days 00:01:45.377000,0 days 00:01:44.794000,0 days 00:01:44.462000,,,,
16,C LECLERC,LEC,leclerc,Ferrari,ed1c24,ferrari,Charles,Leclerc,Charles Leclerc,https://www.formula1.com/content/dam/fom-website/drivers/C/CHALEC01_Charles_Leclerc/chalec01.png.transform/1col/image.png,MON,4.0,,,0 days 00:01:45.572000,0 days 00:01:44.551000,0 days 00:01:44.553000,,,,
31,E OCON,OCO,ocon,Alpine,2293d1,alpine,Esteban,Ocon,Esteban Ocon,https://www.formula1.com/content/dam/fom-website/drivers/E/ESTOCO01_Esteban_Ocon/estoco01.png.transform/1col/image.png,FRA,5.0,,,0 days 00:01:46.039000,0 days 00:01:45.475000,0 days 00:01:45.180000,,,,
14,F ALONSO,ALO,alonso,Alpine,2293d1,alpine,Fernando,Alonso,Fernando Alonso,https://www.formula1.com/content/dam/fom-website/drivers/F/FERALO01_Fernando_Alonso/feralo01.png.transform/1col/image.png,ESP,6.0,,,0 days 00:01:46.075000,0 days 00:01:45.552000,0 days 00:01:45.368000,,,,
44,L HAMILTON,HAM,hamilton,Mercedes,6cd3bf,mercedes,Lewis,Hamilton,Lewis Hamilton,https://www.formula1.com/content/dam/fom-website/drivers/L/LEWHAM01_Lewis_Hamilton/lewham01.png.transform/1col/image.png,GBR,7.0,,,0 days 00:01:45.736000,0 days 00:01:45.420000,0 days 00:01:45.503000,,,,
63,G RUSSELL,RUS,russell,Mercedes,6cd3bf,mercedes,George,Russell,George Russell,https://www.formula1.com/content/dam/fom-website/drivers/G/GEORUS01_George_Russell/georus01.png.transform/1col/image.png,GBR,8.0,,,0 days 00:01:45.650000,0 days 00:01:45.461000,0 days 00:01:45.776000,,,,
23,A ALBON,ALB,albon,Williams,37bedd,williams,Alexander,Albon,Alexander Albon,https://www.formula1.com/content/dam/fom-website/drivers/A/ALEALB01_Alexander_Albon/alealb01.png.transform/1col/image.png,THA,9.0,,,0 days 00:01:45.672000,0 days 00:01:45.675000,0 days 00:01:45.837000,,,,
4,L NORRIS,NOR,norris,McLaren,f58020,mclaren,Lando,Norris,Lando Norris,https://www.formula1.com/content/dam/fom-website/drivers/L/LANNOR01_Lando_Norris/lannor01.png.transform/1col/image.png,GBR,10.0,,,0 days 00:01:45.745000,0 days 00:01:45.603000,0 days 00:01:46.178000,,,,
3,D RICCIARDO,RIC,ricciardo,McLaren,f58020,mclaren,Daniel,Ricciardo,Daniel Ricciardo,https://www.formula1.com/content/dam/fom-website/drivers/D/DANRIC01_Daniel_Ricciardo/danric01.png.transform/1col/image.png,AUS,11.0,,,0 days 00:01:46.212000,0 days 00:01:45.767000,,,,,
10,P GASLY,GAS,gasly,AlphaTauri,4e7c9b,alphatauri,Pierre,Gasly,Pierre Gasly,https://www.formula1.com/content/dam/fom-website/drivers/P/PIEGAS01_Pierre_Gasly/piegas01.png.transform/1col/image.png,FRA,12.0,,,0 days 00:01:46.183000,0 days 00:01:45.827000,,,,,
24,G ZHOU,ZHO,zhou,Alfa Romeo,b12039,alfa,Guanyu,Zhou,Guanyu Zhou,https://www.formula1.com/content/dam/fom-website/drivers/G/GUAZHO01_Guanyu_Zhou/guazho01.png.transform/1col/image.png,CHN,13.0,,,0 days 00:01:46.178000,0 days 00:01:46.085000,,,,,
18,L STROLL,STR,stroll,Aston Martin,2d826d,aston_martin,Lance,Stroll,Lance Stroll,https://www.formula1.com/content/dam/fom-website/drivers/L/LANSTR01_Lance_Stroll/lanstr01.png.transform/1col/image.png,CAN,14.0,,,0 days 00:01:46.256000,0 days 00:01:46.611000,,,,,
47,M SCHUMACHER,MSC,mick_schumacher,Haas F1 Team,b6babd,haas,Mick,Schumacher,Mick Schumacher,https://www.formula1.com/content/dam/fom-website/drivers/M/MICSCH02_Mick_Schumacher/micsch02.png.transform/1col/image.png,GER,15.0,,,0 days 00:01:46.342000,0 days 00:01:47.718000,,,,,
5,S VETTEL,VET,vettel,Aston Martin,2d826d,aston_martin,Sebastian,Vettel,Sebastian Vettel,https://www.formula1.com/content/dam/fom-website/drivers/S/SEBVET01_Sebastian_Vettel/sebvet01.png.transform/1col/image.png,GER,16.0,,,0 days 00:01:46.344000,,,,,,
6,N LATIFI,LAT,latifi,Williams,37bedd,williams,Nicholas,Latifi,Nicholas Latifi,https://www.formula1.com/content/dam/fom-website/drivers/N/NICLAF01_Nicholas_Latifi/niclaf01.png.transform/1col/image.png,CAN,17.0,,,0 days 00:01:46.401000,,,,,,
20,K MAGNUSSEN,MAG,kevin_magnussen,Haas F1 Team,b6babd,haas,Kevin,Magnussen,Kevin Magnussen,None,DEN,18.0,,,0 days 00:01:46.557000,,,,,,
22,Y TSUNODA,TSU,tsunoda,AlphaTauri,4e7c9b,alphatauri,Yuki,Tsunoda,Yuki Tsunoda,https://www.formula1.com/content/dam/fom-website/drivers/Y/YUKTSU01_Yuki_Tsunoda/yuktsu01.png.transform/1col/image.png,JPN,19.0,,,0 days 00:01:46.692000,,,,,,
77,V BOTTAS,BOT,bottas,Alfa Romeo,b12039,alfa,Valtteri,Bottas,Valtteri Bottas,https://www.formula1.com/content/dam/fom-website/drivers/V/VALBOT01_Valtteri_Bottas/valbot01.png.transform/1col/image.png,FIN,20.0,,,0 days 00:01:47.866000,,,,,,
1,M VERSTAPPEN,VER,max_verstappen,Red Bull Racing,1e5bc6,red_bull,Max,Verstappen,Max Verstappen,https://www.formula1.com/content/dam/fom-website/drivers/M/MAXVER01_Max_Verstappen/maxver01.png.transform/1col/image.png,NED,1.0,1,14.0,,,,0 days 01:25:52.894000,Finished,26.0,44.0
11,S PEREZ,PER,perez,Red Bull Racing,1e5bc6,red_bull,Sergio,Perez,Sergio Perez,https://www.formula1.com/content/dam/fom-website/drivers/S/SERPER01_Sergio_Perez/serper01.png.transform/1col/image.png,MEX,2.0,2,2.0,,,,0 days 00:00:17.841000,Finished,18.0,44.0
55,C SAINZ,SAI,sainz,Ferrari,ed1c24,ferrari,Carlos,Sainz,Carlos Sainz,https://www.formula1.com/content/dam/fom-website/drivers/C/CARSAI01_Carlos_Sainz/carsai01.png.transform/1col/image.png,ESP,3.0,3,1.0,,,,0 days 00:00:26.886000,Finished,15.0,44.0
63,G RUSSELL,RUS,russell,Mercedes,6cd3bf,mercedes,George,Russell,George Russell,https://www.formula1.com/content/dam/fom-website/drivers/G/GEORUS01_George_Russell/georus01.png.transform/1col/image.png,GBR,4.0,4,5.0,,,,0 days 00:00:29.140000,Finished,12.0,44.0
14,F ALONSO,ALO,alonso,Alpine,2293d1,alpine,Fernando,Alonso,Fernando Alonso,https://www.formula1.com/content/dam/fom-website/drivers/F/FERALO01_Fernando_Alonso/feralo01.png.transform/1col/image.png,ESP,5.0,5,3.0,,,,0 days 00:01:13.256000,Finished,10.0,44.0
16,C LECLERC,LEC,leclerc,Ferrari,ed1c24,ferrari,Charles,Leclerc,Charles Leclerc,https://www.formula1.com/content/dam/fom-website/drivers/C/CHALEC01_Charles_Leclerc/chalec01.png.transform/1col/image.png,MON,6.0,6,15.0,,,,0 days 00:01:14.936000,Finished,8.0,44.0
31,E OCON,OCO,ocon,Alpine,2293d1,alpine,Esteban,Ocon,Esteban Ocon,https://www.formula1.com/content/dam/fom-website/drivers/E/ESTOCO01_Esteban_Ocon/estoco01.png.transform/1col/image.png,FRA,7.0,7,16.0,,,,0 days 00:01:15.640000,Finished,6.0,44.0
5,S VETTEL,VET,vettel,Aston Martin,2d826d,aston_martin,Sebastian,Vettel,Sebastian Vettel,https://www.formula1.com/content/dam/fom-website/drivers/S/SEBVET01_Sebastian_Vettel/sebvet01.png.transform/1col/image.png,GER,8.0,8,10.0,,,,0 days 00:01:18.107000,Finished,4.0,44.0
10,P GASLY,GAS,gasly,AlphaTauri,4e7c9b,alphatauri,Pierre,Gasly,Pierre Gasly,https://www.formula1.com/content/dam/fom-website/drivers/P/PIEGAS01_Pierre_Gasly/piegas01.png.transform/1col/image.png,FRA,9.0,9,0.0,,,,0 days 00:01:32.181000,Finished,2.0,44.0
23,A ALBON,ALB,albon,Williams,37bedd,williams,Alexander,Albon,Alexander Albon,https://www.formula1.com/content/dam/fom-website/drivers/A/ALEALB01_Alexander_Albon/alealb01.png.transform/1col/image.png,THA,10.0,10,6.0,,,,0 days 00:01:41.900000,Finished,1.0,44.0
18,L STROLL,STR,stroll,Aston Martin,2d826d,aston_martin,Lance,Stroll,Lance Stroll,https://www.formula1.com/content/dam/fom-website/drivers/L/LANSTR01_Lance_Stroll/lanstr01.png.transform/1col/image.png,CAN,11.0,11,9.0,,,,0 days 00:01:43.078000,Finished,0.0,44.0
4,L NORRIS,NOR,norris,McLaren,f58020,mclaren,Lando,Norris,Lando Norris,https://www.formula1.com/content/dam/fom-website/drivers/L/LANNOR01_Lando_Norris/lannor01.png.transform/1col/image.png,GBR,12.0,12,17.0,,,,0 days 00:01:44.739000,Finished,0.0,44.0
22,Y TSUNODA,TSU,tsunoda,AlphaTauri,4e7c9b,alphatauri,Yuki,Tsunoda,Yuki Tsunoda,https://www.formula1.com/content/dam/fom-website/drivers/Y/YUKTSU01_Yuki_Tsunoda/yuktsu01.png.transform/1col/image.png,JPN,13.0,13,0.0,,,,0 days 00:01:45.217000,Finished,0.0,44.0
24,G ZHOU,ZHO,zhou,Alfa Romeo,b12039,alfa,Guanyu,Zhou,Guanyu Zhou,https://www.formula1.com/content/dam/fom-website/drivers/G/GUAZHO01_Guanyu_Zhou/guazho01.png.transform/1col/image.png,CHN,14.0,14,18.0,,,,0 days 00:01:46.252000,Finished,0.0,44.0
3,D RICCIARDO,RIC,ricciardo,McLaren,f58020,mclaren,Daniel,Ricciardo,Daniel Ricciardo,https://www.formula1.com/content/dam/fom-website/drivers/D/DANRIC01_Daniel_Ricciardo/danric01.png.transform/1col/image.png,AUS,15.0,15,7.0,,,,0 days 00:01:47.163000,Finished,0.0,44.0
20,K MAGNUSSEN,MAG,kevin_magnussen,Haas F1 Team,b6babd,haas,Kevin,Magnussen,Kevin Magnussen,None,DEN,16.0,16,12.0,,,,,+1 Lap,0.0,43.0
47,M SCHUMACHER,MSC,mick_schumacher,Haas F1 Team,b6babd,haas,Mick,Schumacher,Mick Schumacher,https://www.formula1.com/content/dam/fom-website/drivers/M/MICSCH02_Mick_Schumacher/micsch02.png.transform/1col/image.png,GER,17.0,17,19.0,,,,,+1 Lap,0.0,43.0
6,N LATIFI,LAT,latifi,Williams,37bedd,williams,Nicholas,Latifi,Nicholas Latifi,https://www.formula1.com/content/dam/fom-website/drivers/N/NICLAF01_Nicholas_Latifi/niclaf01.png.transform/1col/image.png,CAN,18.0,18,11.0,,,,,+1 Lap,0.0,43.0
77,V BOTTAS,BOT,bottas,Alfa Romeo,b12039,alfa,Valtteri,Bottas,Valtteri Bottas,https://www.formula1.com/content/dam/fom-website/drivers/V/VALBOT01_Valtteri_Bottas/valbot01.png.transform/1col/image.png,FIN,19.0,R,13.0,,,,,Accident,0.0,1.0
44,L HAMILTON,HAM,hamilton,Mercedes,6cd3bf,mercedes,Lewis,Hamilton,Lewis Hamilton,https://www.formula1.com/content/dam/fom-website/drivers/L/LEWHAM01_Lewis_Hamilton/lewham01.png.transform/1col/image.png,GBR,20.0,R,4.0,,,,,Collision damage,0.0,0.0
1,M VERSTAPPEN,VER,max_verstappen,Red Bull Racing,1e5bc6,red_bull,Max,Verstappen,Max Verstappen,https://www.formula1.com/content/dam/fom-website/drivers/M/MAXVER01_Max_Verstappen/maxver01.png.transform/1col/image.png,NED,1.0,,,0 days 00:01:11.317000,0 days 00:01:10.927000,0 days 00:01:10.342000,,,,
16,C LECLERC,LEC,leclerc,Ferrari,ed1c24,ferrari,Charles,Leclerc,Charles Leclerc,https://www.formula1.com/content/dam/fom-website/drivers/C/CHALEC01_Charles_Leclerc/chalec01.png.transform/1col/image.png,MON,2.0,,,0 days 00:01:11.443000,0 days 00:01:10.988000,0 days 00:01:10.363000,,,,
55,C SAINZ,SAI,sainz,Ferrari,ed1c24,ferrari,Carlos,Sainz,Carlos Sainz,https://www.formula1.com/content/dam/fom-website/drivers/C/CARSAI01_Carlos_Sainz/carsai01.png.transform/1col/image.png,ESP,3.0,,,0 days 00:01:11.767000,0 days 00:01:10.814000,0 days 00:01:10.434000,,,,
44,L HAMILTON,HAM,hamilton,Mercedes,6cd3bf,mercedes,Lewis,Hamilton,Lewis Hamilton,https://www.formula1.com/content/dam/fom-website/drivers/L/LEWHAM01_Lewis_Hamilton/lewham01.png.transform/1col/image.png,GBR,4.0,,,0 days 00:01:11.331000,0 days 00:01:11.075000,0 days 00:01:10.648000,,,,
11,S PEREZ,PER,perez,Red Bull Racing,1e5bc6,red_bull,Sergio,Perez,Sergio Perez,https://www.formula1.com/content/dam/fom-website/drivers/S/SERPER01_Sergio_Perez/serper01.png.transform/1col/image.png,MEX,5.0,,,0 days 00:01:11.641000,0 days 00:01:11.314000,0 days 00:01:11.077000,,,,
63,G RUSSELL,RUS,russell,Mercedes,6cd3bf,mercedes,George,Russell,George Russell,https://www.formula1.com/content/dam/fom-website/drivers/G/GEORUS01_George_Russell/georus01.png.transform/1col/image.png,GBR,6.0,,,0 days 00:01:11.561000,0 days 00:01:10.824000,0 days 00:01:11.147000,,,,
4,L NORRIS,NOR,norris,McLaren,f58020,mclaren,Lando,Norris,Lando Norris,https://www.formula1.com/content/dam/fom-website/drivers/L/LANNOR01_Lando_Norris/lannor01.png.transform/1col/image.png,GBR,7.0,,,0 days 00:01:11.556000,0 days 00:01:11.116000,0 days 00:01:11.174000,,,,
47,M SCHUMACHER,MSC,mick_schumacher,Haas F1 Team,b6babd,haas,Mick,Schumacher,Mick Schumacher,https://www.formula1.com/content/dam/fom-website/drivers/M/MICSCH02_Mick_Schumacher/micsch02.png.transform/1col/image.png,GER,8.0,,,0 days 00:01:11.741000,0 days 00:01:11.420000,0 days 00:01:11.442000,,,,
22,Y TSUNODA,TSU,tsunoda,AlphaTauri,4e7c9b,alphatauri,Yuki,Tsunoda,Yuki Tsunoda,https://www.formula1.com/content/dam/fom-website/drivers/Y/YUKTSU01_Yuki_Tsunoda/yuktsu01.png.transform/1col/image.png,JPN,9.0,,,0 days 00:01:11.427000,0 days 00:01:11.428000,0 days 00:01:12.556000,,,,
18,L STROLL,STR,stroll,Aston Martin,2d826d,aston_martin,Lance,Stroll,Lance Stroll,https://www.formula1.com/content/dam/fom-website/drivers/L/LANSTR01_Lance_Stroll/lanstr01.png.transform/1col/image.png,CAN,10.0,,,0 days 00:01:11.568000,0 days 00:01:11.416000,,,,,
10,P GASLY,GAS,gasly,AlphaTauri,4e7c9b,alphatauri,Pierre,Gasly,Pierre Gasly,https://www.formula1.com/content/dam/fom-website/drivers/P/PIEGAS01_Pierre_Gasly/piegas01.png.transform/1col/image.png,FRA,11.0,,,0 days 00:01:11.705000,0 days 00:01:11.512000,,,,,
31,E OCON,OCO,ocon,Alpine,2293d1,alpine,Esteban,Ocon,Esteban Ocon,https://www.formula1.com/content/dam/fom-website/drivers/E/ESTOCO01_Esteban_Ocon/estoco01.png.transform/1col/image.png,FRA,12.0,,,0 days 00:01:11.748000,0 days 00:01:11.605000,,,,,
14,F ALONSO,ALO,alonso,Alpine,2293d1,alpine,Fernando,Alonso,Fernando Alonso,https://www.formula1.com/content/dam/fom-website/drivers/F/FERALO01_Fernando_Alonso/feralo01.png.transform/1col/image.png,ESP,13.0,,,0 days 00:01:11.667000,0 days 00:01:11.613000,,,,,
24,G ZHOU,ZHO,zhou,Alfa Romeo,b12039,alfa,Guanyu,Zhou,Guanyu Zhou,https://www.formula1.com/content/dam/fom-website/drivers/G/GUAZHO01_Guanyu_Zhou/guazho01.png.transform/1col/image.png,CHN,14.0,,,0 days 00:01:11.826000,0 days 00:01:11.704000,,,,,
23,A ALBON,ALB,albon,Williams,37bedd,williams,Alexander,Albon,Alexander Albon,https://www.formula1.com/content/dam/fom-website/drivers/A/ALEALB01_Alexander_Albon/alealb01.png.transform/1col/image.png,THA,15.0,,,0 days 00:01:11.695000,0 days 00:01:11.802000,,,,,
77,V BOTTAS,BOT,bottas,Alfa Romeo,b12039,alfa,Valtteri,Bottas,Valtteri Bottas,https://www.formula1.com/content/dam/fom-website/drivers/V/VALBOT01_Valtteri_Bottas/valbot01.png.transform/1col/image.png,FIN,16.0,,,0 days 00:01:11.961000,,,,,,
3,D RICCIARDO,RIC,ricciardo,McLaren,f58020,mclaren,Daniel,Ricciardo,Daniel Ricciardo,https://www.formula1.com/content/dam/fom-website/drivers/D/DANRIC01_Daniel_Ricciardo/danric01.png.transform/1col/image.png,AUS,17.0,,,0 days 00:01:12.081000,,,,,,
20,K MAGNUSSEN,MAG,kevin_magnussen,Haas F1 Team,b6babd,haas,Kevin,Magnussen,Kevin Magnussen,None,DEN,18.0,,,0 days 00:01:12.319000,,,,,,
5,S VETTEL,VET,vettel,Aston Martin,2d826d,aston_martin,Sebastian,Vettel,Sebastian Vettel,https://www.formula1.com/content/dam/fom-website/drivers/S/SEBVET01_Sebastian_Vettel/sebvet01.png.transform/1col/image.png,GER,19.0,,,0 days 00:01:12.391000,,,,,,
6,N LATIFI,LAT,latifi,Williams,37bedd,williams,Nicholas,Latifi,Nicholas Latifi,https://www.formula1.com/content/dam/fom-website/drivers/N/NICLAF01_Nicholas_Latifi/niclaf01.png.transform/1col/image.png,CAN,20.0,,,0 days 00:01:13.353000,,,,,,
1,M VERSTAPPEN,VER,max_verstappen,Red Bull Racing,1e5bc6,red_bull,Max,Verstappen,Max Verstappen,https://www.formula1.com/content/dam/fom-website/drivers/M/MAXVER01_Max_Verstappen/maxver01.png.transform/1col/image.png,NED,1.0,1,1.0,,,,0 days 01:36:42.773000,Finished,26.0,72.0
63,G RUSSELL,RUS,russell,Mercedes,6cd3bf,mercedes,George,Russell,George Russell,https://www.formula1.com/content/dam/fom-website/drivers/G/GEORUS01_George_Russell/georus01.png.transform/1col/image.png,GBR,2.0,2,6.0,,,,0 days 00:00:04.071000,Finished,18.0,72.0
16,C LECLERC,LEC,leclerc,Ferrari,ed1c24,ferrari,Charles,Leclerc,Charles Leclerc,https://www.formula1.com/content/dam/fom-website/drivers/C/CHALEC01_Charles_Leclerc/chalec01.png.transform/1col/image.png,MON,3.0,3,2.0,,,,0 days 00:00:10.929000,Finished,15.0,72.0
44,L HAMILTON,HAM,hamilton,Mercedes,6cd3bf,mercedes,Lewis,Hamilton,Lewis Hamilton,https://www.formula1.com/content/dam/fom-website/drivers/L/LEWHAM01_Lewis_Hamilton/lewham01.png.transform/1col/image.png,GBR,4.0,4,4.0,,,,0 days 00:00:13.016000,Finished,12.0,72.0
11,S PEREZ,PER,perez,Red Bull Racing,1e5bc6,red_bull,Sergio,Perez,Sergio Perez,https://www.formula1.com/content/dam/fom-website/drivers/S/SERPER01_Sergio_Perez/serper01.png.transform/1col/image.png,MEX,5.0,5,5.0,,,,0 days 00:00:18.168000,Finished,10.0,72.0
14,F ALONSO,ALO,alonso,Alpine,2293d1,alpine,Fernando,Alonso,Fernando Alonso,https://www.formula1.com/content/dam/fom-website/drivers/F/FERALO01_Fernando_Alonso/feralo01.png.transform/1col/image.png,ESP,6.0,6,13.0,,,,0 days 00:00:18.754000,Finished,8.0,72.0
4,L NORRIS,NOR,norris,McLaren,f58020,mclaren,Lando,Norris,Lando Norris,https://www.formula1.com/content/dam/fom-website/drivers/L/LANNOR01_Lando_Norris/lannor01.png.transform/1col/image.png,GBR,7.0,7,7.0,,,,0 days 00:00:19.306000,Finished,6.0,72.0
55,C SAINZ,SAI,sainz,Ferrari,ed1c24,ferrari,Carlos,Sainz,Carlos Sainz,https://www.formula1.com/content/dam/fom-website/drivers/C/CARSAI01_Carlos_Sainz/carsai01.png.transform/1col/image.png,ESP,8.0,8,3.0,,,,0 days 00:00:20.916000,Finished,4.0,72.0
31,E OCON,OCO,ocon,Alpine,2293d1,alpine,Esteban,Ocon,Esteban Ocon,https://www.formula1.com/content/dam/fom-website/drivers/E/ESTOCO01_Esteban_Ocon/estoco01.png.transform/1col/image.png,FRA,9.0,9,12.0,,,,0 days 00:00:21.117000,Finished,2.0,72.0
18,L STROLL,STR,stroll,Aston Martin,2d826d,aston_martin,Lance,Stroll,Lance Stroll,https://www.formula1.com/content/dam/fom-website/drivers/L/LANSTR01_Lance_Stroll/lanstr01.png.transform/1col/image.png,CAN,10.0,10,10.0,,,,0 days 00:00:22.459000,Finished,1.0,72.0
10,P GASLY,GAS,gasly,AlphaTauri,4e7c9b,alphatauri,Pierre,Gasly,Pierre Gasly,https://www.formula1.com/content/dam/fom-website/drivers/P/PIEGAS01_Pierre_Gasly/piegas01.png.transform/1col/image.png,FRA,11.0,11,11.0,,,,0 days 00:00:27.009000,Finished,0.0,72.0
23,A ALBON,ALB,albon,Williams,37bedd,williams,Alexander,Albon,Alexander Albon,https://www.formula1.com/content/dam/fom-website/drivers/A/ALEALB01_Alexander_Albon/alealb01.png.transform/1col/image.png,THA,12.0,12,15.0,,,,0 days 00:00:30.390000,Finished,0.0,72.0
47,M SCHUMACHER,MSC,mick_schumacher,Haas F1 Team,b6babd,haas,Mick,Schumacher,Mick Schumacher,https://www.formula1.com/content/dam/fom-website/drivers/M/MICSCH02_Mick_Schumacher/micsch02.png.transform/1col/image.png,GER,13.0,13,8.0,,,,0 days 00:00:32.995000,Finished,0.0,72.0
5,S VETTEL,VET,vettel,Aston Martin,2d826d,aston_martin,Sebastian,Vettel,Sebastian Vettel,https://www.formula1.com/content/dam/fom-website/drivers/S/SEBVET01_Sebastian_Vettel/sebvet01.png.transform/1col/image.png,GER,14.0,14,19.0,,,,0 days 00:00:36.007000,Finished,0.0,72.0
20,K MAGNUSSEN,MAG,kevin_magnussen,Haas F1 Team,b6babd,haas,Kevin,Magnussen,Kevin Magnussen,None,DEN,15.0,15,18.0,,,,0 days 00:00:36.869000,Finished,0.0,72.0
24,G ZHOU,ZHO,zhou,Alfa Romeo,b12039,alfa,Guanyu,Zhou,Guanyu Zhou,https://www.formula1.com/content/dam/fom-website/drivers/G/GUAZHO01_Guanyu_Zhou/guazho01.png.transform/1col/image.png,CHN,16.0,16,14.0,,,,0 days 00:00:37.320000,Finished,0.0,72.0
3,D RICCIARDO,RIC,ricciardo,McLaren,f58020,mclaren,Daniel,Ricciardo,Daniel Ricciardo,https://www.formula1.com/content/dam/fom-website/drivers/D/DANRIC01_Daniel_Ricciardo/danric01.png.transform/1col/image.png,AUS,17.0,17,17.0,,,,0 days 00:00:37.764000,Finished,0.0,72.0
6,N LATIFI,LAT,latifi,Williams,37bedd,williams,Nicholas,Latifi,Nicholas Latifi,https://www.formula1.com/content/dam/fom-website/drivers/N/NICLAF01_Nicholas_Latifi/niclaf01.png.transform/1col/image.png,CAN,18.0,18,20.0,,,,,+1 Lap,0.0,71.0
77,V BOTTAS,BOT,bottas,Alfa Romeo,b12039,alfa,Valtteri,Bottas,Valtteri Bottas,https://www.formula1.com/content/dam/fom-website/drivers/V/VALBOT01_Valtteri_Bottas/valbot01.png.transform/1col/image.png,FIN,19.0,R,16.0,,,,,Engine,0.0,53.0
22,Y TSUNODA,TSU,tsunoda,AlphaTauri,4e7c9b,alphatauri,Yuki,Tsunoda,Yuki Tsunoda,https://www.formula1.com/content/dam/fom-website/drivers/Y/YUKTSU01_Yuki_Tsunoda/yuktsu01.png.transform/1col/image.png,JPN,20.0,R,9.0,,,,,Differential,0.0,43.0
16,C LECLERC,LEC,leclerc,Ferrari,ed1c24,ferrari,Charles,Leclerc,Charles Leclerc,https://www.formula1.com/content/dam/fom-website/drivers/C/CHALEC01_Charles_Leclerc/chalec01.png.transform/1col/image.png,MON,1.0,,,0 days 00:01:21.280000,0 days 00:01:21.208000,0 days 00:01:20.161000,,,,
1,M VERSTAPPEN,VER,max_verstappen,Red Bull Racing,1e5bc6,red_bull,Max,Verstappen,Max Verstappen,https://www.formula1.com/content/dam/fom-website/drivers/M/MAXVER01_Max_Verstappen/maxver01.png.transform/1col/image.png,NED,2.0,,,0 days 00:01:20.922000,0 days 00:01:21.265000,0 days 00:01:20.306000,,,,
55,C SAINZ,SAI,sainz,Ferrari,ed1c24,ferrari,Carlos,Sainz,Carlos Sainz,https://www.formula1.com/content/dam/fom-website/drivers/C/CARSAI01_Carlos_Sainz/carsai01.png.transform/1col/image.png,ESP,3.0,,,0 days 00:01:21.348000,0 days 00:01:20.878000,0 days 00:01:20.429000,,,,
11,S PEREZ,PER,perez,Red Bull Racing,1e5bc6,red_bull,Sergio,Perez,Sergio Perez,https://www.formula1.com/content/dam/fom-website/drivers/S/SERPER01_Sergio_Perez/serper01.png.transform/1col/image.png,MEX,4.0,,,0 days 00:01:21.495000,0 days 00:01:21.358000,0 days 00:01:21.206000,,,,
44,L HAMILTON,HAM,hamilton,Mercedes,6cd3bf,mercedes,Lewis,Hamilton,Lewis Hamilton,https://www.formula1.com/content/dam/fom-website/drivers/L/LEWHAM01_Lewis_Hamilton/lewham01.png.transform/1col/image.png,GBR,5.0,,,0 days 00:01:22.048000,0 days 00:01:21.708000,0 days 00:01:21.524000,,,,
63,G RUSSELL,RUS,russell,Mercedes,6cd3bf,mercedes,George,Russell,George Russell,https://www.formula1.com/content/dam/fom-website/drivers/G/GEORUS01_George_Russell/georus01.png.transform/1col/image.png,GBR,6.0,,,0 days 00:01:21.785000,0 days 00:01:21.747000,0 days 00:01:21.542000,,,,
4,L NORRIS,NOR,norris,McLaren,f58020,mclaren,Lando,Norris,Lando Norris,https://www.formula1.com/content/dam/fom-website/drivers/L/LANNOR01_Lando_Norris/lannor01.png.transform/1col/image.png,GBR,7.0,,,0 days 00:01:22.130000,0 days 00:01:21.831000,0 days 00:01:21.584000,,,,
3,D RICCIARDO,RIC,ricciardo,McLaren,f58020,mclaren,Daniel,Ricciardo,Daniel Ricciardo,https://www.formula1.com/content/dam/fom-website/drivers/D/DANRIC01_Daniel_Ricciardo/danric01.png.transform/1col/image.png,AUS,8.0,,,0 days 00:01:22.139000,0 days 00:01:21.855000,0 days 00:01:21.925000,,,,
10,P GASLY,GAS,gasly,AlphaTauri,4e7c9b,alphatauri,Pierre,Gasly,Pierre Gasly,https://www.formula1.com/content/dam/fom-website/drivers/P/PIEGAS01_Pierre_Gasly/piegas01.png.transform/1col/image.png,FRA,9.0,,,0 days 00:01:22.010000,0 days 00:01:22.062000,0 days 00:01:22.648000,,,,
14,F ALONSO,ALO,alonso,Alpine,2293d1,alpine,Fernando,Alonso,Fernando Alonso,https://www.formula1.com/content/dam/fom-website/drivers/F/FERALO01_Fernando_Alonso/feralo01.png.transform/1col/image.png,ESP,10.0,,,0 days 00:01:22.089000,0 days 00:01:21.861000,,,,,
31,E OCON,OCO,ocon,Alpine,2293d1,alpine,Esteban,Ocon,Esteban Ocon,https://www.formula1.com/content/dam/fom-website/drivers/E/ESTOCO01_Esteban_Ocon/estoco01.png.transform/1col/image.png,FRA,11.0,,,0 days 00:01:22.166000,0 days 00:01:22.130000,,,,,
77,V BOTTAS,BOT,bottas,Alfa Romeo,b12039,alfa,Valtteri,Bottas,Valtteri Bottas,https://www.formula1.com/content/dam/fom-website/drivers/V/VALBOT01_Valtteri_Bottas/valbot01.png.transform/1col/image.png,FIN,12.0,,,0 days 00:01:22.254000,0 days 00:01:22.235000,,,,,
45,N DE VRIES,DEV,de_vries,Williams,37bedd,williams,Nyck,De Vries,Nyck De Vries,None,NED,13.0,,,0 days 00:01:22.567000,0 days 00:01:22.471000,,,,,
24,G ZHOU,ZHO,zhou,Alfa Romeo,b12039,alfa,Guanyu,Zhou,Guanyu Zhou,https://www.formula1.com/content/dam/fom-website/drivers/G/GUAZHO01_Guanyu_Zhou/guazho01.png.transform/1col/image.png,CHN,14.0,,,0 days 00:01:22.003000,0 days 00:01:22.577000,,,,,
22,Y TSUNODA,TSU,tsunoda,AlphaTauri,4e7c9b,alphatauri,Yuki,Tsunoda,Yuki Tsunoda,https://www.formula1.com/content/dam/fom-website/drivers/Y/YUKTSU01_Yuki_Tsunoda/yuktsu01.png.transform/1col/image.png,JPN,15.0,,,0 days 00:01:22.020000,,,,,,
6,N LATIFI,LAT,latifi,Williams,37bedd,williams,Nicholas,Latifi,Nicholas Latifi,https://www.formula1.com/content/dam/fom-website/drivers/N/NICLAF01_Nicholas_Latifi/niclaf01.png.transform/1col/image.png,CAN,16.0,,,0 days 00:01:22.587000,,,,,,
5,S VETTEL,VET,vettel,Aston Martin,2d826d,aston_martin,Sebastian,Vettel,Sebastian Vettel,https://www.formula1.com/content/dam/fom-website/drivers/S/SEBVET01_Sebastian_Vettel/sebvet01.png.transform/1col/image.png,GER,17.0,,,0 days 00:01:22.636000,,,,,,
18,L STROLL,STR,stroll,Aston Martin,2d826d,aston_martin,Lance,Stroll,Lance Stroll,https://www.formula1.com/content/dam/fom-website/drivers/L/LANSTR01_Lance_Stroll/lanstr01.png.transform/1col/image.png,CAN,18.0,,,0 days 00:01:22.748000,,,,,,
20,K MAGNUSSEN,MAG,kevin_magnussen,Haas F1 Team,b6babd,haas,Kevin,Magnussen,Kevin Magnussen,None,DEN,19.0,,,0 days 00:01:22.908000,,,,,,
47,M SCHUMACHER,MSC,mick_schumacher,Haas F1 Team,b6babd,haas,Mick,Schumacher,Mick Schumacher,https://www.formula1.com/content/dam/fom-website/drivers/M/MICSCH02_Mick_Schumacher/micsch02.png.transform/1col/image.png,GER,20.0,,,0 days 00:01:23.005000,,,,,,
1,M VERSTAPPEN,VER,max_verstappen,Red Bull Racing,1e5bc6,red_bull,Max,Verstappen,Max Verstappen,https://www.formula1.com/content/dam/fom-website/drivers/M/MAXVER01_Max_Verstappen/maxver01.png.transform/1col/image.png,NED,1.0,1,7.0,,,,0 days 01:20:27.511000,Finished,25.0,53.0
16,C LECLERC,LEC,leclerc,Ferrari,ed1c24,ferrari,Charles,Leclerc,Charles Leclerc,https://www.formula1.com/content/dam/fom-website/drivers/C/CHALEC01_Charles_Leclerc/chalec01.png.transform/1col/image.png,MON,2.0,2,1.0,,,,0 days 00:00:02.446000,Finished,18.0,53.0
63,G RUSSELL,RUS,russell,Mercedes,6cd3bf,mercedes,George,Russell,George Russell,https://www.formula1.com/content/dam/fom-website/drivers/G/GEORUS01_George_Russell/georus01.png.transform/1col/image.png,GBR,3.0,3,2.0,,,,0 days 00:00:03.405000,Finished,15.0,53.0
55,C SAINZ,SAI,sainz,Ferrari,ed1c24,ferrari,Carlos,Sainz,Carlos Sainz,https://www.formula1.com/content/dam/fom-website/drivers/C/CARSAI01_Carlos_Sainz/carsai01.png.transform/1col/image.png,ESP,4.0,4,18.0,,,,0 days 00:00:05.061000,Finished,12.0,53.0
44,L HAMILTON,HAM,hamilton,Mercedes,6cd3bf,mercedes,Lewis,Hamilton,Lewis Hamilton,https://www.formula1.com/content/dam/fom-website/drivers/L/LEWHAM01_Lewis_Hamilton/lewham01.png.transform/1col/image.png,GBR,5.0,5,19.0,,,,0 days 00:00:05.380000,Finished,10.0,53.0
11,S PEREZ,PER,perez,Red Bull Racing,1e5bc6,red_bull,Sergio,Perez,Sergio Perez,https://www.formula1.com/content/dam/fom-website/drivers/S/SERPER01_Sergio_Perez/serper01.png.transform/1col/image.png,MEX,6.0,6,13.0,,,,0 days 00:00:06.091000,Finished,9.0,53.0
4,L NORRIS,NOR,norris,McLaren,f58020,mclaren,Lando,Norris,Lando Norris,https://www.formula1.com/content/dam/fom-website/drivers/L/LANNOR01_Lando_Norris/lannor01.png.transform/1col/image.png,GBR,7.0,7,3.0,,,,0 days 00:00:06.207000,Finished,6.0,53.0
10,P GASLY,GAS,gasly,AlphaTauri,4e7c9b,alphatauri,Pierre,Gasly,Pierre Gasly,https://www.formula1.com/content/dam/fom-website/drivers/P/PIEGAS01_Pierre_Gasly/piegas01.png.transform/1col/image.png,FRA,8.0,8,5.0,,,,0 days 00:00:06.396000,Finished,4.0,53.0
45,N DE VRIES,DEV,de_vries,Williams,37bedd,williams,Nyck,De Vries,Nyck De Vries,None,NED,9.0,9,8.0,,,,0 days 00:00:07.122000,Finished,2.0,53.0
24,G ZHOU,ZHO,zhou,Alfa Romeo,b12039,alfa,Guanyu,Zhou,Guanyu Zhou,https://www.formula1.com/content/dam/fom-website/drivers/G/GUAZHO01_Guanyu_Zhou/guazho01.png.transform/1col/image.png,CHN,10.0,10,9.0,,,,0 days 00:00:07.910000,Finished,1.0,53.0
31,E OCON,OCO,ocon,Alpine,2293d1,alpine,Esteban,Ocon,Esteban Ocon,https://www.formula1.com/content/dam/fom-website/drivers/E/ESTOCO01_Esteban_Ocon/estoco01.png.transform/1col/image.png,FRA,11.0,11,14.0,,,,0 days 00:00:08.323000,Finished,0.0,53.0
47,M SCHUMACHER,MSC,mick_schumacher,Haas F1 Team,b6babd,haas,Mick,Schumacher,Mick Schumacher,https://www.formula1.com/content/dam/fom-website/drivers/M/MICSCH02_Mick_Schumacher/micsch02.png.transform/1col/image.png,GER,12.0,12,17.0,,,,0 days 00:00:08.549000,Finished,0.0,53.0
77,V BOTTAS,BOT,bottas,Alfa Romeo,b12039,alfa,Valtteri,Bottas,Valtteri Bottas,https://www.formula1.com/content/dam/fom-website/drivers/V/VALBOT01_Valtteri_Bottas/valbot01.png.transform/1col/image.png,FIN,13.0,13,15.0,,,,,+1 Lap,0.0,52.0
22,Y TSUNODA,TSU,tsunoda,AlphaTauri,4e7c9b,alphatauri,Yuki,Tsunoda,Yuki Tsunoda,https://www.formula1.com/content/dam/fom-website/drivers/Y/YUKTSU01_Yuki_Tsunoda/yuktsu01.png.transform/1col/image.png,JPN,14.0,14,20.0,,,,,+1 Lap,0.0,52.0
6,N LATIFI,LAT,latifi,Williams,37bedd,williams,Nicholas,Latifi,Nicholas Latifi,https://www.formula1.com/content/dam/fom-website/drivers/N/NICLAF01_Nicholas_Latifi/niclaf01.png.transform/1col/image.png,CAN,15.0,15,10.0,,,,,+1 Lap,0.0,52.0
20,K MAGNUSSEN,MAG,kevin_magnussen,Haas F1 Team,b6babd,haas,Kevin,Magnussen,Kevin Magnussen,None,DEN,16.0,16,16.0,,,,,+1 Lap,0.0,52.0
3,D RICCIARDO,RIC,ricciardo,McLaren,f58020,mclaren,Daniel,Ricciardo,Daniel Ricciardo,https://www.formula1.com/content/dam/fom-website/drivers/D/DANRIC01_Daniel_Ricciardo/danric01.png.transform/1col/image.png,AUS,17.0,R,4.0,,,,,Oil leak,0.0,45.0
18,L STROLL,STR,stroll,Aston Martin,2d826d,aston_martin,Lance,Stroll,Lance Stroll,https://www.formula1.com/content/dam/fom-website/drivers/L/LANSTR01_Lance_Stroll/lanstr01.png.transform/1col/image.png,CAN,18.0,R,12.0,,,,,Engine,0.0,39.0
14,F ALONSO,ALO,alonso,Alpine,2293d1,alpine,Fernando,Alonso,Fernando Alonso,https://www.formula1.com/content/dam/fom-website/drivers/F/FERALO01_Fernando_Alonso/feralo01.png.transform/1col/image.png,ESP,19.0,R,6.0,,,,,Water pressure,0.0,31.0
5,S VETTEL,VET,vettel,Aston Martin,2d826d,aston_martin,Sebastian,Vettel,Sebastian Vettel,https://www.formula1.com/content/dam/fom-website/drivers/S/SEBVET01_Sebastian_Vettel/sebvet01.png.transform/1col/image.png,GER,20.0,R,11.0,,,,,Engine,0.0,10.0
16,C LECLERC,LEC,leclerc,Ferrari,ed1c24,ferrari,Charles,Leclerc,Charles Leclerc,https://www.formula1.com/content/dam/fom-website/drivers/C/CHALEC01_Charles_Leclerc/chalec01.png.transform/1col/image.png,MON,1.0,,,0 days 00:01:54.129000,0 days 00:01:52.343000,0 days 00:01:49.412000,,,,
11,S PEREZ,PER,perez,Red Bull Racing,1e5bc6,red_bull,Sergio,Perez,Sergio Perez,https://www.formula1.com/content/dam/fom-website/drivers/S/SERPER01_Sergio_Perez/serper01.png.transform/1col/image.png,MEX,2.0,,,0 days 00:01:54.404000,0 days 00:01:52.818000,0 days 00:01:49.434000,,,,
44,L HAMILTON,HAM,hamilton,Mercedes,6cd3bf,mercedes,Lewis,Hamilton,Lewis Hamilton,https://www.formula1.com/content/dam/fom-website/drivers/L/LEWHAM01_Lewis_Hamilton/lewham01.png.transform/1col/image.png,GBR,3.0,,,0 days 00:01:53.161000,0 days 00:01:52.691000,0 days 00:01:49.466000,,,,
55,C SAINZ,SAI,sainz,Ferrari,ed1c24,ferrari,Carlos,Sainz,Carlos Sainz,https://www.formula1.com/content/dam/fom-website/drivers/C/CARSAI01_Carlos_Sainz/carsai01.png.transform/1col/image.png,ESP,4.0,,,0 days 00:01:54.559000,0 days 00:01:53.219000,0 days 00:01:49.583000,,,,
14,F ALONSO,ALO,alonso,Alpine,2293d1,alpine,Fernando,Alonso,Fernando Alonso,https://www.formula1.com/content/dam/fom-website/drivers/F/FERALO01_Fernando_Alonso/feralo01.png.transform/1col/image.png,ESP,5.0,,,0 days 00:01:55.360000,0 days 00:01:53.127000,0 days 00:01:49.966000,,,,
4,L NORRIS,NOR,norris,McLaren,f58020,mclaren,Lando,Norris,Lando Norris,https://www.formula1.com/content/dam/fom-website/drivers/L/LANNOR01_Lando_Norris/lannor01.png.transform/1col/image.png,GBR,6.0,,,0 days 00:01:55.914000,0 days 00:01:53.942000,0 days 00:01:50.584000,,,,
10,P GASLY,GAS,gasly,AlphaTauri,4e7c9b,alphatauri,Pierre,Gasly,Pierre Gasly,https://www.formula1.com/content/dam/fom-website/drivers/P/PIEGAS01_Pierre_Gasly/piegas01.png.transform/1col/image.png,FRA,7.0,,,0 days 00:01:55.606000,0 days 00:01:53.546000,0 days 00:01:51.211000,,,,
1,M VERSTAPPEN,VER,max_verstappen,Red Bull Racing,1e5bc6,red_bull,Max,Verstappen,Max Verstappen,https://www.formula1.com/content/dam/fom-website/drivers/M/MAXVER01_Max_Verstappen/maxver01.png.transform/1col/image.png,NED,8.0,,,0 days 00:01:53.057000,0 days 00:01:52.723000,0 days 00:01:51.395000,,,,
20,K MAGNUSSEN,MAG,kevin_magnussen,Haas F1 Team,b6babd,haas,Kevin,Magnussen,Kevin Magnussen,None,DEN,9.0,,,0 days 00:01:55.103000,0 days 00:01:54.006000,0 days 00:01:51.573000,,,,
22,Y TSUNODA,TSU,tsunoda,AlphaTauri,4e7c9b,alphatauri,Yuki,Tsunoda,Yuki Tsunoda,https://www.formula1.com/content/dam/fom-website/drivers/Y/YUKTSU01_Yuki_Tsunoda/yuktsu01.png.transform/1col/image.png,JPN,10.0,,,0 days 00:01:55.314000,0 days 00:01:53.848000,0 days 00:01:51.983000,,,,
63,G RUSSELL,RUS,russell,Mercedes,6cd3bf,mercedes,George,Russell,George Russell,https://www.formula1.com/content/dam/fom-website/drivers/G/GEORUS01_George_Russell/georus01.png.transform/1col/image.png,GBR,11.0,,,0 days 00:01:54.633000,0 days 00:01:54.012000,,,,,
18,L STROLL,STR,stroll,Aston Martin,2d826d,aston_martin,Lance,Stroll,Lance Stroll,https://www.formula1.com/content/dam/fom-website/drivers/L/LANSTR01_Lance_Stroll/lanstr01.png.transform/1col/image.png,CAN,12.0,,,0 days 00:01:55.629000,0 days 00:01:54.211000,,,,,
47,M SCHUMACHER,MSC,mick_schumacher,Haas F1 Team,b6babd,haas,Mick,Schumacher,Mick Schumacher,https://www.formula1.com/content/dam/fom-website/drivers/M/MICSCH02_Mick_Schumacher/micsch02.png.transform/1col/image.png,GER,13.0,,,0 days 00:01:55.736000,0 days 00:01:54.370000,,,,,
5,S VETTEL,VET,vettel,Aston Martin,2d826d,aston_martin,Sebastian,Vettel,Sebastian Vettel,https://www.formula1.com/content/dam/fom-website/drivers/S/SEBVET01_Sebastian_Vettel/sebvet01.png.transform/1col/image.png,GER,14.0,,,0 days 00:01:55.602000,0 days 00:01:54.380000,,,,,
24,G ZHOU,ZHO,zhou,Alfa Romeo,b12039,alfa,Guanyu,Zhou,Guanyu Zhou,https://www.formula1.com/content/dam/fom-website/drivers/G/GUAZHO01_Guanyu_Zhou/guazho01.png.transform/1col/image.png,CHN,15.0,,,0 days 00:01:55.375000,0 days 00:01:55.518000,,,,,
77,V BOTTAS,BOT,bottas,Alfa Romeo,b12039,alfa,Valtteri,Bottas,Valtteri Bottas,https://www.formula1.com/content/dam/fom-website/drivers/V/VALBOT01_Valtteri_Bottas/valbot01.png.transform/1col/image.png,FIN,16.0,,,0 days 00:01:56.083000,,,,,,
3,D RICCIARDO,RIC,ricciardo,McLaren,f58020,mclaren,Daniel,Ricciardo,Daniel Ricciardo,https://www.formula1.com/content/dam/fom-website/drivers/D/DANRIC01_Daniel_Ricciardo/danric01.png.transform/1col/image.png,AUS,17.0,,,0 days 00:01:56.226000,,,,,,
31,E OCON,OCO,ocon,Alpine,2293d1,alpine,Esteban,Ocon,Esteban Ocon,https://www.formula1.com/content/dam/fom-website/drivers/E/ESTOCO01_Esteban_Ocon/estoco01.png.transform/1col/image.png,FRA,18.0,,,0 days 00:01:56.337000,,,,,,
23,A ALBON,ALB,albon,Williams,37bedd,williams,Alexander,Albon,Alexander Albon,https://www.formula1.com/content/dam/fom-website/drivers/A/ALEALB01_Alexander_Albon/alealb01.png.transform/1col/image.png,THA,19.0,,,0 days 00:01:56.985000,,,,,,
6,N LATIFI,LAT,latifi,Williams,37bedd,williams,Nicholas,Latifi,Nicholas Latifi,https://www.formula1.com/content/dam/fom-website/drivers/N/NICLAF01_Nicholas_Latifi/niclaf01.png.transform/1col/image.png,CAN,20.0,,,0 days 00:01:57.532000,,,,,,
11,S PEREZ,PER,perez,Red Bull Racing,1e5bc6,red_bull,Sergio,Perez,Sergio Perez,https://www.formula1.com/content/dam/fom-website/drivers/S/SERPER01_Sergio_Perez/serper01.png.transform/1col/image.png,MEX,1.0,1,2.0,,,,0 days 02:02:20.238000,Finished,25.0,59.0
16,C LECLERC,LEC,leclerc,Ferrari,ed1c24,ferrari,Charles,Leclerc,Charles Leclerc,https://www.formula1.com/content/dam/fom-website/drivers/C/CHALEC01_Charles_Leclerc/chalec01.png.transform/1col/image.png,MON,2.0,2,1.0,,,,0 days 00:00:02.595000,Finished,18.0,59.0
55,C SAINZ,SAI,sainz,Ferrari,ed1c24,ferrari,Carlos,Sainz,Carlos Sainz,https://www.formula1.com/content/dam/fom-website/drivers/C/CARSAI01_Carlos_Sainz/carsai01.png.transform/1col/image.png,ESP,3.0,3,4.0,,,,0 days 00:00:10.305000,Finished,15.0,59.0
4,L NORRIS,NOR,norris,McLaren,f58020,mclaren,Lando,Norris,Lando Norris,https://www.formula1.com/content/dam/fom-website/drivers/L/LANNOR01_Lando_Norris/lannor01.png.transform/1col/image.png,GBR,4.0,4,6.0,,,,0 days 00:00:21.133000,Finished,12.0,59.0
3,D RICCIARDO,RIC,ricciardo,McLaren,f58020,mclaren,Daniel,Ricciardo,Daniel Ricciardo,https://www.formula1.com/content/dam/fom-website/drivers/D/DANRIC01_Daniel_Ricciardo/danric01.png.transform/1col/image.png,AUS,5.0,5,16.0,,,,0 days 00:00:53.282000,Finished,10.0,59.0
18,L STROLL,STR,stroll,Aston Martin,2d826d,aston_martin,Lance,Stroll,Lance Stroll,https://www.formula1.com/content/dam/fom-website/drivers/L/LANSTR01_Lance_Stroll/lanstr01.png.transform/1col/image.png,CAN,6.0,6,11.0,,,,0 days 00:00:56.330000,Finished,8.0,59.0
1,M VERSTAPPEN,VER,max_verstappen,Red Bull Racing,1e5bc6,red_bull,Max,Verstappen,Max Verstappen,https://www.formula1.com/content/dam/fom-website/drivers/M/MAXVER01_Max_Verstappen/maxver01.png.transform/1col/image.png,NED,7.0,7,8.0,,,,0 days 00:00:58.825000,Finished,6.0,59.0
5,S VETTEL,VET,vettel,Aston Martin,2d826d,aston_martin,Sebastian,Vettel,Sebastian Vettel,https://www.formula1.com/content/dam/fom-website/drivers/S/SEBVET01_Sebastian_Vettel/sebvet01.png.transform/1col/image.png,GER,8.0,8,13.0,,,,0 days 00:01:00.032000,Finished,4.0,59.0
44,L HAMILTON,HAM,hamilton,Mercedes,6cd3bf,mercedes,Lewis,Hamilton,Lewis Hamilton,https://www.formula1.com/content/dam/fom-website/drivers/L/LEWHAM01_Lewis_Hamilton/lewham01.png.transform/1col/image.png,GBR,9.0,9,3.0,,,,0 days 00:01:01.515000,Finished,2.0,59.0
10,P GASLY,GAS,gasly,AlphaTauri,4e7c9b,alphatauri,Pierre,Gasly,Pierre Gasly,https://www.formula1.com/content/dam/fom-website/drivers/P/PIEGAS01_Pierre_Gasly/piegas01.png.transform/1col/image.png,FRA,10.0,10,7.0,,,,0 days 00:01:09.576000,Finished,1.0,59.0
77,V BOTTAS,BOT,bottas,Alfa Romeo,b12039,alfa,Valtteri,Bottas,Valtteri Bottas,https://www.formula1.com/content/dam/fom-website/drivers/V/VALBOT01_Valtteri_Bottas/valbot01.png.transform/1col/image.png,FIN,11.0,11,15.0,,,,0 days 00:01:28.844000,Finished,0.0,59.0
20,K MAGNUSSEN,MAG,kevin_magnussen,Haas F1 Team,b6babd,haas,Kevin,Magnussen,Kevin Magnussen,None,DEN,12.0,12,9.0,,,,0 days 00:01:32.610000,Finished,0.0,59.0
47,M SCHUMACHER,MSC,mick_schumacher,Haas F1 Team,b6babd,haas,Mick,Schumacher,Mick Schumacher,https://www.formula1.com/content/dam/fom-website/drivers/M/MICSCH02_Mick_Schumacher/micsch02.png.transform/1col/image.png,GER,13.0,13,12.0,,,,,+1 Lap,0.0,58.0
63,G RUSSELL,RUS,russell,Mercedes,6cd3bf,mercedes,George,Russell,George Russell,https://www.formula1.com/content/dam/fom-website/drivers/G/GEORUS01_George_Russell/georus01.png.transform/1col/image.png,GBR,14.0,14,0.0,,,,,+2 Laps,0.0,57.0
22,Y TSUNODA,TSU,tsunoda,AlphaTauri,4e7c9b,alphatauri,Yuki,Tsunoda,Yuki Tsunoda,https://www.formula1.com/content/dam/fom-website/drivers/Y/YUKTSU01_Yuki_Tsunoda/yuktsu01.png.transform/1col/image.png,JPN,15.0,R,10.0,,,,,Accident,0.0,34.0
31,E OCON,OCO,ocon,Alpine,2293d1,alpine,Esteban,Ocon,Esteban Ocon,https://www.formula1.com/content/dam/fom-website/drivers/E/ESTOCO01_Esteban_Ocon/estoco01.png.transform/1col/image.png,FRA,16.0,R,17.0,,,,,Engine,0.0,26.0
23,A ALBON,ALB,albon,Williams,37bedd,williams,Alexander,Albon,Alexander Albon,https://www.formula1.com/content/dam/fom-website/drivers/A/ALEALB01_Alexander_Albon/alealb01.png.transform/1col/image.png,THA,17.0,R,18.0,,,,,Collision damage,0.0,25.0
14,F ALONSO,ALO,alonso,Alpine,2293d1,alpine,Fernando,Alonso,Fernando Alonso,https://www.formula1.com/content/dam/fom-website/drivers/F/FERALO01_Fernando_Alonso/feralo01.png.transform/1col/image.png,ESP,18.0,R,5.0,,,,,Engine,0.0,20.0
6,N LATIFI,LAT,latifi,Williams,37bedd,williams,Nicholas,Latifi,Nicholas Latifi,https://www.formula1.com/content/dam/fom-website/drivers/N/NICLAF01_Nicholas_Latifi/niclaf01.png.transform/1col/image.png,CAN,19.0,R,19.0,,,,,Collision damage,0.0,7.0
24,G ZHOU,ZHO,zhou,Alfa Romeo,b12039,alfa,Guanyu,Zhou,Guanyu Zhou,https://www.formula1.com/content/dam/fom-website/drivers/G/GUAZHO01_Guanyu_Zhou/guazho01.png.transform/1col/image.png,CHN,20.0,R,14.0,,,,,Collision,0.0,6.0
1,M VERSTAPPEN,VER,max_verstappen,Red Bull Racing,1e5bc6,red_bull,Max,Verstappen,Max Verstappen,https://www.formula1.com/content/dam/fom-website/drivers/M/MAXVER01_Max_Verstappen/maxver01.png.transform/1col/image.png,NED,1.0,,,0 days 00:01:30.224000,0 days 00:01:30.346000,0 days 00:01:29.304000,,,,
16,C LECLERC,LEC,leclerc,Ferrari,ed1c24,ferrari,Charles,Leclerc,Charles Leclerc,https://www.formula1.com/content/dam/fom-website/drivers/C/CHALEC01_Charles_Leclerc/chalec01.png.transform/1col/image.png,MON,2.0,,,0 days 00:01:30.402000,0 days 00:01:30.486000,0 days 00:01:29.314000,,,,
55,C SAINZ,SAI,sainz,Ferrari,ed1c24,ferrari,Carlos,Sainz,Carlos Sainz,https://www.formula1.com/content/dam/fom-website/drivers/C/CARSAI01_Carlos_Sainz/carsai01.png.transform/1col/image.png,ESP,3.0,,,0 days 00:01:30.336000,0 days 00:01:30.444000,0 days 00:01:29.361000,,,,
11,S PEREZ,PER,perez,Red Bull Racing,1e5bc6,red_bull,Sergio,Perez,Sergio Perez,https://www.formula1.com/content/dam/fom-website/drivers/S/SERPER01_Sergio_Perez/serper01.png.transform/1col/image.png,MEX,4.0,,,0 days 00:01:30.622000,0 days 00:01:29.925000,0 days 00:01:29.709000,,,,
31,E OCON,OCO,ocon,Alpine,2293d1,alpine,Esteban,Ocon,Esteban Ocon,https://www.formula1.com/content/dam/fom-website/drivers/E/ESTOCO01_Esteban_Ocon/estoco01.png.transform/1col/image.png,FRA,5.0,,,0 days 00:01:30.696000,0 days 00:01:30.357000,0 days 00:01:30.165000,,,,
44,L HAMILTON,HAM,hamilton,Mercedes,6cd3bf,mercedes,Lewis,Hamilton,Lewis Hamilton,https://www.formula1.com/content/dam/fom-website/drivers/L/LEWHAM01_Lewis_Hamilton/lewham01.png.transform/1col/image.png,GBR,6.0,,,0 days 00:01:30.906000,0 days 00:01:30.443000,0 days 00:01:30.261000,,,,
14,F ALONSO,ALO,alonso,Alpine,2293d1,alpine,Fernando,Alonso,Fernando Alonso,https://www.formula1.com/content/dam/fom-website/drivers/F/FERALO01_Fernando_Alonso/feralo01.png.transform/1col/image.png,ESP,7.0,,,0 days 00:01:30.603000,0 days 00:01:30.343000,0 days 00:01:30.322000,,,,
63,G RUSSELL,RUS,russell,Mercedes,6cd3bf,mercedes,George,Russell,George Russell,https://www.formula1.com/content/dam/fom-website/drivers/G/GEORUS01_George_Russell/georus01.png.transform/1col/image.png,GBR,8.0,,,0 days 00:01:30.865000,0 days 00:01:30.465000,0 days 00:01:30.389000,,,,
5,S VETTEL,VET,vettel,Aston Martin,2d826d,aston_martin,Sebastian,Vettel,Sebastian Vettel,https://www.formula1.com/content/dam/fom-website/drivers/S/SEBVET01_Sebastian_Vettel/sebvet01.png.transform/1col/image.png,GER,9.0,,,0 days 00:01:31.256000,0 days 00:01:30.656000,0 days 00:01:30.554000,,,,
4,L NORRIS,NOR,norris,McLaren,f58020,mclaren,Lando,Norris,Lando Norris,https://www.formula1.com/content/dam/fom-website/drivers/L/LANNOR01_Lando_Norris/lannor01.png.transform/1col/image.png,GBR,10.0,,,0 days 00:01:30.881000,0 days 00:01:30.473000,0 days 00:01:31.003000,,,,
3,D RICCIARDO,RIC,ricciardo,McLaren,f58020,mclaren,Daniel,Ricciardo,Daniel Ricciardo,https://www.formula1.com/content/dam/fom-website/drivers/D/DANRIC01_Daniel_Ricciardo/danric01.png.transform/1col/image.png,AUS,11.0,,,0 days 00:01:30.880000,0 days 00:01:30.659000,,,,,
77,V BOTTAS,BOT,bottas,Alfa Romeo,b12039,alfa,Valtteri,Bottas,Valtteri Bottas,https://www.formula1.com/content/dam/fom-website/drivers/V/VALBOT01_Valtteri_Bottas/valbot01.png.transform/1col/image.png,FIN,12.0,,,0 days 00:01:31.226000,0 days 00:01:30.709000,,,,,
22,Y TSUNODA,TSU,tsunoda,AlphaTauri,4e7c9b,alphatauri,Yuki,Tsunoda,Yuki Tsunoda,https://www.formula1.com/content/dam/fom-website/drivers/Y/YUKTSU01_Yuki_Tsunoda/yuktsu01.png.transform/1col/image.png,JPN,13.0,,,0 days 00:01:31.130000,0 days 00:01:30.808000,,,,,
24,G ZHOU,ZHO,zhou,Alfa Romeo,b12039,alfa,Guanyu,Zhou,Guanyu Zhou,https://www.formula1.com/content/dam/fom-website/drivers/G/GUAZHO01_Guanyu_Zhou/guazho01.png.transform/1col/image.png,CHN,14.0,,,0 days 00:01:30.894000,0 days 00:01:30.953000,,,,,
47,M SCHUMACHER,MSC,mick_schumacher,Haas F1 Team,b6babd,haas,Mick,Schumacher,Mick Schumacher,https://www.formula1.com/content/dam/fom-website/drivers/M/MICSCH02_Mick_Schumacher/micsch02.png.transform/1col/image.png,GER,15.0,,,0 days 00:01:31.152000,0 days 00:01:31.439000,,,,,
23,A ALBON,ALB,albon,Williams,37bedd,williams,Alexander,Albon,Alexander Albon,https://www.formula1.com/content/dam/fom-website/drivers/A/ALEALB01_Alexander_Albon/alealb01.png.transform/1col/image.png,THA,16.0,,,0 days 00:01:31.311000,,,,,,
10,P GASLY,GAS,gasly,AlphaTauri,4e7c9b,alphatauri,Pierre,Gasly,Pierre Gasly,https://www.formula1.com/content/dam/fom-website/drivers/P/PIEGAS01_Pierre_Gasly/piegas01.png.transform/1col/image.png,FRA,17.0,,,0 days 00:01:31.322000,,,,,,
20,K MAGNUSSEN,MAG,kevin_magnussen,Haas F1 Team,b6babd,haas,Kevin,Magnussen,Kevin Magnussen,None,DEN,18.0,,,0 days 00:01:31.352000,,,,,,
18,L STROLL,STR,stroll,Aston Martin,2d826d,aston_martin,Lance,Stroll,Lance Stroll,https://www.formula1.com/content/dam/fom-website/drivers/L/LANSTR01_Lance_Stroll/lanstr01.png.transform/1col/image.png,CAN,19.0,,,0 days 00:01:31.419000,,,,,,
6,N LATIFI,LAT,latifi,Williams,37bedd,williams,Nicholas,Latifi,Nicholas Latifi,https://www.formula1.com/content/dam/fom-website/drivers/N/NICLAF01_Nicholas_Latifi/niclaf01.png.transform/1col/image.png,CAN,20.0,,,0 days 00:01:31.511000,,,,,,
1,M VERSTAPPEN,VER,max_verstappen,Red Bull Racing,1e5bc6,red_bull,Max,Verstappen,Max Verstappen,https://www.formula1.com/content/dam/fom-website/drivers/M/MAXVER01_Max_Verstappen/maxver01.png.transform/1col/image.png,NED,1.0,1,1.0,,,,0 days 03:01:44.004000,Finished,25.0,28.0
11,S PEREZ,PER,perez,Red Bull Racing,1e5bc6,red_bull,Sergio,Perez,Sergio Perez,https://www.formula1.com/content/dam/fom-website/drivers/S/SERPER01_Sergio_Perez/serper01.png.transform/1col/image.png,MEX,2.0,2,4.0,,,,0 days 00:00:27.066000,Finished,18.0,28.0
16,C LECLERC,LEC,leclerc,Ferrari,ed1c24,ferrari,Charles,Leclerc,Charles Leclerc,https://www.formula1.com/content/dam/fom-website/drivers/C/CHALEC01_Charles_Leclerc/chalec01.png.transform/1col/image.png,MON,3.0,3,2.0,,,,0 days 00:00:31.763000,Finished,15.0,28.0
31,E OCON,OCO,ocon,Alpine,2293d1,alpine,Esteban,Ocon,Esteban Ocon,https://www.formula1.com/content/dam/fom-website/drivers/E/ESTOCO01_Esteban_Ocon/estoco01.png.transform/1col/image.png,FRA,4.0,4,5.0,,,,0 days 00:00:39.685000,Finished,12.0,28.0
44,L HAMILTON,HAM,hamilton,Mercedes,6cd3bf,mercedes,Lewis,Hamilton,Lewis Hamilton,https://www.formula1.com/content/dam/fom-website/drivers/L/LEWHAM01_Lewis_Hamilton/lewham01.png.transform/1col/image.png,GBR,5.0,5,6.0,,,,0 days 00:00:40.326000,Finished,10.0,28.0
5,S VETTEL,VET,vettel,Aston Martin,2d826d,aston_martin,Sebastian,Vettel,Sebastian Vettel,https://www.formula1.com/content/dam/fom-website/drivers/S/SEBVET01_Sebastian_Vettel/sebvet01.png.transform/1col/image.png,GER,6.0,6,9.0,,,,0 days 00:00:46.358000,Finished,8.0,28.0
14,F ALONSO,ALO,alonso,Alpine,2293d1,alpine,Fernando,Alonso,Fernando Alonso,https://www.formula1.com/content/dam/fom-website/drivers/F/FERALO01_Fernando_Alonso/feralo01.png.transform/1col/image.png,ESP,7.0,7,7.0,,,,0 days 00:00:46.369000,Finished,6.0,28.0
63,G RUSSELL,RUS,russell,Mercedes,6cd3bf,mercedes,George,Russell,George Russell,https://www.formula1.com/content/dam/fom-website/drivers/G/GEORUS01_George_Russell/georus01.png.transform/1col/image.png,GBR,8.0,8,8.0,,,,0 days 00:00:47.661000,Finished,4.0,28.0
6,N LATIFI,LAT,latifi,Williams,37bedd,williams,Nicholas,Latifi,Nicholas Latifi,https://www.formula1.com/content/dam/fom-website/drivers/N/NICLAF01_Nicholas_Latifi/niclaf01.png.transform/1col/image.png,CAN,9.0,9,20.0,,,,0 days 00:01:10.143000,Finished,2.0,28.0
4,L NORRIS,NOR,norris,McLaren,f58020,mclaren,Lando,Norris,Lando Norris,https://www.formula1.com/content/dam/fom-website/drivers/L/LANNOR01_Lando_Norris/lannor01.png.transform/1col/image.png,GBR,10.0,10,10.0,,,,0 days 00:01:10.782000,Finished,1.0,28.0
3,D RICCIARDO,RIC,ricciardo,McLaren,f58020,mclaren,Daniel,Ricciardo,Daniel Ricciardo,https://www.formula1.com/content/dam/fom-website/drivers/D/DANRIC01_Daniel_Ricciardo/danric01.png.transform/1col/image.png,AUS,11.0,11,11.0,,,,0 days 00:01:12.877000,Finished,0.0,28.0
18,L STROLL,STR,stroll,Aston Martin,2d826d,aston_martin,Lance,Stroll,Lance Stroll,https://www.formula1.com/content/dam/fom-website/drivers/L/LANSTR01_Lance_Stroll/lanstr01.png.transform/1col/image.png,CAN,12.0,12,19.0,,,,0 days 00:01:13.904000,Finished,0.0,28.0
22,Y TSUNODA,TSU,tsunoda,AlphaTauri,4e7c9b,alphatauri,Yuki,Tsunoda,Yuki Tsunoda,https://www.formula1.com/content/dam/fom-website/drivers/Y/YUKTSU01_Yuki_Tsunoda/yuktsu01.png.transform/1col/image.png,JPN,13.0,13,13.0,,,,0 days 00:01:15.599000,Finished,0.0,28.0
20,K MAGNUSSEN,MAG,kevin_magnussen,Haas F1 Team,b6babd,haas,Kevin,Magnussen,Kevin Magnussen,None,DEN,14.0,14,18.0,,,,0 days 00:01:26.016000,Finished,0.0,28.0
77,V BOTTAS,BOT,bottas,Alfa Romeo,b12039,alfa,Valtteri,Bottas,Valtteri Bottas,https://www.formula1.com/content/dam/fom-website/drivers/V/VALBOT01_Valtteri_Bottas/valbot01.png.transform/1col/image.png,FIN,15.0,15,12.0,,,,0 days 00:01:26.496000,Finished,0.0,28.0
24,G ZHOU,ZHO,zhou,Alfa Romeo,b12039,alfa,Guanyu,Zhou,Guanyu Zhou,https://www.formula1.com/content/dam/fom-website/drivers/G/GUAZHO01_Guanyu_Zhou/guazho01.png.transform/1col/image.png,CHN,16.0,16,14.0,,,,0 days 00:01:27.043000,Finished,0.0,28.0
47,M SCHUMACHER,MSC,mick_schumacher,Haas F1 Team,b6babd,haas,Mick,Schumacher,Mick Schumacher,https://www.formula1.com/content/dam/fom-website/drivers/M/MICSCH02_Mick_Schumacher/micsch02.png.transform/1col/image.png,GER,17.0,17,15.0,,,,0 days 00:01:32.523000,Finished,0.0,28.0
10,P GASLY,GAS,gasly,AlphaTauri,4e7c9b,alphatauri,Pierre,Gasly,Pierre Gasly,https://www.formula1.com/content/dam/fom-website/drivers/P/PIEGAS01_Pierre_Gasly/piegas01.png.transform/1col/image.png,FRA,18.0,18,17.0,,,,0 days 00:01:48.091000,Finished,0.0,28.0
55,C SAINZ,SAI,sainz,Ferrari,ed1c24,ferrari,Carlos,Sainz,Carlos Sainz,https://www.formula1.com/content/dam/fom-website/drivers/C/CARSAI01_Carlos_Sainz/carsai01.png.transform/1col/image.png,ESP,19.0,R,3.0,,,,,Accident,0.0,0.0
23,A ALBON,ALB,albon,Williams,37bedd,williams,Alexander,Albon,Alexander Albon,https://www.formula1.com/content/dam/fom-website/drivers/A/ALEALB01_Alexander_Albon/alealb01.png.transform/1col/image.png,THA,20.0,R,16.0,,,,,Hydraulics,0.0,0.0
55,C SAINZ,SAI,sainz,Ferrari,ed1c24,ferrari,Carlos,Sainz,Carlos Sainz,https://www.formula1.com/content/dam/fom-website/drivers/C/CARSAI01_Carlos_Sainz/carsai01.png.transform/1col/image.png,ESP,1.0,,,0 days 00:01:35.297000,0 days 00:01:35.590000,0 days 00:01:34.356000,,,,
16,C LECLERC,LEC,leclerc,Ferrari,ed1c24,ferrari,Charles,Leclerc,Charles Leclerc,https://www.formula1.com/content/dam/fom-website/drivers/C/CHALEC01_Charles_Leclerc/chalec01.png.transform/1col/image.png,MON,2.0,,,0 days 00:01:35.795000,0 days 00:01:35.246000,0 days 00:01:34.421000,,,,
1,M VERSTAPPEN,VER,max_verstappen,Red Bull Racing,1e5bc6,red_bull,Max,Verstappen,Max Verstappen,https://www.formula1.com/content/dam/fom-website/drivers/M/MAXVER01_Max_Verstappen/maxver01.png.transform/1col/image.png,NED,3.0,,,0 days 00:01:35.864000,0 days 00:01:35.294000,0 days 00:01:34.448000,,,,
11,S PEREZ,PER,perez,Red Bull Racing,1e5bc6,red_bull,Sergio,Perez,Sergio Perez,https://www.formula1.com/content/dam/fom-website/drivers/S/SERPER01_Sergio_Perez/serper01.png.transform/1col/image.png,MEX,4.0,,,0 days 00:01:36.163000,0 days 00:01:35.864000,0 days 00:01:34.645000,,,,
44,L HAMILTON,HAM,hamilton,Mercedes,6cd3bf,mercedes,Lewis,Hamilton,Lewis Hamilton,https://www.formula1.com/content/dam/fom-website/drivers/L/LEWHAM01_Lewis_Hamilton/lewham01.png.transform/1col/image.png,GBR,5.0,,,0 days 00:01:36.148000,0 days 00:01:35.732000,0 days 00:01:34.947000,,,,
63,G RUSSELL,RUS,russell,Mercedes,6cd3bf,mercedes,George,Russell,George Russell,https://www.formula1.com/content/dam/fom-website/drivers/G/GEORUS01_George_Russell/georus01.png.transform/1col/image.png,GBR,6.0,,,0 days 00:01:36.195000,0 days 00:01:35.692000,0 days 00:01:34.988000,,,,
18,L STROLL,STR,stroll,Aston Martin,2d826d,aston_martin,Lance,Stroll,Lance Stroll,https://www.formula1.com/content/dam/fom-website/drivers/L/LANSTR01_Lance_Stroll/lanstr01.png.transform/1col/image.png,CAN,7.0,,,0 days 00:01:36.860000,0 days 00:01:36.032000,0 days 00:01:35.598000,,,,
4,L NORRIS,NOR,norris,McLaren,f58020,mclaren,Lando,Norris,Lando Norris,https://www.formula1.com/content/dam/fom-website/drivers/L/LANNOR01_Lando_Norris/lannor01.png.transform/1col/image.png,GBR,8.0,,,0 days 00:01:36.465000,0 days 00:01:36.341000,0 days 00:01:35.690000,,,,
14,F ALONSO,ALO,alonso,Alpine,2293d1,alpine,Fernando,Alonso,Fernando Alonso,https://www.formula1.com/content/dam/fom-website/drivers/F/FERALO01_Fernando_Alonso/feralo01.png.transform/1col/image.png,ESP,9.0,,,0 days 00:01:36.446000,0 days 00:01:35.988000,0 days 00:01:35.876000,,,,
77,V BOTTAS,BOT,bottas,Alfa Romeo,b12039,alfa,Valtteri,Bottas,Valtteri Bottas,https://www.formula1.com/content/dam/fom-website/drivers/V/VALBOT01_Valtteri_Bottas/valbot01.png.transform/1col/image.png,FIN,10.0,,,0 days 00:01:36.746000,0 days 00:01:36.321000,0 days 00:01:36.319000,,,,
23,A ALBON,ALB,albon,Williams,37bedd,williams,Alexander,Albon,Alexander Albon,https://www.formula1.com/content/dam/fom-website/drivers/A/ALEALB01_Alexander_Albon/alealb01.png.transform/1col/image.png,THA,11.0,,,0 days 00:01:36.932000,0 days 00:01:36.368000,,,,,
5,S VETTEL,VET,vettel,Aston Martin,2d826d,aston_martin,Sebastian,Vettel,Sebastian Vettel,https://www.formula1.com/content/dam/fom-website/drivers/S/SEBVET01_Sebastian_Vettel/sebvet01.png.transform/1col/image.png,GER,12.0,,,0 days 00:01:36.695000,0 days 00:01:36.398000,,,,,
10,P GASLY,GAS,gasly,AlphaTauri,4e7c9b,alphatauri,Pierre,Gasly,Pierre Gasly,https://www.formula1.com/content/dam/fom-website/drivers/P/PIEGAS01_Pierre_Gasly/piegas01.png.transform/1col/image.png,FRA,13.0,,,0 days 00:01:36.577000,0 days 00:01:36.740000,,,,,
24,G ZHOU,ZHO,zhou,Alfa Romeo,b12039,alfa,Guanyu,Zhou,Guanyu Zhou,https://www.formula1.com/content/dam/fom-website/drivers/G/GUAZHO01_Guanyu_Zhou/guazho01.png.transform/1col/image.png,CHN,14.0,,,0 days 00:01:36.656000,0 days 00:01:36.970000,,,,,
22,Y TSUNODA,TSU,tsunoda,AlphaTauri,4e7c9b,alphatauri,Yuki,Tsunoda,Yuki Tsunoda,https://www.formula1.com/content/dam/fom-website/drivers/Y/YUKTSU01_Yuki_Tsunoda/yuktsu01.png.transform/1col/image.png,JPN,15.0,,,0 days 00:01:36.808000,0 days 00:01:37.147000,,,,,
20,K MAGNUSSEN,MAG,kevin_magnussen,Haas F1 Team,b6babd,haas,Kevin,Magnussen,Kevin Magnussen,None,DEN,16.0,,,0 days 00:01:36.949000,,,,,,
3,D RICCIARDO,RIC,ricciardo,McLaren,f58020,mclaren,Daniel,Ricciardo,Daniel Ricciardo,https://www.formula1.com/content/dam/fom-website/drivers/D/DANRIC01_Daniel_Ricciardo/danric01.png.transform/1col/image.png,AUS,17.0,,,0 days 00:01:37.046000,,,,,,
31,E OCON,OCO,ocon,Alpine,2293d1,alpine,Esteban,Ocon,Esteban Ocon,https://www.formula1.com/content/dam/fom-website/drivers/E/ESTOCO01_Esteban_Ocon/estoco01.png.transform/1col/image.png,FRA,18.0,,,0 days 00:01:37.068000,,,,,,
47,M SCHUMACHER,MSC,mick_schumacher,Haas F1 Team,b6babd,haas,Mick,Schumacher,Mick Schumacher,https://www.formula1.com/content/dam/fom-website/drivers/M/MICSCH02_Mick_Schumacher/micsch02.png.transform/1col/image.png,GER,19.0,,,0 days 00:01:37.111000,,,,,,
6,N LATIFI,LAT,latifi,Williams,37bedd,williams,Nicholas,Latifi,Nicholas Latifi,https://www.formula1.com/content/dam/fom-website/drivers/N/NICLAF01_Nicholas_Latifi/niclaf01.png.transform/1col/image.png,CAN,20.0,,,0 days 00:01:37.244000,,,,,,
1,M VERSTAPPEN,VER,max_verstappen,Red Bull Racing,1e5bc6,red_bull,Max,Verstappen,Max Verstappen,https://www.formula1.com/content/dam/fom-website/drivers/M/MAXVER01_Max_Verstappen/maxver01.png.transform/1col/image.png,NED,1.0,1,2.0,,,,0 days 01:42:11.687000,Finished,25.0,56.0
44,L HAMILTON,HAM,hamilton,Mercedes,6cd3bf,mercedes,Lewis,Hamilton,Lewis Hamilton,https://www.formula1.com/content/dam/fom-website/drivers/L/LEWHAM01_Lewis_Hamilton/lewham01.png.transform/1col/image.png,GBR,2.0,2,3.0,,,,0 days 00:00:05.023000,Finished,18.0,56.0
16,C LECLERC,LEC,leclerc,Ferrari,ed1c24,ferrari,Charles,Leclerc,Charles Leclerc,https://www.formula1.com/content/dam/fom-website/drivers/C/CHALEC01_Charles_Leclerc/chalec01.png.transform/1col/image.png,MON,3.0,3,12.0,,,,0 days 00:00:07.501000,Finished,15.0,56.0
11,S PEREZ,PER,perez,Red Bull Racing,1e5bc6,red_bull,Sergio,Perez,Sergio Perez,https://www.formula1.com/content/dam/fom-website/drivers/S/SERPER01_Sergio_Perez/serper01.png.transform/1col/image.png,MEX,4.0,4,9.0,,,,0 days 00:00:08.293000,Finished,12.0,56.0
63,G RUSSELL,RUS,russell,Mercedes,6cd3bf,mercedes,George,Russell,George Russell,https://www.formula1.com/content/dam/fom-website/drivers/G/GEORUS01_George_Russell/georus01.png.transform/1col/image.png,GBR,5.0,5,4.0,,,,0 days 00:00:44.815000,Finished,11.0,56.0
4,L NORRIS,NOR,norris,McLaren,f58020,mclaren,Lando,Norris,Lando Norris,https://www.formula1.com/content/dam/fom-website/drivers/L/LANNOR01_Lando_Norris/lannor01.png.transform/1col/image.png,GBR,6.0,6,6.0,,,,0 days 00:00:53.785000,Finished,8.0,56.0
14,F ALONSO,ALO,alonso,Alpine,2293d1,alpine,Fernando,Alonso,Fernando Alonso,https://www.formula1.com/content/dam/fom-website/drivers/F/FERALO01_Fernando_Alonso/feralo01.png.transform/1col/image.png,ESP,7.0,7,14.0,,,,0 days 00:00:55.078000,Finished,6.0,56.0
5,S VETTEL,VET,vettel,Aston Martin,2d826d,aston_martin,Sebastian,Vettel,Sebastian Vettel,https://www.formula1.com/content/dam/fom-website/drivers/S/SEBVET01_Sebastian_Vettel/sebvet01.png.transform/1col/image.png,GER,8.0,8,10.0,,,,0 days 00:01:05.354000,Finished,4.0,56.0
20,K MAGNUSSEN,MAG,kevin_magnussen,Haas F1 Team,b6babd,haas,Kevin,Magnussen,Kevin Magnussen,None,DEN,9.0,9,13.0,,,,0 days 00:01:05.834000,Finished,2.0,56.0
22,Y TSUNODA,TSU,tsunoda,AlphaTauri,4e7c9b,alphatauri,Yuki,Tsunoda,Yuki Tsunoda,https://www.formula1.com/content/dam/fom-website/drivers/Y/YUKTSU01_Yuki_Tsunoda/yuktsu01.png.transform/1col/image.png,JPN,10.0,10,19.0,,,,0 days 00:01:10.919000,Finished,1.0,56.0
31,E OCON,OCO,ocon,Alpine,2293d1,alpine,Esteban,Ocon,Esteban Ocon,https://www.formula1.com/content/dam/fom-website/drivers/E/ESTOCO01_Esteban_Ocon/estoco01.png.transform/1col/image.png,FRA,11.0,11,0.0,,,,0 days 00:01:12.875000,Finished,0.0,56.0
24,G ZHOU,ZHO,zhou,Alfa Romeo,b12039,alfa,Guanyu,Zhou,Guanyu Zhou,https://www.formula1.com/content/dam/fom-website/drivers/G/GUAZHO01_Guanyu_Zhou/guazho01.png.transform/1col/image.png,CHN,12.0,12,18.0,,,,0 days 00:01:16.164000,Finished,0.0,56.0
23,A ALBON,ALB,albon,Williams,37bedd,williams,Alexander,Albon,Alexander Albon,https://www.formula1.com/content/dam/fom-website/drivers/A/ALEALB01_Alexander_Albon/alealb01.png.transform/1col/image.png,THA,13.0,13,8.0,,,,0 days 00:01:20.057000,Finished,0.0,56.0
10,P GASLY,GAS,gasly,AlphaTauri,4e7c9b,alphatauri,Pierre,Gasly,Pierre Gasly,https://www.formula1.com/content/dam/fom-website/drivers/P/PIEGAS01_Pierre_Gasly/piegas01.png.transform/1col/image.png,FRA,14.0,14,11.0,,,,0 days 00:01:21.763000,Finished,0.0,56.0
47,M SCHUMACHER,MSC,mick_schumacher,Haas F1 Team,b6babd,haas,Mick,Schumacher,Mick Schumacher,https://www.formula1.com/content/dam/fom-website/drivers/M/MICSCH02_Mick_Schumacher/micsch02.png.transform/1col/image.png,GER,15.0,15,16.0,,,,0 days 00:01:24.490000,Finished,0.0,56.0
3,D RICCIARDO,RIC,ricciardo,McLaren,f58020,mclaren,Daniel,Ricciardo,Daniel Ricciardo,https://www.formula1.com/content/dam/fom-website/drivers/D/DANRIC01_Daniel_Ricciardo/danric01.png.transform/1col/image.png,AUS,16.0,16,15.0,,,,0 days 00:01:30.487000,Finished,0.0,56.0
6,N LATIFI,LAT,latifi,Williams,37bedd,williams,Nicholas,Latifi,Nicholas Latifi,https://www.formula1.com/content/dam/fom-website/drivers/N/NICLAF01_Nicholas_Latifi/niclaf01.png.transform/1col/image.png,CAN,17.0,17,17.0,,,,0 days 00:01:43.588000,Finished,0.0,56.0
18,L STROLL,STR,stroll,Aston Martin,2d826d,aston_martin,Lance,Stroll,Lance Stroll,https://www.formula1.com/content/dam/fom-website/drivers/L/LANSTR01_Lance_Stroll/lanstr01.png.transform/1col/image.png,CAN,18.0,R,5.0,,,,,Collision,0.0,21.0
77,V BOTTAS,BOT,bottas,Alfa Romeo,b12039,alfa,Valtteri,Bottas,Valtteri Bottas,https://www.formula1.com/content/dam/fom-website/drivers/V/VALBOT01_Valtteri_Bottas/valbot01.png.transform/1col/image.png,FIN,19.0,R,7.0,,,,,Spun off,0.0,16.0
55,C SAINZ,SAI,sainz,Ferrari,ed1c24,ferrari,Carlos,Sainz,Carlos Sainz,https://www.formula1.com/content/dam/fom-website/drivers/C/CARSAI01_Carlos_Sainz/carsai01.png.transform/1col/image.png,ESP,20.0,R,1.0,,,,,Collision damage,0.0,1.0
1,M VERSTAPPEN,VER,max_verstappen,Red Bull Racing,1e5bc6,red_bull,Max,Verstappen,Max Verstappen,https://www.formula1.com/content/dam/fom-website/drivers/M/MAXVER01_Max_Verstappen/maxver01.png.transform/1col/image.png,NED,1.0,,,0 days 00:01:19.222000,0 days 00:01:18.566000,0 days 00:01:17.775000,,,,
63,G RUSSELL,RUS,russell,Mercedes,6cd3bf,mercedes,George,Russell,George Russell,https://www.formula1.com/content/dam/fom-website/drivers/G/GEORUS01_George_Russell/georus01.png.transform/1col/image.png,GBR,2.0,,,0 days 00:01:19.583000,0 days 00:01:18.565000,0 days 00:01:18.079000,,,,
44,L HAMILTON,HAM,hamilton,Mercedes,6cd3bf,mercedes,Lewis,Hamilton,Lewis Hamilton,https://www.formula1.com/content/dam/fom-website/drivers/L/LEWHAM01_Lewis_Hamilton/lewham01.png.transform/1col/image.png,GBR,3.0,,,0 days 00:01:19.169000,0 days 00:01:18.552000,0 days 00:01:18.084000,,,,
11,S PEREZ,PER,perez,Red Bull Racing,1e5bc6,red_bull,Sergio,Perez,Sergio Perez,https://www.formula1.com/content/dam/fom-website/drivers/S/SERPER01_Sergio_Perez/serper01.png.transform/1col/image.png,MEX,4.0,,,0 days 00:01:19.706000,0 days 00:01:18.615000,0 days 00:01:18.128000,,,,
55,C SAINZ,SAI,sainz,Ferrari,ed1c24,ferrari,Carlos,Sainz,Carlos Sainz,https://www.formula1.com/content/dam/fom-website/drivers/C/CARSAI01_Carlos_Sainz/carsai01.png.transform/1col/image.png,ESP,5.0,,,0 days 00:01:19.566000,0 days 00:01:18.560000,0 days 00:01:18.351000,,,,
77,V BOTTAS,BOT,bottas,Alfa Romeo,b12039,alfa,Valtteri,Bottas,Valtteri Bottas,https://www.formula1.com/content/dam/fom-website/drivers/V/VALBOT01_Valtteri_Bottas/valbot01.png.transform/1col/image.png,FIN,6.0,,,0 days 00:01:19.523000,0 days 00:01:18.762000,0 days 00:01:18.401000,,,,
16,C LECLERC,LEC,leclerc,Ferrari,ed1c24,ferrari,Charles,Leclerc,Charles Leclerc,https://www.formula1.com/content/dam/fom-website/drivers/C/CHALEC01_Charles_Leclerc/chalec01.png.transform/1col/image.png,MON,7.0,,,0 days 00:01:19.505000,0 days 00:01:19.109000,0 days 00:01:18.555000,,,,
4,L NORRIS,NOR,norris,McLaren,f58020,mclaren,Lando,Norris,Lando Norris,https://www.formula1.com/content/dam/fom-website/drivers/L/LANNOR01_Lando_Norris/lannor01.png.transform/1col/image.png,GBR,8.0,,,0 days 00:01:19.857000,0 days 00:01:19.119000,0 days 00:01:18.721000,,,,
14,F ALONSO,ALO,alonso,Alpine,2293d1,alpine,Fernando,Alonso,Fernando Alonso,https://www.formula1.com/content/dam/fom-website/drivers/F/FERALO01_Fernando_Alonso/feralo01.png.transform/1col/image.png,ESP,9.0,,,0 days 00:01:20.006000,0 days 00:01:19.272000,0 days 00:01:18.939000,,,,
31,E OCON,OCO,ocon,Alpine,2293d1,alpine,Esteban,Ocon,Esteban Ocon,https://www.formula1.com/content/dam/fom-website/drivers/E/ESTOCO01_Esteban_Ocon/estoco01.png.transform/1col/image.png,FRA,10.0,,,0 days 00:01:19.945000,0 days 00:01:19.081000,0 days 00:01:19.010000,,,,
3,D RICCIARDO,RIC,ricciardo,McLaren,f58020,mclaren,Daniel,Ricciardo,Daniel Ricciardo,https://www.formula1.com/content/dam/fom-website/drivers/D/DANRIC01_Daniel_Ricciardo/danric01.png.transform/1col/image.png,AUS,11.0,,,0 days 00:01:20.279000,0 days 00:01:19.325000,,,,,
24,G ZHOU,ZHO,zhou,Alfa Romeo,b12039,alfa,Guanyu,Zhou,Guanyu Zhou,https://www.formula1.com/content/dam/fom-website/drivers/G/GUAZHO01_Guanyu_Zhou/guazho01.png.transform/1col/image.png,CHN,12.0,,,0 days 00:01:20.283000,0 days 00:01:19.476000,,,,,
22,Y TSUNODA,TSU,tsunoda,AlphaTauri,4e7c9b,alphatauri,Yuki,Tsunoda,Yuki Tsunoda,https://www.formula1.com/content/dam/fom-website/drivers/Y/YUKTSU01_Yuki_Tsunoda/yuktsu01.png.transform/1col/image.png,JPN,13.0,,,0 days 00:01:19.907000,0 days 00:01:19.589000,,,,,
10,P GASLY,GAS,gasly,AlphaTauri,4e7c9b,alphatauri,Pierre,Gasly,Pierre Gasly,https://www.formula1.com/content/dam/fom-website/drivers/P/PIEGAS01_Pierre_Gasly/piegas01.png.transform/1col/image.png,FRA,14.0,,,0 days 00:01:20.256000,0 days 00:01:19.672000,,,,,
20,K MAGNUSSEN,MAG,kevin_magnussen,Haas F1 Team,b6babd,haas,Kevin,Magnussen,Kevin Magnussen,None,DEN,15.0,,,0 days 00:01:20.293000,0 days 00:01:19.833000,,,,,
47,M SCHUMACHER,MSC,mick_schumacher,Haas F1 Team,b6babd,haas,Mick,Schumacher,Mick Schumacher,https://www.formula1.com/content/dam/fom-website/drivers/M/MICSCH02_Mick_Schumacher/micsch02.png.transform/1col/image.png,GER,16.0,,,0 days 00:01:20.419000,,,,,,
5,S VETTEL,VET,vettel,Aston Martin,2d826d,aston_martin,Sebastian,Vettel,Sebastian Vettel,https://www.formula1.com/content/dam/fom-website/drivers/S/SEBVET01_Sebastian_Vettel/sebvet01.png.transform/1col/image.png,GER,17.0,,,0 days 00:01:20.419000,,,,,,
18,L STROLL,STR,stroll,Aston Martin,2d826d,aston_martin,Lance,Stroll,Lance Stroll,https://www.formula1.com/content/dam/fom-website/drivers/L/LANSTR01_Lance_Stroll/lanstr01.png.transform/1col/image.png,CAN,18.0,,,0 days 00:01:20.520000,,,,,,
23,A ALBON,ALB,albon,Williams,37bedd,williams,Alexander,Albon,Alexander Albon,https://www.formula1.com/content/dam/fom-website/drivers/A/ALEALB01_Alexander_Albon/alealb01.png.transform/1col/image.png,THA,19.0,,,0 days 00:01:20.859000,,,,,,
6,N LATIFI,LAT,latifi,Williams,37bedd,williams,Nicholas,Latifi,Nicholas Latifi,https://www.formula1.com/content/dam/fom-website/drivers/N/NICLAF01_Nicholas_Latifi/niclaf01.png.transform/1col/image.png,CAN,20.0,,,0 days 00:01:21.167000,,,,,,
1,M VERSTAPPEN,VER,max_verstappen,Red Bull Racing,1e5bc6,red_bull,Max,Verstappen,Max Verstappen,https://www.formula1.com/content/dam/fom-website/drivers/M/MAXVER01_Max_Verstappen/maxver01.png.transform/1col/image.png,NED,1.0,1,1.0,,,,0 days 01:38:36.729000,Finished,25.0,71.0
44,L HAMILTON,HAM,hamilton,Mercedes,6cd3bf,mercedes,Lewis,Hamilton,Lewis Hamilton,https://www.formula1.com/content/dam/fom-website/drivers/L/LEWHAM01_Lewis_Hamilton/lewham01.png.transform/1col/image.png,GBR,2.0,2,3.0,,,,0 days 00:00:15.186000,Finished,18.0,71.0
11,S PEREZ,PER,perez,Red Bull Racing,1e5bc6,red_bull,Sergio,Perez,Sergio Perez,https://www.formula1.com/content/dam/fom-website/drivers/S/SERPER01_Sergio_Perez/serper01.png.transform/1col/image.png,MEX,3.0,3,4.0,,,,0 days 00:00:18.097000,Finished,15.0,71.0
63,G RUSSELL,RUS,russell,Mercedes,6cd3bf,mercedes,George,Russell,George Russell,https://www.formula1.com/content/dam/fom-website/drivers/G/GEORUS01_George_Russell/georus01.png.transform/1col/image.png,GBR,4.0,4,2.0,,,,0 days 00:00:49.431000,Finished,13.0,71.0
55,C SAINZ,SAI,sainz,Ferrari,ed1c24,ferrari,Carlos,Sainz,Carlos Sainz,https://www.formula1.com/content/dam/fom-website/drivers/C/CARSAI01_Carlos_Sainz/carsai01.png.transform/1col/image.png,ESP,5.0,5,5.0,,,,0 days 00:00:58.123000,Finished,10.0,71.0
16,C LECLERC,LEC,leclerc,Ferrari,ed1c24,ferrari,Charles,Leclerc,Charles Leclerc,https://www.formula1.com/content/dam/fom-website/drivers/C/CHALEC01_Charles_Leclerc/chalec01.png.transform/1col/image.png,MON,6.0,6,7.0,,,,0 days 00:01:08.774000,Finished,8.0,71.0
3,D RICCIARDO,RIC,ricciardo,McLaren,f58020,mclaren,Daniel,Ricciardo,Daniel Ricciardo,https://www.formula1.com/content/dam/fom-website/drivers/D/DANRIC01_Daniel_Ricciardo/danric01.png.transform/1col/image.png,AUS,7.0,7,11.0,,,,,+1 Lap,6.0,70.0
31,E OCON,OCO,ocon,Alpine,2293d1,alpine,Esteban,Ocon,Esteban Ocon,https://www.formula1.com/content/dam/fom-website/drivers/E/ESTOCO01_Esteban_Ocon/estoco01.png.transform/1col/image.png,FRA,8.0,8,10.0,,,,,+1 Lap,4.0,70.0
4,L NORRIS,NOR,norris,McLaren,f58020,mclaren,Lando,Norris,Lando Norris,https://www.formula1.com/content/dam/fom-website/drivers/L/LANNOR01_Lando_Norris/lannor01.png.transform/1col/image.png,GBR,9.0,9,8.0,,,,,+1 Lap,2.0,70.0
77,V BOTTAS,BOT,bottas,Alfa Romeo,b12039,alfa,Valtteri,Bottas,Valtteri Bottas,https://www.formula1.com/content/dam/fom-website/drivers/V/VALBOT01_Valtteri_Bottas/valbot01.png.transform/1col/image.png,FIN,10.0,10,6.0,,,,,+1 Lap,1.0,70.0
10,P GASLY,GAS,gasly,AlphaTauri,4e7c9b,alphatauri,Pierre,Gasly,Pierre Gasly,https://www.formula1.com/content/dam/fom-website/drivers/P/PIEGAS01_Pierre_Gasly/piegas01.png.transform/1col/image.png,FRA,11.0,11,14.0,,,,,+1 Lap,0.0,70.0
23,A ALBON,ALB,albon,Williams,37bedd,williams,Alexander,Albon,Alexander Albon,https://www.formula1.com/content/dam/fom-website/drivers/A/ALEALB01_Alexander_Albon/alealb01.png.transform/1col/image.png,THA,12.0,12,17.0,,,,,+1 Lap,0.0,70.0
24,G ZHOU,ZHO,zhou,Alfa Romeo,b12039,alfa,Guanyu,Zhou,Guanyu Zhou,https://www.formula1.com/content/dam/fom-website/drivers/G/GUAZHO01_Guanyu_Zhou/guazho01.png.transform/1col/image.png,CHN,13.0,13,12.0,,,,,+1 Lap,0.0,70.0
5,S VETTEL,VET,vettel,Aston Martin,2d826d,aston_martin,Sebastian,Vettel,Sebastian Vettel,https://www.formula1.com/content/dam/fom-website/drivers/S/SEBVET01_Sebastian_Vettel/sebvet01.png.transform/1col/image.png,GER,14.0,14,16.0,,,,,+1 Lap,0.0,70.0
18,L STROLL,STR,stroll,Aston Martin,2d826d,aston_martin,Lance,Stroll,Lance Stroll,https://www.formula1.com/content/dam/fom-website/drivers/L/LANSTR01_Lance_Stroll/lanstr01.png.transform/1col/image.png,CAN,15.0,15,20.0,,,,,+1 Lap,0.0,70.0
47,M SCHUMACHER,MSC,mick_schumacher,Haas F1 Team,b6babd,haas,Mick,Schumacher,Mick Schumacher,https://www.formula1.com/content/dam/fom-website/drivers/M/MICSCH02_Mick_Schumacher/micsch02.png.transform/1col/image.png,GER,16.0,16,15.0,,,,,+1 Lap,0.0,70.0
20,K MAGNUSSEN,MAG,kevin_magnussen,Haas F1 Team,b6babd,haas,Kevin,Magnussen,Kevin Magnussen,None,DEN,17.0,17,19.0,,,,,+1 Lap,0.0,70.0
6,N LATIFI,LAT,latifi,Williams,37bedd,williams,Nicholas,Latifi,Nicholas Latifi,https://www.formula1.com/content/dam/fom-website/drivers/N/NICLAF01_Nicholas_Latifi/niclaf01.png.transform/1col/image.png,CAN,18.0,18,18.0,,,,,+2 Laps,0.0,69.0
14,F ALONSO,ALO,alonso,Alpine,2293d1,alpine,Fernando,Alonso,Fernando Alonso,https://www.formula1.com/content/dam/fom-website/drivers/F/FERALO01_Fernando_Alonso/feralo01.png.transform/1col/image.png,ESP,19.0,19,9.0,,,,,Engine,0.0,63.0
22,Y TSUNODA,TSU,tsunoda,AlphaTauri,4e7c9b,alphatauri,Yuki,Tsunoda,Yuki Tsunoda,https://www.formula1.com/content/dam/fom-website/drivers/Y/YUKTSU01_Yuki_Tsunoda/yuktsu01.png.transform/1col/image.png,JPN,20.0,R,13.0,,,,,Collision damage,0.0,50.0
20,K MAGNUSSEN,MAG,kevin_magnussen,Haas F1 Team,b6babd,haas,Kevin,Magnussen,Kevin Magnussen,None,DEN,1.0,,,0 days 00:01:13.954000,0 days 00:01:11.410000,0 days 00:01:11.674000,,,,
1,M VERSTAPPEN,VER,max_verstappen,Red Bull Racing,1e5bc6,red_bull,Max,Verstappen,Max Verstappen,https://www.formula1.com/content/dam/fom-website/drivers/M/MAXVER01_Max_Verstappen/maxver01.png.transform/1col/image.png,NED,2.0,,,0 days 00:01:13.625000,0 days 00:01:10.881000,0 days 00:01:11.877000,,,,
63,G RUSSELL,RUS,russell,Mercedes,6cd3bf,mercedes,George,Russell,George Russell,https://www.formula1.com/content/dam/fom-website/drivers/G/GEORUS01_George_Russell/georus01.png.transform/1col/image.png,GBR,3.0,,,0 days 00:01:14.427000,0 days 00:01:11.318000,0 days 00:01:12.059000,,,,
4,L NORRIS,NOR,norris,McLaren,f58020,mclaren,Lando,Norris,Lando Norris,https://www.formula1.com/content/dam/fom-website/drivers/L/LANNOR01_Lando_Norris/lannor01.png.transform/1col/image.png,GBR,4.0,,,0 days 00:01:13.106000,0 days 00:01:11.377000,0 days 00:01:12.263000,,,,
55,C SAINZ,SAI,sainz,Ferrari,ed1c24,ferrari,Carlos,Sainz,Carlos Sainz,https://www.formula1.com/content/dam/fom-website/drivers/C/CARSAI01_Carlos_Sainz/carsai01.png.transform/1col/image.png,ESP,5.0,,,0 days 00:01:14.680000,0 days 00:01:10.890000,0 days 00:01:12.357000,,,,
31,E OCON,OCO,ocon,Alpine,2293d1,alpine,Esteban,Ocon,Esteban Ocon,https://www.formula1.com/content/dam/fom-website/drivers/E/ESTOCO01_Esteban_Ocon/estoco01.png.transform/1col/image.png,FRA,6.0,,,0 days 00:01:14.663000,0 days 00:01:11.587000,0 days 00:01:12.425000,,,,
14,F ALONSO,ALO,alonso,Alpine,2293d1,alpine,Fernando,Alonso,Fernando Alonso,https://www.formula1.com/content/dam/fom-website/drivers/F/FERALO01_Fernando_Alonso/feralo01.png.transform/1col/image.png,ESP,7.0,,,0 days 00:01:13.542000,0 days 00:01:11.394000,0 days 00:01:12.504000,,,,
44,L HAMILTON,HAM,hamilton,Mercedes,6cd3bf,mercedes,Lewis,Hamilton,Lewis Hamilton,https://www.formula1.com/content/dam/fom-website/drivers/L/LEWHAM01_Lewis_Hamilton/lewham01.png.transform/1col/image.png,GBR,8.0,,,0 days 00:01:13.403000,0 days 00:01:11.539000,0 days 00:01:12.611000,,,,
11,S PEREZ,PER,perez,Red Bull Racing,1e5bc6,red_bull,Sergio,Perez,Sergio Perez,https://www.formula1.com/content/dam/fom-website/drivers/S/SERPER01_Sergio_Perez/serper01.png.transform/1col/image.png,MEX,9.0,,,0 days 00:01:13.613000,0 days 00:01:11.456000,0 days 00:01:15.601000,,,,
16,C LECLERC,LEC,leclerc,Ferrari,ed1c24,ferrari,Charles,Leclerc,Charles Leclerc,https://www.formula1.com/content/dam/fom-website/drivers/C/CHALEC01_Charles_Leclerc/chalec01.png.transform/1col/image.png,MON,10.0,,,0 days 00:01:14.486000,0 days 00:01:10.950000,,,,,
23,A ALBON,ALB,albon,Williams,37bedd,williams,Alexander,Albon,Alexander Albon,https://www.formula1.com/content/dam/fom-website/drivers/A/ALEALB01_Alexander_Albon/alealb01.png.transform/1col/image.png,THA,11.0,,,0 days 00:01:14.324000,0 days 00:01:11.631000,,,,,
10,P GASLY,GAS,gasly,AlphaTauri,4e7c9b,alphatauri,Pierre,Gasly,Pierre Gasly,https://www.formula1.com/content/dam/fom-website/drivers/P/PIEGAS01_Pierre_Gasly/piegas01.png.transform/1col/image.png,FRA,12.0,,,0 days 00:01:14.371000,0 days 00:01:11.675000,,,,,
5,S VETTEL,VET,vettel,Aston Martin,2d826d,aston_martin,Sebastian,Vettel,Sebastian Vettel,https://www.formula1.com/content/dam/fom-website/drivers/S/SEBVET01_Sebastian_Vettel/sebvet01.png.transform/1col/image.png,GER,13.0,,,0 days 00:01:13.597000,0 days 00:01:11.678000,,,,,
3,D RICCIARDO,RIC,ricciardo,McLaren,f58020,mclaren,Daniel,Ricciardo,Daniel Ricciardo,https://www.formula1.com/content/dam/fom-website/drivers/D/DANRIC01_Daniel_Ricciardo/danric01.png.transform/1col/image.png,AUS,14.0,,,0 days 00:01:14.931000,0 days 00:01:12.140000,,,,,
18,L STROLL,STR,stroll,Aston Martin,2d826d,aston_martin,Lance,Stroll,Lance Stroll,https://www.formula1.com/content/dam/fom-website/drivers/L/LANSTR01_Lance_Stroll/lanstr01.png.transform/1col/image.png,CAN,15.0,,,0 days 00:01:14.398000,0 days 00:01:12.210000,,,,,
6,N LATIFI,LAT,latifi,Williams,37bedd,williams,Nicholas,Latifi,Nicholas Latifi,https://www.formula1.com/content/dam/fom-website/drivers/N/NICLAF01_Nicholas_Latifi/niclaf01.png.transform/1col/image.png,CAN,16.0,,,0 days 00:01:15.095000,,,,,,
24,G ZHOU,ZHO,zhou,Alfa Romeo,b12039,alfa,Guanyu,Zhou,Guanyu Zhou,https://www.formula1.com/content/dam/fom-website/drivers/G/GUAZHO01_Guanyu_Zhou/guazho01.png.transform/1col/image.png,CHN,17.0,,,0 days 00:01:15.197000,,,,,,
77,V BOTTAS,BOT,bottas,Alfa Romeo,b12039,alfa,Valtteri,Bottas,Valtteri Bottas,https://www.formula1.com/content/dam/fom-website/drivers/V/VALBOT01_Valtteri_Bottas/valbot01.png.transform/1col/image.png,FIN,18.0,,,0 days 00:01:15.486000,,,,,,
22,Y TSUNODA,TSU,tsunoda,AlphaTauri,4e7c9b,alphatauri,Yuki,Tsunoda,Yuki Tsunoda,https://www.formula1.com/content/dam/fom-website/drivers/Y/YUKTSU01_Yuki_Tsunoda/yuktsu01.png.transform/1col/image.png,JPN,19.0,,,0 days 00:01:16.264000,,,,,,
47,M SCHUMACHER,MSC,mick_schumacher,Haas F1 Team,b6babd,haas,Mick,Schumacher,Mick Schumacher,https://www.formula1.com/content/dam/fom-website/drivers/M/MICSCH02_Mick_Schumacher/micsch02.png.transform/1col/image.png,GER,20.0,,,0 days 00:01:16.361000,,,,,,
63,G RUSSELL,RUS,russell,Mercedes,6cd3bf,mercedes,George,Russell,George Russell,https://www.formula1.com/content/dam/fom-website/drivers/G/GEORUS01_George_Russell/georus01.png.transform/1col/image.png,GBR,1.0,1,1.0,,,,0 days 01:38:34.044000,Finished,26.0,71.0
44,L HAMILTON,HAM,hamilton,Mercedes,6cd3bf,mercedes,Lewis,Hamilton,Lewis Hamilton,https://www.formula1.com/content/dam/fom-website/drivers/L/LEWHAM01_Lewis_Hamilton/lewham01.png.transform/1col/image.png,GBR,2.0,2,2.0,,,,0 days 00:00:01.529000,Finished,18.0,71.0
55,C SAINZ,SAI,sainz,Ferrari,ed1c24,ferrari,Carlos,Sainz,Carlos Sainz,https://www.formula1.com/content/dam/fom-website/drivers/C/CARSAI01_Carlos_Sainz/carsai01.png.transform/1col/image.png,ESP,3.0,3,7.0,,,,0 days 00:00:04.051000,Finished,15.0,71.0
16,C LECLERC,LEC,leclerc,Ferrari,ed1c24,ferrari,Charles,Leclerc,Charles Leclerc,https://www.formula1.com/content/dam/fom-website/drivers/C/CHALEC01_Charles_Leclerc/chalec01.png.transform/1col/image.png,MON,4.0,4,5.0,,,,0 days 00:00:08.441000,Finished,12.0,71.0
14,F ALONSO,ALO,alonso,Alpine,2293d1,alpine,Fernando,Alonso,Fernando Alonso,https://www.formula1.com/content/dam/fom-website/drivers/F/FERALO01_Fernando_Alonso/feralo01.png.transform/1col/image.png,ESP,5.0,5,17.0,,,,0 days 00:00:09.561000,Finished,10.0,71.0
1,M VERSTAPPEN,VER,max_verstappen,Red Bull Racing,1e5bc6,red_bull,Max,Verstappen,Max Verstappen,https://www.formula1.com/content/dam/fom-website/drivers/M/MAXVER01_Max_Verstappen/maxver01.png.transform/1col/image.png,NED,6.0,6,3.0,,,,0 days 00:00:10.056000,Finished,8.0,71.0
11,S PEREZ,PER,perez,Red Bull Racing,1e5bc6,red_bull,Sergio,Perez,Sergio Perez,https://www.formula1.com/content/dam/fom-website/drivers/S/SERPER01_Sergio_Perez/serper01.png.transform/1col/image.png,MEX,7.0,7,4.0,,,,0 days 00:00:14.080000,Finished,6.0,71.0
31,E OCON,OCO,ocon,Alpine,2293d1,alpine,Esteban,Ocon,Esteban Ocon,https://www.formula1.com/content/dam/fom-website/drivers/E/ESTOCO01_Esteban_Ocon/estoco01.png.transform/1col/image.png,FRA,8.0,8,16.0,,,,0 days 00:00:18.690000,Finished,4.0,71.0
77,V BOTTAS,BOT,bottas,Alfa Romeo,b12039,alfa,Valtteri,Bottas,Valtteri Bottas,https://www.formula1.com/content/dam/fom-website/drivers/V/VALBOT01_Valtteri_Bottas/valbot01.png.transform/1col/image.png,FIN,9.0,9,14.0,,,,0 days 00:00:22.552000,Finished,2.0,71.0
18,L STROLL,STR,stroll,Aston Martin,2d826d,aston_martin,Lance,Stroll,Lance Stroll,https://www.formula1.com/content/dam/fom-website/drivers/L/LANSTR01_Lance_Stroll/lanstr01.png.transform/1col/image.png,CAN,10.0,10,15.0,,,,0 days 00:00:23.552000,Finished,1.0,71.0
5,S VETTEL,VET,vettel,Aston Martin,2d826d,aston_martin,Sebastian,Vettel,Sebastian Vettel,https://www.formula1.com/content/dam/fom-website/drivers/S/SEBVET01_Sebastian_Vettel/sebvet01.png.transform/1col/image.png,GER,11.0,11,9.0,,,,0 days 00:00:26.183000,Finished,0.0,71.0
24,G ZHOU,ZHO,zhou,Alfa Romeo,b12039,alfa,Guanyu,Zhou,Guanyu Zhou,https://www.formula1.com/content/dam/fom-website/drivers/G/GUAZHO01_Guanyu_Zhou/guazho01.png.transform/1col/image.png,CHN,12.0,12,13.0,,,,0 days 00:00:29.325000,Finished,0.0,71.0
47,M SCHUMACHER,MSC,mick_schumacher,Haas F1 Team,b6babd,haas,Mick,Schumacher,Mick Schumacher,https://www.formula1.com/content/dam/fom-website/drivers/M/MICSCH02_Mick_Schumacher/micsch02.png.transform/1col/image.png,GER,13.0,13,12.0,,,,0 days 00:00:29.899000,Finished,0.0,71.0
10,P GASLY,GAS,gasly,AlphaTauri,4e7c9b,alphatauri,Pierre,Gasly,Pierre Gasly,https://www.formula1.com/content/dam/fom-website/drivers/P/PIEGAS01_Pierre_Gasly/piegas01.png.transform/1col/image.png,FRA,14.0,14,10.0,,,,0 days 00:00:31.867000,Finished,0.0,71.0
23,A ALBON,ALB,albon,Williams,37bedd,williams,Alexander,Albon,Alexander Albon,https://www.formula1.com/content/dam/fom-website/drivers/A/ALEALB01_Alexander_Albon/alealb01.png.transform/1col/image.png,THA,15.0,15,19.0,,,,0 days 00:00:36.016000,Finished,0.0,71.0
6,N LATIFI,LAT,latifi,Williams,37bedd,williams,Nicholas,Latifi,Nicholas Latifi,https://www.formula1.com/content/dam/fom-website/drivers/N/NICLAF01_Nicholas_Latifi/niclaf01.png.transform/1col/image.png,CAN,16.0,16,18.0,,,,0 days 00:00:37.038000,Finished,0.0,71.0
22,Y TSUNODA,TSU,tsunoda,AlphaTauri,4e7c9b,alphatauri,Yuki,Tsunoda,Yuki Tsunoda,https://www.formula1.com/content/dam/fom-website/drivers/Y/YUKTSU01_Yuki_Tsunoda/yuktsu01.png.transform/1col/image.png,JPN,17.0,17,0.0,,,,,+1 Lap,0.0,70.0
4,L NORRIS,NOR,norris,McLaren,f58020,mclaren,Lando,Norris,Lando Norris,https://www.formula1.com/content/dam/fom-website/drivers/L/LANNOR01_Lando_Norris/lannor01.png.transform/1col/image.png,GBR,18.0,R,6.0,,,,,Gearbox,0.0,50.0
20,K MAGNUSSEN,MAG,kevin_magnussen,Haas F1 Team,b6babd,haas,Kevin,Magnussen,Kevin Magnussen,None,DEN,19.0,R,8.0,,,,,Collision,0.0,0.0
3,D RICCIARDO,RIC,ricciardo,McLaren,f58020,mclaren,Daniel,Ricciardo,Daniel Ricciardo,https://www.formula1.com/content/dam/fom-website/drivers/D/DANRIC01_Daniel_Ricciardo/danric01.png.transform/1col/image.png,AUS,20.0,R,11.0,,,,,Collision,0.0,0.0
1,M VERSTAPPEN,VER,max_verstappen,Red Bull Racing,1e5bc6,red_bull,Max,Verstappen,Max Verstappen,https://www.formula1.com/content/dam/fom-website/drivers/M/MAXVER01_Max_Verstappen/maxver01.png.transform/1col/image.png,NED,1.0,,,0 days 00:01:24.754000,0 days 00:01:24.622000,0 days 00:01:23.824000,,,,
11,S PEREZ,PER,perez,Red Bull Racing,1e5bc6,red_bull,Sergio,Perez,Sergio Perez,https://www.formula1.com/content/dam/fom-website/drivers/S/SERPER01_Sergio_Perez/serper01.png.transform/1col/image.png,MEX,2.0,,,0 days 00:01:24.820000,0 days 00:01:24.419000,0 days 00:01:24.052000,,,,
16,C LECLERC,LEC,leclerc,Ferrari,ed1c24,ferrari,Charles,Leclerc,Charles Leclerc,https://www.formula1.com/content/dam/fom-website/drivers/C/CHALEC01_Charles_Leclerc/chalec01.png.transform/1col/image.png,MON,3.0,,,0 days 00:01:25.211000,0 days 00:01:24.517000,0 days 00:01:24.092000,,,,
55,C SAINZ,SAI,sainz,Ferrari,ed1c24,ferrari,Carlos,Sainz,Carlos Sainz,https://www.formula1.com/content/dam/fom-website/drivers/C/CARSAI01_Carlos_Sainz/carsai01.png.transform/1col/image.png,ESP,4.0,,,0 days 00:01:25.090000,0 days 00:01:24.521000,0 days 00:01:24.242000,,,,
44,L HAMILTON,HAM,hamilton,Mercedes,6cd3bf,mercedes,Lewis,Hamilton,Lewis Hamilton,https://www.formula1.com/content/dam/fom-website/drivers/L/LEWHAM01_Lewis_Hamilton/lewham01.png.transform/1col/image.png,GBR,5.0,,,0 days 00:01:25.594000,0 days 00:01:24.774000,0 days 00:01:24.508000,,,,
63,G RUSSELL,RUS,russell,Mercedes,6cd3bf,mercedes,George,Russell,George Russell,https://www.formula1.com/content/dam/fom-website/drivers/G/GEORUS01_George_Russell/georus01.png.transform/1col/image.png,GBR,6.0,,,0 days 00:01:25.545000,0 days 00:01:24.940000,0 days 00:01:24.511000,,,,
4,L NORRIS,NOR,norris,McLaren,f58020,mclaren,Lando,Norris,Lando Norris,https://www.formula1.com/content/dam/fom-website/drivers/L/LANNOR01_Lando_Norris/lannor01.png.transform/1col/image.png,GBR,7.0,,,0 days 00:01:25.387000,0 days 00:01:24.903000,0 days 00:01:24.769000,,,,
31,E OCON,OCO,ocon,Alpine,2293d1,alpine,Esteban,Ocon,Esteban Ocon,https://www.formula1.com/content/dam/fom-website/drivers/E/ESTOCO01_Esteban_Ocon/estoco01.png.transform/1col/image.png,FRA,8.0,,,0 days 00:01:25.735000,0 days 00:01:25.007000,0 days 00:01:24.830000,,,,
5,S VETTEL,VET,vettel,Aston Martin,2d826d,aston_martin,Sebastian,Vettel,Sebastian Vettel,https://www.formula1.com/content/dam/fom-website/drivers/S/SEBVET01_Sebastian_Vettel/sebvet01.png.transform/1col/image.png,GER,9.0,,,0 days 00:01:25.523000,0 days 00:01:24.974000,0 days 00:01:24.961000,,,,
3,D RICCIARDO,RIC,ricciardo,McLaren,f58020,mclaren,Daniel,Ricciardo,Daniel Ricciardo,https://www.formula1.com/content/dam/fom-website/drivers/D/DANRIC01_Daniel_Ricciardo/danric01.png.transform/1col/image.png,AUS,10.0,,,0 days 00:01:25.766000,0 days 00:01:25.068000,0 days 00:01:25.045000,,,,
14,F ALONSO,ALO,alonso,Alpine,2293d1,alpine,Fernando,Alonso,Fernando Alonso,https://www.formula1.com/content/dam/fom-website/drivers/F/FERALO01_Fernando_Alonso/feralo01.png.transform/1col/image.png,ESP,11.0,,,0 days 00:01:25.782000,0 days 00:01:25.096000,,,,,
22,Y TSUNODA,TSU,tsunoda,AlphaTauri,4e7c9b,alphatauri,Yuki,Tsunoda,Yuki Tsunoda,https://www.formula1.com/content/dam/fom-website/drivers/Y/YUKTSU01_Yuki_Tsunoda/yuktsu01.png.transform/1col/image.png,JPN,12.0,,,0 days 00:01:25.630000,0 days 00:01:25.219000,,,,,
47,M SCHUMACHER,MSC,mick_schumacher,Haas F1 Team,b6babd,haas,Mick,Schumacher,Mick Schumacher,https://www.formula1.com/content/dam/fom-website/drivers/M/MICSCH02_Mick_Schumacher/micsch02.png.transform/1col/image.png,GER,13.0,,,0 days 00:01:25.711000,0 days 00:01:25.225000,,,,,
18,L STROLL,STR,stroll,Aston Martin,2d826d,aston_martin,Lance,Stroll,Lance Stroll,https://www.formula1.com/content/dam/fom-website/drivers/L/LANSTR01_Lance_Stroll/lanstr01.png.transform/1col/image.png,CAN,14.0,,,0 days 00:01:25.741000,0 days 00:01:25.359000,,,,,
24,G ZHOU,ZHO,zhou,Alfa Romeo,b12039,alfa,Guanyu,Zhou,Guanyu Zhou,https://www.formula1.com/content/dam/fom-website/drivers/G/GUAZHO01_Guanyu_Zhou/guazho01.png.transform/1col/image.png,CHN,15.0,,,0 days 00:01:25.594000,0 days 00:01:25.408000,,,,,
20,K MAGNUSSEN,MAG,kevin_magnussen,Haas F1 Team,b6babd,haas,Kevin,Magnussen,Kevin Magnussen,None,DEN,16.0,,,0 days 00:01:25.834000,,,,,,
10,P GASLY,GAS,gasly,AlphaTauri,4e7c9b,alphatauri,Pierre,Gasly,Pierre Gasly,https://www.formula1.com/content/dam/fom-website/drivers/P/PIEGAS01_Pierre_Gasly/piegas01.png.transform/1col/image.png,FRA,17.0,,,0 days 00:01:25.859000,,,,,,
77,V BOTTAS,BOT,bottas,Alfa Romeo,b12039,alfa,Valtteri,Bottas,Valtteri Bottas,https://www.formula1.com/content/dam/fom-website/drivers/V/VALBOT01_Valtteri_Bottas/valbot01.png.transform/1col/image.png,FIN,18.0,,,0 days 00:01:25.892000,,,,,,
23,A ALBON,ALB,albon,Williams,37bedd,williams,Alexander,Albon,Alexander Albon,https://www.formula1.com/content/dam/fom-website/drivers/A/ALEALB01_Alexander_Albon/alealb01.png.transform/1col/image.png,THA,19.0,,,0 days 00:01:26.028000,,,,,,
6,N LATIFI,LAT,latifi,Williams,37bedd,williams,Nicholas,Latifi,Nicholas Latifi,https://www.formula1.com/content/dam/fom-website/drivers/N/NICLAF01_Nicholas_Latifi/niclaf01.png.transform/1col/image.png,CAN,20.0,,,0 days 00:01:26.054000,,,,,,
1,M VERSTAPPEN,VER,max_verstappen,Red Bull Racing,1e5bc6,red_bull,Max,Verstappen,Max Verstappen,https://www.formula1.com/content/dam/fom-website/drivers/M/MAXVER01_Max_Verstappen/maxver01.png.transform/1col/image.png,NED,1.0,1,1.0,,,,0 days 01:27:45.914000,Finished,25.0,58.0
16,C LECLERC,LEC,leclerc,Ferrari,ed1c24,ferrari,Charles,Leclerc,Charles Leclerc,https://www.formula1.com/content/dam/fom-website/drivers/C/CHALEC01_Charles_Leclerc/chalec01.png.transform/1col/image.png,MON,2.0,2,3.0,,,,0 days 00:00:08.771000,Finished,18.0,58.0
11,S PEREZ,PER,perez,Red Bull Racing,1e5bc6,red_bull,Sergio,Perez,Sergio Perez,https://www.formula1.com/content/dam/fom-website/drivers/S/SERPER01_Sergio_Perez/serper01.png.transform/1col/image.png,MEX,3.0,3,2.0,,,,0 days 00:00:10.093000,Finished,15.0,58.0
55,C SAINZ,SAI,sainz,Ferrari,ed1c24,ferrari,Carlos,Sainz,Carlos Sainz,https://www.formula1.com/content/dam/fom-website/drivers/C/CARSAI01_Carlos_Sainz/carsai01.png.transform/1col/image.png,ESP,4.0,4,4.0,,,,0 days 00:00:24.892000,Finished,12.0,58.0
63,G RUSSELL,RUS,russell,Mercedes,6cd3bf,mercedes,George,Russell,George Russell,https://www.formula1.com/content/dam/fom-website/drivers/G/GEORUS01_George_Russell/georus01.png.transform/1col/image.png,GBR,5.0,5,6.0,,,,0 days 00:00:35.888000,Finished,10.0,58.0
4,L NORRIS,NOR,norris,McLaren,f58020,mclaren,Lando,Norris,Lando Norris,https://www.formula1.com/content/dam/fom-website/drivers/L/LANNOR01_Lando_Norris/lannor01.png.transform/1col/image.png,GBR,6.0,6,7.0,,,,0 days 00:00:56.234000,Finished,9.0,58.0
31,E OCON,OCO,ocon,Alpine,2293d1,alpine,Esteban,Ocon,Esteban Ocon,https://www.formula1.com/content/dam/fom-website/drivers/E/ESTOCO01_Esteban_Ocon/estoco01.png.transform/1col/image.png,FRA,7.0,7,8.0,,,,0 days 00:00:57.240000,Finished,6.0,58.0
18,L STROLL,STR,stroll,Aston Martin,2d826d,aston_martin,Lance,Stroll,Lance Stroll,https://www.formula1.com/content/dam/fom-website/drivers/L/LANSTR01_Lance_Stroll/lanstr01.png.transform/1col/image.png,CAN,8.0,8,14.0,,,,0 days 00:01:16.931000,Finished,4.0,58.0
3,D RICCIARDO,RIC,ricciardo,McLaren,f58020,mclaren,Daniel,Ricciardo,Daniel Ricciardo,https://www.formula1.com/content/dam/fom-website/drivers/D/DANRIC01_Daniel_Ricciardo/danric01.png.transform/1col/image.png,AUS,9.0,9,13.0,,,,0 days 00:01:23.268000,Finished,2.0,58.0
5,S VETTEL,VET,vettel,Aston Martin,2d826d,aston_martin,Sebastian,Vettel,Sebastian Vettel,https://www.formula1.com/content/dam/fom-website/drivers/S/SEBVET01_Sebastian_Vettel/sebvet01.png.transform/1col/image.png,GER,10.0,10,9.0,,,,0 days 00:01:23.898000,Finished,1.0,58.0
22,Y TSUNODA,TSU,tsunoda,AlphaTauri,4e7c9b,alphatauri,Yuki,Tsunoda,Yuki Tsunoda,https://www.formula1.com/content/dam/fom-website/drivers/Y/YUKTSU01_Yuki_Tsunoda/yuktsu01.png.transform/1col/image.png,JPN,11.0,11,11.0,,,,0 days 00:01:29.371000,Finished,0.0,58.0
24,G ZHOU,ZHO,zhou,Alfa Romeo,b12039,alfa,Guanyu,Zhou,Guanyu Zhou,https://www.formula1.com/content/dam/fom-website/drivers/G/GUAZHO01_Guanyu_Zhou/guazho01.png.transform/1col/image.png,CHN,12.0,12,15.0,,,,,+1 Lap,0.0,57.0
23,A ALBON,ALB,albon,Williams,37bedd,williams,Alexander,Albon,Alexander Albon,https://www.formula1.com/content/dam/fom-website/drivers/A/ALEALB01_Alexander_Albon/alealb01.png.transform/1col/image.png,THA,13.0,13,19.0,,,,,+1 Lap,0.0,57.0
10,P GASLY,GAS,gasly,AlphaTauri,4e7c9b,alphatauri,Pierre,Gasly,Pierre Gasly,https://www.formula1.com/content/dam/fom-website/drivers/P/PIEGAS01_Pierre_Gasly/piegas01.png.transform/1col/image.png,FRA,14.0,14,17.0,,,,,+1 Lap,0.0,57.0
77,V BOTTAS,BOT,bottas,Alfa Romeo,b12039,alfa,Valtteri,Bottas,Valtteri Bottas,https://www.formula1.com/content/dam/fom-website/drivers/V/VALBOT01_Valtteri_Bottas/valbot01.png.transform/1col/image.png,FIN,15.0,15,18.0,,,,,+1 Lap,0.0,57.0
47,M SCHUMACHER,MSC,mick_schumacher,Haas F1 Team,b6babd,haas,Mick,Schumacher,Mick Schumacher,https://www.formula1.com/content/dam/fom-website/drivers/M/MICSCH02_Mick_Schumacher/micsch02.png.transform/1col/image.png,GER,16.0,16,12.0,,,,,+1 Lap,0.0,57.0
20,K MAGNUSSEN,MAG,kevin_magnussen,Haas F1 Team,b6babd,haas,Kevin,Magnussen,Kevin Magnussen,None,DEN,17.0,17,16.0,,,,,+1 Lap,0.0,57.0
44,L HAMILTON,HAM,hamilton,Mercedes,6cd3bf,mercedes,Lewis,Hamilton,Lewis Hamilton,https://www.formula1.com/content/dam/fom-website/drivers/L/LEWHAM01_Lewis_Hamilton/lewham01.png.transform/1col/image.png,GBR,18.0,18,5.0,,,,,Hydraulics,0.0,55.0
6,N LATIFI,LAT,latifi,Williams,37bedd,williams,Nicholas,Latifi,Nicholas Latifi,https://www.formula1.com/content/dam/fom-website/drivers/N/NICLAF01_Nicholas_Latifi/niclaf01.png.transform/1col/image.png,CAN,19.0,19,20.0,,,,,Collision damage,0.0,55.0
14,F ALONSO,ALO,alonso,Alpine,2293d1,alpine,Fernando,Alonso,Fernando Alonso,https://www.formula1.com/content/dam/fom-website/drivers/F/FERALO01_Fernando_Alonso/feralo01.png.transform/1col/image.png,ESP,20.0,R,10.0,,,,,Water leak,0.0,27.0
