Time,AirTemp,Humidity,Pressure,Rainfall,TrackTemp,WindDirection,WindSpeed
0 days 00:00:38.612000,30.4,42.3,1008.4,False,35.6,355,0.8
0 days 00:01:38.616000,30.4,42.6,1008.4,False,35.6,354,0.9
0 days 00:02:38.613000,30.3,42.5,1008.4,False,35.5,359,1.0
0 days 00:03:38.611000,30.3,42.3,1008.5,False,35.5,353,1.0
0 days 00:04:38.612000,30.3,42.5,1008.5,False,35.6,353,1.1
0 days 00:05:38.612000,30.3,42.7,1008.7,False,35.6,352,1.2
0 days 00:06:38.612000,30.2,43.0,1008.7,False,35.5,353,1.1
0 days 00:07:38.612000,30.2,42.5,1008.8,False,35.5,1,0.9
0 days 00:08:38.613000,30.1,42.1,1008.7,False,35.4,0,1.0
0 days 00:09:38.614000,30.1,41.9,1008.9,False,35.4,358,1.0
0 days 00:10:38.612000,30.2,41.9,1008.9,False,35.4,358,0.8
0 days 00:11:38.620000,30.1,42.0,1008.8,False,35.4,355,0.9
0 days 00:12:38.615000,30.1,42.4,1009.0,False,35.5,356,0.8
0 days 00:13:38.611000,30.1,42.6,1009.1,False,35.2,359,0.8
0 days 00:14:38.613000,30.0,42.7,1009.0,False,35.2,2,0.7
0 days 00:15:38.628000,30.0,42.4,1009.0,False,35.2,359,1.0
0 days 00:16:38.627000,30.0,41.8,1009.1,False,35.2,353,0.7
0 days 00:17:38.620000,30.0,40.7,1009.1,False,34.9,355,1.0
0 days 00:18:38.619000,30.0,40.2,1009.1,False,35.0,359,1.2
0 days 00:19:38.611000,30.0,40.8,1009.2,False,34.9,339,1.1
0 days 00:20:38.623000,30.0,41.3,1009.2,False,34.8,356,1.0
0 days 00:21:38.614000,30.0,41.9,1009.3,False,34.8,350,0.9
0 days 00:22:38.624000,29.9,42.0,1009.3,False,34.8,1,0.9
0 days 00:23:38.616000,29.8,42.1,1009.4,False,34.8,0,0.8
0 days 00:24:38.617000,29.8,42.3,1009.4,False,34.6,352,0.9
0 days 00:25:38.606000,29.8,42.4,1009.6,False,34.6,345,0.9
0 days 00:26:38.613000,29.7,42.3,1009.4,False,34.6,6,0.8
0 days 00:27:38.610000,29.7,42.4,1009.5,False,34.6,351,1.0
0 days 00:28:38.618000,29.6,42.6,1009.5,False,34.7,0,0.6
0 days 00:29:38.611000,29.6,42.4,1009.5,False,34.6,11,0.9
0 days 00:30:38.613000,29.6,42.4,1009.5,False,34.6,351,0.9
0 days 00:31:38.614000,29.6,42.5,1009.6,False,34.3,5,1.0
0 days 00:32:38.616000,29.5,42.6,1009.6,False,34.2,5,1.2
0 days 00:33:38.612000,29.5,42.7,1009.5,False,34.0,3,0.8
0 days 00:34:38.614000,29.5,42.4,1009.6,False,34.0,0,1.1
0 days 00:35:38.602000,29.6,42.1,1009.6,False,34.4,0,0.8
0 days 00:36:38.615000,29.7,41.5,1009.8,False,34.4,5,0.9
0 days 00:37:38.612000,29.7,40.8,1009.7,False,34.4,4,0.9
0 days 00:38:38.611000,29.7,40.4,1009.7,False,34.2,351,0.9
0 days 00:39:38.611000,29.7,41.5,1009.8,False,34.1,10,1.0
0 days 00:40:38.610000,29.5,48.3,1009.8,False,33.9,12,1.1
0 days 00:41:38.610000,29.6,52.5,1010.0,False,33.0,9,0.9
0 days 00:42:38.610000,29.2,56.8,1010.0,False,32.0,4,1.3
0 days 00:43:38.611000,29.1,59.3,1010.0,False,31.7,8,1.2
0 days 00:44:38.610000,28.6,60.6,1010.0,False,31.7,5,1.1
0 days 00:45:38.612000,28.5,61.2,1010.0,False,31.6,5,1.1
0 days 00:46:38.613000,28.0,61.3,1010.0,False,31.7,8,0.9
0 days 00:47:38.610000,27.9,61.0,1010.0,False,32.3,6,1.1
0 days 00:48:38.619000,27.7,60.7,1010.0,False,32.3,12,1.2
0 days 00:49:38.609000,27.6,60.9,1010.1,False,32.3,6,1.0
0 days 00:50:38.612000,27.5,60.1,1010.0,False,32.3,8,0.8
0 days 00:51:38.611000,27.5,58.2,1010.0,False,32.7,353,0.9
0 days 00:52:38.616000,27.5,56.4,1010.0,False,33.1,0,1.0
0 days 00:53:38.630000,27.6,55.0,1010.0,False,32.9,359,1.2
0 days 00:54:38.632000,27.7,53.8,1010.2,False,33.1,353,0.9
0 days 00:55:38.643000,27.7,51.9,1010.1,False,33.2,11,1.0
0 days 00:56:38.655000,27.9,51.8,1010.2,False,33.2,7,0.8
0 days 00:57:38.655000,27.9,51.4,1010.1,False,33.3,6,0.7
0 days 00:58:38.657000,27.9,51.1,1010.2,False,33.3,345,0.7
0 days 00:59:38.674000,28.0,50.8,1010.2,False,33.3,354,0.8
0 days 01:00:38.672000,27.9,50.8,1010.2,False,33.2,2,0.7
0 days 01:01:38.694000,28.0,49.1,1010.1,False,33.1,351,1.0
0 days 01:02:38.689000,28.0,48.9,1010.2,False,33.0,353,0.9
0 days 01:03:38.703000,28.0,48.3,1010.1,False,32.9,1,1.0
0 days 01:04:38.703000,28.0,48.0,1010.1,False,32.8,359,1.1
0 days 01:05:38.703000,28.0,47.5,1010.2,False,32.8,2,1.1
0 days 01:06:38.705000,28.1,47.0,1010.3,False,32.7,6,1.2
0 days 01:07:38.702000,28.1,46.5,1010.3,False,32.6,359,1.2
0 days 01:08:38.704000,28.1,45.9,1010.2,False,32.6,353,1.0
0 days 01:09:38.730000,28.1,45.4,1010.2,False,32.7,353,0.9
0 days 01:10:38.735000,28.2,44.1,1010.4,False,32.8,357,1.0
0 days 01:11:38.734000,28.2,44.5,1010.4,False,32.8,3,1.3
0 days 01:12:38.732000,28.3,44.6,1010.4,False,32.8,0,1.0
0 days 01:13:38.725000,28.3,44.5,1010.5,False,32.8,0,1.0
0 days 01:14:38.733000,28.3,43.6,1010.3,False,32.6,2,1.0
0 days 01:15:38.732000,28.3,43.3,1010.3,False,32.6,5,1.1
0 days 01:16:38.734000,28.4,41.8,1010.4,False,32.6,357,1.1
0 days 01:17:38.741000,28.4,41.1,1010.4,False,32.9,351,0.9
0 days 00:00:43.040000,20.9,56.4,1014.8,False,29.9,6,1.0
0 days 00:01:43.040000,20.8,56.8,1014.8,False,29.9,8,1.1
0 days 00:02:43.040000,20.8,56.8,1014.7,False,30.2,11,1.0
0 days 00:03:43.039000,20.8,56.7,1014.8,False,30.2,7,1.0
0 days 00:04:43.041000,20.8,56.1,1014.8,False,29.9,0,0.9
0 days 00:05:43.042000,20.8,56.2,1014.8,False,29.8,5,0.9
0 days 00:06:43.040000,20.7,55.5,1014.8,False,29.8,14,1.1
0 days 00:07:43.041000,20.7,56.0,1014.8,False,30.0,13,1.0
0 days 00:08:43.040000,20.7,55.9,1014.8,False,30.0,2,0.7
0 days 00:09:43.042000,20.7,55.0,1014.8,False,29.7,10,0.6
0 days 00:10:43.039000,20.8,54.6,1014.8,False,29.6,8,1.0
0 days 00:11:43.042000,20.7,54.9,1014.7,False,29.5,6,0.9
0 days 00:12:43.040000,20.7,54.7,1014.8,False,29.5,8,0.8
0 days 00:13:43.039000,20.7,54.6,1014.7,False,29.5,13,0.8
0 days 00:14:43.031000,20.7,54.6,1014.7,False,29.5,10,0.9
0 days 00:15:43.039000,20.6,54.4,1014.8,False,29.6,6,0.9
0 days 00:16:43.049000,20.6,53.7,1014.7,False,29.5,14,1.4
0 days 00:17:43.049000,20.6,53.5,1014.7,False,29.3,12,1.1
0 days 00:18:43.040000,20.6,53.2,1014.8,False,29.3,9,0.8
0 days 00:19:43.043000,20.6,52.9,1014.7,False,29.2,12,1.1
0 days 00:20:43.042000,20.6,52.9,1014.7,False,29.1,359,1.2
0 days 00:21:43.039000,20.6,53.0,1014.7,False,29.1,27,1.1
0 days 00:22:43.042000,20.6,52.8,1014.7,False,29.0,23,1.0
0 days 00:23:43.040000,20.5,53.2,1014.7,False,28.8,10,1.1
0 days 00:24:43.039000,20.5,53.5,1014.6,False,28.8,9,1.1
0 days 00:25:43.056000,20.5,53.4,1014.8,False,28.7,359,0.9
0 days 00:26:43.039000,20.5,53.6,1014.9,False,28.6,358,1.1
0 days 00:27:43.039000,20.5,53.7,1014.7,False,28.6,6,1.2
0 days 00:28:43.041000,20.5,54.1,1014.8,False,28.6,5,1.3
0 days 00:29:43.039000,20.5,54.3,1014.8,False,28.6,12,0.9
0 days 00:30:43.041000,20.5,54.4,1014.7,False,28.5,12,0.8
0 days 00:31:43.041000,20.5,54.7,1014.7,False,28.3,9,1.1
0 days 00:32:43.043000,20.5,54.9,1014.7,False,28.3,11,1.0
0 days 00:33:43.040000,20.4,54.4,1014.8,False,28.5,358,1.0
0 days 00:34:43.038000,20.5,54.4,1014.7,False,28.5,11,0.6
0 days 00:35:43.047000,20.5,54.1,1014.7,False,28.2,6,1.0
0 days 00:36:43.040000,20.5,53.9,1014.6,False,28.1,7,1.3
0 days 00:37:43.044000,20.5,53.7,1014.6,False,28.1,10,1.3
0 days 00:38:43.046000,20.5,53.5,1014.8,False,28.1,9,1.0
0 days 00:39:43.045000,20.5,53.8,1014.8,False,28.1,13,1.1
0 days 00:40:43.038000,20.5,54.3,1014.8,False,28.1,6,1.2
0 days 00:41:43.058000,20.5,54.5,1014.8,False,27.9,8,1.0
0 days 00:42:43.043000,20.5,54.6,1014.8,False,28.0,64,1.0
0 days 00:43:43.044000,20.5,54.6,1014.8,False,28.0,14,1.0
0 days 00:44:43.038000,20.5,54.7,1014.7,False,27.9,13,0.9
0 days 00:45:43.038000,20.5,54.8,1014.8,False,27.9,15,0.6
0 days 00:46:43.042000,20.5,54.7,1014.8,False,27.9,35,0.6
0 days 00:47:43.039000,20.5,54.2,1014.7,False,28.1,8,0.8
0 days 00:48:43.028000,20.5,54.0,1014.8,False,28.0,11,1.2
0 days 00:49:43.039000,20.6,53.9,1014.8,False,27.9,15,0.9
0 days 00:50:43.040000,20.5,54.0,1014.8,False,27.9,11,0.8
0 days 00:51:43.040000,20.5,54.7,1014.8,False,27.8,10,0.9
0 days 00:52:43.038000,20.5,55.0,1014.7,False,27.7,10,1.0
0 days 00:53:43.038000,20.6,55.4,1014.8,False,27.8,18,0.9
0 days 00:54:43.052000,20.5,55.5,1014.8,False,27.6,6,0.6
0 days 00:55:43.045000,20.5,55.2,1014.8,False,27.6,9,0.9
0 days 00:56:43.065000,20.5,55.1,1014.8,False,27.7,14,0.7
0 days 00:57:43.038000,20.5,54.8,1014.8,False,27.7,6,1.0
0 days 00:58:43.047000,20.5,54.6,1014.9,False,27.7,12,0.9
0 days 00:59:43.039000,20.5,54.5,1014.9,False,27.6,0,1.1
0 days 01:00:43.029000,20.5,54.5,1014.9,False,27.5,11,0.8
0 days 01:01:43.038000,20.6,54.1,1014.9,False,27.6,4,1.1
0 days 01:02:43.040000,20.6,54.8,1014.8,False,27.7,0,1.2
0 days 01:03:43.037000,20.5,55.2,1014.9,False,27.7,20,0.9
0 days 01:04:43.042000,20.5,55.3,1014.9,False,27.6,1,0.9
0 days 01:05:43.036000,20.5,54.8,1014.9,False,27.5,346,1.0
0 days 01:06:43.036000,20.5,54.7,1014.9,False,27.7,359,0.6
0 days 01:07:43.036000,20.5,53.8,1015.0,False,27.6,16,0.9
0 days 01:08:43.037000,20.5,53.9,1014.9,False,27.6,13,1.0
0 days 01:09:43.039000,20.4,54.3,1014.9,False,27.0,1,0.8
0 days 01:10:43.038000,20.4,53.7,1014.9,False,27.1,356,0.6
0 days 01:11:43.039000,20.5,53.4,1014.9,False,27.1,356,0.7
0 days 01:12:43.036000,20.5,52.8,1015.0,False,27.3,4,0.8
0 days 01:13:43.038000,20.5,52.7,1015.0,False,27.2,356,1.0
0 days 01:14:43.034000,20.5,53.1,1014.9,False,27.2,9,0.9
0 days 01:15:43.036000,20.5,53.5,1015.0,False,27.2,359,1.0
0 days 01:16:43.036000,20.5,53.7,1014.9,False,27.4,7,0.6
0 days 01:17:43.039000,20.5,53.6,1014.9,False,27.2,17,0.7
0 days 01:18:43.037000,20.5,54.4,1015.0,False,27.1,12,0.8
0 days 01:19:43.035000,20.5,55.2,1014.9,False,27.1,1,0.7
0 days 01:20:43.037000,20.5,55.8,1015.0,False,27.0,11,0.6
0 days 01:21:43.036000,20.5,56.0,1015.1,False,26.9,24,1.0
0 days 01:22:43.046000,20.5,56.0,1015.0,False,27.0,18,0.7
0 days 01:23:43.038000,20.5,56.0,1015.0,False,27.0,6,0.9
0 days 01:24:43.046000,20.5,56.0,1015.1,False,27.0,3,0.8
0 days 01:25:43.051000,20.5,55.6,1015.1,False,27.0,16,0.8
0 days 01:26:43.047000,20.5,55.7,1015.0,False,26.9,6,0.5
0 days 01:27:43.036000,20.5,55.5,1015.0,False,26.9,12,0.6
0 days 01:28:43.063000,20.5,55.3,1015.1,False,27.1,350,0.7
0 days 01:29:43.037000,20.5,54.9,1015.1,False,27.0,14,0.8
0 days 01:30:43.042000,20.5,55.1,1015.1,False,26.9,353,0.7
0 days 01:31:43.043000,20.5,54.8,1015.1,False,26.8,194,0.8
0 days 01:32:43.039000,20.5,54.2,1015.1,False,27.0,4,0.5
0 days 01:33:43.035000,20.5,54.0,1015.1,False,27.0,351,0.9
0 days 01:34:43.035000,20.5,54.3,1015.1,False,26.8,9,1.0
0 days 01:35:43.036000,20.5,54.6,1015.1,False,26.7,16,0.8
0 days 01:36:43.035000,20.5,54.7,1015.1,False,26.7,10,0.8
0 days 01:37:43.036000,20.6,55.1,1015.1,False,26.6,13,0.9
0 days 01:38:43.045000,20.5,55.4,1015.1,False,26.5,5,0.9
0 days 01:39:43.051000,20.5,55.2,1015.1,False,26.5,17,0.9
0 days 01:40:43.073000,20.5,55.5,1015.1,False,26.6,5,0.8
0 days 01:41:43.068000,20.5,55.3,1014.9,False,26.6,8,0.6
0 days 01:42:43.084000,20.5,54.8,1015.0,False,26.6,7,1.0
0 days 01:43:43.100000,20.5,55.1,1015.1,False,26.6,10,1.2
0 days 01:44:43.117000,20.5,55.2,1015.0,False,26.3,351,1.0
0 days 01:45:43.133000,20.4,55.1,1015.0,False,26.3,12,1.0
0 days 01:46:43.129000,20.4,55.1,1015.1,False,26.3,10,0.8
0 days 01:47:43.128000,20.5,54.5,1015.0,False,26.5,15,0.9
0 days 01:48:43.135000,20.5,53.9,1015.0,False,26.5,12,1.3
0 days 01:49:43.137000,20.5,54.2,1015.0,False,26.2,5,0.8
0 days 01:50:43.129000,20.5,54.2,1015.1,False,26.2,359,0.8
0 days 01:51:43.130000,20.5,54.1,1015.1,False,26.4,8,0.7
0 days 01:52:43.130000,20.5,53.9,1014.9,False,26.5,352,0.8
0 days 01:53:43.139000,20.5,53.9,1015.1,False,26.5,0,0.6
0 days 01:54:43.135000,20.5,53.8,1015.1,False,26.4,356,0.5
0 days 01:55:43.137000,20.5,53.8,1015.1,False,26.3,358,0.8
0 days 01:56:43.137000,20.5,53.9,1015.1,False,26.3,11,0.8
0 days 01:57:43.136000,20.5,54.1,1015.0,False,26.3,7,1.0
0 days 01:58:43.147000,20.5,54.3,1015.1,False,26.4,17,0.8
0 days 01:59:43.145000,20.5,54.2,1015.0,False,26.4,357,0.8
0 days 02:00:43.159000,20.5,54.4,1015.1,False,26.3,8,1.1
0 days 02:01:43.163000,20.5,54.7,1015.1,False,26.3,5,0.9
0 days 02:02:43.160000,20.6,54.8,1015.1,False,26.3,8,0.8
0 days 02:03:43.160000,20.5,55.1,1015.1,False,26.1,7,0.7
0 days 02:04:43.160000,20.5,54.9,1015.1,False,26.3,31,0.6
0 days 02:05:43.165000,20.5,54.9,1015.1,False,26.3,17,0.6
0 days 02:06:43.159000,20.5,54.9,1015.1,False,26.1,14,0.8
0 days 02:07:43.160000,20.5,54.8,1015.2,False,26.0,350,0.7
0 days 02:08:43.160000,20.5,54.2,1015.2,False,26.0,1,0.6
0 days 02:09:43.158000,20.6,53.6,1015.2,False,26.1,5,0.7
0 days 02:10:43.158000,20.6,52.6,1015.1,False,26.2,8,0.9
0 days 02:11:43.162000,20.6,52.7,1015.2,False,26.2,21,1.0
0 days 02:12:43.164000,20.6,52.7,1015.1,False,26.1,9,0.9
0 days 00:00:36.701000,12.9,50.4,1010.7,False,25.7,252,0.4
0 days 00:01:36.699000,12.8,50.5,1010.8,False,25.7,237,0.6
0 days 00:02:36.700000,12.6,50.9,1010.8,False,25.2,223,0.3
0 days 00:03:36.720000,12.6,52.0,1010.8,False,24.5,259,0.5
0 days 00:04:36.699000,12.5,52.1,1010.7,False,24.4,264,0.8
0 days 00:05:36.703000,12.4,52.9,1010.8,False,23.8,241,0.4
0 days 00:06:36.702000,12.4,52.9,1010.7,False,23.6,229,0.3
0 days 00:07:36.701000,12.3,52.9,1010.7,False,23.7,178,0.3
0 days 00:08:36.700000,12.3,52.9,1010.7,False,25.4,268,0.1
0 days 00:09:36.703000,12.3,52.6,1010.7,False,26.5,295,0.6
0 days 00:10:36.701000,12.4,52.3,1010.7,False,27.5,273,0.5
0 days 00:11:36.700000,12.7,51.8,1010.6,False,27.6,235,0.3
0 days 00:12:36.702000,12.6,51.7,1010.5,False,27.6,196,0.3
0 days 00:13:36.701000,12.6,52.7,1010.5,False,27.3,209,0.4
0 days 00:14:36.700000,12.7,51.2,1010.5,False,27.3,248,0.5
0 days 00:15:36.700000,12.7,51.9,1010.6,False,26.8,262,0.5
0 days 00:16:36.703000,12.8,50.8,1010.6,False,26.4,258,0.4
0 days 00:17:36.704000,12.9,51.6,1010.6,False,25.6,356,0.4
0 days 00:18:36.702000,12.8,50.8,1010.6,False,25.5,256,0.3
0 days 00:19:36.690000,12.8,49.7,1010.6,False,25.3,279,0.2
0 days 00:20:36.700000,12.9,48.5,1010.7,False,25.0,243,0.1
0 days 00:21:36.701000,13.0,46.6,1010.6,False,24.9,106,0.3
0 days 00:22:36.701000,13.0,47.0,1010.5,False,24.0,90,0.6
0 days 00:23:36.702000,13.1,45.4,1010.6,False,23.6,211,0.3
0 days 00:24:36.701000,13.0,45.0,1010.5,False,23.1,241,0.5
0 days 00:25:36.701000,13.0,46.0,1010.5,False,22.9,271,0.6
0 days 00:26:36.702000,12.8,47.0,1010.5,False,22.8,246,0.3
0 days 00:27:36.700000,12.8,46.4,1010.5,False,22.8,271,0.3
0 days 00:28:36.702000,12.9,46.1,1010.5,False,24.4,174,0.3
0 days 00:29:36.699000,12.8,46.0,1010.5,False,25.6,0,0.1
0 days 00:30:36.700000,13.2,46.3,1010.5,False,26.3,239,0.2
0 days 00:31:36.699000,13.4,45.8,1010.5,False,26.9,237,0.4
0 days 00:32:36.701000,13.6,44.9,1010.5,False,27.7,121,0.3
0 days 00:33:36.707000,13.7,44.9,1010.5,False,27.0,128,0.2
0 days 00:34:36.701000,13.7,43.9,1010.4,False,26.3,110,0.7
0 days 00:35:36.700000,13.7,43.3,1010.4,False,24.7,29,0.5
0 days 00:36:36.701000,13.8,42.9,1010.4,False,24.1,91,0.3
0 days 00:37:36.692000,13.8,43.0,1010.4,False,23.6,105,0.6
0 days 00:38:36.700000,13.9,41.8,1010.4,False,23.3,79,0.6
0 days 00:39:36.703000,13.8,41.1,1010.3,False,23.1,109,0.8
0 days 00:40:36.699000,13.6,41.0,1010.4,False,22.9,80,0.4
0 days 00:41:36.700000,13.6,40.5,1010.3,False,23.0,108,0.5
0 days 00:42:36.699000,13.7,39.4,1010.4,False,24.9,87,0.5
0 days 00:43:36.700000,13.7,38.9,1010.4,False,25.7,90,0.8
0 days 00:44:36.700000,13.9,38.1,1010.3,False,26.0,76,0.9
0 days 00:45:36.702000,14.1,37.6,1010.2,False,26.3,78,0.8
0 days 00:46:36.700000,14.2,37.2,1010.3,False,26.4,104,0.7
0 days 00:47:36.703000,14.1,37.4,1010.3,False,26.6,114,0.6
0 days 00:48:36.700000,14.1,38.5,1010.3,False,27.5,84,0.5
0 days 00:49:36.702000,14.1,38.0,1010.2,False,28.2,123,0.3
0 days 00:50:36.708000,14.1,39.4,1010.1,False,28.8,78,0.2
0 days 00:51:36.710000,14.0,39.4,1010.2,False,29.1,113,0.6
0 days 00:52:36.706000,13.8,39.3,1010.1,False,29.1,85,0.1
0 days 00:53:36.705000,13.6,40.1,1010.1,False,28.9,0,0.1
0 days 00:54:36.702000,13.6,40.2,1010.1,False,28.6,90,0.0
0 days 00:55:36.699000,13.9,38.5,1010.2,False,28.5,92,0.7
0 days 00:56:36.703000,13.9,37.3,1010.1,False,27.6,43,0.8
0 days 00:57:36.699000,14.2,36.5,1010.2,False,26.7,100,0.3
0 days 00:58:36.700000,14.2,35.9,1010.3,False,26.4,77,0.3
0 days 00:59:36.700000,14.2,35.8,1010.0,False,26.2,68,0.6
0 days 01:00:36.703000,14.2,35.6,1010.1,False,26.6,180,0.2
0 days 01:01:36.704000,14.2,35.6,1010.1,False,27.7,89,0.3
0 days 01:02:36.701000,14.3,35.8,1010.1,False,28.7,100,0.4
0 days 01:03:36.703000,14.4,35.8,1010.1,False,29.1,76,0.5
0 days 01:04:36.701000,14.4,35.4,1010.1,False,28.6,94,0.7
0 days 01:05:36.701000,14.5,35.9,1010.0,False,27.7,85,0.6
0 days 01:06:36.701000,14.5,35.3,1010.1,False,27.9,91,0.9
0 days 01:07:36.703000,14.5,34.8,1010.1,False,27.9,3,0.6
0 days 01:08:36.702000,14.5,35.2,1010.1,False,27.8,0,0.3
0 days 01:09:36.701000,14.3,35.9,1010.0,False,27.3,154,0.1
0 days 01:10:36.701000,14.3,36.0,1010.0,False,27.3,158,0.3
0 days 01:11:36.702000,14.0,36.1,1010.0,False,28.6,235,0.2
0 days 01:12:36.700000,14.1,35.0,1010.0,False,29.3,199,0.1
0 days 01:13:36.702000,14.2,34.9,1010.1,False,29.5,135,0.1
0 days 01:14:36.701000,14.2,35.4,1010.0,False,30.0,33,0.3
0 days 01:15:36.698000,14.3,35.2,1010.0,False,30.6,290,0.2
0 days 01:16:36.700000,14.5,34.9,1009.9,False,30.6,70,0.3
0 days 01:17:36.698000,14.6,34.9,1010.0,False,30.8,213,0.3
0 days 01:18:36.708000,15.0,34.5,1009.9,False,30.6,82,0.3
0 days 01:19:36.714000,14.9,34.6,1009.9,False,30.5,95,0.4
0 days 01:20:36.734000,15.1,34.7,1009.9,False,30.6,98,0.6
0 days 01:21:36.745000,15.0,34.4,1009.9,False,31.3,91,0.5
0 days 01:22:36.745000,15.1,34.4,1009.9,False,31.4,96,0.5
0 days 01:23:36.784000,15.1,34.9,1010.0,False,31.6,89,0.6
0 days 01:24:36.761000,15.0,35.6,1009.9,False,31.5,87,0.7
0 days 01:25:36.778000,14.9,36.0,1010.0,False,30.1,82,0.8
0 days 01:26:36.790000,14.8,35.9,1009.9,False,29.1,70,0.9
0 days 01:27:36.793000,14.8,35.7,1010.0,False,28.7,94,0.8
0 days 00:00:41.291000,9.8,68.7,1011.7,True,18.1,61,0.2
0 days 00:01:41.287000,9.7,70.0,1011.6,True,18.1,261,0.1
0 days 00:02:41.294000,9.6,69.2,1011.6,True,18.0,243,0.4
0 days 00:03:41.289000,9.4,68.3,1011.6,True,17.7,250,0.4
0 days 00:04:41.288000,9.3,67.9,1011.7,True,17.6,259,0.5
0 days 00:05:41.289000,9.3,69.1,1011.6,True,17.6,256,0.5
0 days 00:06:41.296000,9.3,69.4,1011.6,True,17.5,248,0.4
0 days 00:07:41.289000,9.2,70.6,1011.6,True,17.5,268,0.4
0 days 00:08:41.293000,9.2,70.5,1011.6,True,17.5,214,0.4
0 days 00:09:41.290000,9.2,70.7,1011.7,True,17.5,237,0.2
0 days 00:10:41.290000,9.2,71.8,1011.7,True,17.5,285,0.3
0 days 00:11:41.294000,9.3,70.5,1011.6,True,17.6,260,0.5
0 days 00:12:41.305000,9.2,71.9,1011.6,True,17.5,241,0.3
0 days 00:13:41.321000,9.2,74.0,1011.7,True,17.4,241,0.1
0 days 00:14:41.319000,9.2,73.8,1011.6,True,17.4,234,0.3
0 days 00:15:41.321000,9.2,74.9,1011.7,True,17.4,260,0.2
0 days 00:16:41.335000,9.2,75.0,1011.6,True,17.4,258,0.3
0 days 00:17:41.336000,9.2,73.1,1011.5,True,17.5,270,0.6
0 days 00:18:41.352000,9.2,74.0,1011.5,True,17.5,244,0.2
0 days 00:19:41.352000,9.2,75.4,1011.5,True,17.4,266,0.3
0 days 00:20:41.361000,9.2,76.2,1011.5,True,17.4,272,0.4
0 days 00:21:41.350000,9.2,74.9,1011.5,True,17.4,271,0.5
0 days 00:22:41.350000,9.3,74.8,1011.5,True,17.5,259,0.5
0 days 00:23:41.351000,9.2,74.6,1011.5,True,17.4,271,0.4
0 days 00:24:41.352000,9.2,73.1,1011.5,True,17.3,273,0.4
0 days 00:25:41.369000,9.3,74.7,1011.5,True,17.5,244,0.3
0 days 00:26:41.366000,9.3,74.3,1011.5,True,17.5,281,0.2
0 days 00:27:41.381000,9.4,76.0,1011.5,True,17.5,248,0.2
0 days 00:28:41.382000,9.4,76.4,1011.5,True,17.7,258,0.2
0 days 00:29:41.397000,9.4,75.5,1011.5,True,17.8,273,0.2
0 days 00:30:41.414000,9.4,74.6,1011.5,True,17.8,0,0.1
0 days 00:31:41.414000,9.4,75.7,1011.5,True,17.7,177,0.1
0 days 00:32:41.413000,9.5,77.1,1011.5,True,17.7,0,0.4
0 days 00:33:41.418000,9.6,75.0,1011.5,True,17.7,178,0.1
0 days 00:34:41.415000,9.6,75.4,1011.5,True,17.3,203,0.2
0 days 00:35:41.414000,9.5,75.7,1011.5,True,17.2,199,0.1
0 days 00:36:41.414000,9.5,74.2,1011.4,True,17.1,226,0.3
0 days 00:37:41.414000,9.4,74.4,1011.5,True,16.9,122,0.2
0 days 00:38:41.416000,9.6,75.6,1011.6,True,16.7,206,0.5
0 days 00:39:41.413000,9.6,76.8,1011.5,True,16.5,91,0.3
0 days 00:40:41.413000,9.8,76.5,1011.5,True,16.5,218,0.2
0 days 00:41:41.414000,9.7,74.8,1011.5,True,16.4,238,0.2
0 days 00:42:41.413000,9.6,75.9,1011.5,True,16.4,197,0.3
0 days 00:43:41.412000,9.7,74.0,1011.5,True,16.4,268,0.2
0 days 00:44:41.414000,9.7,74.7,1011.5,True,16.3,95,0.2
0 days 00:45:41.411000,9.7,74.9,1011.4,True,16.2,288,0.4
0 days 00:46:41.412000,9.7,73.2,1011.5,True,16.2,359,0.1
0 days 00:47:41.413000,9.8,74.3,1011.5,True,16.2,77,0.3
0 days 00:48:41.433000,9.9,72.5,1011.4,True,16.2,0,0.1
0 days 00:49:41.412000,9.9,72.5,1011.5,True,16.2,85,0.6
0 days 00:50:41.421000,10.0,72.2,1011.4,True,16.2,83,0.3
0 days 00:51:41.403000,10.0,71.3,1011.5,True,16.1,99,0.7
0 days 00:52:41.413000,10.0,71.2,1011.3,True,15.7,97,0.7
0 days 00:53:41.418000,10.1,67.7,1011.4,True,15.2,81,0.8
0 days 00:54:41.413000,10.1,69.9,1011.4,True,15.2,99,0.8
0 days 00:55:41.421000,10.2,68.8,1011.3,True,15.0,87,0.6
0 days 00:56:41.415000,10.2,68.2,1011.4,True,14.9,91,0.9
0 days 00:57:41.413000,10.2,69.2,1011.4,True,14.6,89,0.9
0 days 00:58:41.412000,10.3,69.6,1011.5,True,14.5,90,0.7
0 days 00:59:41.414000,10.3,68.5,1011.3,True,14.3,82,0.8
0 days 01:00:41.412000,10.3,68.8,1011.3,True,14.3,103,0.8
0 days 01:01:41.411000,10.4,69.6,1011.3,True,14.1,93,0.7
0 days 01:02:41.415000,10.4,69.1,1011.3,False,14.0,75,0.8
0 days 01:03:41.411000,10.4,69.3,1011.3,False,14.1,67,0.8
0 days 01:04:41.423000,10.4,67.7,1011.1,False,14.0,88,0.6
0 days 01:05:41.413000,10.4,68.8,1011.3,False,13.9,83,0.8
0 days 01:06:41.414000,10.4,68.9,1011.4,False,13.8,89,0.9
0 days 01:07:41.412000,10.5,67.7,1011.6,False,13.9,70,0.6
0 days 01:08:41.412000,10.4,67.3,1011.2,False,13.9,79,0.7
0 days 01:09:41.414000,10.5,68.6,1011.3,False,13.9,78,0.9
0 days 01:10:41.412000,10.6,66.5,1011.3,False,14.1,89,0.7
0 days 01:11:41.412000,10.6,68.1,1011.0,False,14.2,81,0.9
0 days 01:12:41.412000,10.7,68.9,1011.3,False,14.2,85,0.7
0 days 01:13:41.412000,10.7,68.7,1011.4,False,14.4,99,0.8
0 days 01:14:41.412000,10.8,69.2,1011.1,False,14.6,105,0.7
0 days 01:15:41.409000,10.9,68.6,1011.3,False,14.7,92,1.0
0 days 01:16:41.429000,10.9,67.7,1011.2,False,14.9,112,1.0
0 days 01:17:41.416000,11.0,67.7,1011.3,False,15.0,95,1.0
0 days 01:18:41.412000,11.1,67.6,1011.2,False,15.2,102,1.0
0 days 01:19:41.413000,11.1,67.3,1011.1,False,15.3,97,1.1
0 days 01:20:41.419000,11.1,65.9,1011.2,False,15.4,88,1.1
0 days 01:21:41.415000,11.1,65.0,1011.3,False,15.5,84,0.8
0 days 01:22:41.413000,11.1,66.0,1011.3,False,15.5,105,0.7
0 days 01:23:41.413000,11.0,66.1,1011.2,False,15.4,100,0.7
0 days 01:24:41.415000,11.1,66.0,1011.3,False,15.6,91,1.0
0 days 01:25:41.418000,11.1,65.9,1011.2,False,15.7,97,0.9
0 days 01:26:41.413000,11.2,66.0,1011.2,False,15.8,117,0.8
0 days 01:27:41.411000,11.1,66.5,1011.0,False,15.9,155,0.5
0 days 01:28:41.411000,11.2,67.1,1011.2,False,15.9,113,0.5
0 days 01:29:41.413000,11.2,67.3,1011.2,False,16.0,126,0.5
0 days 01:30:41.412000,11.1,67.1,1011.2,False,16.0,229,0.4
0 days 01:31:41.413000,11.0,66.8,1011.2,False,15.9,230,0.2
0 days 01:32:41.416000,11.0,68.2,1011.3,False,15.9,232,0.2
0 days 01:33:41.414000,11.1,69.6,1011.2,False,16.1,234,0.2
0 days 01:34:41.412000,11.1,70.1,1011.2,False,16.3,240,0.2
0 days 01:35:41.412000,11.0,69.6,1011.2,False,16.4,208,0.1
0 days 01:36:41.412000,11.0,70.4,1011.2,False,16.5,88,0.1
0 days 01:37:41.414000,11.0,68.9,1011.2,False,16.6,251,0.1
0 days 01:38:41.412000,11.0,69.7,1011.2,False,16.8,228,0.3
0 days 01:39:41.416000,11.0,68.3,1011.1,False,16.8,238,0.3
0 days 01:40:41.419000,10.9,69.9,1011.2,False,16.8,255,0.1
0 days 01:41:41.412000,10.9,71.1,1011.2,False,17.2,351,0.2
0 days 01:42:41.412000,11.1,71.3,1011.2,False,17.4,245,0.1
0 days 01:43:41.421000,11.1,70.7,1011.2,False,17.5,283,0.2
0 days 01:44:41.413000,11.1,70.5,1011.1,False,17.7,282,0.1
0 days 01:45:41.419000,11.1,68.9,1011.1,False,17.8,251,0.5
0 days 01:46:41.411000,11.0,69.8,1011.1,False,17.8,271,0.4
0 days 01:47:41.416000,10.9,70.6,1011.1,False,17.7,240,0.3
0 days 01:48:41.416000,10.9,70.8,1011.1,False,17.8,275,0.3
0 days 01:49:41.417000,11.0,71.0,1011.0,False,17.8,266,0.4
0 days 01:50:41.427000,11.0,70.9,1011.1,False,17.9,286,0.4
0 days 01:51:41.414000,11.0,71.9,1011.0,False,17.9,263,0.3
0 days 01:52:41.411000,11.1,71.8,1011.0,False,18.0,295,0.3
0 days 01:53:41.413000,11.1,71.3,1011.1,False,18.0,248,0.2
0 days 01:54:41.412000,11.2,71.4,1011.1,False,18.0,241,0.1
0 days 01:55:41.418000,11.3,70.1,1011.0,False,18.3,277,0.2
0 days 01:56:41.412000,11.3,68.3,1011.0,False,18.2,260,0.1
0 days 01:57:41.404000,11.3,69.2,1011.1,False,18.2,268,0.3
0 days 01:58:41.414000,11.2,68.9,1011.0,False,18.2,287,0.3
0 days 01:59:41.415000,11.2,69.1,1011.0,False,18.1,235,0.2
0 days 02:00:41.413000,11.3,69.8,1011.0,False,18.1,114,0.3
0 days 02:01:41.412000,11.5,69.4,1011.2,False,18.2,42,0.6
0 days 02:02:41.413000,11.6,67.9,1011.0,False,18.3,84,0.2
0 days 02:03:41.413000,11.6,67.3,1011.1,False,18.2,297,0.5
0 days 02:04:41.415000,11.5,67.1,1010.7,False,18.0,94,0.7
0 days 02:05:41.413000,11.5,66.9,1011.1,False,17.9,84,0.5
0 days 02:06:41.415000,11.6,66.2,1011.0,False,17.9,91,0.9
0 days 02:07:41.415000,11.6,66.7,1011.0,False,17.9,163,0.8
0 days 02:08:41.402000,11.6,67.0,1011.0,False,17.7,88,0.5
0 days 02:09:41.414000,11.6,67.1,1011.0,False,17.6,88,0.7
0 days 02:10:41.413000,11.6,66.9,1011.0,False,17.6,113,0.6
0 days 02:11:41.412000,11.6,66.6,1010.9,False,17.7,122,0.7
0 days 02:12:41.412000,11.6,66.2,1010.9,False,17.6,107,0.8
0 days 02:13:41.420000,11.7,66.6,1011.0,False,17.5,92,0.5
0 days 02:14:41.417000,11.7,66.3,1011.1,True,17.6,70,0.7
0 days 02:15:41.413000,11.7,66.1,1010.9,True,17.8,80,0.5
0 days 02:16:41.411000,11.8,64.8,1011.0,True,17.8,108,0.6
0 days 02:17:41.413000,11.8,64.8,1011.4,True,17.8,97,0.5
0 days 02:18:41.413000,11.7,64.6,1011.0,False,17.8,92,0.5
0 days 02:19:41.413000,11.7,65.2,1011.1,False,17.8,113,0.7
0 days 02:20:41.412000,11.8,65.9,1011.0,False,17.7,96,0.7
0 days 02:21:41.412000,11.6,65.9,1010.7,False,17.6,80,0.9
0 days 02:22:41.415000,11.6,65.6,1011.0,False,17.6,83,0.6
0 days 02:23:41.412000,11.6,65.8,1011.0,False,17.7,114,0.6
0 days 02:24:41.411000,11.7,66.2,1010.9,False,17.7,118,0.5
0 days 02:25:41.414000,11.7,66.0,1010.9,False,17.7,82,0.3
0 days 02:26:41.412000,11.7,65.8,1010.9,False,17.7,98,0.5
0 days 02:27:41.413000,11.7,65.7,1010.9,False,17.8,87,0.8
0 days 02:28:41.412000,11.7,65.2,1010.9,False,17.6,35,0.3
0 days 02:29:41.414000,11.7,65.5,1010.9,False,17.7,62,0.6
0 days 02:30:41.436000,11.7,64.9,1010.9,False,17.8,320,0.3
0 days 02:31:41.410000,11.7,65.0,1011.0,False,17.8,62,0.3
0 days 02:32:41.412000,11.8,63.2,1010.9,False,17.7,92,0.3
0 days 02:33:41.412000,11.9,64.4,1010.9,False,17.7,107,0.9
0 days 02:34:41.414000,12.0,63.8,1011.0,False,17.8,105,0.8
0 days 02:35:41.412000,12.1,64.0,1010.8,False,17.9,91,0.8
0 days 02:36:41.414000,12.1,63.7,1010.8,False,18.0,80,0.7
0 days 02:37:41.416000,12.1,63.2,1010.9,False,18.5,100,0.7
0 days 02:38:41.412000,12.2,62.6,1011.0,False,18.5,89,0.6
0 days 02:39:41.413000,12.3,62.4,1011.0,False,18.5,90,0.7
0 days 02:40:41.411000,12.3,61.6,1010.9,False,18.6,72,0.3
0 days 00:00:59.470000,17.9,43.0,1005.9,False,34.5,358,0.9
0 days 00:01:59.470000,17.9,43.4,1005.7,False,34.8,1,0.9
0 days 00:02:59.469000,17.9,43.2,1005.7,False,35.9,17,0.9
0 days 00:03:59.474000,17.7,43.2,1005.6,False,36.1,8,0.5
0 days 00:04:59.470000,17.7,42.0,1005.7,False,36.8,11,0.6
0 days 00:05:59.477000,18.1,42.1,1005.7,False,36.8,358,0.6
0 days 00:06:59.470000,18.3,41.6,1005.8,False,36.3,43,0.8
0 days 00:07:59.470000,18.3,42.4,1005.6,False,36.3,349,1.1
0 days 00:08:59.470000,18.5,41.9,1005.8,False,37.1,15,0.9
0 days 00:09:59.471000,18.4,41.9,1005.7,False,37.5,350,0.8
0 days 00:10:59.471000,18.1,40.8,1005.6,False,37.5,346,0.6
0 days 00:11:59.470000,18.1,42.1,1005.9,False,37.5,1,0.8
0 days 00:12:59.470000,18.1,42.6,1005.7,False,37.7,353,1.0
0 days 00:13:59.485000,18.1,42.2,1005.7,False,38.2,27,0.8
0 days 00:14:59.483000,18.2,42.3,1005.7,False,38.2,40,0.8
0 days 00:15:59.487000,18.0,42.8,1005.7,False,38.3,357,1.0
0 days 00:16:59.503000,18.1,42.5,1005.8,False,38.4,10,0.7
0 days 00:17:59.521000,18.1,42.4,1005.5,False,38.4,347,0.7
0 days 00:18:59.520000,18.1,43.2,1005.6,False,38.4,31,0.8
0 days 00:19:59.514000,18.0,43.6,1005.6,False,38.4,43,0.5
0 days 00:20:59.534000,18.2,42.6,1005.6,False,38.8,67,0.5
0 days 00:21:59.545000,18.3,41.9,1005.7,False,38.9,31,0.8
0 days 00:22:59.551000,18.4,40.1,1005.7,False,39.1,31,0.8
0 days 00:23:59.547000,18.5,40.6,1005.6,False,39.2,346,0.6
0 days 00:24:59.546000,19.1,39.1,1005.7,False,39.2,10,0.9
0 days 00:25:59.545000,18.9,40.6,1005.7,False,39.1,24,1.0
0 days 00:26:59.547000,19.0,40.3,1005.6,False,38.9,38,0.9
0 days 00:27:59.555000,19.0,38.7,1005.8,False,38.8,25,0.8
0 days 00:28:59.548000,18.4,38.8,1005.7,False,38.8,44,0.8
0 days 00:29:59.546000,18.3,40.3,1005.8,False,38.8,0,0.8
0 days 00:30:59.552000,18.2,41.0,1005.7,False,39.3,29,0.8
0 days 00:31:59.552000,18.1,42.1,1005.7,False,38.9,2,1.0
0 days 00:32:59.548000,18.1,42.0,1005.6,False,38.9,29,0.6
0 days 00:33:59.553000,18.0,41.6,1005.7,False,37.8,19,0.7
0 days 00:34:59.547000,18.0,39.8,1005.6,False,36.9,27,0.6
0 days 00:35:59.547000,18.1,40.1,1005.7,False,37.4,25,0.9
0 days 00:36:59.548000,18.0,40.2,1005.6,False,37.6,8,0.8
0 days 00:37:59.561000,17.9,40.4,1005.7,False,38.0,8,0.8
0 days 00:38:59.561000,18.0,40.6,1005.7,False,37.9,349,1.1
0 days 00:39:59.564000,18.1,40.6,1005.6,False,36.0,355,1.0
0 days 00:40:59.564000,18.1,40.5,1005.5,False,36.0,29,1.0
0 days 00:41:59.579000,18.0,41.3,1005.6,False,36.3,41,0.8
0 days 00:42:59.603000,17.7,41.6,1005.5,False,36.5,17,0.9
0 days 00:43:59.599000,17.6,40.9,1005.7,False,36.5,348,0.5
0 days 00:44:59.611000,17.7,40.6,1005.6,False,36.3,346,0.6
0 days 00:45:59.610000,17.4,41.0,1005.7,False,35.0,20,0.8
0 days 00:46:59.626000,17.6,42.6,1005.5,False,34.2,22,0.6
0 days 00:47:59.647000,17.7,43.3,1005.5,False,34.2,0,0.6
0 days 00:48:59.649000,17.8,43.1,1005.6,False,35.5,322,0.2
0 days 00:49:59.668000,18.0,42.0,1005.6,False,36.2,19,0.3
0 days 00:50:59.643000,18.4,40.9,1005.4,False,37.0,358,0.5
0 days 00:51:59.660000,18.4,41.5,1005.5,False,37.8,1,0.6
0 days 00:52:59.674000,18.4,42.6,1005.5,False,36.6,7,0.5
0 days 00:53:59.673000,18.2,43.4,1005.5,False,35.7,1,0.6
0 days 00:54:59.664000,18.4,43.4,1005.5,False,35.7,353,0.6
0 days 00:55:59.672000,18.4,42.9,1005.4,False,37.1,26,0.6
0 days 00:56:59.674000,18.5,43.5,1005.5,False,37.3,42,0.7
0 days 00:57:59.672000,18.4,43.2,1005.5,False,37.9,13,0.7
0 days 00:58:59.678000,18.3,43.1,1005.4,False,38.1,59,0.6
0 days 00:59:59.671000,18.4,43.1,1005.5,False,38.1,358,0.5
0 days 01:00:59.674000,18.4,42.5,1005.6,False,38.7,346,1.0
0 days 01:01:59.668000,18.1,41.0,1005.5,False,38.7,350,1.1
0 days 01:02:59.676000,17.7,41.6,1005.6,False,35.9,2,1.6
0 days 01:03:59.670000,17.8,40.5,1005.5,False,35.3,20,0.9
0 days 01:04:59.673000,17.7,41.5,1005.6,False,35.3,24,0.8
0 days 01:05:59.673000,17.6,41.7,1005.5,False,35.9,5,0.7
0 days 01:06:59.671000,17.8,41.5,1005.6,False,36.4,0,0.8
0 days 01:07:59.686000,17.9,42.1,1005.5,False,36.7,348,0.7
0 days 01:08:59.688000,18.0,42.2,1005.6,False,36.7,347,1.0
0 days 01:09:59.673000,18.1,42.3,1005.5,False,36.4,348,0.6
0 days 01:10:59.672000,18.0,41.3,1005.5,False,36.4,19,0.9
0 days 01:11:59.686000,17.9,41.6,1005.5,False,37.0,34,0.6
0 days 01:12:59.673000,17.8,41.3,1005.5,False,36.8,359,0.8
0 days 01:13:59.672000,17.8,41.8,1005.6,False,37.0,37,0.6
0 days 01:14:59.673000,17.7,42.4,1005.5,False,37.1,27,0.8
0 days 01:15:59.677000,18.0,41.8,1005.5,False,36.9,27,0.8
0 days 01:16:59.672000,18.0,40.5,1005.4,False,36.7,8,1.0
0 days 01:17:59.674000,18.0,40.5,1005.4,False,36.8,11,0.7
0 days 00:00:04.020000,19.5,38.7,1005.4,False,38.5,348,0.8
0 days 00:01:04.020000,19.4,38.0,1005.4,False,38.4,341,1.1
0 days 00:02:04.021000,19.4,38.6,1005.4,False,38.4,16,1.0
0 days 00:03:04.022000,19.2,38.4,1005.4,False,38.4,12,1.0
0 days 00:04:04.020000,19.3,38.2,1005.3,False,38.8,358,0.8
0 days 00:05:04.020000,19.3,38.5,1005.5,False,38.7,13,0.9
0 days 00:06:04.021000,19.5,39.2,1005.5,False,38.7,25,0.8
0 days 00:07:04.017000,19.3,39.5,1005.4,False,38.9,353,0.4
0 days 00:08:04.023000,19.1,39.7,1005.4,False,39.0,348,0.5
0 days 00:09:04.018000,19.2,39.4,1005.4,False,39.4,3,0.6
0 days 00:10:04.021000,19.2,38.5,1005.3,False,39.4,10,0.8
0 days 00:11:04.020000,19.3,38.1,1005.4,False,39.1,349,0.8
0 days 00:12:04.021000,19.3,37.8,1005.3,False,38.7,12,1.2
0 days 00:13:04.019000,19.4,37.5,1005.3,False,38.7,3,1.0
0 days 00:14:04.020000,19.4,37.5,1005.3,False,38.7,3,1.0
0 days 00:15:04.022000,19.4,37.5,1005.3,False,38.7,10,0.6
0 days 00:16:04.019000,19.5,37.7,1005.3,False,39.0,4,0.5
0 days 00:17:04.020000,19.5,38.1,1005.2,False,39.2,7,0.7
0 days 00:18:04.020000,19.5,38.6,1005.1,False,39.3,352,0.8
0 days 00:19:04.019000,19.6,38.3,1005.0,False,39.4,343,1.0
0 days 00:20:04.035000,19.6,38.4,1005.1,False,39.6,349,0.9
0 days 00:21:04.035000,19.7,38.4,1005.1,False,39.7,352,1.0
0 days 00:22:04.035000,19.8,37.3,1005.2,False,39.8,350,0.8
0 days 00:23:04.049000,20.0,37.8,1005.0,False,40.3,347,1.3
0 days 00:24:04.068000,19.9,38.3,1005.1,False,40.3,351,0.6
0 days 00:25:04.066000,19.8,38.3,1005.0,False,40.3,346,1.1
0 days 00:26:04.081000,19.8,37.8,1005.1,False,40.3,342,1.1
0 days 00:27:04.115000,19.9,38.0,1005.1,False,40.6,343,1.2
0 days 00:28:04.117000,19.7,39.1,1005.1,False,40.1,353,1.0
0 days 00:29:04.134000,19.6,38.9,1005.1,False,40.1,20,0.7
0 days 00:30:04.130000,19.7,39.0,1005.0,False,40.6,13,0.7
0 days 00:31:04.146000,19.8,39.1,1005.1,False,40.6,346,0.9
0 days 00:32:04.146000,19.7,38.7,1005.0,False,40.5,20,1.1
0 days 00:33:04.144000,19.7,38.9,1005.1,False,40.3,23,0.9
0 days 00:34:04.143000,19.8,39.3,1004.9,False,40.4,1,0.6
0 days 00:35:04.144000,19.9,39.4,1005.1,False,40.5,13,0.6
0 days 00:36:04.145000,19.8,38.4,1005.1,False,40.4,354,1.1
0 days 00:37:04.145000,20.0,38.2,1005.0,False,40.1,8,1.0
0 days 00:38:04.155000,20.0,37.9,1004.9,False,40.0,8,1.0
0 days 00:39:04.146000,19.9,38.1,1005.1,False,39.6,351,1.1
0 days 00:40:04.145000,19.7,39.2,1005.0,False,39.5,8,0.6
0 days 00:41:04.146000,19.7,39.2,1004.9,False,39.8,348,0.5
0 days 00:42:04.146000,19.9,38.6,1005.0,False,40.0,349,1.4
0 days 00:43:04.143000,19.8,39.2,1005.0,False,39.7,5,0.8
0 days 00:44:04.144000,19.7,39.0,1004.9,False,39.7,345,0.8
0 days 00:45:04.145000,19.8,39.2,1005.0,False,39.7,13,1.3
0 days 00:46:04.146000,19.7,38.5,1004.9,False,39.7,6,1.0
0 days 00:47:04.176000,19.8,38.7,1005.0,False,39.7,349,1.2
0 days 00:48:04.144000,19.7,39.2,1004.9,False,39.4,108,1.2
0 days 00:49:04.136000,19.5,39.4,1005.0,False,39.2,4,0.5
0 days 00:50:04.150000,19.4,38.8,1005.0,False,39.2,345,0.7
0 days 00:51:04.144000,19.4,38.0,1005.0,False,39.7,34,1.0
0 days 00:52:04.143000,19.6,38.3,1005.0,False,40.2,14,0.8
0 days 00:53:04.152000,19.5,38.8,1005.1,False,40.5,19,0.7
0 days 00:54:04.146000,19.7,39.1,1005.0,False,40.5,21,0.8
0 days 00:55:04.145000,19.7,39.3,1005.0,False,39.7,350,0.8
0 days 00:56:04.145000,19.4,38.4,1005.0,False,39.7,37,0.7
0 days 00:57:04.144000,19.5,38.7,1004.9,False,39.2,45,1.0
0 days 00:58:04.150000,19.5,39.0,1004.9,False,39.2,339,1.0
0 days 00:59:04.147000,19.5,39.0,1004.9,False,39.2,339,1.0
0 days 01:00:04.150000,19.4,38.5,1004.9,False,39.5,340,0.8
0 days 01:01:04.145000,19.5,38.2,1005.0,False,39.7,347,0.8
0 days 01:02:04.139000,19.7,37.4,1004.9,False,39.9,9,0.8
0 days 01:03:04.145000,19.6,37.4,1004.9,False,39.9,9,0.8
0 days 01:04:04.144000,19.5,38.1,1004.8,False,39.2,24,0.7
0 days 01:05:04.145000,19.4,38.0,1004.8,False,39.5,358,0.8
0 days 01:06:04.170000,19.6,37.7,1004.9,False,39.6,356,0.6
0 days 01:07:04.143000,19.6,37.3,1004.9,False,39.8,19,0.7
0 days 01:08:04.145000,19.5,37.5,1004.8,False,39.8,34,0.9
0 days 01:09:04.153000,19.5,38.0,1004.9,False,39.4,34,0.6
0 days 01:10:04.153000,19.4,38.1,1004.7,False,39.4,85,0.3
0 days 01:11:04.145000,19.3,38.3,1004.7,False,39.5,49,0.6
0 days 01:12:04.148000,19.3,38.3,1004.6,False,39.5,353,0.8
0 days 01:13:04.148000,19.3,38.1,1004.6,False,39.6,343,1.2
0 days 01:14:04.144000,19.4,38.1,1004.6,False,39.6,343,1.2
0 days 01:15:04.144000,19.5,37.8,1004.6,False,39.8,334,0.7
0 days 01:16:04.143000,19.7,36.7,1004.6,False,39.9,353,0.2
0 days 01:17:04.145000,19.8,36.7,1004.7,False,39.9,31,0.3
0 days 01:18:04.148000,19.8,36.7,1004.7,False,39.9,31,0.3
0 days 01:19:04.148000,19.7,37.7,1004.6,False,39.3,34,0.8
0 days 01:20:04.149000,19.6,37.7,1004.6,False,39.3,34,0.8
0 days 01:21:04.142000,19.5,38.1,1004.6,False,39.6,0,0.7
0 days 01:22:04.143000,19.6,38.1,1004.6,False,39.6,0,0.7
0 days 01:23:04.155000,19.6,38.5,1004.5,False,39.4,349,0.8
0 days 01:24:04.149000,19.5,38.5,1004.5,False,39.4,349,0.8
0 days 01:25:04.146000,19.5,38.8,1004.4,False,39.2,7,0.5
0 days 01:26:04.145000,19.6,38.8,1004.4,False,39.2,7,0.5
0 days 01:27:04.148000,19.7,37.6,1004.6,False,40.2,39,0.9
0 days 01:28:04.145000,19.6,38.5,1004.7,False,39.7,40,0.9
0 days 01:29:04.148000,19.5,39.2,1004.7,False,39.6,18,1.2
0 days 01:30:04.145000,19.4,39.2,1004.7,False,39.6,18,1.2
0 days 01:31:04.144000,19.3,39.5,1004.7,False,39.6,0,0.6
0 days 01:32:04.164000,19.4,39.5,1004.7,False,39.6,0,0.6
0 days 01:33:04.147000,19.6,38.1,1004.6,False,39.4,7,0.8
0 days 01:34:04.143000,19.6,38.1,1004.6,False,39.4,7,0.8
0 days 01:35:04.142000,19.6,39.0,1004.5,False,39.7,34,1.1
0 days 01:36:04.147000,19.5,39.0,1004.5,False,39.7,34,1.1
0 days 01:37:04.143000,19.4,40.4,1004.6,False,39.5,46,0.8
0 days 01:38:04.146000,19.4,40.4,1004.6,False,39.5,46,0.8
0 days 01:39:04.143000,19.3,40.2,1004.6,False,39.3,354,0.9
0 days 01:40:04.525000,19.3,40.2,1004.6,False,39.3,354,0.9
0 days 01:41:04.144000,19.4,39.6,1004.6,False,39.0,0,0.8
0 days 01:42:04.143000,19.5,39.1,1004.5,False,39.1,13,0.8
0 days 01:43:04.149000,19.3,40.0,1004.5,False,38.6,4,0.8
0 days 01:44:04.155000,19.1,40.6,1004.5,False,38.6,24,0.9
0 days 01:45:04.158000,19.0,41.1,1004.6,False,38.4,355,0.7
0 days 01:46:04.160000,19.0,40.7,1004.4,False,38.8,6,1.0
0 days 01:47:04.160000,19.1,40.8,1004.5,False,38.9,10,0.9
0 days 01:48:04.174000,19.1,40.8,1004.5,False,38.9,10,0.9
0 days 01:49:04.194000,18.9,41.0,1004.5,False,38.7,4,0.9
0 days 01:50:04.167000,18.8,41.0,1004.5,False,38.7,4,0.9
0 days 01:51:04.191000,18.7,41.7,1004.5,False,38.0,2,1.0
0 days 01:52:04.191000,18.9,41.3,1004.5,False,38.0,12,0.7
0 days 01:53:04.193000,19.1,41.1,1004.5,False,38.4,23,0.8
0 days 01:54:04.200000,19.1,41.1,1004.5,False,38.4,23,0.8
0 days 01:55:04.189000,19.1,41.0,1004.4,False,38.1,22,0.8
0 days 01:56:04.191000,19.0,41.5,1004.5,False,37.8,341,0.5
0 days 01:57:04.205000,19.0,41.4,1004.4,False,37.8,350,0.7
0 days 01:58:04.222000,18.9,41.7,1004.4,False,37.5,349,0.6
0 days 01:59:04.198000,19.0,42.2,1004.4,False,37.2,353,0.9
0 days 02:00:04.222000,19.1,42.5,1004.4,False,37.1,350,1.3
0 days 02:01:04.238000,19.1,42.5,1004.4,False,36.8,7,1.1
0 days 02:02:04.237000,19.2,42.4,1004.4,False,36.9,351,0.8
0 days 02:03:04.238000,19.0,42.5,1004.3,False,36.4,50,0.6
0 days 02:04:04.236000,19.0,42.5,1004.3,False,36.4,50,0.6
0 days 02:05:04.235000,19.0,43.2,1004.4,False,35.8,10,0.8
0 days 02:06:04.238000,18.9,44.2,1004.3,False,35.4,26,1.1
0 days 02:07:04.251000,18.5,44.9,1004.4,False,34.4,31,1.0
0 days 02:08:04.242000,18.3,45.2,1004.5,False,34.0,32,1.0
0 days 02:09:04.254000,18.1,45.5,1004.4,False,33.8,28,0.9
0 days 02:10:04.275000,18.1,45.5,1004.4,False,33.8,28,0.9
0 days 02:11:04.261000,18.1,44.7,1004.2,False,34.0,46,0.8
0 days 02:12:04.270000,18.1,45.2,1004.3,False,34.1,349,0.8
0 days 02:13:04.269000,18.2,44.9,1004.4,False,34.1,13,1.0
0 days 00:00:27.059000,25.2,46.2,1002.7,False,44.7,217,0.7
0 days 00:01:27.059000,25.2,47.3,1002.8,False,44.6,189,0.7
0 days 00:02:27.076000,25.2,47.4,1002.7,False,44.6,221,0.6
0 days 00:03:27.075000,25.2,48.2,1002.7,False,44.7,226,0.8
0 days 00:04:27.076000,25.3,47.9,1002.7,False,44.7,238,0.6
0 days 00:05:27.075000,25.2,49.8,1002.7,False,44.2,164,0.4
0 days 00:06:27.074000,25.2,48.1,1002.7,False,45.0,211,0.5
0 days 00:07:27.074000,25.5,46.8,1002.6,False,45.1,189,0.6
0 days 00:08:27.075000,25.3,47.7,1002.7,False,44.8,197,0.8
0 days 00:09:27.089000,25.3,48.1,1002.7,False,44.7,235,0.5
0 days 00:10:27.088000,25.4,48.6,1002.7,False,44.5,196,0.4
0 days 00:11:27.106000,25.3,47.4,1002.6,False,44.9,205,0.5
0 days 00:12:27.123000,25.3,46.2,1002.6,False,44.9,226,0.5
0 days 00:13:27.120000,25.2,47.8,1002.7,False,44.9,188,0.2
0 days 00:14:27.123000,25.2,47.2,1002.6,False,44.8,219,0.3
0 days 00:15:27.121000,25.2,46.1,1002.6,False,45.7,195,0.4
0 days 00:16:27.122000,25.2,46.9,1002.6,False,44.7,207,0.7
0 days 00:17:27.120000,25.0,47.2,1002.6,False,44.7,220,0.7
0 days 00:18:27.137000,25.0,47.7,1002.6,False,44.7,232,0.7
0 days 00:19:27.154000,25.3,47.2,1002.6,False,45.2,216,0.6
0 days 00:20:27.154000,25.4,46.6,1002.5,False,45.0,189,0.3
0 days 00:21:27.155000,25.3,46.9,1002.6,False,45.0,221,0.5
0 days 00:22:27.153000,25.3,47.4,1002.6,False,44.7,224,0.6
0 days 00:23:27.156000,25.3,45.9,1002.5,False,45.0,219,0.7
0 days 00:24:27.155000,25.3,45.9,1002.4,False,44.5,210,0.7
0 days 00:25:27.171000,25.2,47.7,1002.5,False,44.2,216,0.4
0 days 00:26:27.185000,25.2,47.7,1002.5,False,44.2,216,0.4
0 days 00:27:27.199000,25.2,47.1,1002.4,False,44.9,198,0.5
0 days 00:28:27.226000,25.2,48.1,1002.4,False,45.1,193,0.3
0 days 00:29:27.305000,25.3,46.0,1002.5,False,45.4,205,0.6
0 days 00:30:27.248000,25.3,46.9,1002.5,False,45.4,195,0.6
0 days 00:31:27.263000,25.2,47.7,1002.6,False,44.9,210,0.4
0 days 00:32:27.283000,25.3,47.6,1002.5,False,44.4,161,0.5
0 days 00:33:27.278000,25.3,47.6,1002.5,False,44.4,161,0.5
0 days 00:34:27.277000,25.5,46.1,1002.4,False,45.4,232,0.3
0 days 00:35:27.278000,25.5,45.9,1002.5,False,45.4,198,0.3
0 days 00:36:27.281000,25.4,45.3,1002.4,False,45.3,199,0.3
0 days 00:37:27.277000,25.6,46.5,1002.5,False,44.8,240,0.4
0 days 00:38:27.277000,25.4,46.6,1002.4,False,44.8,177,0.6
0 days 00:39:27.277000,25.2,47.0,1002.5,False,45.0,196,0.6
0 days 00:40:27.277000,25.1,47.0,1002.5,False,45.0,196,0.6
0 days 00:41:27.278000,25.1,48.7,1002.4,False,44.5,201,0.7
0 days 00:42:27.280000,25.0,48.7,1002.4,False,44.5,201,0.7
0 days 00:43:27.294000,25.0,48.6,1002.5,False,44.4,236,0.4
0 days 00:44:27.285000,24.9,48.6,1002.5,False,44.4,236,0.4
0 days 00:45:27.291000,24.9,47.1,1002.5,False,44.9,206,0.5
0 days 00:46:27.284000,25.1,47.1,1002.5,False,44.9,206,0.5
0 days 00:47:27.294000,25.1,48.2,1002.4,False,44.9,227,0.6
0 days 00:48:27.309000,25.2,48.2,1002.4,False,44.9,227,0.6
0 days 00:49:27.327000,25.2,48.0,1002.4,False,44.5,242,0.7
0 days 00:50:27.324000,25.1,48.0,1002.4,False,44.5,242,0.7
0 days 00:51:27.324000,25.0,46.0,1002.5,False,44.5,221,1.0
0 days 00:52:27.325000,24.9,46.0,1002.5,False,44.5,221,1.0
0 days 00:53:27.330000,25.1,47.9,1002.4,False,43.7,210,0.6
0 days 00:54:27.324000,25.1,46.9,1002.5,False,43.7,232,0.8
0 days 00:55:27.356000,25.3,47.4,1002.4,False,43.8,195,0.8
0 days 00:56:27.372000,25.2,48.3,1002.5,False,44.5,172,0.6
0 days 00:57:27.373000,24.9,48.3,1002.5,False,44.5,172,0.6
0 days 00:58:27.376000,24.9,47.2,1002.3,False,44.9,119,0.7
0 days 00:59:27.375000,24.8,47.2,1002.3,False,44.9,119,0.7
0 days 01:00:27.373000,24.8,46.4,1002.4,False,44.9,202,0.5
0 days 01:01:27.371000,25.0,46.4,1002.4,False,44.9,202,0.5
0 days 01:02:27.372000,25.0,48.1,1002.4,False,44.1,181,0.7
0 days 01:03:27.371000,24.9,48.1,1002.4,False,44.1,181,0.7
0 days 01:04:27.379000,24.9,49.3,1002.3,False,44.2,226,0.4
0 days 01:05:27.387000,24.7,49.3,1002.3,False,44.2,226,0.4
0 days 01:06:27.401000,24.7,47.2,1002.4,False,44.5,191,0.6
0 days 01:07:27.403000,24.8,47.2,1002.4,False,44.5,191,0.6
0 days 01:08:27.405000,24.8,48.1,1002.4,False,44.7,216,0.7
0 days 01:09:27.402000,24.9,48.1,1002.4,False,44.7,216,0.7
0 days 01:10:27.403000,24.9,48.4,1002.3,False,44.1,199,0.7
0 days 01:11:27.403000,24.9,48.4,1002.3,False,44.1,199,0.7
0 days 01:12:27.402000,24.9,48.4,1002.3,False,44.1,197,0.4
0 days 01:13:27.408000,24.6,48.4,1002.3,False,44.1,197,0.4
0 days 01:14:27.405000,24.6,47.9,1002.3,False,44.2,204,0.8
0 days 01:15:27.402000,24.6,47.9,1002.3,False,44.2,204,0.8
0 days 01:16:27.402000,24.6,48.5,1002.3,False,44.1,219,0.2
0 days 01:17:27.403000,24.5,48.5,1002.3,False,44.1,219,0.2
0 days 01:18:27.403000,24.5,48.1,1002.2,False,44.2,238,0.4
0 days 01:19:27.403000,24.7,48.1,1002.2,False,44.2,238,0.4
0 days 01:20:27.403000,24.8,47.0,1002.2,False,45.0,196,0.3
0 days 01:21:27.403000,24.9,47.0,1002.2,False,45.0,196,0.3
0 days 01:22:27.401000,25.0,48.6,1002.2,False,44.0,221,0.5
0 days 01:23:27.401000,25.0,48.6,1002.2,False,44.0,221,0.5
0 days 01:24:27.410000,24.9,49.2,1002.2,False,43.7,208,0.5
0 days 01:25:27.403000,25.0,49.2,1002.2,False,43.7,208,0.5
0 days 01:26:27.401000,25.0,49.5,1002.2,False,44.0,211,0.7
0 days 01:27:27.404000,24.9,49.5,1002.2,False,44.0,211,0.7
0 days 00:00:31.507000,22.3,55.0,994.5,False,34.1,252,0.2
0 days 00:01:31.508000,22.1,55.9,994.8,False,33.6,272,0.5
0 days 00:02:31.507000,22.1,56.9,995.0,False,33.3,209,0.4
0 days 00:03:31.505000,21.9,57.2,995.1,False,32.9,243,0.4
0 days 00:04:31.511000,21.9,57.4,995.2,False,32.8,212,0.4
0 days 00:05:31.508000,21.8,57.0,995.2,False,32.8,248,0.2
0 days 00:06:31.507000,21.8,57.1,995.2,False,33.0,22,0.2
0 days 00:07:31.509000,21.6,57.0,995.2,False,33.0,81,0.3
0 days 00:08:31.523000,21.6,58.1,995.1,False,32.9,12,0.1
0 days 00:09:31.538000,21.8,56.9,995.0,False,32.9,3,0.2
0 days 00:10:31.552000,21.8,56.9,994.9,False,33.0,108,0.2
0 days 00:11:31.554000,21.7,56.7,994.9,False,33.0,40,0.2
0 days 00:12:31.554000,21.7,56.5,994.9,False,32.8,48,0.2
0 days 00:13:31.569000,21.7,56.3,994.9,False,32.8,43,0.4
0 days 00:14:31.588000,21.6,56.2,994.7,False,32.5,60,0.4
0 days 00:15:31.608000,21.6,56.6,994.6,False,32.2,56,0.5
0 days 00:16:31.617000,21.6,56.3,994.5,False,32.2,40,0.3
0 days 00:17:31.641000,21.6,56.2,994.3,False,32.2,18,0.3
0 days 00:18:31.631000,21.6,56.5,994.2,False,32.2,57,0.2
0 days 00:19:31.632000,21.6,56.7,994.2,False,31.9,38,0.4
0 days 00:20:31.634000,21.4,55.9,994.1,False,31.9,19,0.8
0 days 00:21:31.633000,21.4,57.2,994.1,False,31.8,43,0.5
0 days 00:22:31.645000,21.3,57.9,994.1,False,31.4,51,0.5
0 days 00:23:31.629000,21.3,57.9,994.2,False,31.3,51,0.4
0 days 00:24:31.634000,21.3,57.9,994.3,False,31.3,82,0.4
0 days 00:25:31.632000,21.3,57.9,994.4,False,31.6,64,0.3
0 days 00:26:31.647000,21.4,57.3,994.5,False,31.6,137,0.1
0 days 00:27:31.663000,21.4,58.1,994.6,False,31.4,123,0.1
0 days 00:28:31.679000,21.3,57.7,994.5,False,31.4,29,0.1
0 days 00:29:31.677000,21.3,57.7,994.4,False,31.2,51,0.1
0 days 00:30:31.679000,21.4,57.9,994.5,False,31.2,0,0.1
0 days 00:31:31.679000,21.5,57.9,994.5,False,31.5,0,0.0
0 days 00:32:31.679000,21.4,57.9,994.4,False,31.5,296,0.0
0 days 00:33:31.696000,21.4,57.8,994.3,False,31.7,25,0.2
0 days 00:34:31.710000,21.5,57.7,994.4,False,31.7,233,0.1
0 days 00:35:31.728000,21.5,58.6,994.5,False,31.6,84,0.3
0 days 00:36:31.727000,21.7,58.0,994.8,False,31.6,233,0.2
0 days 00:37:31.725000,21.7,57.9,994.8,False,31.8,172,0.4
0 days 00:38:31.726000,21.8,58.0,995.0,False,31.7,116,0.2
0 days 00:39:31.753000,21.8,58.5,994.8,False,31.6,71,0.5
0 days 00:40:31.742000,21.8,57.9,994.8,False,31.6,61,0.3
0 days 00:41:31.742000,21.8,58.4,994.6,False,31.0,41,0.2
0 days 00:42:31.742000,21.7,58.1,994.4,False,31.4,57,0.5
0 days 00:43:31.761000,21.7,58.1,994.5,False,30.8,173,0.5
0 days 00:44:31.782000,21.6,58.2,994.4,False,30.7,66,0.7
0 days 00:45:31.756000,21.7,58.1,994.4,False,31.0,52,0.6
0 days 00:46:31.759000,21.7,57.4,994.2,False,31.0,71,0.6
0 days 00:47:31.757000,21.7,57.5,994.0,False,31.3,58,0.5
0 days 00:48:31.757000,21.8,57.7,994.1,False,31.3,103,0.6
0 days 00:49:31.757000,21.8,57.7,993.9,False,31.4,61,0.3
0 days 00:50:31.757000,21.9,57.3,993.8,False,31.6,135,0.2
0 days 00:51:31.767000,21.9,57.7,993.8,False,31.8,41,0.5
0 days 00:52:31.757000,21.9,57.1,993.6,False,32.2,78,0.4
0 days 00:53:31.757000,22.0,57.7,993.7,False,32.5,92,0.4
0 days 00:54:31.756000,22.0,57.0,993.9,False,32.7,70,0.6
0 days 00:55:31.756000,22.3,56.4,993.9,False,32.7,58,0.5
0 days 00:56:31.759000,22.3,55.9,993.8,False,32.7,73,0.4
0 days 00:57:31.755000,22.3,56.0,993.7,False,32.4,78,0.3
0 days 00:58:31.758000,22.3,56.6,993.7,False,32.4,338,0.3
0 days 00:59:31.766000,22.3,55.9,993.6,False,32.4,69,0.7
0 days 01:00:31.771000,22.3,57.5,993.7,False,32.2,69,0.5
0 days 01:01:31.787000,22.3,57.0,993.5,False,31.9,20,0.7
0 days 01:02:31.803000,22.4,57.1,993.7,False,32.2,61,0.5
0 days 01:03:31.802000,22.4,57.4,993.7,False,32.2,74,0.6
0 days 01:04:31.804000,22.4,58.1,993.7,False,32.1,113,0.7
0 days 01:05:31.804000,22.3,57.6,993.6,False,31.8,55,0.5
0 days 01:06:31.805000,22.3,57.4,993.5,False,31.9,56,0.6
0 days 01:07:31.819000,22.2,57.4,993.5,False,31.9,56,0.6
0 days 01:08:31.804000,22.2,57.4,993.5,False,31.9,56,0.6
0 days 01:09:31.804000,22.0,57.4,993.5,False,31.9,56,0.6
0 days 01:10:31.811000,22.1,57.4,993.5,False,31.9,56,0.6
0 days 01:11:31.820000,22.3,56.8,993.6,False,32.8,73,0.3
0 days 01:12:31.834000,22.4,56.3,993.5,False,32.6,9,0.2
0 days 01:13:31.851000,22.5,58.4,993.7,False,32.9,66,0.1
0 days 01:14:31.850000,22.6,57.1,993.6,False,33.2,41,0.3
0 days 01:15:31.861000,22.7,57.1,993.6,False,33.8,16,0.3
0 days 01:16:31.850000,22.7,56.9,993.7,False,34.0,184,0.4
0 days 01:17:31.867000,22.7,56.6,993.6,False,34.4,75,0.4
0 days 01:18:31.864000,22.9,55.8,993.6,False,34.6,42,0.2
0 days 01:19:31.881000,22.9,54.2,993.5,False,34.7,28,0.6
0 days 01:20:31.882000,22.6,56.5,993.5,False,34.4,35,0.4
0 days 01:21:31.885000,22.6,57.6,993.4,False,33.2,57,0.4
0 days 01:22:31.881000,22.8,56.7,993.4,False,33.3,3,0.5
0 days 01:23:31.885000,22.8,56.7,993.3,False,33.6,67,0.3
0 days 01:24:31.884000,22.7,57.0,993.4,False,33.6,32,0.8
0 days 01:25:31.898000,22.6,58.1,993.3,False,33.5,34,0.5
0 days 01:26:31.920000,22.6,58.0,993.2,False,32.7,66,0.4
0 days 01:27:31.926000,22.6,58.1,993.2,False,32.9,99,0.3
0 days 01:28:31.929000,22.6,57.8,993.2,False,33.2,73,0.5
0 days 01:29:31.928000,22.5,57.9,993.2,False,33.2,64,0.7
0 days 01:30:31.937000,22.5,57.5,993.2,False,33.0,68,0.7
0 days 01:31:31.942000,22.5,58.1,992.9,False,33.0,69,0.6
0 days 01:32:31.942000,22.5,58.2,993.0,False,33.0,52,0.8
0 days 01:33:31.961000,22.4,58.4,993.0,False,32.5,52,0.7
0 days 01:34:31.978000,22.4,58.6,992.9,False,32.5,52,0.6
0 days 01:35:31.977000,22.4,59.2,993.0,False,32.5,39,0.5
0 days 01:36:31.974000,22.4,58.9,993.0,False,32.8,58,0.7
0 days 01:37:31.980000,22.4,58.8,992.9,False,32.6,60,0.6
0 days 01:38:32.005000,22.4,59.5,992.9,False,32.5,70,0.8
0 days 01:39:32.009000,22.3,58.9,992.9,False,32.6,41,0.8
0 days 01:40:32.004000,22.3,59.2,992.8,False,32.5,60,0.5
0 days 01:41:32.008000,22.3,59.4,992.8,False,32.5,59,0.7
0 days 01:42:32.006000,22.3,59.0,992.9,False,32.6,66,0.6
0 days 01:43:32.006000,22.5,58.8,992.8,False,32.7,54,0.8
0 days 01:44:32.022000,22.4,58.8,992.8,False,32.9,24,0.9
0 days 01:45:32.046000,22.2,60.2,992.7,False,32.9,45,0.8
0 days 01:46:32.051000,22.2,61.1,992.6,False,33.0,52,0.8
0 days 01:47:32.044000,22.3,60.1,992.6,False,33.2,55,0.7
0 days 01:48:32.059000,22.4,59.9,992.4,False,33.2,22,0.7
0 days 01:49:32.088000,22.4,59.9,992.3,False,33.5,54,0.7
0 days 01:50:32.101000,22.5,59.8,992.3,False,34.0,44,0.8
0 days 01:51:32.101000,22.6,58.7,992.2,False,35.2,58,0.6
0 days 01:52:32.098000,22.7,59.3,992.2,False,35.4,62,0.8
0 days 01:53:32.099000,22.7,58.5,992.2,False,35.4,57,0.8
0 days 01:54:32.115000,22.7,58.5,992.1,False,36.0,76,0.5
0 days 01:55:32.139000,22.7,58.4,992.0,False,36.2,67,0.5
0 days 01:56:32.131000,23.0,58.1,992.1,False,36.1,71,0.4
0 days 01:57:32.142000,23.0,58.0,992.0,False,36.1,62,0.7
0 days 01:58:32.130000,23.2,57.2,992.0,False,35.8,38,0.8
0 days 01:59:32.133000,23.2,57.3,991.8,False,35.8,52,0.5
0 days 02:00:32.131000,23.1,56.3,991.8,False,35.8,54,0.5
0 days 02:01:32.133000,23.1,57.0,991.7,False,35.8,96,0.6
0 days 02:02:32.132000,23.2,57.3,991.6,False,36.1,50,0.5
0 days 02:03:32.129000,23.2,56.8,991.6,False,36.1,25,0.6
0 days 02:04:32.132000,23.2,56.7,991.6,False,35.9,58,0.3
0 days 02:05:32.131000,23.2,56.2,991.6,False,35.9,53,0.5
0 days 02:06:32.133000,23.3,56.6,991.6,False,35.6,43,0.4
0 days 02:07:32.131000,23.3,56.2,991.5,False,35.4,127,0.4
0 days 02:08:32.129000,23.5,56.2,991.6,False,35.5,32,0.4
0 days 02:09:32.134000,23.5,55.2,991.5,False,35.5,64,0.4
0 days 00:00:20.091000,18.8,72.4,1013.2,False,34.4,300,0.1
0 days 00:01:20.093000,18.7,73.2,1013.3,False,33.9,277,0.3
0 days 00:02:20.110000,18.6,74.1,1013.2,False,33.9,313,0.3
0 days 00:03:20.091000,18.6,74.6,1013.2,False,33.7,307,0.3
0 days 00:04:20.100000,18.6,75.8,1013.1,False,33.7,311,0.2
0 days 00:05:20.122000,18.9,74.6,1013.1,False,33.7,331,0.4
0 days 00:06:20.139000,18.9,74.5,1013.1,False,34.1,319,0.3
0 days 00:07:20.138000,18.9,73.8,1013.1,False,34.5,331,0.2
0 days 00:08:20.140000,19.0,71.8,1013.0,False,35.1,347,0.2
0 days 00:09:20.140000,19.0,69.7,1013.0,False,35.0,160,0.2
0 days 00:10:20.141000,18.9,71.3,1013.0,False,34.9,185,0.3
0 days 00:11:20.139000,18.8,71.6,1013.0,False,35.0,212,0.1
0 days 00:12:20.140000,18.8,71.9,1013.1,False,35.0,171,0.1
0 days 00:13:20.155000,18.9,72.2,1013.0,False,34.7,202,0.1
0 days 00:14:20.170000,18.9,72.3,1013.1,False,34.4,198,0.1
0 days 00:15:20.200000,18.8,71.4,1013.1,False,34.3,47,0.1
0 days 00:16:20.171000,18.7,72.8,1013.0,False,33.7,270,0.0
0 days 00:17:20.185000,18.8,72.7,1013.1,False,33.7,315,0.2
0 days 00:18:20.191000,18.7,73.4,1013.0,False,33.4,119,0.1
0 days 00:19:20.204000,18.7,74.0,1013.1,False,33.4,338,0.1
0 days 00:20:20.200000,18.5,73.7,1013.0,False,33.4,137,0.2
0 days 00:21:20.204000,18.6,72.6,1012.9,False,33.5,224,0.2
0 days 00:22:20.217000,18.7,72.2,1012.9,False,34.5,0,0.2
0 days 00:23:20.215000,19.0,70.2,1012.9,False,34.7,163,0.4
0 days 00:24:20.217000,19.2,68.1,1013.0,False,35.4,215,0.2
0 days 00:25:20.222000,19.2,66.9,1013.1,False,35.4,162,0.2
0 days 00:26:20.237000,19.5,66.6,1013.1,False,35.3,209,0.3
0 days 00:27:20.219000,19.5,66.5,1013.0,False,35.2,196,0.1
0 days 00:28:20.220000,19.4,67.3,1013.1,False,34.5,169,0.3
0 days 00:29:20.218000,19.2,68.8,1013.1,False,34.1,183,0.1
0 days 00:30:20.232000,19.2,69.1,1013.0,False,33.1,352,0.2
0 days 00:31:20.237000,19.4,68.6,1013.0,False,33.1,207,0.3
0 days 00:32:20.236000,19.2,69.0,1012.9,False,32.7,298,0.2
0 days 00:33:20.232000,19.2,70.8,1012.9,False,31.7,0,0.3
0 days 00:34:20.247000,19.1,70.2,1012.9,False,31.5,358,0.1
0 days 00:35:20.264000,18.9,70.3,1012.9,False,32.4,171,0.2
0 days 00:36:20.257000,18.9,70.8,1012.9,False,31.6,309,0.2
0 days 00:37:20.265000,19.0,71.5,1012.9,False,31.9,339,0.1
0 days 00:38:20.262000,18.9,71.7,1013.0,False,32.2,317,0.4
0 days 00:39:20.263000,18.8,72.4,1013.0,False,32.3,320,0.4
0 days 00:40:20.261000,18.7,73.5,1013.0,False,32.6,325,0.3
0 days 00:41:20.280000,18.7,74.5,1013.0,False,32.7,316,0.4
0 days 00:42:20.305000,18.6,74.1,1012.9,False,33.2,305,0.5
0 days 00:43:20.316000,18.6,75.3,1012.9,False,33.2,182,0.4
0 days 00:44:20.324000,18.6,74.6,1012.9,False,33.1,229,0.2
0 days 00:45:20.325000,18.6,74.6,1013.0,False,33.1,184,0.2
0 days 00:46:20.324000,18.7,73.4,1012.9,False,32.6,240,0.3
0 days 00:47:20.326000,18.8,71.6,1013.0,False,32.7,161,0.2
0 days 00:48:20.324000,18.8,70.8,1013.0,False,32.6,177,0.5
0 days 00:49:20.327000,18.9,70.1,1013.1,False,32.6,278,0.2
0 days 00:50:20.325000,18.9,70.8,1013.2,False,32.5,330,0.1
0 days 00:51:20.342000,18.7,72.0,1013.2,False,32.7,75,0.0
0 days 00:52:20.341000,18.7,72.7,1013.2,False,32.9,113,0.1
0 days 00:53:20.341000,18.6,74.0,1013.1,False,33.4,288,0.2
0 days 00:54:20.343000,18.6,74.5,1013.0,False,33.3,202,0.4
0 days 00:55:20.344000,18.6,72.9,1013.1,False,32.9,7,0.3
0 days 00:56:20.342000,18.8,74.0,1013.1,False,32.9,98,0.1
0 days 00:57:20.341000,18.9,72.1,1013.0,False,32.7,175,0.3
0 days 00:58:20.342000,18.9,70.5,1013.0,False,32.7,0,0.2
0 days 00:59:20.339000,18.7,71.0,1013.1,False,32.0,312,0.1
0 days 01:00:20.340000,18.6,72.7,1013.0,False,31.2,172,0.2
0 days 01:01:20.340000,18.5,73.8,1013.1,False,31.0,28,0.3
0 days 01:02:20.339000,18.3,74.4,1013.1,False,31.0,306,0.1
0 days 01:03:20.357000,18.2,75.0,1013.1,False,30.6,326,0.2
0 days 01:04:20.340000,18.3,75.2,1013.1,False,30.6,330,0.2
0 days 01:05:20.346000,18.3,74.8,1013.1,False,30.5,304,0.3
0 days 01:06:20.339000,18.3,75.6,1013.1,False,30.5,202,0.2
0 days 01:07:20.340000,18.3,74.7,1013.1,False,30.5,0,0.1
0 days 01:08:20.346000,18.4,73.6,1013.0,False,30.6,0,0.3
0 days 01:09:20.345000,18.4,73.2,1013.0,False,30.7,232,0.2
0 days 01:10:20.348000,18.4,72.4,1012.9,False,30.7,315,0.2
0 days 01:11:20.359000,18.5,71.7,1013.0,False,30.7,323,0.1
0 days 01:12:20.350000,18.5,71.7,1013.0,False,30.3,158,0.4
0 days 01:13:20.341000,18.4,72.6,1012.9,False,29.4,177,0.3
0 days 01:14:20.340000,18.3,73.4,1012.8,False,29.3,73,0.2
0 days 01:15:20.341000,18.2,75.0,1012.9,False,29.1,0,0.1
0 days 01:16:20.341000,18.2,74.9,1013.0,False,29.1,339,0.2
0 days 01:17:20.344000,18.2,75.0,1012.9,False,29.1,327,0.3
0 days 00:00:25.218000,20.7,61.3,1015.0,False,36.9,329,0.1
0 days 00:01:25.220000,20.7,61.4,1015.0,False,36.8,0,0.1
0 days 00:02:25.225000,20.6,62.3,1015.0,False,36.8,307,0.1
0 days 00:03:25.234000,20.5,63.2,1015.1,False,36.1,258,0.1
0 days 00:04:25.234000,20.5,63.3,1015.0,False,36.4,285,0.2
0 days 00:05:25.250000,20.5,63.9,1015.1,False,36.6,190,0.2
0 days 00:06:25.257000,20.4,65.1,1015.1,False,36.9,182,0.2
0 days 00:07:25.264000,20.4,65.1,1015.2,False,38.4,219,0.1
0 days 00:08:25.268000,20.4,65.8,1015.1,False,38.8,274,0.1
0 days 00:09:25.269000,20.5,64.8,1015.1,False,39.2,306,0.2
0 days 00:10:25.282000,20.6,64.8,1015.2,False,39.6,239,0.2
0 days 00:11:25.296000,20.5,65.2,1015.2,False,40.0,175,0.1
0 days 00:12:25.297000,20.5,65.4,1015.2,False,40.2,240,0.2
0 days 00:13:25.299000,20.5,66.1,1015.2,False,40.2,293,0.1
0 days 00:14:25.295000,20.4,66.1,1015.2,False,40.9,0,0.1
0 days 00:15:25.294000,20.5,64.3,1015.1,False,40.9,334,0.0
0 days 00:16:25.314000,20.7,65.1,1015.3,False,39.9,316,0.1
0 days 00:17:25.315000,20.6,64.5,1015.3,False,40.4,298,0.4
0 days 00:18:25.311000,20.6,64.9,1015.3,False,40.9,266,0.1
0 days 00:19:25.328000,20.6,64.4,1015.4,False,40.9,314,0.1
0 days 00:20:25.346000,20.7,64.4,1015.4,False,40.9,314,0.1
0 days 00:21:25.342000,20.7,63.5,1015.4,False,41.5,311,0.1
0 days 00:22:25.345000,20.8,62.5,1015.4,False,41.5,286,0.2
0 days 00:23:25.343000,20.8,62.8,1015.4,False,42.3,288,0.1
0 days 00:24:25.345000,20.9,63.3,1015.4,False,42.3,298,0.3
0 days 00:25:25.343000,20.9,63.3,1015.6,False,42.2,307,0.2
0 days 00:26:25.344000,20.9,63.1,1015.5,False,42.2,313,0.3
0 days 00:27:25.346000,20.9,62.3,1015.5,False,42.7,198,0.2
0 days 00:28:25.355000,21.1,61.9,1015.5,False,42.7,309,0.2
0 days 00:29:25.347000,21.0,63.5,1015.6,False,42.7,312,0.2
0 days 00:30:25.344000,21.0,62.4,1015.5,False,42.9,348,0.2
0 days 00:31:25.342000,20.9,61.8,1015.5,False,43.2,312,0.1
0 days 00:32:25.342000,20.8,61.5,1015.6,False,43.2,325,0.2
0 days 00:33:25.360000,20.8,60.4,1015.6,False,43.4,311,0.3
0 days 00:34:25.374000,20.8,61.8,1015.5,False,43.4,329,0.2
0 days 00:35:25.392000,20.8,61.5,1015.6,False,42.9,0,0.1
0 days 00:36:25.424000,20.8,61.5,1015.5,False,42.9,0,0.4
0 days 00:37:25.425000,21.0,60.4,1015.5,False,42.7,151,0.3
0 days 00:38:25.421000,21.2,60.2,1015.5,False,42.7,284,0.3
0 days 00:39:25.421000,21.2,59.9,1015.5,False,42.7,35,0.5
0 days 00:40:25.422000,21.3,58.9,1015.4,False,42.7,287,0.2
0 days 00:41:25.420000,21.4,58.4,1015.5,False,42.7,158,0.3
0 days 00:42:25.419000,21.4,57.9,1015.5,False,42.7,187,0.4
0 days 00:43:25.437000,21.4,58.5,1015.5,False,42.6,218,0.5
0 days 00:44:25.438000,21.3,58.2,1015.5,False,42.0,243,0.3
0 days 00:45:25.452000,21.4,58.0,1015.6,False,42.2,168,0.4
0 days 00:46:25.454000,21.3,57.2,1015.6,False,42.2,173,0.3
0 days 00:47:25.467000,21.3,57.3,1015.6,False,42.0,294,0.4
0 days 00:48:25.469000,21.3,58.3,1015.5,False,42.0,184,0.5
0 days 00:49:25.468000,21.3,58.9,1015.6,False,41.3,150,0.4
0 days 00:50:25.472000,21.3,58.8,1015.6,False,41.1,173,0.4
0 days 00:51:25.472000,21.2,58.6,1015.8,False,40.8,190,0.5
0 days 00:52:25.470000,21.2,59.2,1015.7,False,40.8,306,0.4
0 days 00:53:25.481000,21.1,59.1,1015.6,False,40.0,191,0.4
0 days 00:54:25.471000,21.0,59.8,1015.7,False,39.6,171,0.4
0 days 00:55:25.468000,21.0,59.0,1015.6,False,39.6,171,0.3
0 days 00:56:25.467000,21.0,59.3,1015.7,False,39.9,170,0.4
0 days 00:57:25.486000,21.1,59.3,1015.5,False,40.4,131,0.4
0 days 00:58:25.501000,21.1,59.5,1015.7,False,40.4,166,0.3
0 days 00:59:25.499000,21.3,59.9,1015.7,False,40.3,184,0.3
0 days 01:00:25.518000,21.3,59.7,1015.7,False,40.0,166,0.4
0 days 01:01:25.522000,21.2,58.8,1015.8,False,40.5,165,0.4
0 days 01:02:25.522000,21.3,58.2,1015.8,False,40.0,142,0.3
0 days 01:03:25.534000,21.4,58.8,1015.9,False,40.5,175,0.3
0 days 01:04:25.545000,21.5,59.3,1015.8,False,40.0,199,0.3
0 days 01:05:25.547000,21.3,59.0,1015.8,False,39.6,183,0.3
0 days 01:06:25.543000,21.0,59.5,1015.9,False,39.4,185,0.4
0 days 01:07:25.544000,21.0,60.0,1015.8,False,38.0,154,0.4
0 days 01:08:25.545000,20.9,60.0,1015.8,False,37.8,217,0.5
0 days 01:09:25.545000,21.0,60.6,1015.7,False,37.3,173,0.4
0 days 01:10:25.544000,20.8,60.7,1015.7,False,36.7,173,0.3
0 days 01:11:25.545000,20.6,60.5,1015.7,False,36.3,170,0.3
0 days 01:12:25.547000,20.7,61.4,1015.7,False,35.9,289,0.3
0 days 01:13:25.544000,20.6,61.7,1015.7,False,35.5,183,0.3
0 days 01:14:25.554000,20.4,62.8,1015.5,False,35.4,109,0.3
0 days 01:15:25.545000,20.3,63.3,1015.8,False,35.3,184,0.3
0 days 01:16:25.546000,20.4,63.5,1015.8,False,35.3,203,0.2
0 days 01:17:25.547000,20.4,63.0,1015.7,False,35.0,160,0.4
0 days 01:18:25.546000,20.4,62.5,1015.7,False,35.0,189,0.3
0 days 01:19:25.545000,20.5,62.9,1015.6,False,35.0,173,0.3
0 days 01:20:25.545000,20.4,63.0,1015.6,False,34.5,199,0.3
0 days 01:21:25.545000,20.3,63.3,1015.5,False,34.9,278,0.4
0 days 01:22:25.546000,20.3,64.2,1015.5,False,34.3,162,0.4
0 days 01:23:25.544000,20.3,63.7,1015.4,False,34.3,160,0.3
0 days 01:24:25.575000,20.4,63.5,1015.5,False,34.5,188,0.5
0 days 01:25:25.547000,20.4,63.4,1015.5,False,34.8,173,0.5
0 days 01:26:25.545000,20.4,63.0,1015.5,False,34.7,161,0.5
0 days 01:27:25.545000,20.4,62.9,1015.3,False,34.5,170,0.5
0 days 01:28:25.547000,20.5,62.1,1015.5,False,34.5,167,0.5
0 days 01:29:25.547000,20.4,62.1,1015.4,False,34.4,316,0.4
0 days 01:30:25.564000,20.4,62.9,1015.5,False,34.3,178,0.5
0 days 01:31:25.559000,20.6,61.6,1015.5,False,34.3,172,0.3
0 days 01:32:25.581000,20.6,61.9,1015.6,False,34.6,195,0.4
0 days 01:33:25.592000,20.5,61.9,1015.5,False,34.3,177,0.3
0 days 01:34:25.592000,20.4,63.2,1015.6,False,34.3,271,0.3
0 days 01:35:25.592000,20.4,62.7,1015.6,False,34.2,206,0.4
0 days 01:36:25.591000,20.4,62.5,1015.6,False,34.1,156,0.3
0 days 01:37:25.593000,20.4,61.7,1015.5,False,33.9,161,0.5
0 days 01:38:25.606000,20.4,61.3,1015.5,False,33.8,205,0.4
0 days 01:39:25.607000,20.4,61.5,1015.6,False,33.9,165,0.3
0 days 01:40:25.623000,20.5,61.4,1015.7,False,33.9,212,0.4
0 days 01:41:25.638000,20.4,61.9,1015.7,False,33.6,172,0.3
0 days 01:42:25.638000,20.4,62.0,1015.7,False,33.6,129,0.4
0 days 01:43:25.653000,20.4,61.9,1015.7,False,33.7,179,0.4
0 days 01:44:25.669000,20.4,61.6,1015.6,False,33.8,183,0.5
0 days 01:45:25.676000,20.4,61.3,1015.7,False,33.8,164,0.4
0 days 01:46:25.668000,20.4,61.6,1015.8,False,33.6,172,0.5
0 days 01:47:25.669000,20.4,61.5,1015.9,False,33.4,168,0.2
0 days 01:48:25.669000,20.3,61.4,1015.8,False,33.0,199,0.4
0 days 01:49:25.669000,20.4,61.3,1015.8,False,33.0,0,0.4
0 days 01:50:25.694000,20.4,61.7,1015.9,False,33.4,182,0.4
0 days 01:51:25.671000,20.5,62.3,1015.8,False,33.8,238,0.4
0 days 01:52:25.669000,20.6,61.5,1015.8,False,34.1,165,0.3
0 days 01:53:25.671000,20.7,61.6,1015.7,False,34.4,184,0.4
0 days 01:54:25.677000,20.8,61.1,1015.8,False,34.8,173,0.3
0 days 01:55:25.669000,20.9,61.0,1015.7,False,34.8,171,0.3
0 days 01:56:25.686000,20.9,60.7,1015.6,False,34.0,270,0.3
0 days 01:57:25.672000,20.9,59.6,1015.8,False,34.0,188,0.4
0 days 01:58:25.671000,20.8,60.1,1015.7,False,34.0,167,0.3
0 days 01:59:25.680000,20.8,59.8,1015.7,False,34.2,181,0.5
0 days 02:00:25.675000,20.7,60.4,1015.8,False,33.7,175,0.4
0 days 02:01:25.670000,20.7,59.6,1015.7,False,34.2,201,0.2
0 days 02:02:25.667000,20.7,60.1,1015.8,False,34.2,160,0.3
0 days 02:03:25.668000,20.7,60.2,1015.8,False,34.3,161,0.4
0 days 02:04:25.669000,20.8,60.0,1015.8,False,34.0,162,0.4
0 days 02:05:25.673000,20.8,60.1,1015.7,False,34.0,167,0.5
0 days 02:06:25.670000,20.8,60.1,1015.8,False,33.8,162,0.3
0 days 02:07:25.670000,20.8,60.6,1015.7,False,33.6,190,0.5
0 days 02:08:25.671000,20.9,60.0,1015.9,False,33.6,161,0.3
0 days 02:09:25.670000,21.0,59.1,1015.9,False,33.9,176,0.3
0 days 02:10:25.668000,20.9,58.9,1015.8,False,33.4,161,0.4
0 days 02:11:25.671000,20.9,59.0,1015.8,False,34.0,170,0.5
0 days 02:12:25.670000,20.9,59.5,1015.9,False,34.4,157,0.6
0 days 02:13:25.683000,21.0,59.2,1015.8,False,34.4,161,0.2
0 days 02:14:25.669000,21.1,58.5,1015.9,False,34.3,197,0.4
0 days 00:01:00.318000,27.0,44.2,1013.5,False,50.7,300,0.3
0 days 00:02:00.319000,26.9,45.1,1013.5,False,51.4,148,0.3
0 days 00:03:00.318000,26.7,44.3,1013.6,False,50.6,57,0.4
0 days 00:04:00.320000,26.9,43.5,1013.5,False,50.6,29,0.6
0 days 00:05:00.322000,27.0,44.8,1013.4,False,50.6,349,0.4
0 days 00:06:00.320000,26.8,44.8,1013.6,False,50.5,37,0.3
0 days 00:07:00.319000,26.8,43.8,1013.5,False,49.8,322,0.3
0 days 00:08:00.319000,26.8,45.2,1013.5,False,49.8,187,0.3
0 days 00:09:00.318000,26.6,45.3,1013.4,False,49.8,282,0.3
0 days 00:10:00.334000,26.7,45.3,1013.4,False,49.8,282,0.3
0 days 00:11:00.331000,26.7,44.1,1013.4,False,50.9,9,0.4
0 days 00:12:00.319000,26.9,44.0,1013.4,False,50.9,24,0.4
0 days 00:13:00.320000,26.9,43.8,1013.5,False,50.7,48,0.3
0 days 00:14:00.332000,26.8,43.9,1013.4,False,50.7,252,0.4
0 days 00:15:00.346000,26.8,44.6,1013.5,False,49.8,204,0.4
0 days 00:16:00.320000,27.0,44.3,1013.4,False,49.2,89,0.3
0 days 00:17:00.324000,27.0,44.2,1013.5,False,49.2,292,0.3
0 days 00:18:00.326000,27.0,45.3,1013.6,False,48.9,247,0.3
0 days 00:19:00.327000,26.9,43.9,1013.4,False,49.6,214,0.2
0 days 00:20:00.323000,26.9,43.9,1013.4,False,49.6,214,0.2
0 days 00:21:00.322000,26.7,44.8,1013.6,False,49.8,341,0.2
0 days 00:22:00.321000,26.7,45.7,1013.5,False,49.1,206,0.3
0 days 00:23:00.319000,26.7,44.8,1013.6,False,48.9,265,0.2
0 days 00:24:00.321000,26.7,45.2,1013.4,False,49.1,132,0.5
0 days 00:25:00.319000,26.7,45.8,1013.5,False,49.6,241,0.5
0 days 00:26:00.320000,26.6,46.5,1013.6,False,49.5,38,0.3
0 days 00:27:00.319000,26.6,46.8,1013.5,False,48.4,77,0.4
0 days 00:28:00.319000,26.6,46.8,1013.5,False,48.4,77,0.4
0 days 00:29:00.318000,26.6,47.0,1013.4,False,48.4,311,0.3
0 days 00:30:00.319000,26.7,45.6,1013.4,False,49.6,95,0.2
0 days 00:31:00.321000,26.8,45.3,1013.4,False,49.6,47,0.1
0 days 00:32:00.325000,26.7,45.4,1013.4,False,49.4,327,0.2
0 days 00:33:00.324000,26.8,45.8,1013.4,False,49.1,265,0.1
0 days 00:34:00.321000,26.7,46.0,1013.5,False,48.7,309,0.2
0 days 00:35:00.325000,26.7,46.0,1013.3,False,48.7,254,0.3
0 days 00:36:00.322000,26.5,46.0,1013.3,False,48.7,254,0.3
0 days 00:37:00.320000,26.5,45.2,1013.5,False,48.9,223,0.3
0 days 00:38:00.321000,26.7,44.5,1013.5,False,48.9,0,0.1
0 days 00:39:00.325000,26.7,44.9,1013.4,False,48.8,228,0.1
0 days 00:40:00.319000,26.7,45.5,1013.4,False,48.0,2,0.1
0 days 00:41:00.341000,26.7,46.3,1013.5,False,47.9,61,0.3
0 days 00:42:00.322000,26.5,46.3,1013.5,False,47.9,61,0.3
0 days 00:43:00.318000,26.5,47.2,1013.4,False,47.7,200,0.4
0 days 00:44:00.324000,26.3,48.2,1013.5,False,46.7,279,0.3
0 days 00:45:00.324000,26.2,48.8,1013.5,False,46.7,351,0.1
0 days 00:46:00.332000,26.0,47.5,1013.4,False,46.7,0,0.3
0 days 00:47:00.329000,26.1,47.7,1013.4,False,47.8,276,0.3
0 days 00:48:00.325000,26.1,47.7,1013.4,False,47.8,276,0.3
0 days 00:49:00.322000,26.1,49.1,1013.5,False,46.8,348,0.4
0 days 00:50:00.319000,25.9,49.4,1013.3,False,46.6,104,0.3
0 days 00:51:00.324000,25.9,49.5,1013.4,False,46.5,329,0.3
0 days 00:52:00.316000,25.9,49.2,1013.3,False,46.5,82,0.4
0 days 00:53:00.318000,25.8,48.9,1013.3,False,46.5,357,0.1
0 days 00:54:00.322000,25.9,47.8,1013.3,False,47.1,40,0.3
0 days 00:55:00.331000,26.0,47.8,1013.3,False,47.1,40,0.3
0 days 00:56:00.326000,25.9,48.6,1013.3,False,46.9,182,0.2
0 days 00:57:00.335000,25.7,48.6,1013.3,False,46.9,182,0.2
0 days 00:58:00.337000,25.7,47.4,1013.3,False,47.3,257,0.1
0 days 00:59:00.363000,25.9,48.0,1013.4,False,47.7,204,0.2
0 days 01:00:00.366000,25.8,48.6,1013.4,False,47.1,1,0.3
0 days 01:01:00.382000,25.7,49.2,1013.3,False,46.5,271,0.5
0 days 01:02:00.398000,25.6,48.8,1013.3,False,46.6,246,0.4
0 days 01:03:00.422000,25.5,48.8,1013.3,False,46.6,246,0.4
0 days 01:04:00.410000,25.5,49.7,1013.3,False,46.4,66,0.1
0 days 01:05:00.413000,25.6,49.7,1013.3,False,46.4,66,0.1
0 days 01:06:00.418000,25.6,49.9,1013.3,False,45.6,343,0.4
0 days 01:07:00.431000,25.5,49.4,1013.3,False,45.8,271,0.3
0 days 01:08:00.449000,25.6,49.7,1013.3,False,45.8,181,0.3
0 days 01:09:00.458000,25.6,49.2,1013.4,False,45.3,178,0.1
0 days 01:10:00.460000,25.6,49.5,1013.3,False,46.1,114,0.3
0 days 01:11:00.459000,25.6,49.5,1013.3,False,46.1,114,0.3
0 days 01:12:00.476000,25.6,49.6,1013.2,False,45.4,322,0.4
0 days 01:13:00.477000,25.4,49.5,1013.2,False,45.2,288,0.5
0 days 01:14:00.490000,25.4,49.3,1013.2,False,45.1,0,0.3
0 days 01:15:00.485000,25.5,49.3,1013.2,False,45.1,0,0.3
0 days 01:16:00.496000,25.4,50.1,1013.1,False,45.5,280,0.5
0 days 01:17:00.490000,25.4,49.9,1013.1,False,45.3,141,0.6
0 days 01:18:00.490000,25.3,49.5,1013.2,False,45.3,271,0.3
0 days 01:19:00.490000,25.3,50.0,1013.1,False,45.3,0,0.4
0 days 01:20:00.491000,25.2,49.9,1013.4,False,45.0,39,0.3
0 days 01:21:00.480000,25.2,49.9,1013.4,False,45.0,39,0.3
0 days 01:22:00.491000,25.1,50.7,1013.1,False,45.3,36,0.4
0 days 01:23:00.490000,25.0,50.1,1013.1,False,44.4,40,0.2
0 days 01:24:00.491000,25.0,49.3,1013.1,False,44.3,67,0.2
0 days 01:25:00.513000,25.0,49.6,1013.1,False,44.4,0,0.3
0 days 01:26:00.509000,25.0,49.9,1013.1,False,44.4,44,0.3
0 days 01:27:00.525000,25.0,50.4,1013.0,False,44.4,327,0.2
0 days 01:28:00.532000,25.0,50.7,1013.0,False,44.2,218,0.3
0 days 01:29:00.561000,25.0,50.7,1013.0,False,44.2,218,0.3
0 days 01:30:00.574000,25.0,50.4,1013.0,False,43.9,340,0.2
0 days 01:31:00.572000,25.1,50.3,1013.1,False,43.9,336,0.5
0 days 01:32:00.574000,25.0,51.0,1013.1,False,43.7,231,0.3
0 days 01:33:00.579000,25.0,50.5,1012.9,False,43.7,237,0.2
0 days 01:34:00.571000,25.0,50.1,1013.0,False,44.5,2,0.2
0 days 01:35:00.570000,25.1,50.3,1012.9,False,44.5,185,0.2
0 days 01:36:00.572000,25.1,50.2,1012.9,False,43.9,92,0.1
0 days 01:37:00.573000,25.2,49.6,1012.9,False,43.9,94,0.2
0 days 01:38:00.573000,25.2,49.8,1013.0,False,43.9,235,0.2
0 days 01:39:00.573000,25.1,49.5,1012.9,False,44.0,0,0.3
0 days 00:00:04.825000,25.4,48.0,1015.5,False,43.9,80,0.3
0 days 00:01:04.825000,25.5,48.4,1015.7,False,43.9,15,0.3
0 days 00:02:04.824000,25.4,49.9,1015.6,False,44.3,26,0.4
0 days 00:03:04.827000,25.3,49.9,1015.5,False,43.8,43,0.2
0 days 00:04:04.824000,25.3,48.9,1015.5,False,43.8,118,0.3
0 days 00:05:04.826000,25.3,48.3,1015.4,False,43.9,205,0.2
0 days 00:06:04.823000,25.4,48.5,1015.5,False,43.4,274,0.1
0 days 00:07:04.823000,25.2,49.4,1015.4,False,43.1,155,0.3
0 days 00:08:04.824000,25.1,50.1,1015.4,False,43.0,192,0.1
0 days 00:09:04.824000,25.0,50.2,1015.6,False,42.3,337,0.3
0 days 00:10:04.823000,24.8,52.1,1015.4,False,41.9,257,0.4
0 days 00:11:04.824000,24.8,52.0,1015.4,False,41.7,296,0.2
0 days 00:12:04.822000,24.8,51.6,1015.4,False,41.9,244,0.2
0 days 00:13:04.835000,24.8,51.1,1015.4,False,41.6,243,0.3
0 days 00:14:04.824000,24.8,51.6,1015.3,False,41.5,199,0.3
0 days 00:15:04.824000,24.8,51.4,1015.4,False,40.7,0,0.2
0 days 00:16:04.823000,24.8,51.8,1015.4,False,40.5,171,0.1
0 days 00:17:04.824000,24.8,51.7,1015.4,False,40.5,226,0.1
0 days 00:18:04.826000,24.8,50.9,1015.4,False,40.5,255,0.2
0 days 00:19:04.824000,24.7,51.5,1015.4,False,40.4,50,0.3
0 days 00:20:04.834000,24.7,51.5,1015.4,False,40.4,50,0.3
0 days 00:21:04.822000,24.7,49.7,1015.2,False,40.3,212,0.3
0 days 00:22:04.824000,24.6,51.0,1015.2,False,37.3,191,0.3
0 days 00:23:04.831000,24.7,51.6,1015.3,False,37.3,208,0.2
0 days 00:24:04.825000,24.8,51.2,1015.3,False,40.2,288,0.2
0 days 00:25:04.825000,24.6,52.0,1015.3,False,40.6,36,0.0
0 days 00:26:04.825000,24.7,51.2,1015.3,False,40.6,110,0.2
0 days 00:27:04.823000,24.7,51.3,1015.3,False,40.1,319,0.1
0 days 00:28:04.824000,24.5,51.1,1015.2,False,39.6,22,0.1
0 days 00:29:04.824000,24.4,51.9,1015.3,False,40.2,186,0.3
0 days 00:30:04.830000,24.3,51.6,1015.2,False,39.7,278,0.2
0 days 00:31:04.917000,24.3,52.7,1015.1,False,39.7,24,0.6
0 days 00:32:04.916000,24.3,52.7,1015.1,False,39.6,202,0.3
0 days 00:33:04.931000,24.5,52.3,1015.1,False,40.0,221,0.3
0 days 00:34:04.952000,24.6,51.6,1015.1,False,40.2,251,0.1
0 days 00:35:04.948000,24.6,51.4,1015.1,False,40.5,272,0.1
0 days 00:36:04.955000,24.6,53.2,1015.0,False,40.4,261,0.8
0 days 00:37:04.950000,24.4,54.5,1015.1,False,40.4,252,0.3
0 days 00:38:04.958000,24.3,54.5,1015.1,False,40.4,252,0.3
0 days 00:39:04.947000,24.4,53.6,1015.1,False,40.6,269,0.5
0 days 00:40:04.949000,24.4,54.4,1015.0,False,40.8,6,0.3
0 days 00:41:04.948000,24.7,54.6,1015.0,False,40.9,237,0.4
0 days 00:42:04.939000,24.8,54.6,1015.0,False,40.9,237,0.4
0 days 00:43:04.949000,24.8,53.5,1014.9,False,41.0,278,0.5
0 days 00:44:04.952000,24.8,53.5,1014.9,False,41.0,278,0.5
0 days 00:45:04.960000,24.7,53.9,1015.0,False,41.0,225,0.4
0 days 00:46:04.958000,24.7,53.9,1015.0,False,41.0,225,0.4
0 days 00:47:04.950000,24.8,53.7,1015.0,False,41.2,257,0.4
0 days 00:48:04.949000,24.8,53.8,1014.9,False,41.4,245,0.3
0 days 00:49:04.951000,24.9,52.5,1014.9,False,41.2,220,0.5
0 days 00:50:04.951000,24.7,52.5,1014.9,False,41.2,220,0.5
0 days 00:51:04.949000,24.6,55.3,1014.9,False,40.9,252,0.2
0 days 00:52:04.968000,24.6,55.3,1014.9,False,40.9,252,0.2
0 days 00:53:04.948000,24.7,53.3,1014.8,False,41.4,326,0.3
0 days 00:54:04.965000,24.8,53.3,1014.8,False,41.4,326,0.3
0 days 00:55:04.981000,24.7,52.5,1014.8,False,41.8,214,0.3
0 days 00:56:04.994000,24.8,52.5,1014.8,False,41.8,214,0.3
0 days 00:57:04.994000,24.8,51.8,1014.9,False,42.2,348,0.3
0 days 00:58:05.011000,24.8,51.8,1014.9,False,42.2,348,0.3
0 days 00:59:05.011000,24.7,53.0,1014.8,False,42.0,85,0.3
0 days 01:00:05.028000,24.6,53.0,1014.8,False,42.0,85,0.3
0 days 01:01:05.057000,24.7,53.6,1014.8,False,40.9,235,0.2
0 days 01:02:05.075000,24.6,53.6,1014.8,False,40.9,235,0.2
0 days 01:03:05.102000,24.7,53.4,1014.9,False,39.9,0,0.3
0 days 01:04:05.076000,24.6,53.4,1014.9,False,39.9,0,0.3
0 days 01:05:05.077000,24.7,53.6,1014.9,False,39.5,39,0.3
0 days 01:06:05.076000,24.6,53.6,1014.9,False,39.5,39,0.3
0 days 01:07:05.076000,24.6,54.7,1014.8,False,39.6,297,0.4
0 days 01:08:05.077000,24.6,54.7,1014.8,False,39.6,297,0.4
0 days 01:09:05.083000,24.3,55.4,1014.8,False,39.2,74,0.6
0 days 01:10:05.080000,24.3,55.4,1014.8,False,39.2,74,0.6
0 days 01:11:05.073000,24.3,55.8,1014.7,False,39.1,188,0.2
0 days 01:12:05.078000,24.3,55.8,1014.7,False,39.1,188,0.2
0 days 01:13:05.075000,24.4,54.4,1014.6,False,39.5,116,0.3
0 days 01:14:05.079000,24.4,54.4,1014.6,False,39.5,116,0.3
0 days 01:15:05.094000,24.4,54.6,1014.6,False,39.1,76,0.2
0 days 01:16:05.076000,24.4,54.6,1014.6,False,39.1,76,0.2
0 days 01:17:05.076000,24.3,55.3,1014.4,False,37.9,116,0.4
0 days 01:18:05.075000,24.3,55.3,1014.4,False,37.9,116,0.4
0 days 01:19:05.074000,24.1,55.7,1014.7,False,38.3,66,0.3
0 days 01:20:05.084000,24.1,55.7,1014.7,False,38.3,66,0.3
0 days 01:21:05.085000,24.2,55.3,1014.7,False,38.2,23,0.3
0 days 01:22:05.084000,24.3,55.3,1014.7,False,38.2,23,0.3
0 days 01:23:05.082000,24.2,55.8,1014.5,False,38.4,112,0.3
0 days 01:24:05.074000,24.2,56.7,1014.6,False,38.1,39,0.4
0 days 01:25:05.077000,24.3,56.3,1014.5,False,38.1,51,0.5
0 days 01:26:05.073000,24.3,56.6,1014.6,False,38.0,9,0.3
0 days 01:27:05.077000,24.3,56.4,1014.4,False,38.0,324,0.4
0 days 01:28:05.073000,24.4,56.4,1014.4,False,38.0,324,0.4
0 days 01:29:05.091000,24.6,55.6,1014.5,False,38.4,267,0.2
0 days 01:30:05.091000,24.6,55.6,1014.5,False,38.4,267,0.2
0 days 01:31:05.105000,24.5,55.6,1014.4,False,38.5,84,0.4
0 days 01:32:05.121000,24.5,55.6,1014.4,False,38.5,84,0.4
0 days 01:33:05.120000,24.5,55.7,1014.4,False,38.7,237,0.2
0 days 01:34:05.122000,24.4,55.2,1014.4,False,38.9,227,0.1
0 days 01:35:05.138000,24.4,56.2,1014.4,False,38.6,13,0.3
0 days 01:36:05.154000,24.4,56.0,1014.4,False,38.1,239,0.3
0 days 01:37:05.169000,24.4,56.6,1014.5,False,38.2,36,0.2
0 days 01:38:05.361000,24.3,56.6,1014.5,False,38.2,36,0.2
0 days 01:39:05.353000,24.2,57.1,1014.4,False,38.0,231,0.2
0 days 01:40:05.352000,24.2,57.0,1014.4,False,37.8,264,0.3
0 days 01:41:05.372000,24.1,56.7,1014.5,False,37.3,297,0.3
0 days 01:42:05.383000,24.1,56.7,1014.5,False,37.3,297,0.3
0 days 01:43:05.401000,24.1,57.0,1014.6,False,37.3,244,0.2
0 days 01:44:05.424000,24.1,57.0,1014.6,False,37.3,244,0.2
0 days 01:45:05.417000,24.0,58.2,1014.5,False,36.9,282,0.2
0 days 01:46:05.410000,24.0,58.2,1014.5,False,36.9,282,0.2
0 days 01:47:05.420000,23.9,58.8,1014.6,False,36.4,0,0.3
0 days 01:48:05.432000,23.9,58.8,1014.6,False,36.4,0,0.3
0 days 01:49:05.432000,24.0,58.6,1014.6,False,37.0,213,0.2
0 days 01:50:05.435000,24.0,58.6,1014.6,False,37.4,266,0.3
0 days 01:51:05.431000,24.0,58.2,1014.6,False,37.1,263,0.3
0 days 01:52:05.450000,24.0,58.2,1014.6,False,37.1,263,0.3
0 days 01:53:05.447000,24.0,58.5,1014.5,False,36.9,225,0.3
0 days 01:54:05.450000,24.0,58.5,1014.5,False,36.9,225,0.3
0 days 01:55:05.446000,24.0,58.4,1014.5,False,36.9,345,0.1
0 days 01:56:05.447000,24.0,58.2,1014.6,False,37.1,121,0.1
0 days 01:57:05.448000,24.1,57.6,1014.5,False,37.2,230,0.1
0 days 01:58:05.446000,24.1,56.5,1014.5,False,37.9,354,0.5
0 days 01:59:05.453000,24.1,58.0,1014.5,False,37.5,281,0.6
0 days 02:00:05.468000,24.0,58.0,1014.5,False,37.5,281,0.6
0 days 02:01:05.466000,24.1,57.6,1014.5,False,37.3,168,0.1
0 days 02:02:05.445000,24.3,56.8,1014.5,False,37.6,0,0.1
0 days 02:03:05.449000,24.3,56.8,1014.5,False,37.6,0,0.1
0 days 02:04:05.448000,24.2,57.3,1014.5,False,37.1,0,0.1
0 days 02:05:05.451000,24.0,57.8,1014.4,False,37.1,230,0.3
0 days 02:06:05.468000,24.0,58.1,1014.5,False,36.8,260,0.6
0 days 02:07:05.446000,23.9,59.0,1014.5,False,35.9,262,0.1
0 days 02:08:05.450000,23.8,59.0,1014.5,False,35.9,262,0.1
0 days 02:09:05.449000,23.7,59.6,1014.7,False,35.7,319,0.3
0 days 02:10:05.449000,23.7,59.7,1014.5,False,35.7,93,0.3
0 days 02:11:05.448000,23.7,60.3,1014.5,False,35.4,281,0.3
0 days 02:12:05.447000,23.7,60.3,1014.5,False,35.4,281,0.3
0 days 02:13:05.448000,23.5,60.5,1014.5,False,35.4,257,0.3
0 days 02:14:05.447000,23.5,60.5,1014.5,False,35.4,257,0.3
0 days 02:15:05.449000,23.5,61.0,1014.4,False,35.4,241,0.3
0 days 02:16:05.448000,23.5,61.0,1014.4,False,35.4,241,0.3
0 days 02:17:05.447000,23.4,60.9,1014.4,False,35.3,10,0.2
0 days 02:18:05.447000,23.4,60.9,1014.4,False,35.3,10,0.2
0 days 02:19:05.448000,23.3,61.0,1014.3,False,35.3,265,0.2
0 days 02:20:05.449000,23.3,61.0,1014.3,False,35.3,265,0.2
0 days 02:21:05.453000,23.2,61.5,1014.4,False,35.3,11,0.6
0 days 02:22:05.449000,23.2,61.8,1014.4,False,34.9,310,0.2
0 days 02:23:05.439000,23.1,61.2,1014.5,False,34.7,227,0.1
0 days 02:24:05.447000,23.2,61.2,1014.5,False,34.7,227,0.1
0 days 02:25:05.446000,23.2,60.4,1014.4,False,35.2,142,0.2
0 days 02:26:05.453000,23.3,60.4,1014.4,False,35.2,142,0.2
0 days 02:27:05.448000,23.3,59.5,1014.3,False,35.6,145,0.2
0 days 02:28:05.447000,23.2,59.5,1014.3,False,35.6,145,0.2
0 days 02:29:05.446000,23.2,59.4,1014.3,False,34.8,255,0.3
0 days 02:30:05.448000,23.2,59.4,1014.3,False,34.8,255,0.3
0 days 02:31:05.447000,23.1,60.1,1014.1,False,34.4,241,0.3
0 days 02:32:05.447000,23.1,60.1,1014.1,False,34.4,241,0.3
0 days 02:33:05.447000,23.0,60.1,1014.3,False,34.4,35,0.2
0 days 02:34:05.447000,23.1,60.1,1014.3,False,34.4,35,0.2
0 days 02:35:05.446000,22.9,60.3,1014.1,False,34.4,271,0.3
0 days 02:36:05.446000,22.9,60.3,1014.1,False,34.4,271,0.3
0 days 02:37:05.449000,23.0,60.5,1014.3,False,33.8,286,0.3
0 days 02:38:05.446000,23.0,60.5,1014.3,False,33.8,286,0.3
0 days 02:39:05.447000,23.0,58.5,1014.4,False,34.4,165,0.1
0 days 02:40:05.463000,23.1,58.5,1014.4,False,34.4,165,0.1
0 days 02:41:05.494000,23.2,58.0,1014.4,False,34.5,71,0.3
0 days 02:42:05.478000,23.2,58.2,1014.4,False,34.4,95,0.4
0 days 02:43:05.500000,23.1,59.3,1014.4,False,33.9,46,0.4
0 days 02:44:05.494000,23.1,59.3,1014.4,False,33.9,46,0.4
0 days 02:45:05.501000,23.0,60.4,1014.4,False,33.5,171,0.4
0 days 02:46:05.504000,23.0,60.4,1014.4,False,33.5,171,0.4
0 days 02:47:05.514000,22.9,61.6,1014.4,False,33.4,54,0.2
0 days 02:48:05.510000,22.9,61.6,1014.4,False,33.4,54,0.2
0 days 02:49:05.526000,22.9,61.4,1014.1,False,33.2,227,0.2
0 days 02:50:05.541000,22.9,61.4,1014.1,False,33.2,227,0.2
0 days 02:51:05.541000,23.0,60.6,1014.2,False,32.8,88,0.5
0 days 00:00:46.045000,28.6,49.8,966.6,False,44.1,239,0.4
0 days 00:01:46.041000,28.6,49.8,966.6,False,44.1,239,0.4
0 days 00:02:46.045000,28.6,50.2,966.4,False,44.8,284,0.5
0 days 00:03:46.044000,28.6,50.2,966.4,False,44.8,284,0.5
0 days 00:04:46.061000,28.6,50.2,966.6,False,44.6,243,0.5
0 days 00:05:46.076000,28.7,50.2,966.6,False,44.6,243,0.5
0 days 00:06:46.091000,28.7,50.1,966.5,False,43.9,237,0.3
0 days 00:07:46.106000,28.5,50.1,966.5,False,43.9,237,0.3
0 days 00:08:46.144000,28.5,50.0,966.3,False,43.3,208,0.2
0 days 00:09:46.123000,28.2,50.0,966.3,False,43.3,208,0.2
0 days 00:10:46.125000,28.2,50.1,966.3,False,43.5,238,0.4
0 days 00:11:46.125000,28.4,51.5,966.3,False,44.5,236,0.7
0 days 00:12:46.125000,28.4,52.4,966.5,False,44.2,281,0.3
0 days 00:13:46.122000,28.4,52.4,966.5,False,44.2,281,0.3
0 days 00:14:46.130000,28.4,50.5,966.4,False,45.0,216,0.4
0 days 00:15:46.131000,28.5,49.8,966.5,False,45.7,203,0.4
0 days 00:16:46.123000,28.6,50.1,966.5,False,45.7,228,0.2
0 days 00:17:46.144000,28.7,49.9,966.4,False,45.2,244,0.5
0 days 00:18:46.139000,28.8,50.4,966.4,False,44.9,178,0.4
0 days 00:19:46.143000,28.8,50.6,966.4,False,44.2,0,0.4
0 days 00:20:46.142000,28.8,50.0,966.4,False,44.0,255,0.2
0 days 00:21:46.157000,28.8,49.3,966.5,False,44.0,257,0.3
0 days 00:22:46.177000,28.8,49.0,966.6,False,44.2,297,0.5
0 days 00:23:46.186000,28.6,48.7,966.4,False,44.2,281,0.3
0 days 00:24:46.170000,28.7,48.3,966.5,False,44.4,247,0.3
0 days 00:25:46.172000,28.7,47.7,966.5,False,44.4,238,0.2
0 days 00:26:46.187000,28.8,47.8,966.4,False,44.4,274,0.3
0 days 00:27:46.192000,28.8,47.4,966.5,False,44.4,202,0.3
0 days 00:28:46.194000,28.8,47.0,966.4,False,44.7,254,0.4
0 days 00:29:46.204000,28.8,46.3,966.5,False,45.1,237,0.3
0 days 00:30:46.218000,28.9,45.0,966.5,False,45.1,236,0.3
0 days 00:31:46.234000,29.1,45.0,966.5,False,45.1,236,0.3
0 days 00:32:46.539000,29.1,44.0,966.5,False,45.7,137,0.6
0 days 00:33:46.236000,29.2,43.3,966.4,False,46.0,136,0.8
0 days 00:34:46.249000,29.4,42.7,966.4,False,46.0,112,0.5
0 days 00:35:46.250000,29.4,42.9,966.5,False,45.3,150,0.5
0 days 00:36:46.271000,29.4,42.9,966.4,False,45.3,139,0.8
0 days 00:37:46.239000,29.4,42.1,966.4,False,45.2,139,0.6
0 days 00:38:46.248000,29.4,41.7,966.4,False,44.5,131,0.6
0 days 00:39:46.250000,29.3,42.0,966.4,False,44.2,140,0.2
0 days 00:40:46.249000,29.4,41.3,966.3,False,44.5,142,0.4
0 days 00:41:46.250000,29.4,41.5,966.4,False,44.9,133,0.5
0 days 00:42:46.256000,29.4,41.2,966.4,False,44.9,148,0.5
0 days 00:43:46.248000,29.5,41.6,966.4,False,45.2,187,0.4
0 days 00:44:46.251000,29.7,42.0,966.4,False,44.9,203,0.2
0 days 00:45:46.250000,29.7,42.3,966.4,False,44.4,192,0.1
0 days 00:46:46.267000,29.8,41.9,966.4,False,44.7,0,0.2
0 days 00:47:46.238000,29.9,41.0,966.4,False,44.8,170,0.1
0 days 00:48:46.250000,29.9,41.1,966.4,False,44.7,265,0.1
0 days 00:49:46.249000,29.9,41.6,966.5,False,44.7,166,0.2
0 days 00:50:46.250000,29.8,41.8,966.4,False,44.3,191,0.2
0 days 00:51:46.248000,29.8,42.4,966.5,False,44.1,214,0.2
0 days 00:52:46.264000,29.7,42.7,966.5,False,44.4,168,0.3
0 days 00:53:46.241000,29.6,42.4,966.4,False,44.4,94,0.2
0 days 00:54:46.250000,29.5,41.5,966.5,False,44.6,168,0.2
0 days 00:55:46.249000,29.8,41.7,966.5,False,45.2,162,0.2
0 days 00:56:46.251000,29.9,42.5,966.5,False,44.7,31,0.1
0 days 00:57:46.249000,29.9,42.0,966.6,False,44.0,83,0.3
0 days 00:58:46.250000,29.9,42.0,966.6,False,44.0,83,0.3
0 days 00:59:46.249000,29.9,42.1,966.6,False,43.8,116,0.1
0 days 01:00:46.251000,29.8,42.1,966.6,False,43.8,116,0.1
0 days 01:01:46.265000,29.8,41.8,966.6,False,44.5,89,0.5
0 days 01:02:46.282000,29.9,41.8,966.6,False,44.5,89,0.5
0 days 01:03:46.297000,29.9,41.2,966.6,False,45.4,30,0.4
0 days 01:04:46.297000,30.0,41.2,966.6,False,45.4,30,0.4
0 days 01:05:46.296000,30.0,41.6,966.7,False,45.3,74,0.3
0 days 01:06:46.294000,30.0,41.6,966.7,False,45.3,74,0.3
0 days 01:07:46.297000,30.1,42.0,966.8,False,45.0,143,0.3
0 days 01:08:46.296000,30.3,42.0,966.8,False,45.0,143,0.3
0 days 01:09:46.291000,30.3,43.0,966.8,False,44.1,89,0.3
0 days 01:10:46.295000,30.2,43.0,966.8,False,44.1,89,0.3
0 days 01:11:46.297000,30.2,42.6,966.7,False,45.1,65,0.3
0 days 01:12:46.296000,30.0,42.6,966.7,False,45.1,65,0.3
0 days 01:13:46.301000,30.0,42.5,966.9,False,44.2,121,0.3
0 days 01:14:46.298000,29.8,42.5,966.9,False,44.2,121,0.3
0 days 01:15:46.303000,29.8,41.7,966.8,False,43.5,108,0.3
0 days 01:16:46.298000,29.9,42.1,966.9,False,43.4,97,0.3
0 days 01:17:46.310000,29.8,42.1,966.9,False,43.4,97,0.3
0 days 01:18:46.311000,29.7,42.9,966.9,False,43.5,85,0.6
0 days 01:19:46.309000,29.5,43.7,966.9,False,43.0,110,0.6
0 days 01:20:46.311000,29.4,44.4,966.8,False,42.8,97,0.7
0 days 01:21:46.328000,29.4,44.9,966.8,False,42.3,102,0.5
0 days 01:22:46.343000,29.2,44.2,966.8,False,42.0,104,0.6
0 days 01:23:46.360000,29.2,44.7,966.9,False,42.0,120,0.5
0 days 01:24:46.358000,29.1,44.7,966.8,False,41.9,132,0.6
0 days 01:25:46.376000,29.1,44.7,966.8,False,42.1,93,0.6
0 days 01:26:46.372000,29.2,44.7,966.7,False,41.9,103,0.5
0 days 01:27:46.374000,29.2,44.7,966.9,False,41.8,0,0.4
0 days 00:00:17.820000,23.9,63.6,960.9,False,30.1,126,0.8
0 days 00:01:17.820000,23.8,63.1,960.9,False,30.1,112,0.6
0 days 00:02:17.821000,23.9,61.6,960.8,False,30.2,119,0.9
0 days 00:03:17.820000,23.9,61.9,960.9,False,30.2,84,0.7
0 days 00:04:17.819000,24.0,62.0,960.7,False,30.2,146,0.6
0 days 00:05:17.822000,24.0,61.0,960.6,False,30.9,140,0.9
0 days 00:06:17.821000,24.0,61.2,960.5,False,30.7,132,0.7
0 days 00:07:17.822000,24.0,60.5,960.5,False,30.7,135,0.9
0 days 00:08:17.843000,24.0,60.8,960.5,False,31.3,133,0.9
0 days 00:09:17.821000,24.0,60.4,960.5,False,31.5,130,1.0
0 days 00:10:17.837000,24.0,60.4,960.4,False,31.5,129,1.0
0 days 00:11:17.825000,24.0,60.4,960.4,False,31.5,129,1.0
0 days 00:12:17.819000,24.0,60.8,960.3,False,31.0,105,0.6
0 days 00:13:17.823000,24.1,60.2,960.1,False,31.1,121,0.8
0 days 00:14:17.821000,24.2,60.0,960.1,False,31.1,153,0.8
0 days 00:15:17.822000,24.3,60.0,960.2,False,31.1,121,0.5
0 days 00:16:17.821000,24.4,58.9,960.3,False,32.5,110,0.7
0 days 00:17:17.820000,24.5,58.0,960.3,False,32.8,137,0.7
0 days 00:18:17.821000,24.8,57.9,960.1,False,33.4,116,0.7
0 days 00:19:17.822000,25.0,57.7,960.0,False,33.6,156,0.5
0 days 00:20:17.821000,25.2,57.6,960.2,False,33.4,100,0.6
0 days 00:21:17.821000,25.2,58.8,960.1,False,32.8,142,0.7
0 days 00:22:17.820000,25.1,59.5,960.2,False,33.5,136,0.7
0 days 00:23:17.826000,25.2,59.7,960.2,False,33.4,102,0.6
0 days 00:24:17.820000,25.2,59.2,960.0,False,33.4,98,0.4
0 days 00:25:17.820000,25.4,58.4,959.9,False,34.7,141,0.6
0 days 00:26:17.825000,25.4,58.2,960.1,False,35.9,105,0.7
0 days 00:27:17.825000,25.4,58.2,960.1,False,35.9,105,0.7
0 days 00:28:17.829000,25.5,59.7,959.9,False,36.1,116,0.7
0 days 00:29:17.828000,25.5,59.7,959.9,False,36.1,116,0.7
0 days 00:30:17.821000,25.5,57.1,959.9,False,36.8,110,1.0
0 days 00:31:17.821000,25.5,57.2,960.0,False,37.2,120,1.3
0 days 00:32:17.836000,25.6,56.9,959.9,False,37.6,141,1.2
0 days 00:33:17.820000,25.8,56.9,960.1,False,37.7,129,1.0
0 days 00:34:17.822000,25.8,56.3,960.0,False,37.5,117,1.0
0 days 00:35:17.838000,26.0,56.2,959.9,False,38.0,133,1.1
0 days 00:36:17.824000,26.1,55.0,959.9,False,38.0,132,1.4
0 days 00:37:17.829000,26.1,55.0,959.9,False,38.0,132,1.4
0 days 00:38:17.838000,26.1,57.1,960.1,False,37.5,111,1.4
0 days 00:39:17.837000,26.0,56.7,960.1,False,37.5,111,1.3
0 days 00:40:17.852000,26.0,56.5,960.2,False,37.4,107,1.3
0 days 00:41:17.869000,26.0,56.2,960.3,False,37.2,120,1.4
0 days 00:42:17.869000,26.0,56.2,960.3,False,37.2,120,1.4
0 days 00:43:17.868000,26.1,55.4,960.2,False,37.4,122,1.3
0 days 00:44:17.867000,26.1,54.0,960.3,False,37.6,109,1.2
0 days 00:45:17.885000,26.2,54.5,960.2,False,37.6,111,1.2
0 days 00:46:17.899000,26.3,54.8,960.4,False,37.3,117,1.1
0 days 00:47:17.915000,26.3,54.0,960.4,False,37.7,114,1.2
0 days 00:48:17.914000,26.5,53.9,960.3,False,37.8,112,1.4
0 days 00:49:17.917000,26.5,53.9,960.3,False,37.8,112,1.4
0 days 00:50:17.913000,26.7,52.1,960.3,False,38.0,106,1.1
0 days 00:51:17.906000,26.7,52.5,960.5,False,37.5,114,1.4
0 days 00:52:17.915000,26.7,52.6,960.6,False,37.5,127,1.3
0 days 00:53:17.928000,26.7,51.9,960.5,False,37.3,126,1.2
0 days 00:54:17.929000,26.8,52.9,960.6,False,37.9,123,1.3
0 days 00:55:17.947000,26.8,52.9,960.6,False,37.9,123,1.3
0 days 00:56:17.945000,27.1,51.1,960.7,False,38.9,136,1.3
0 days 00:57:17.945000,27.1,51.1,960.7,False,38.9,136,1.3
0 days 00:58:17.954000,27.4,49.2,960.7,False,38.9,138,1.0
0 days 00:59:17.944000,27.4,49.2,960.7,False,38.9,138,1.0
0 days 01:00:17.947000,27.1,50.6,960.7,False,38.6,121,1.2
0 days 01:01:17.946000,27.0,50.6,960.7,False,38.6,121,1.2
0 days 01:02:17.950000,27.0,49.6,960.6,False,38.9,137,1.2
0 days 01:03:17.956000,27.0,49.4,960.7,False,38.3,121,1.4
0 days 01:04:17.945000,26.9,49.5,960.8,False,38.3,118,1.4
0 days 01:05:17.948000,26.9,49.5,960.8,False,38.3,118,1.4
0 days 01:06:17.948000,26.8,50.2,960.7,False,38.5,134,1.5
0 days 01:07:17.967000,26.8,50.2,960.7,False,38.5,134,1.5
0 days 01:08:17.953000,26.7,51.2,960.7,False,38.5,99,1.4
0 days 01:09:17.968000,26.7,51.2,960.7,False,38.5,99,1.4
0 days 01:10:17.976000,26.4,51.6,960.8,False,38.4,120,1.3
0 days 01:11:17.984000,26.4,51.6,960.8,False,38.4,120,1.3
0 days 01:12:17.992000,26.2,52.5,960.8,False,37.7,118,1.4
0 days 01:13:18.009000,26.2,53.1,960.9,False,37.2,102,1.7
0 days 01:14:18.027000,26.2,54.7,960.8,False,37.0,127,1.8
0 days 01:15:18.038000,26.2,54.7,960.8,False,37.0,127,1.8
0 days 01:16:18.055000,25.8,56.9,960.8,False,35.6,124,1.8
0 days 01:17:18.075000,25.8,56.9,960.8,False,35.6,124,1.8
0 days 01:18:18.075000,25.4,58.0,960.9,False,35.6,127,1.1
0 days 01:19:18.075000,25.4,57.6,960.9,False,35.6,126,1.3
0 days 01:20:18.073000,25.4,57.6,960.7,False,35.7,102,1.2
0 days 01:21:18.072000,25.4,58.5,960.8,False,35.5,116,1.4
0 days 01:22:18.074000,25.4,58.9,960.9,False,35.9,105,1.2
0 days 01:23:18.071000,25.4,58.5,961.0,False,36.3,117,1.4
0 days 01:24:18.071000,25.3,58.4,961.1,False,36.5,113,1.3
0 days 01:25:18.081000,25.3,58.5,961.1,False,36.4,119,1.3
0 days 01:26:18.074000,25.2,59.3,961.1,False,35.6,117,1.1
0 days 01:27:18.074000,25.0,59.4,961.0,False,35.3,135,1.6
0 days 01:28:18.071000,24.9,60.5,961.0,False,34.7,125,1.3
0 days 01:29:18.077000,25.0,60.4,960.9,False,34.9,114,1.2
0 days 01:30:18.071000,24.9,60.3,961.1,False,35.0,122,1.4
0 days 01:31:18.078000,24.9,60.3,961.2,False,34.9,118,1.3
0 days 01:32:18.078000,25.0,60.0,961.1,False,34.7,104,1.5
0 days 01:33:18.103000,25.0,60.3,961.1,False,34.7,107,1.4
0 days 01:34:18.120000,25.0,60.7,961.0,False,34.5,107,1.5
0 days 01:35:18.135000,25.0,61.5,961.0,False,34.4,124,1.1
0 days 01:36:18.149000,25.1,61.6,961.1,False,34.7,110,1.2
0 days 01:37:18.166000,25.1,61.3,961.2,False,34.9,103,1.3
0 days 01:38:18.167000,25.0,61.8,961.0,False,34.9,132,1.3
0 days 01:39:18.177000,25.0,62.4,961.1,False,34.6,111,1.3
0 days 01:40:18.166000,25.0,62.8,961.0,False,34.6,96,1.3
0 days 01:41:18.180000,24.9,64.0,961.0,False,34.7,119,1.4
0 days 01:42:18.195000,24.7,64.6,961.1,False,34.9,115,1.2
0 days 01:43:18.197000,24.6,64.8,961.2,False,34.4,113,1.3
0 days 01:44:18.197000,24.5,64.7,961.2,False,34.2,113,1.2
0 days 01:45:18.197000,24.4,65.1,961.2,False,34.0,125,1.1
0 days 01:46:18.247000,24.4,65.0,961.0,False,34.0,101,1.2
0 days 01:47:18.197000,24.3,65.5,961.0,False,33.7,106,1.2
0 days 01:48:18.196000,24.2,65.5,961.1,False,33.4,135,1.3
0 days 01:49:18.197000,24.1,65.5,960.9,False,33.4,93,1.3
0 days 01:50:18.198000,24.1,65.4,960.8,False,33.4,106,1.3
0 days 01:51:18.197000,24.1,65.8,961.2,False,33.6,119,1.2
0 days 01:52:18.197000,24.1,66.3,961.1,False,33.2,105,1.3
0 days 01:53:18.199000,24.2,67.2,961.0,False,33.2,116,1.5
0 days 01:54:18.198000,24.1,67.7,960.9,False,33.1,133,1.5
0 days 01:55:18.197000,24.2,67.7,960.9,False,33.1,102,1.2
0 days 01:56:18.198000,24.2,67.5,961.2,False,33.1,118,1.1
0 days 01:57:18.195000,24.2,66.9,960.9,False,33.5,119,1.3
0 days 01:58:18.196000,24.2,66.4,961.0,False,33.7,129,1.4
0 days 01:59:18.204000,24.1,65.9,961.0,False,33.7,127,1.5
0 days 02:00:18.203000,24.1,66.2,961.0,False,33.7,126,1.5
0 days 02:01:18.207000,24.2,66.6,960.9,False,33.5,99,1.0
0 days 02:02:18.205000,24.1,67.6,960.9,False,33.5,122,1.1
0 days 02:03:18.210000,24.2,67.6,961.1,False,33.8,116,1.1
0 days 02:04:18.226000,24.1,68.0,961.0,False,33.8,120,1.1
0 days 00:00:24.314000,25.3,32.9,939.0,False,54.7,279,0.1
0 days 00:01:24.334000,25.4,30.7,939.0,False,54.6,289,0.3
0 days 00:02:24.309000,25.3,31.3,939.0,False,54.6,241,0.3
0 days 00:03:24.314000,25.2,31.3,939.0,False,54.5,242,0.0
0 days 00:04:24.310000,25.2,31.2,939.0,False,54.6,192,0.1
0 days 00:05:24.310000,25.4,30.3,938.9,False,54.6,24,0.1
0 days 00:06:24.312000,25.4,28.6,939.0,False,54.8,259,0.1
0 days 00:07:24.309000,25.4,28.3,938.9,False,54.7,84,0.1
0 days 00:08:24.309000,25.3,29.4,939.0,False,54.6,269,0.3
0 days 00:09:24.310000,25.5,28.2,938.9,False,54.6,296,0.3
0 days 00:10:24.310000,25.4,28.1,938.9,False,54.8,246,0.5
0 days 00:11:24.309000,25.3,28.3,939.0,False,54.8,292,0.4
0 days 00:12:24.309000,25.1,28.9,939.0,False,54.7,295,0.3
0 days 00:13:24.310000,25.0,29.0,938.9,False,54.7,0,0.1
0 days 00:14:24.310000,25.0,29.5,938.9,False,55.0,315,0.0
0 days 00:15:24.318000,25.2,29.0,938.9,False,55.0,253,0.1
0 days 00:16:24.309000,25.4,29.6,938.8,False,55.2,216,0.2
0 days 00:17:24.310000,25.5,29.4,938.8,False,55.2,213,0.1
0 days 00:18:24.311000,25.6,29.5,938.8,False,55.3,271,0.2
0 days 00:19:24.309000,25.7,27.3,938.8,False,55.3,238,0.3
0 days 00:20:24.309000,25.7,27.6,938.7,False,55.3,0,0.2
0 days 00:21:24.309000,25.6,28.2,938.7,False,55.0,0,0.0
0 days 00:22:24.318000,25.6,27.9,938.7,False,55.2,243,0.1
0 days 00:23:24.328000,25.7,29.1,938.8,False,55.3,0,0.3
0 days 00:24:24.310000,25.8,28.7,938.8,False,56.0,103,0.1
0 days 00:25:24.309000,25.9,27.8,938.7,False,56.2,48,0.3
0 days 00:26:24.308000,25.7,29.0,938.6,False,56.0,68,0.3
0 days 00:27:24.329000,25.8,29.8,938.7,False,56.0,93,0.2
0 days 00:28:24.311000,26.0,29.5,938.6,False,55.5,82,0.4
0 days 00:29:24.308000,25.9,29.0,938.6,False,53.8,84,0.4
0 days 00:30:24.309000,25.8,28.5,938.8,False,53.5,336,0.2
0 days 00:31:24.311000,25.8,27.9,938.7,False,52.0,268,0.1
0 days 00:32:24.312000,25.8,28.2,938.6,False,50.4,228,0.1
0 days 00:33:24.312000,25.7,28.8,938.7,False,50.4,138,0.2
0 days 00:34:24.310000,25.7,30.2,938.6,False,50.2,87,0.2
0 days 00:35:24.331000,25.8,30.1,938.6,False,50.6,94,0.6
0 days 00:36:24.369000,25.9,29.0,938.6,False,52.2,104,0.5
0 days 00:37:24.340000,26.0,28.1,938.5,False,53.0,144,0.2
0 days 00:38:24.356000,26.0,28.4,938.7,False,53.0,34,0.1
0 days 00:39:24.359000,25.9,27.8,938.6,False,53.6,91,0.2
0 days 00:40:24.358000,26.0,28.6,938.6,False,53.6,226,0.1
0 days 00:41:24.361000,26.1,29.6,938.6,False,53.8,183,0.1
0 days 00:42:24.357000,26.1,27.8,938.5,False,54.2,216,0.1
0 days 00:43:24.357000,26.1,28.0,938.5,False,54.0,251,0.1
0 days 00:44:24.358000,26.1,27.8,938.5,False,54.0,193,0.2
0 days 00:45:24.356000,26.0,28.7,938.5,False,54.0,101,0.2
0 days 00:46:24.355000,25.9,28.8,938.6,False,53.9,21,0.1
0 days 00:47:24.359000,26.0,27.7,938.6,False,53.5,315,0.0
0 days 00:48:24.358000,26.0,27.6,938.5,False,53.5,0,0.1
0 days 00:49:24.358000,26.1,27.3,938.5,False,53.5,107,0.1
0 days 00:50:24.376000,26.3,27.5,938.5,False,53.8,195,0.1
0 days 00:51:24.385000,26.3,28.3,938.5,False,53.9,97,0.1
0 days 00:52:24.404000,26.2,27.6,938.6,False,54.2,102,0.4
0 days 00:53:24.407000,26.1,27.9,938.4,False,54.2,0,0.2
0 days 00:54:24.403000,26.0,27.9,938.5,False,54.1,175,0.1
0 days 00:55:24.405000,26.0,26.9,938.5,False,54.1,73,0.1
0 days 00:56:24.420000,26.0,26.8,938.5,False,54.3,50,0.3
0 days 00:57:24.437000,26.0,26.6,938.4,False,54.9,65,0.4
0 days 00:58:24.434000,26.0,26.6,938.4,False,54.9,48,0.5
0 days 00:59:24.449000,25.9,27.0,938.5,False,54.7,49,0.3
0 days 01:00:24.435000,25.9,26.6,938.4,False,53.9,108,0.1
0 days 01:01:24.434000,25.9,26.9,938.4,False,53.0,352,0.3
0 days 01:02:24.454000,25.6,26.4,938.5,False,53.0,61,0.3
0 days 01:03:24.451000,25.6,26.8,938.3,False,53.2,11,0.0
0 days 01:04:24.467000,25.6,26.6,938.4,False,52.7,56,0.3
0 days 01:05:24.490000,25.7,27.3,938.5,False,52.7,76,0.4
0 days 01:06:24.499000,26.0,28.8,938.5,False,53.2,84,0.3
0 days 01:07:24.515000,26.3,28.9,938.4,False,53.5,72,0.5
0 days 01:08:24.528000,26.5,28.2,938.5,False,53.2,84,0.4
0 days 01:09:24.529000,26.3,28.3,938.5,False,53.2,86,0.8
0 days 01:10:24.528000,26.1,29.4,938.5,False,53.1,82,0.7
0 days 01:11:24.528000,26.1,30.5,938.4,False,53.2,88,0.7
0 days 01:12:24.530000,26.2,28.0,938.4,False,53.5,81,0.6
0 days 01:13:24.531000,26.1,28.3,938.4,False,52.2,76,0.6
0 days 01:14:24.534000,26.0,27.4,938.4,False,52.2,80,0.4
0 days 01:15:24.547000,26.1,28.2,938.4,False,51.3,75,0.6
0 days 01:16:24.546000,26.0,26.6,938.4,False,51.6,85,0.4
0 days 01:17:24.559000,25.8,27.7,938.4,False,51.6,89,0.6
0 days 00:00:31.964000,26.6,34.1,938.7,False,54.1,245,0.4
0 days 00:01:31.966000,26.5,34.5,938.6,False,53.8,355,0.2
0 days 00:02:31.966000,26.4,35.5,938.7,False,53.4,330,0.1
0 days 00:03:31.966000,26.4,34.6,938.7,False,53.7,245,0.1
0 days 00:04:31.966000,26.3,34.9,938.6,False,54.4,245,0.4
0 days 00:05:31.966000,26.3,34.9,938.7,False,53.8,266,0.4
0 days 00:06:31.973000,26.2,35.0,938.6,False,53.7,262,0.3
0 days 00:07:31.981000,26.0,35.6,938.5,False,53.7,282,0.1
0 days 00:08:31.995000,26.2,36.0,938.6,False,53.6,248,0.3
0 days 00:09:32.012000,26.5,35.1,938.6,False,53.6,252,0.6
0 days 00:10:32.012000,26.5,32.9,938.6,False,53.7,238,0.5
0 days 00:11:32.011000,26.4,33.6,938.6,False,53.2,283,0.2
0 days 00:12:32.027000,26.3,33.7,938.6,False,53.4,0,0.3
0 days 00:13:32.044000,26.1,34.0,938.6,False,53.4,337,0.0
0 days 00:14:32.045000,26.2,34.1,938.5,False,53.4,250,0.1
0 days 00:15:32.042000,26.3,34.1,938.6,False,53.4,263,0.4
0 days 00:16:32.048000,26.2,34.1,938.6,False,53.4,213,0.2
0 days 00:17:32.044000,26.3,34.2,938.6,False,53.4,222,0.2
0 days 00:18:32.044000,26.4,34.2,938.6,False,53.5,292,0.1
0 days 00:19:32.043000,26.4,33.1,938.6,False,53.7,237,0.2
0 days 00:20:32.045000,26.6,31.6,938.6,False,53.0,178,0.1
0 days 00:21:32.048000,26.4,31.6,938.5,False,52.6,9,0.1
0 days 00:22:32.043000,26.4,32.6,938.6,False,52.7,0,0.1
0 days 00:23:32.045000,26.5,33.2,938.6,False,52.9,358,0.0
0 days 00:24:32.044000,26.5,32.8,938.6,False,53.5,17,0.2
0 days 00:25:32.043000,26.7,32.5,938.5,False,54.0,270,0.3
0 days 00:26:32.042000,26.8,32.5,938.6,False,54.4,236,0.2
0 days 00:27:32.052000,26.8,32.3,938.6,False,53.9,249,0.3
0 days 00:28:32.043000,26.6,32.3,938.6,False,53.7,250,0.4
0 days 00:29:32.042000,26.5,33.2,938.5,False,53.3,242,0.4
0 days 00:30:32.051000,26.5,33.2,938.6,False,52.2,310,0.5
0 days 00:31:32.044000,26.4,34.7,938.5,False,52.1,288,0.2
0 days 00:32:32.047000,26.4,34.8,938.4,False,51.7,111,0.1
0 days 00:33:32.043000,26.5,35.0,938.5,False,51.5,161,0.0
0 days 00:34:32.044000,26.5,35.5,938.5,False,51.5,279,0.2
0 days 00:35:32.044000,26.7,34.7,938.6,False,52.5,273,0.4
0 days 00:36:32.044000,26.6,34.4,938.6,False,52.3,34,0.4
0 days 00:37:32.044000,26.6,34.4,938.6,False,51.8,108,0.2
0 days 00:38:32.053000,26.6,32.3,938.6,False,51.8,265,0.4
0 days 00:39:32.045000,26.6,32.3,938.6,False,52.2,345,0.2
0 days 00:40:32.045000,26.5,33.3,938.5,False,52.5,226,0.1
0 days 00:41:32.045000,26.5,33.5,938.5,False,52.2,190,0.3
0 days 00:42:32.046000,26.6,32.7,938.5,False,52.3,38,0.3
0 days 00:43:32.044000,26.7,33.6,938.6,False,52.3,114,0.3
0 days 00:44:32.047000,26.7,32.8,938.5,False,53.1,0,0.3
0 days 00:45:32.044000,26.9,31.9,938.5,False,53.3,0,0.0
0 days 00:46:32.045000,26.9,31.5,938.6,False,53.2,2,0.3
0 days 00:47:32.044000,27.0,31.7,938.6,False,53.2,287,0.2
0 days 00:48:32.045000,27.1,30.8,938.5,False,53.7,125,0.3
0 days 00:49:32.042000,26.9,31.7,938.6,False,53.7,89,0.2
0 days 00:50:32.042000,26.8,32.6,938.5,False,53.4,35,0.7
0 days 00:51:32.050000,26.9,32.3,938.4,False,53.9,150,0.3
0 days 00:52:32.044000,27.1,32.0,938.5,False,53.9,164,0.3
0 days 00:53:32.043000,27.1,32.0,938.5,False,54.4,240,0.5
0 days 00:54:32.044000,27.3,31.3,938.5,False,54.4,69,0.2
0 days 00:55:32.045000,27.2,31.5,938.5,False,54.2,106,0.2
0 days 00:56:32.049000,27.1,32.1,938.5,False,54.4,53,0.4
0 days 00:57:32.045000,27.0,31.8,938.5,False,54.3,29,0.3
0 days 00:58:32.044000,27.0,31.1,938.5,False,54.2,28,0.2
0 days 00:59:32.043000,26.8,32.3,938.5,False,53.8,48,0.3
0 days 01:00:32.049000,26.5,32.6,938.5,False,53.5,74,0.2
0 days 01:01:32.059000,26.6,32.2,938.5,False,54.1,95,0.5
0 days 01:02:32.079000,26.4,32.1,938.5,False,54.1,82,0.4
0 days 01:03:32.093000,26.7,30.9,938.5,False,54.2,96,0.3
0 days 01:04:32.106000,26.8,30.5,938.6,False,54.2,97,0.5
0 days 01:05:32.119000,27.0,30.7,938.4,False,53.5,11,0.2
0 days 01:06:32.108000,27.0,31.3,938.5,False,53.2,142,0.4
0 days 01:07:32.107000,27.1,32.0,938.6,False,53.2,71,0.2
0 days 01:08:32.123000,27.1,32.0,938.5,False,53.7,96,0.2
0 days 01:09:32.138000,27.2,32.0,938.5,False,53.9,27,0.3
0 days 01:10:32.154000,27.2,32.0,938.5,False,53.9,102,0.3
0 days 01:11:32.153000,27.2,31.1,938.5,False,53.9,69,0.5
0 days 01:12:32.173000,27.2,31.0,938.5,False,53.1,92,0.5
0 days 01:13:32.159000,27.2,31.0,938.5,False,52.7,69,0.4
0 days 01:14:32.168000,26.9,31.9,938.5,False,52.0,64,0.3
0 days 01:15:32.178000,26.9,32.3,938.5,False,51.1,20,0.3
0 days 01:16:32.186000,26.9,32.4,938.3,False,50.5,98,0.1
0 days 01:17:32.178000,26.7,32.6,938.3,False,49.8,24,0.5
0 days 01:18:32.170000,26.7,32.6,938.3,False,49.2,287,0.3
0 days 01:19:32.169000,26.6,33.3,938.5,False,48.7,23,0.2
0 days 01:20:32.179000,26.3,34.6,938.4,False,48.7,246,0.1
0 days 01:21:32.176000,26.3,33.9,938.4,False,48.1,15,0.3
0 days 01:22:32.171000,26.2,33.4,938.5,False,48.2,73,0.2
0 days 01:23:32.158000,26.2,33.4,938.3,False,48.1,72,0.4
0 days 01:24:32.171000,26.2,33.4,938.3,False,48.1,64,0.3
0 days 01:25:32.173000,26.3,33.2,938.4,False,48.1,70,0.4
0 days 01:26:32.169000,26.4,33.0,938.4,False,48.2,84,0.5
0 days 01:27:32.176000,26.5,32.7,938.4,False,48.3,88,0.5
0 days 01:28:32.170000,26.8,32.9,938.4,False,48.5,109,0.6
0 days 01:29:32.170000,27.0,31.6,938.4,False,48.5,139,0.6
0 days 01:30:32.170000,27.1,31.6,938.4,False,49.7,92,0.5
0 days 01:31:32.171000,27.1,32.2,938.4,False,50.4,94,0.2
0 days 01:32:32.175000,27.2,32.2,938.4,False,51.2,37,0.5
0 days 01:33:32.169000,27.2,32.3,938.4,False,51.5,71,0.4
0 days 01:34:32.170000,27.3,30.6,938.4,False,53.1,312,0.3
0 days 01:35:32.170000,27.3,30.0,938.4,False,53.0,319,0.3
0 days 01:36:32.176000,27.0,30.0,938.3,False,53.0,40,0.1
0 days 01:37:32.171000,26.9,30.6,938.2,False,53.4,104,0.5
0 days 01:38:32.175000,27.1,30.6,938.2,False,53.9,99,1.2
0 days 01:39:32.170000,27.1,30.8,938.3,False,53.9,65,0.4
0 days 01:40:32.171000,26.9,30.9,938.3,False,53.0,85,0.5
0 days 01:41:32.171000,27.0,30.8,938.3,False,52.9,80,0.7
0 days 01:42:32.178000,27.1,31.2,938.4,False,52.9,82,0.8
0 days 01:43:32.169000,27.2,31.4,938.4,False,53.1,72,0.7
0 days 01:44:32.171000,27.1,30.6,938.4,False,52.9,80,0.8
0 days 01:45:32.171000,27.0,30.2,938.3,False,52.8,85,0.8
0 days 01:46:32.176000,26.9,31.5,938.3,False,52.4,88,0.5
0 days 01:47:32.170000,26.8,34.9,938.4,False,51.7,82,0.5
0 days 01:48:32.162000,26.7,36.4,938.3,False,50.6,78,0.8
0 days 01:49:32.185000,26.7,36.7,938.3,False,50.3,85,0.7
0 days 01:50:32.169000,26.7,38.2,938.2,False,49.6,80,0.8
0 days 01:51:32.172000,26.5,38.8,938.3,False,49.6,69,0.8
0 days 01:52:32.172000,26.5,39.2,938.4,False,49.7,77,0.8
0 days 01:53:32.188000,26.4,39.5,938.3,False,50.6,45,0.8
0 days 01:54:32.180000,26.3,40.8,938.2,False,51.1,85,0.8
0 days 01:55:32.172000,26.2,42.3,938.3,False,51.2,83,0.7
0 days 01:56:32.171000,26.3,41.7,938.3,False,50.4,90,0.9
0 days 01:57:32.171000,26.2,41.9,938.4,False,48.1,71,0.6
0 days 00:00:26.705000,24.9,28.6,936.7,False,49.0,0,0.1
0 days 00:01:26.706000,25.0,29.0,936.8,False,49.4,224,0.1
0 days 00:02:26.725000,25.1,28.7,936.6,False,49.7,35,0.1
0 days 00:03:26.724000,25.2,28.2,936.6,False,50.3,82,0.2
0 days 00:04:26.723000,25.3,27.6,936.6,False,51.0,19,0.3
0 days 00:05:26.730000,25.1,28.9,936.5,False,51.0,35,0.4
0 days 00:06:26.740000,24.9,29.1,936.5,False,51.1,269,0.3
0 days 00:07:26.745000,24.9,28.8,936.5,False,51.1,30,0.1
0 days 00:08:26.754000,24.9,28.7,936.5,False,51.0,271,0.1
0 days 00:09:26.754000,25.2,28.1,936.4,False,51.0,191,0.1
0 days 00:10:26.755000,25.3,26.8,936.5,False,52.0,90,0.3
0 days 00:11:26.755000,25.4,27.1,936.4,False,52.0,78,0.4
0 days 00:12:26.753000,25.4,27.2,936.6,False,52.0,77,0.4
0 days 00:13:26.753000,25.4,27.2,936.6,False,52.0,88,0.3
0 days 00:14:26.755000,25.5,27.0,936.4,False,51.5,78,0.3
0 days 00:15:26.756000,25.5,26.4,936.5,False,51.9,82,0.4
0 days 00:16:26.770000,25.3,27.1,936.5,False,51.6,97,0.6
0 days 00:17:26.769000,25.1,27.8,936.6,False,51.4,129,0.6
0 days 00:18:26.773000,25.0,28.8,936.5,False,51.4,57,0.2
0 days 00:19:26.793000,25.0,28.7,936.4,False,51.9,83,0.2
0 days 00:20:26.801000,25.1,28.0,936.6,False,52.2,355,0.4
0 days 00:21:26.815000,25.2,28.3,936.6,False,52.3,67,0.3
0 days 00:22:26.818000,25.4,27.6,936.4,False,52.3,77,0.5
0 days 00:23:26.835000,25.5,26.9,936.5,False,52.4,119,0.7
0 days 00:24:26.833000,25.6,27.8,936.4,False,52.3,93,0.6
0 days 00:25:26.835000,25.6,27.9,936.5,False,52.0,62,0.2
0 days 00:26:26.833000,25.7,27.5,936.4,False,52.0,84,0.3
0 days 00:27:26.833000,25.9,27.7,936.4,False,52.6,83,0.6
0 days 00:28:26.833000,26.2,27.2,936.4,False,52.6,35,0.7
0 days 00:29:26.833000,26.0,27.0,936.4,False,52.8,54,0.4
0 days 00:30:26.832000,26.0,26.5,936.5,False,52.8,62,0.5
0 days 00:31:26.832000,25.8,26.5,936.4,False,52.8,53,0.8
0 days 00:32:26.833000,25.7,27.0,936.3,False,52.7,77,0.5
0 days 00:33:26.833000,25.5,27.0,936.4,False,52.7,90,0.4
0 days 00:34:26.833000,25.6,27.1,936.3,False,52.7,74,0.7
0 days 00:35:26.832000,25.8,26.3,936.3,False,52.6,48,0.8
0 days 00:36:26.836000,25.9,25.8,936.3,False,51.8,105,0.4
0 days 00:37:26.832000,25.8,27.2,936.2,False,51.4,84,0.2
0 days 00:38:26.836000,25.7,28.3,936.2,False,51.4,131,0.3
0 days 00:39:26.833000,25.9,27.2,936.3,False,52.0,96,0.2
0 days 00:40:26.834000,25.8,26.7,936.2,False,52.6,101,0.5
0 days 00:41:26.835000,25.6,26.4,936.3,False,51.9,0,0.2
0 days 00:42:26.835000,25.6,26.8,936.2,False,51.9,182,0.1
0 days 00:43:26.832000,25.6,27.3,936.3,False,52.1,0,0.2
0 days 00:44:26.832000,25.8,26.8,936.2,False,52.4,231,0.1
0 days 00:45:26.834000,25.9,25.6,936.2,False,52.4,336,0.3
0 days 00:46:26.832000,25.8,26.4,936.3,False,51.7,209,0.3
0 days 00:47:26.836000,25.7,27.1,936.3,False,51.7,219,0.3
0 days 00:48:26.835000,25.7,27.1,936.3,False,51.8,241,0.3
0 days 00:49:26.825000,25.7,27.2,936.2,False,52.0,300,0.3
0 days 00:50:26.833000,25.9,27.7,936.2,False,52.3,107,0.3
0 days 00:51:26.832000,26.0,26.9,936.3,False,52.3,216,0.1
0 days 00:52:26.834000,26.1,26.4,936.2,False,52.3,229,0.2
0 days 00:53:26.848000,26.0,26.4,936.2,False,52.2,257,0.3
0 days 00:54:26.836000,25.8,26.7,936.2,False,52.1,262,0.3
0 days 00:55:26.822000,25.7,26.7,936.2,False,52.1,125,0.2
0 days 00:56:26.839000,25.9,26.9,936.2,False,52.1,188,0.1
0 days 00:57:26.850000,26.0,27.2,936.3,False,51.8,0,0.0
0 days 00:58:26.864000,26.1,26.7,936.2,False,52.2,47,0.0
0 days 00:59:26.871000,26.0,26.7,936.1,False,52.2,335,0.2
0 days 01:00:26.886000,26.0,26.9,936.2,False,51.7,136,0.1
0 days 01:01:26.879000,25.7,27.2,936.1,False,51.6,212,0.1
0 days 01:02:26.885000,25.6,27.1,936.2,False,51.6,167,0.1
0 days 01:03:26.878000,25.7,26.8,936.2,False,51.8,212,0.2
0 days 01:04:26.880000,25.7,26.8,936.2,False,52.0,186,0.2
0 days 01:05:26.879000,25.7,27.1,936.1,False,52.1,266,0.2
0 days 01:06:26.881000,25.7,26.8,936.1,False,51.0,232,0.6
0 days 01:07:26.885000,25.5,27.2,936.1,False,50.5,249,0.4
0 days 01:08:26.880000,25.5,27.4,936.1,False,49.9,246,0.5
0 days 01:09:26.879000,25.7,27.2,936.1,False,49.9,203,0.3
0 days 01:10:26.879000,25.8,27.2,936.1,False,49.9,246,0.3
0 days 01:11:26.880000,25.9,26.5,936.1,False,50.2,0,0.3
0 days 01:12:26.896000,26.1,26.2,936.1,False,51.5,86,0.4
0 days 01:13:26.894000,25.9,25.6,936.1,False,52.1,89,0.4
0 days 01:14:26.913000,25.9,26.2,936.1,False,52.1,80,0.5
0 days 01:15:26.933000,26.2,25.5,936.1,False,51.9,89,0.6
0 days 01:16:26.934000,26.0,26.8,936.1,False,51.9,62,0.6
0 days 00:00:57.582000,19.0,58.3,935.8,False,27.8,193,0.1
0 days 00:01:57.581000,19.0,58.7,935.8,True,27.7,160,0.1
0 days 00:02:57.577000,19.1,58.8,935.7,True,27.6,213,0.1
0 days 00:03:57.568000,19.1,57.2,935.7,True,27.8,213,0.1
0 days 00:04:57.593000,19.2,57.9,935.7,True,27.8,234,0.2
0 days 00:05:57.610000,19.2,57.9,935.8,False,28.0,244,0.2
0 days 00:06:57.610000,19.1,57.5,935.6,False,28.0,0,0.1
0 days 00:07:57.627000,19.2,57.9,935.7,True,27.9,175,0.1
0 days 00:08:57.624000,19.2,58.1,935.6,True,27.9,134,0.1
0 days 00:09:57.640000,19.3,57.4,935.6,False,28.1,240,0.1
0 days 00:10:57.661000,19.4,56.0,935.6,False,28.3,212,0.2
0 days 00:11:57.657000,19.4,55.5,935.6,False,28.3,228,0.1
0 days 00:12:57.656000,19.4,55.3,935.6,False,28.3,244,0.1
0 days 00:13:57.655000,19.4,54.5,935.6,False,28.4,223,0.2
0 days 00:14:57.656000,19.4,54.4,935.6,False,28.6,243,0.1
0 days 00:15:57.672000,19.4,54.5,935.5,False,28.4,227,0.1
0 days 00:16:57.688000,19.4,54.5,935.5,False,28.4,227,0.1
0 days 00:17:57.687000,19.5,54.1,935.5,False,28.4,241,0.2
0 days 00:18:57.690000,19.5,53.9,935.6,False,28.7,237,0.2
0 days 00:19:57.703000,19.6,53.8,935.6,False,28.7,241,0.3
0 days 00:20:57.708000,19.6,53.8,935.6,False,28.7,241,0.3
0 days 00:21:57.705000,19.6,54.2,935.5,False,28.7,238,0.2
0 days 00:22:57.713000,19.6,54.3,935.5,False,28.7,228,0.1
0 days 00:23:57.720000,19.7,54.1,935.5,False,28.7,286,0.2
0 days 00:24:57.734000,19.7,53.7,935.4,False,28.9,99,0.0
0 days 00:25:57.733000,19.8,53.5,935.5,False,28.9,144,0.1
0 days 00:26:57.735000,19.9,53.4,935.5,False,29.1,139,0.1
0 days 00:27:57.736000,19.9,52.6,935.4,False,29.1,109,0.3
0 days 00:28:57.735000,19.9,52.7,935.4,False,29.2,86,0.2
0 days 00:29:57.738000,19.9,52.9,935.4,False,29.2,91,0.1
0 days 00:30:57.735000,19.9,52.8,935.3,False,29.5,93,0.3
0 days 00:31:57.735000,19.9,52.3,935.3,False,29.7,83,0.3
0 days 00:32:57.735000,20.1,52.2,935.2,False,29.9,61,0.5
0 days 00:33:57.734000,20.1,52.3,935.3,False,30.0,56,0.2
0 days 00:34:57.735000,20.1,52.2,935.2,False,30.3,44,0.5
0 days 00:35:57.724000,20.2,52.2,935.2,False,30.8,79,0.4
0 days 00:36:57.735000,20.2,51.5,935.2,False,31.7,125,0.2
0 days 00:37:57.734000,20.3,51.7,935.2,False,32.2,341,0.1
0 days 00:38:57.733000,20.3,50.9,935.2,False,32.6,295,0.1
0 days 00:39:57.741000,20.5,50.6,935.3,False,33.0,246,0.1
0 days 00:40:57.735000,20.6,50.6,935.1,False,33.0,242,0.3
0 days 00:41:57.736000,20.6,51.6,935.2,False,32.9,256,0.2
0 days 00:42:57.734000,20.6,51.1,935.1,False,32.3,281,0.2
0 days 00:43:57.736000,20.6,51.5,935.1,False,32.4,25,0.2
0 days 00:44:57.737000,20.5,51.5,935.1,False,32.4,25,0.2
0 days 00:45:57.738000,20.5,51.2,935.1,False,33.3,11,0.2
0 days 00:46:57.736000,20.5,51.2,935.0,False,34.6,293,0.1
0 days 00:47:57.734000,20.9,50.5,935.0,False,35.0,275,0.1
0 days 00:48:57.735000,20.9,50.2,935.0,False,35.2,280,0.1
0 days 00:49:57.740000,20.8,50.2,935.0,False,35.3,40,0.1
0 days 00:50:57.735000,20.9,50.9,935.1,False,35.2,340,0.2
0 days 00:51:57.735000,20.9,50.9,935.1,False,34.8,335,0.1
0 days 00:52:57.736000,21.0,50.4,935.0,False,34.6,337,0.1
0 days 00:53:57.734000,21.0,49.7,935.0,False,34.6,157,0.1
0 days 00:54:57.752000,20.9,50.0,935.0,False,34.4,21,0.1
0 days 00:55:57.749000,20.8,50.5,935.0,False,33.3,24,0.2
0 days 00:56:57.751000,20.7,51.3,935.0,False,33.3,241,0.2
0 days 00:57:57.743000,20.7,50.4,935.0,False,33.9,245,0.2
0 days 00:58:57.766000,20.7,50.1,935.1,False,34.1,271,0.4
0 days 00:59:57.785000,20.8,51.1,935.0,False,33.4,245,0.2
0 days 01:00:57.799000,20.8,51.1,935.0,False,33.4,257,0.2
0 days 01:01:57.807000,20.9,50.7,934.9,False,33.6,321,0.1
0 days 01:02:57.798000,20.9,51.2,935.0,False,33.9,2,0.0
0 days 01:03:57.821000,21.0,51.0,935.0,False,33.8,2,0.1
0 days 01:04:57.830000,21.0,50.5,934.9,False,34.2,113,0.4
0 days 01:05:57.844000,21.1,48.5,934.9,False,35.5,283,0.2
0 days 01:06:57.844000,21.0,49.4,934.9,False,34.9,73,0.1
0 days 01:07:57.844000,21.0,49.4,934.8,False,34.4,60,0.3
0 days 01:08:57.861000,20.9,49.9,934.8,False,34.7,31,0.2
0 days 01:09:57.881000,21.0,49.5,934.9,False,34.6,60,0.3
0 days 01:10:57.859000,21.1,49.6,934.7,False,34.6,336,0.1
0 days 01:11:57.861000,21.1,49.5,934.9,False,34.5,96,0.3
0 days 01:12:57.849000,21.1,49.4,934.7,False,34.4,1,0.4
0 days 01:13:57.859000,21.2,48.3,934.8,False,34.7,94,0.3
0 days 01:14:57.860000,21.4,47.6,934.7,False,34.7,44,0.3
0 days 01:15:57.860000,21.5,46.3,934.8,False,34.7,94,0.4
0 days 01:16:57.869000,21.5,46.9,934.6,False,34.7,99,0.4
0 days 01:17:57.860000,21.5,46.1,934.7,False,34.7,93,0.3
0 days 01:18:57.860000,21.4,46.3,934.7,False,34.5,290,0.2
0 days 01:19:57.861000,21.4,46.8,934.7,False,34.5,122,0.5
0 days 01:20:57.859000,21.3,46.8,934.6,False,34.2,158,0.3
0 days 01:21:57.861000,21.4,46.7,934.7,False,34.5,84,0.2
0 days 01:22:57.858000,21.3,47.3,934.6,False,35.6,85,0.2
0 days 01:23:57.860000,21.4,47.3,934.6,False,35.9,91,0.5
0 days 01:24:57.859000,21.6,47.3,934.5,False,36.3,53,0.9
0 days 01:25:57.859000,21.6,46.4,934.6,False,36.7,70,0.6
0 days 01:26:57.860000,21.6,46.8,934.7,False,36.2,83,0.9
0 days 01:27:57.858000,21.5,47.8,934.7,False,35.4,82,0.6
0 days 01:28:57.860000,21.3,48.1,934.7,False,35.1,51,0.6
0 days 01:29:57.876000,21.3,48.0,934.6,False,35.1,90,0.5
0 days 01:30:57.892000,21.2,48.1,934.5,False,35.1,94,0.8
0 days 01:31:57.904000,21.2,48.5,934.6,False,34.7,71,0.5
0 days 01:32:57.905000,21.2,48.7,934.5,False,34.7,79,0.5
0 days 01:33:57.905000,21.3,47.7,934.5,False,35.0,88,0.8
0 days 01:34:57.923000,21.5,47.2,934.5,False,35.1,75,0.5
0 days 01:35:57.942000,21.6,46.8,934.6,False,35.1,50,0.5
0 days 01:36:57.939000,21.6,46.6,934.5,False,34.9,20,0.4
0 days 01:37:57.942000,21.6,47.3,934.5,False,34.8,73,0.3
0 days 01:38:57.954000,21.5,47.2,934.5,False,34.9,59,0.5
0 days 01:39:57.953000,21.5,47.1,934.5,False,35.0,4,0.4
0 days 01:40:57.952000,21.6,46.5,934.4,False,35.0,0,0.3
0 days 01:41:57.953000,21.6,47.0,934.5,False,34.7,61,0.4
0 days 01:42:57.968000,21.6,46.2,934.4,False,35.1,56,0.2
0 days 01:43:57.958000,21.8,46.1,934.3,False,35.1,18,0.5
0 days 01:44:57.985000,21.7,48.4,934.4,False,34.7,80,0.4
0 days 01:45:57.984000,21.5,47.9,934.3,False,34.8,96,0.3
0 days 01:46:57.985000,21.5,47.3,934.4,False,34.9,72,0.5
0 days 01:47:57.982000,21.6,46.8,934.4,False,34.9,95,0.3
0 days 01:48:57.984000,21.5,47.1,934.2,False,34.8,42,0.2
0 days 01:49:57.985000,21.5,47.0,934.3,False,34.6,344,0.4
0 days 01:50:57.985000,21.4,46.7,934.2,False,34.5,0,0.3
0 days 01:51:57.993000,21.4,46.8,934.2,False,34.3,65,0.4
0 days 01:52:57.990000,21.4,47.1,934.3,False,33.8,85,0.6
0 days 01:53:57.986000,21.4,46.5,934.2,False,34.2,98,0.5
0 days 01:54:57.976000,21.5,46.6,934.3,False,34.2,86,0.5
0 days 01:55:58,21.5,47.2,934.2,False,34.2,70,0.9
0 days 01:56:57.988000,21.5,46.6,934.3,False,34.0,63,0.6
0 days 01:57:57.985000,21.5,47.3,934.2,False,34.2,66,0.4
0 days 01:58:57.985000,21.5,47.6,934.2,False,34.2,76,0.4
0 days 01:59:57.985000,21.5,47.6,934.2,False,34.2,76,0.4
0 days 02:00:57.983000,21.5,47.6,934.2,False,34.2,76,0.4
0 days 02:01:57.983000,21.5,47.6,934.2,False,34.2,76,0.4
0 days 02:02:57.987000,21.0,47.6,934.2,False,34.2,76,0.4
0 days 02:03:57.986000,20.9,47.6,934.2,False,34.2,76,0.4
0 days 02:04:57.984000,21.0,47.9,934.2,False,34.2,69,0.3
0 days 02:05:57.984000,21.8,45.9,934.1,False,34.6,83,0.8
0 days 02:06:57.986000,21.9,46.0,934.1,False,34.6,76,0.7
0 days 02:07:57.988000,21.9,45.8,934.1,False,34.8,76,0.6
0 days 02:08:57.984000,22.0,45.9,934.1,False,34.6,78,0.6
0 days 02:09:57.987000,22.0,46.4,934.1,False,34.2,89,0.7
0 days 02:10:57.985000,21.9,46.8,933.9,False,33.8,80,0.8
0 days 02:11:57.985000,21.8,46.8,933.9,False,33.8,80,0.8
0 days 02:12:57.987000,21.8,46.7,934.1,False,33.9,74,0.8
0 days 02:13:57.992000,21.8,46.5,933.9,False,33.9,81,0.9
0 days 02:14:57.984000,21.7,46.5,934.0,False,33.8,102,0.7
0 days 02:15:57.985000,21.6,46.9,934.0,False,34.0,89,0.7
0 days 02:16:57.986000,21.7,46.8,934.0,False,34.1,84,0.7
0 days 02:17:57.983000,21.8,47.2,934.0,False,34.0,82,0.7
0 days 02:18:57.993000,21.8,47.1,933.9,False,34.1,86,0.6
0 days 02:19:57.984000,21.9,47.2,933.9,False,34.1,82,0.6
0 days 02:20:57.985000,22.0,47.5,933.9,False,34.4,83,0.5
0 days 02:21:57.986000,22.3,47.3,933.9,False,34.5,75,0.6
0 days 02:22:57.985000,22.3,47.0,933.8,False,34.5,96,0.6
0 days 02:23:57.984000,22.3,47.3,933.8,False,34.7,89,0.9
0 days 02:24:57.987000,22.4,47.0,933.8,False,34.8,116,0.7
0 days 02:25:57.982000,22.3,46.6,933.8,False,35.5,23,0.3
0 days 02:26:57.985000,22.2,46.9,933.8,False,35.7,117,0.3
0 days 02:27:57.973000,22.3,47.0,933.9,False,36.1,90,0.3
0 days 02:28:57.986000,22.5,46.7,933.8,False,36.7,106,0.7
0 days 02:29:57.984000,22.6,46.4,933.7,False,36.8,70,0.3
0 days 02:30:57.985000,22.5,45.6,933.8,False,36.9,253,0.2
0 days 02:31:57.984000,22.4,46.6,933.8,False,36.9,241,0.5
0 days 02:32:57.984000,22.1,48.7,933.8,False,35.7,275,0.5
0 days 02:33:57.983000,21.9,49.4,933.8,False,35.5,266,0.3
0 days 02:34:57.973000,21.8,50.1,933.7,False,35.5,241,0.2
0 days 02:35:57.984000,21.8,50.1,933.7,False,35.5,287,0.1
0 days 00:00:48.604000,25.2,53.8,1009.7,False,41.3,343,0.7
0 days 00:01:48.610000,25.2,55.7,1009.7,False,40.8,15,0.6
0 days 00:02:48.629000,25.2,54.2,1009.7,False,40.9,19,0.9
0 days 00:03:48.609000,25.3,54.5,1009.7,False,40.9,19,0.7
0 days 00:04:48.608000,25.3,53.6,1009.8,False,41.3,15,0.9
0 days 00:05:48.608000,25.3,53.5,1009.7,False,41.3,18,0.8
0 days 00:06:24.107000,25.3,53.5,1009.7,False,41.3,18,0.8
0 days 00:06:48.611000,25.3,53.8,1009.7,False,41.3,16,0.8
0 days 00:07:48.611000,25.2,54.3,1009.7,False,41.3,9,0.5
0 days 00:08:48.613000,25.2,53.9,1009.7,False,41.0,17,0.5
0 days 00:09:48.620000,25.2,54.1,1009.8,False,40.9,12,0.7
0 days 00:10:48.611000,25.1,54.5,1009.8,False,40.9,15,0.7
0 days 00:11:48.611000,25.0,53.4,1009.7,False,40.9,14,0.9
0 days 00:12:48.610000,25.0,53.7,1009.8,False,40.9,17,0.8
0 days 00:13:48.611000,25.0,53.2,1009.7,False,40.3,18,0.8
0 days 00:14:48.610000,25.0,54.0,1009.8,False,39.6,10,0.7
0 days 00:15:48.611000,25.0,54.3,1009.7,False,39.5,13,0.6
0 days 00:16:48.611000,25.0,54.3,1009.7,False,39.5,354,0.6
0 days 00:17:48.613000,25.0,54.6,1009.6,False,39.5,359,0.7
0 days 00:18:48.611000,25.0,55.2,1009.8,False,39.5,11,0.8
0 days 00:19:48.610000,25.0,54.4,1009.7,False,39.5,16,0.9
0 days 00:20:48.610000,25.0,54.3,1009.8,False,39.8,11,0.9
0 days 00:21:48.613000,25.0,54.7,1009.8,False,39.9,1,0.5
0 days 00:22:48.609000,25.0,54.4,1009.8,False,39.9,8,0.6
0 days 00:23:48.626000,25.2,53.8,1009.8,False,39.6,340,0.7
0 days 00:24:48.627000,25.2,54.1,1009.7,False,39.8,15,0.6
0 days 00:25:48.627000,25.2,54.0,1009.7,False,39.9,20,0.8
0 days 00:26:48.652000,25.2,54.3,1009.8,False,40.0,13,0.9
0 days 00:27:48.668000,25.2,54.3,1009.8,False,40.0,13,0.9
0 days 00:28:48.658000,25.2,54.5,1009.8,False,39.4,352,0.5
0 days 00:29:48.674000,25.2,53.7,1009.8,False,39.3,359,0.7
0 days 00:30:48.691000,25.2,54.2,1009.7,False,39.4,357,0.6
0 days 00:31:48.705000,25.2,54.2,1009.8,False,39.1,354,0.8
0 days 00:32:48.704000,25.2,54.2,1009.9,False,39.2,355,0.5
0 days 00:33:48.705000,25.2,53.5,1009.8,False,38.9,350,0.7
0 days 00:34:48.705000,25.0,54.2,1009.8,False,38.9,350,0.6
0 days 00:35:48.712000,25.1,54.1,1009.8,False,38.9,19,0.4
0 days 00:36:48.705000,25.0,54.2,1009.9,False,39.0,20,0.6
0 days 00:37:48.705000,25.0,54.4,1009.8,False,39.2,0,0.5
0 days 00:38:48.805000,25.1,54.2,1009.8,False,38.8,9,0.4
0 days 00:39:48.705000,25.3,53.9,1009.8,False,38.7,356,0.5
0 days 00:40:48.703000,25.3,54.3,1009.8,False,38.8,17,0.5
0 days 00:41:48.705000,25.3,53.6,1009.8,False,38.7,6,0.7
0 days 00:42:48.726000,25.2,54.1,1009.8,False,38.8,27,0.6
0 days 00:43:48.723000,25.2,53.9,1009.8,False,38.6,1,0.5
0 days 00:44:48.721000,25.1,54.3,1009.9,False,38.6,359,0.6
0 days 00:45:48.737000,25.1,54.7,1009.8,False,38.4,12,0.6
0 days 00:46:48.736000,25.0,55.3,1009.9,False,38.4,6,0.5
0 days 00:47:48.735000,24.9,55.4,1009.8,False,38.2,342,0.4
0 days 00:48:48.736000,24.8,55.4,1009.8,False,38.6,14,0.5
0 days 00:49:48.735000,25.0,54.7,1009.8,False,38.5,9,0.6
0 days 00:50:48.749000,25.0,55.1,1009.9,False,38.2,6,0.7
0 days 00:51:48.736000,25.0,54.9,1009.8,False,38.0,358,0.5
0 days 00:52:48.767000,25.0,55.8,1009.8,False,38.0,4,0.5
0 days 00:53:48.736000,24.9,54.7,1009.9,False,38.0,351,0.6
0 days 00:54:48.752000,24.9,55.0,1009.9,False,38.0,355,0.5
0 days 00:55:48.734000,24.9,55.0,1009.9,False,38.0,355,0.5
0 days 00:56:48.738000,24.9,54.6,1009.8,False,38.0,343,0.4
0 days 00:57:48.735000,24.9,53.7,1009.9,False,38.0,355,0.3
0 days 00:58:48.736000,24.9,53.9,1009.9,False,38.0,354,0.4
0 days 00:59:48.738000,24.9,54.1,1009.9,False,38.0,352,0.5
0 days 01:00:48.737000,24.8,54.0,1009.9,False,38.0,10,0.6
0 days 01:01:48.739000,24.8,53.6,1010.0,False,38.0,17,0.6
0 days 01:02:48.733000,24.7,54.5,1009.9,False,37.5,14,0.7
0 days 01:03:48.737000,24.7,54.7,1009.9,False,37.3,330,0.6
0 days 01:04:48.736000,24.5,54.2,1009.8,False,37.3,352,0.4
0 days 01:05:48.726000,24.5,54.2,1009.8,False,37.2,0,0.5
0 days 01:06:48.741000,24.4,54.2,1010.0,False,37.1,355,0.4
0 days 01:07:48.735000,24.4,54.2,1009.9,False,36.9,3,0.5
0 days 01:08:48.743000,24.4,54.0,1009.9,False,36.9,8,0.6
0 days 01:09:48.749000,24.4,53.9,1009.9,False,36.7,359,0.7
0 days 01:10:48.738000,24.4,54.5,1009.9,False,36.7,7,0.6
0 days 01:11:48.743000,24.4,54.5,1009.9,False,36.5,358,0.6
0 days 01:12:48.766000,24.2,54.9,1009.9,False,36.4,11,0.6
0 days 01:13:48.782000,24.2,55.3,1009.8,False,36.4,9,0.5
0 days 01:14:48.781000,24.2,54.8,1009.9,False,36.4,11,0.6
0 days 01:15:48.782000,24.2,55.1,1009.9,False,36.4,353,0.6
0 days 01:16:48.798000,24.2,55.4,1010.0,False,36.1,13,0.6
0 days 01:17:48.819000,24.1,55.3,1009.9,False,36.0,12,0.7
0 days 01:18:48.828000,24.0,56.1,1010.0,False,35.9,4,0.7
0 days 00:00:44.848000,28.4,41.3,1007.7,False,51.1,155,0.3
0 days 00:01:44.867000,28.5,41.0,1007.8,False,51.1,220,0.1
0 days 00:02:44.883000,28.5,41.2,1007.7,False,51.3,339,0.1
0 days 00:03:44.881000,28.6,39.7,1007.7,False,51.3,22,0.3
0 days 00:04:44.882000,28.6,39.8,1007.8,False,51.8,180,0.1
0 days 00:05:44.874000,28.6,39.7,1007.8,False,51.8,0,0.2
0 days 00:06:44.881000,28.6,39.6,1007.8,False,51.6,106,0.1
0 days 00:07:44.881000,28.5,39.6,1007.8,False,51.2,0,0.3
0 days 00:08:44.882000,28.5,40.3,1007.7,False,51.1,299,0.2
0 days 00:09:44.899000,28.6,40.4,1007.7,False,51.1,167,0.4
0 days 00:10:44.914000,28.6,40.0,1007.7,False,51.5,166,0.4
0 days 00:11:44.912000,28.7,40.3,1007.6,False,51.7,151,0.2
0 days 00:12:44.913000,28.6,39.7,1007.7,False,51.9,150,0.3
0 days 00:13:44.915000,28.5,40.6,1007.7,False,52.0,192,0.5
0 days 00:14:44.914000,28.5,39.1,1007.8,False,51.9,206,0.3
0 days 00:15:44.934000,28.5,36.4,1007.7,False,51.9,346,0.2
0 days 00:16:44.913000,28.4,37.1,1007.7,False,51.8,48,0.3
0 days 00:17:44.911000,28.8,37.3,1007.8,False,52.4,324,0.2
0 days 00:18:44.912000,28.9,37.3,1007.8,False,52.0,174,0.2
0 days 00:19:44.913000,28.9,36.5,1007.6,False,52.0,22,0.3
0 days 00:20:44.914000,28.9,37.7,1007.8,False,51.8,333,0.3
0 days 00:21:44.914000,29.1,37.1,1007.7,False,51.8,138,0.2
0 days 00:22:44.920000,29.1,35.9,1007.7,False,52.8,177,0.4
0 days 00:23:44.916000,29.0,34.4,1007.6,False,52.8,166,0.5
0 days 00:24:44.921000,29.1,34.7,1007.7,False,53.1,177,0.3
0 days 00:25:44.922000,29.2,33.8,1007.7,False,53.1,165,0.3
0 days 00:26:44.914000,29.2,33.4,1007.7,False,52.4,147,0.3
0 days 00:27:44.914000,29.1,34.6,1007.7,False,52.4,167,0.4
0 days 00:28:44.923000,29.1,33.5,1007.7,False,52.0,0,0.2
0 days 00:29:44.913000,29.1,34.4,1007.6,False,51.9,199,0.2
0 days 00:30:44.912000,29.1,34.9,1007.7,False,51.6,235,0.2
0 days 00:31:44.913000,28.9,35.1,1007.6,False,51.6,144,0.2
0 days 00:32:44.914000,28.9,35.8,1007.7,False,51.5,276,0.3
0 days 00:33:44.912000,28.8,36.5,1007.6,False,51.5,249,0.3
0 days 00:34:45.886000,28.9,36.2,1007.6,False,51.5,180,0.4
0 days 00:35:44.913000,28.9,36.2,1007.5,False,51.6,181,0.6
0 days 00:36:44.914000,28.9,35.1,1007.7,False,51.7,186,0.4
0 days 00:37:44.913000,29.1,35.5,1007.6,False,51.2,194,0.2
0 days 00:38:44.914000,29.2,35.7,1007.6,False,51.7,196,0.5
0 days 00:39:44.915000,29.4,35.4,1007.6,False,51.7,161,0.5
0 days 00:40:44.914000,29.3,35.5,1007.6,False,51.7,176,0.4
0 days 00:41:44.912000,29.4,36.0,1007.6,False,51.8,201,0.5
0 days 00:42:44.917000,29.4,36.1,1007.6,False,51.4,188,0.5
0 days 00:43:44.914000,29.0,36.9,1007.5,False,51.4,170,0.3
0 days 00:44:44.913000,29.0,36.6,1007.6,False,51.7,119,0.4
0 days 00:45:44.912000,29.2,37.1,1007.6,False,51.7,147,0.5
0 days 00:46:44.914000,29.2,38.3,1007.5,False,51.4,133,0.1
0 days 00:47:44.914000,29.1,38.0,1007.6,False,51.4,292,0.2
0 days 00:48:44.913000,29.1,38.4,1007.5,False,52.1,156,0.5
0 days 00:49:44.910000,29.2,38.1,1007.4,False,52.3,178,0.5
0 days 00:50:44.913000,29.2,38.1,1007.5,False,52.3,162,0.5
0 days 00:51:44.921000,28.9,38.1,1007.4,False,51.8,197,0.3
0 days 00:52:44.912000,28.9,38.7,1007.5,False,51.7,171,0.3
0 days 00:53:44.921000,29.1,39.3,1007.4,False,51.6,7,0.3
0 days 00:54:44.925000,29.1,39.2,1007.5,False,51.7,0,0.2
0 days 00:55:44.914000,29.0,39.6,1007.5,False,51.8,269,0.2
0 days 00:56:44.914000,29.0,39.4,1007.5,False,52.1,167,0.3
0 days 00:57:44.916000,29.0,37.7,1007.4,False,52.8,266,0.5
0 days 00:58:44.923000,29.0,38.2,1007.4,False,52.1,191,0.3
0 days 00:59:44.915000,28.9,38.9,1007.4,False,52.1,179,0.6
0 days 01:00:44.914000,28.9,39.1,1007.3,False,52.1,187,0.6
0 days 01:01:44.914000,29.0,39.1,1007.4,False,52.1,176,0.5
0 days 01:02:44.914000,29.0,38.5,1007.4,False,51.8,178,0.6
0 days 01:03:44.914000,29.0,37.9,1007.4,False,51.8,183,0.6
0 days 01:04:44.913000,29.0,38.5,1007.4,False,51.6,157,0.8
0 days 01:05:44.914000,29.0,38.4,1007.6,False,51.5,161,0.5
0 days 01:06:44.913000,29.0,39.3,1007.6,False,51.7,158,0.3
0 days 01:07:44.914000,29.1,39.4,1007.4,False,51.8,169,0.3
0 days 01:08:44.915000,29.1,39.2,1007.4,False,51.8,189,0.3
0 days 01:09:44.913000,29.2,39.3,1007.5,False,51.9,196,0.5
0 days 01:10:44.913000,29.2,39.9,1007.4,False,51.4,330,0.2
0 days 01:11:44.913000,29.2,39.3,1007.3,False,51.0,356,0.3
0 days 01:12:44.913000,29.2,39.1,1007.3,False,51.5,130,0.1
0 days 01:13:44.913000,29.1,39.6,1007.3,False,51.4,155,0.2
0 days 01:14:44.913000,29.1,39.8,1007.5,False,51.4,0,0.3
0 days 01:15:44.917000,29.1,40.7,1007.4,False,51.6,0,0.1
0 days 01:16:44.913000,29.2,40.3,1007.4,False,51.6,331,0.1
0 days 01:17:44.913000,29.5,39.5,1007.4,False,51.7,193,0.2
0 days 01:18:44.913000,29.5,38.1,1007.4,False,52.4,283,0.2
0 days 01:19:44.913000,29.6,37.5,1007.5,False,52.4,241,0.1
0 days 01:20:44.912000,29.6,36.4,1007.4,False,51.9,0,0.1
0 days 01:21:44.913000,29.7,37.0,1007.4,False,51.9,137,0.3
0 days 01:22:44.912000,29.7,35.9,1007.4,False,52.4,323,0.1
0 days 01:23:44.913000,29.6,36.4,1007.4,False,52.4,342,0.2
0 days 01:24:44.912000,29.6,35.6,1007.4,False,51.8,240,0.1
0 days 01:25:44.912000,29.6,35.5,1007.4,False,51.8,0,0.2
0 days 01:26:44.917000,29.6,34.9,1007.4,False,51.9,6,0.2
0 days 01:27:44.914000,29.5,35.0,1007.3,False,52.0,29,0.3
0 days 01:28:44.918000,29.5,34.4,1007.3,False,51.6,84,0.2
0 days 01:29:44.912000,29.4,33.9,1007.3,False,51.1,174,0.2
0 days 01:30:44.913000,29.4,35.5,1007.4,False,50.8,130,0.3
0 days 01:31:44.914000,29.5,36.4,1007.3,False,51.1,330,0.1
0 days 01:32:44.914000,29.4,36.5,1007.3,False,51.4,353,0.3
0 days 01:33:44.915000,29.5,36.6,1007.3,False,51.5,345,0.3
0 days 01:34:44.913000,29.5,36.0,1007.3,False,51.5,21,0.3
0 days 01:35:44.910000,29.4,36.4,1007.3,False,51.5,28,0.3
0 days 01:36:44.912000,29.5,37.1,1007.2,False,51.6,20,0.4
0 days 01:37:44.912000,29.6,35.7,1007.2,False,52.1,25,0.4
0 days 01:38:44.912000,29.6,34.9,1007.2,False,51.6,3,0.3
0 days 01:39:44.913000,29.6,35.6,1007.2,False,51.6,345,0.3
0 days 01:40:44.912000,29.7,35.3,1007.2,False,51.4,60,0.1
0 days 01:41:44.913000,29.8,34.6,1007.1,False,51.4,2,0.2
0 days 01:42:44.912000,29.8,36.1,1007.2,False,50.5,352,0.6
0 days 01:43:44.915000,29.6,36.1,1007.2,False,50.5,17,0.4
0 days 01:44:44.913000,29.6,36.7,1007.1,False,50.6,338,0.3
0 days 01:45:44.912000,29.6,36.4,1007.1,False,50.6,351,0.3
0 days 01:46:44.917000,29.5,36.7,1007.1,False,50.6,122,0.3
0 days 01:47:44.922000,29.3,37.1,1007.3,False,50.6,256,0.3
0 days 01:48:44.916000,29.3,37.6,1007.2,False,50.8,0,0.0
0 days 01:49:44.924000,29.6,37.1,1007.1,False,50.9,100,0.2
0 days 01:50:44.913000,29.6,36.8,1007.1,False,50.9,170,0.1
0 days 01:51:44.911000,29.7,36.3,1007.1,False,50.9,170,0.3
0 days 01:52:44.920000,29.7,36.3,1007.1,False,50.9,278,0.2
0 days 01:53:44.913000,29.8,37.0,1007.1,False,50.8,298,0.4
0 days 01:54:44.914000,29.8,37.1,1007.1,False,50.9,261,0.2
0 days 01:55:44.914000,29.8,37.0,1007.2,False,51.1,0,0.2
0 days 01:56:44.902000,29.8,35.4,1007.1,False,51.3,20,0.5
0 days 01:57:44.913000,29.9,36.8,1007.1,False,50.5,254,0.6
0 days 01:58:44.918000,29.9,36.7,1007.1,False,50.4,0,0.1
0 days 01:59:44.915000,29.8,36.8,1007.2,False,50.4,119,0.3
0 days 02:00:44.914000,29.8,36.7,1007.1,False,50.9,185,0.3
0 days 02:01:44.912000,29.9,36.8,1007.2,False,50.9,333,0.4
0 days 02:02:44.917000,29.9,36.0,1007.1,False,50.9,13,0.2
0 days 02:03:44.914000,29.6,36.5,1007.2,False,50.9,114,0.2
0 days 02:04:44.913000,29.6,36.1,1007.0,False,50.8,251,0.1
0 days 02:05:44.913000,29.8,36.4,1007.1,False,50.8,6,0.2
0 days 02:06:44.913000,29.8,35.8,1007.0,False,49.9,327,0.1
0 days 02:07:44.912000,29.8,36.3,1007.1,False,49.9,183,0.3
0 days 02:08:44.911000,29.8,35.9,1007.0,False,50.6,159,0.6
0 days 02:09:44.914000,29.7,35.9,1007.0,False,50.8,173,0.3
0 days 02:10:44.913000,29.7,36.2,1007.0,False,50.8,184,0.8
0 days 02:11:44.915000,29.7,36.2,1007.1,False,50.5,204,0.7
0 days 02:12:44.914000,29.7,36.3,1007.1,False,50.4,58,0.4
0 days 02:13:44.909000,29.6,37.0,1007.1,False,50.3,353,0.2
0 days 02:14:44.914000,29.6,36.9,1007.0,False,50.4,207,0.3
0 days 02:15:44.915000,30.1,36.4,1007.0,False,50.5,339,0.2
0 days 02:16:44.912000,30.1,36.9,1007.0,False,50.5,272,0.2
0 days 02:17:44.915000,29.9,36.0,1007.0,False,50.4,302,0.2
0 days 02:18:44.926000,29.9,36.5,1006.9,False,49.8,204,0.2
0 days 02:19:44.913000,29.8,37.2,1007.0,False,49.4,51,0.1
0 days 02:20:44.915000,29.8,37.5,1006.9,False,49.5,203,0.3
0 days 02:21:44.912000,29.8,37.1,1006.9,False,49.6,184,0.6
0 days 02:22:44.914000,29.8,37.4,1006.9,False,49.8,345,0.2
0 days 02:23:44.932000,29.8,37.8,1006.8,False,49.8,190,0.6
0 days 02:24:44.919000,29.8,37.0,1007.0,False,49.7,180,0.8
0 days 02:25:44.915000,29.8,37.1,1007.0,False,49.9,181,0.5
0 days 02:26:44.915000,29.8,37.3,1006.8,False,49.6,165,0.2
0 days 02:27:44.914000,29.8,38.1,1006.9,False,49.9,156,0.3
0 days 02:28:44.915000,29.8,37.9,1006.9,False,49.5,55,0.2
0 days 02:29:44.915000,29.7,38.4,1006.9,False,50.1,225,0.2
0 days 02:30:44.912000,29.7,37.9,1006.8,False,49.9,22,0.2
0 days 02:31:44.913000,29.7,37.5,1006.9,False,49.8,190,0.1
0 days 02:32:44.914000,29.7,37.4,1006.8,False,49.8,293,0.1
0 days 02:33:44.913000,29.8,37.3,1006.8,False,49.6,207,0.1
0 days 02:34:44.914000,29.8,37.3,1006.9,False,49.5,99,0.2
0 days 02:35:44.914000,30.1,37.5,1006.8,False,49.4,209,0.2
0 days 02:36:44.915000,30.1,37.5,1006.8,False,49.4,243,0.2
0 days 02:37:44.919000,30.0,37.6,1006.8,False,49.3,0,0.3
0 days 02:38:44.915000,30.0,37.5,1006.8,False,49.2,238,0.3
0 days 02:39:44.915000,29.7,38.1,1006.8,False,49.2,13,0.1
0 days 02:40:44.917000,29.7,37.5,1006.8,False,49.2,15,0.3
0 days 02:41:44.915000,29.8,38.3,1006.7,False,49.2,325,0.3
0 days 02:42:44.916000,29.7,37.7,1006.7,False,49.7,316,0.2
0 days 02:43:44.915000,29.9,37.3,1006.7,False,49.7,227,0.3
0 days 02:44:44.915000,29.9,37.4,1006.8,False,49.6,165,0.2
0 days 02:45:44.915000,29.8,37.7,1006.7,False,49.6,0,0.2
0 days 02:46:44.913000,29.8,38.4,1006.8,False,49.1,157,0.3
0 days 02:47:44.914000,30.0,37.2,1006.7,False,49.3,118,0.1
0 days 02:48:44.923000,30.0,36.7,1006.6,False,49.3,230,0.1
0 days 02:49:44.913000,29.8,37.1,1006.6,False,49.2,331,0.2
0 days 02:50:44.918000,29.8,37.4,1006.6,False,49.2,190,0.4
0 days 02:51:44.914000,29.7,36.3,1006.6,False,49.2,191,0.7
0 days 02:52:44.912000,29.8,36.3,1006.7,False,49.3,178,0.6
0 days 02:53:44.920000,29.8,36.1,1006.6,False,49.2,179,0.6
0 days 02:54:44.913000,29.8,35.9,1006.7,False,49.0,119,0.8
0 days 02:55:44.913000,29.7,36.8,1006.6,False,48.8,143,0.6
0 days 02:56:44.913000,29.7,36.3,1006.7,False,48.6,186,0.5
0 days 02:57:44.914000,29.5,36.3,1006.7,False,48.6,173,0.6
0 days 02:58:44.922000,29.5,36.7,1006.6,False,48.6,162,0.5
0 days 02:59:44.916000,29.9,36.4,1006.6,False,48.6,182,0.5
0 days 03:00:44.913000,29.9,36.7,1006.6,False,48.3,183,0.7
0 days 03:01:44.913000,29.9,36.9,1006.6,False,48.3,185,0.6
0 days 03:02:44.913000,29.9,36.7,1006.6,False,48.4,176,0.6
0 days 03:03:44.911000,29.8,36.8,1006.6,False,48.4,130,0.5
0 days 00:00:24.530000,29.1,45.4,982.2,False,59.7,281,0.9
0 days 00:01:24.530000,29.1,45.4,982.3,False,59.4,289,0.9
0 days 00:02:24.533000,29.0,44.8,982.3,False,59.4,283,0.9
0 days 00:03:24.529000,29.0,45.2,982.4,False,58.8,295,0.6
0 days 00:04:24.529000,29.1,46.2,982.3,False,58.2,236,0.4
0 days 00:05:24.529000,29.1,47.3,982.4,False,58.8,275,0.2
0 days 00:06:24.531000,29.0,47.6,982.3,False,59.7,275,0.6
0 days 00:07:24.530000,29.1,47.5,982.4,False,59.7,281,0.6
0 days 00:08:24.546000,29.1,47.5,982.4,False,60.2,285,0.8
0 days 00:09:24.562000,29.0,47.0,982.5,False,60.2,284,0.7
0 days 00:10:24.534000,29.0,48.4,982.4,False,59.2,307,0.8
0 days 00:11:24.534000,28.9,48.7,982.5,False,58.9,297,0.6
0 days 00:12:24.528000,28.9,49.1,982.4,False,59.8,282,0.7
0 days 00:13:24.531000,29.0,47.2,982.5,False,61.0,284,0.7
0 days 00:14:24.531000,29.0,47.3,982.5,False,59.8,300,0.6
0 days 00:15:24.531000,28.9,47.5,982.4,False,59.1,306,0.5
0 days 00:16:24.530000,29.0,47.8,982.5,False,58.9,285,0.6
0 days 00:17:24.543000,29.0,46.9,982.5,False,60.4,289,0.9
0 days 00:18:24.530000,29.1,47.3,982.6,False,58.8,291,0.9
0 days 00:19:24.529000,29.0,48.2,982.5,False,58.8,247,0.5
0 days 00:20:24.530000,29.1,48.4,982.5,False,58.2,289,0.4
0 days 00:21:24.532000,29.1,48.5,982.5,False,59.6,322,0.6
0 days 00:22:24.530000,29.1,48.5,982.5,False,59.9,286,0.8
0 days 00:23:24.529000,29.1,49.1,982.6,False,60.8,297,0.8
0 days 00:24:24.531000,29.2,47.1,982.6,False,60.8,282,0.8
0 days 00:25:24.530000,29.2,47.0,982.6,False,57.6,286,0.9
0 days 00:26:24.547000,29.2,48.2,982.6,False,57.6,0,0.7
0 days 00:27:24.530000,29.2,46.9,982.6,False,58.1,307,0.2
0 days 00:28:24.534000,29.2,47.3,982.7,False,58.1,272,0.3
0 days 00:29:24.530000,29.2,47.2,982.6,False,57.1,249,0.5
0 days 00:30:24.532000,29.3,47.7,982.6,False,57.1,288,0.3
0 days 00:31:24.532000,29.2,48.1,982.7,False,57.4,296,0.7
0 days 00:32:24.539000,29.1,47.5,982.7,False,59.8,299,0.8
0 days 00:33:24.534000,29.1,47.8,982.7,False,60.4,290,0.9
0 days 00:34:24.531000,29.2,47.3,982.6,False,60.4,287,0.7
0 days 00:35:24.530000,29.2,47.4,982.7,False,60.0,312,0.6
0 days 00:36:24.540000,29.3,47.6,982.7,False,61.0,266,0.5
0 days 00:37:24.562000,29.6,47.2,982.6,False,61.6,251,0.5
0 days 00:38:24.563000,29.6,47.2,982.6,False,61.6,251,0.5
0 days 00:39:24.579000,29.6,47.0,982.7,False,60.9,323,0.5
0 days 00:40:24.578000,29.5,47.0,982.7,False,60.9,323,0.5
0 days 00:41:24.576000,29.5,46.0,982.7,False,62.3,301,0.6
0 days 00:42:24.570000,29.6,46.0,982.7,False,62.3,301,0.6
0 days 00:43:24.582000,29.6,46.9,982.8,False,61.1,288,0.8
0 days 00:44:24.576000,29.4,46.9,982.8,False,61.1,288,0.8
0 days 00:45:24.595000,29.4,47.6,982.8,False,60.3,282,0.8
0 days 00:46:24.608000,29.5,48.0,982.8,False,60.1,313,0.8
0 days 00:47:24.625000,29.4,48.4,982.7,False,59.9,239,0.7
0 days 00:48:24.624000,29.4,46.2,982.7,False,59.9,291,0.6
0 days 00:49:24.625000,29.6,46.2,982.7,False,59.9,291,0.6
0 days 00:50:24.625000,29.6,45.5,982.8,False,59.9,271,0.8
0 days 00:51:24.630000,29.5,45.5,982.8,False,59.9,271,0.8
0 days 00:52:24.625000,29.5,45.5,982.8,False,59.9,271,0.8
0 days 00:53:24.626000,29.3,45.5,982.8,False,59.9,271,0.8
0 days 00:54:24.625000,29.3,45.5,982.8,False,59.9,271,0.8
0 days 00:55:24.640000,29.4,46.5,982.8,False,60.4,294,0.7
0 days 00:56:24.656000,29.3,46.1,982.9,False,60.4,277,0.7
0 days 00:57:24.655000,29.3,45.9,982.8,False,60.1,287,0.6
0 days 00:58:24.657000,29.2,45.9,982.8,False,60.1,287,0.6
0 days 00:59:24.656000,29.2,45.2,982.9,False,59.7,291,0.5
0 days 01:00:24.658000,29.3,45.2,982.9,False,59.7,291,0.5
0 days 01:01:24.657000,29.3,45.0,982.9,False,59.9,307,1.0
0 days 01:02:24.658000,29.2,45.0,982.9,False,59.9,307,1.0
0 days 01:03:24.656000,29.2,45.6,982.9,False,57.6,298,0.4
0 days 01:04:24.657000,29.4,45.6,982.9,False,57.6,298,0.4
0 days 01:05:24.657000,29.4,45.7,982.9,False,58.9,304,0.4
0 days 01:06:24.657000,29.5,45.7,982.9,False,58.9,304,0.4
0 days 01:07:24.660000,29.5,46.4,982.9,False,59.3,239,0.5
0 days 01:08:24.657000,29.4,46.4,982.9,False,59.3,239,0.5
0 days 01:09:24.657000,29.4,45.6,982.9,False,59.1,273,1.0
0 days 01:10:24.661000,29.4,45.6,982.9,False,59.1,273,1.0
0 days 01:11:24.661000,29.4,45.6,983.0,False,58.3,289,0.8
0 days 01:12:24.656000,29.2,45.6,983.0,False,58.3,289,0.8
0 days 01:13:24.657000,29.2,45.8,982.9,False,57.4,297,0.5
0 days 01:14:24.662000,29.0,45.8,982.9,False,57.4,297,0.5
0 days 01:15:24.658000,29.0,46.1,982.8,False,57.2,286,0.6
0 days 01:16:24.659000,29.2,46.1,982.8,False,57.2,286,0.6
0 days 01:17:24.658000,29.2,45.9,982.9,False,58.2,275,0.3
0 days 01:18:24.660000,29.5,45.9,982.9,False,58.2,275,0.3
0 days 01:19:24.667000,29.5,44.5,983.1,False,58.0,311,0.8
0 days 01:20:24.688000,29.3,44.5,983.1,False,58.0,311,0.8
0 days 01:21:24.704000,29.3,45.1,983.0,False,57.8,275,0.6
0 days 01:22:24.705000,29.3,45.1,983.0,False,57.8,275,0.6
0 days 01:23:24.703000,29.3,45.8,982.9,False,56.8,281,0.7
0 days 01:24:24.708000,29.3,45.2,983.0,False,56.8,311,0.3
0 days 01:25:24.704000,29.4,45.2,982.9,False,56.8,303,0.6
0 days 01:26:24.711000,29.4,46.1,983.0,False,55.5,199,0.6
0 days 00:00:31.224000,29.1,55.5,978.6,False,47.0,82,0.9
0 days 00:01:31.223000,29.0,55.2,978.6,False,47.0,96,0.8
0 days 00:02:31.224000,29.0,55.2,978.7,False,47.2,99,0.8
0 days 00:03:31.230000,28.9,55.5,978.5,False,47.2,83,0.6
0 days 00:04:31.227000,28.9,55.5,978.6,False,46.7,100,0.8
0 days 00:05:31.240000,28.9,55.7,978.6,False,46.7,79,0.7
0 days 00:06:31.256000,28.9,55.2,978.6,False,45.6,105,0.7
0 days 00:07:31.256000,28.9,54.7,978.6,False,45.6,127,0.6
0 days 00:08:31.273000,28.9,53.8,978.7,False,44.5,94,0.6
0 days 00:09:31.272000,28.9,53.8,978.7,False,44.2,88,0.6
0 days 00:10:31.272000,28.9,54.2,978.8,False,43.6,105,0.6
0 days 00:11:31.271000,28.7,54.5,978.8,False,42.8,91,0.6
0 days 00:12:31.272000,28.7,55.0,978.7,False,42.7,107,0.8
0 days 00:13:31.286000,28.6,53.5,978.8,False,42.8,115,0.7
0 days 00:14:31.299000,28.6,54.5,978.8,False,42.5,130,0.4
0 days 00:15:31.302000,28.6,55.3,978.8,False,42.1,112,0.6
0 days 00:16:31.303000,28.6,55.8,978.7,False,41.9,103,0.5
0 days 00:17:31.320000,28.5,56.1,978.7,False,41.7,99,0.6
0 days 00:18:31.334000,28.5,56.4,978.8,False,41.5,112,0.6
0 days 00:19:31.334000,28.5,56.7,978.7,False,41.7,106,0.5
0 days 00:20:31.335000,28.5,57.1,978.6,False,42.1,89,0.6
0 days 00:21:31.349000,28.4,57.2,978.6,False,42.0,105,0.5
0 days 00:22:31.342000,28.4,57.7,978.5,False,41.5,80,0.4
0 days 00:23:31.367000,28.5,57.3,978.6,False,41.8,74,0.5
0 days 00:24:31.382000,28.5,57.4,978.5,False,41.8,97,0.6
0 days 00:25:31.382000,28.5,56.9,978.5,False,41.7,85,0.5
0 days 00:26:31.396000,28.5,58.1,978.5,False,41.2,100,0.7
0 days 00:27:31.421000,28.4,58.1,978.6,False,41.1,97,0.5
0 days 00:28:31.427000,28.3,58.6,978.7,False,40.6,82,0.4
0 days 00:29:31.565000,28.2,58.5,978.5,False,40.6,95,0.3
0 days 00:30:31.444000,28.2,58.1,978.6,False,40.5,108,0.4
0 days 00:31:31.460000,28.1,58.2,978.6,False,39.3,119,0.5
0 days 00:32:31.460000,28.1,58.3,978.6,False,39.1,129,0.6
0 days 00:33:31.462000,28.1,58.3,978.6,False,39.0,102,0.6
0 days 00:34:31.460000,28.0,59.1,978.6,True,39.0,107,0.5
0 days 00:35:31.458000,27.9,59.7,978.7,True,39.3,135,0.5
0 days 00:36:31.477000,27.9,59.0,978.7,True,39.4,99,0.5
0 days 00:37:31.461000,27.9,60.1,978.7,True,39.6,115,0.4
0 days 00:38:31.459000,28.0,60.0,978.7,True,39.7,103,0.3
0 days 00:39:31.459000,27.9,60.8,978.7,True,39.0,103,0.4
0 days 00:40:31.458000,27.9,63.9,978.8,True,39.0,116,0.3
0 days 00:41:31.459000,27.9,62.3,978.8,True,38.6,84,0.3
0 days 00:42:31.460000,27.8,65.8,978.8,True,38.3,145,0.3
0 days 00:43:31.461000,27.7,63.5,978.8,True,36.6,129,0.2
0 days 00:44:31.460000,27.7,65.5,978.8,True,36.2,96,0.1
0 days 00:45:31.461000,27.7,66.0,978.8,True,35.4,97,0.3
0 days 00:46:31.476000,27.6,66.6,978.7,True,35.4,148,0.2
0 days 00:47:31.475000,27.5,66.3,978.8,True,35.3,147,0.3
0 days 00:48:31.497000,27.5,67.6,978.8,True,34.7,151,0.1
0 days 00:49:31.507000,27.4,65.4,978.8,True,34.7,98,0.3
0 days 00:50:31.506000,27.4,67.0,978.7,True,34.2,110,0.3
0 days 00:51:31.523000,27.2,68.2,978.8,True,34.2,104,0.3
0 days 00:52:31.521000,27.2,71.2,978.8,True,33.8,140,0.2
0 days 00:53:31.540000,27.2,70.5,978.8,True,35.3,130,0.2
0 days 00:54:31.553000,27.2,69.5,978.6,True,34.9,110,0.1
0 days 00:55:31.551000,27.1,68.7,978.7,True,34.9,118,0.2
0 days 00:56:31.575000,27.0,68.6,978.7,True,33.4,155,0.2
0 days 00:57:31.584000,27.0,68.1,978.7,True,33.1,128,0.1
0 days 00:58:31.585000,26.9,68.6,978.7,True,32.6,151,0.1
0 days 00:59:31.591000,26.8,69.5,978.6,True,32.2,83,0.2
0 days 01:00:31.587000,26.8,69.5,978.6,True,32.2,83,0.2
0 days 01:01:31.587000,26.7,72.5,978.6,True,31.5,106,0.1
0 days 01:02:31.586000,26.6,71.3,978.6,True,31.3,85,0.2
0 days 01:03:31.586000,26.6,72.6,978.5,True,31.7,88,0.3
0 days 01:04:31.592000,26.6,71.7,978.3,True,31.9,101,0.5
0 days 01:05:31.600000,26.6,72.4,978.3,True,32.0,86,0.4
0 days 01:06:31.602000,26.6,72.4,978.3,True,32.0,86,0.4
0 days 01:07:31.607000,26.6,75.4,978.3,True,32.8,87,0.4
0 days 01:08:31.600000,26.6,75.1,978.3,True,32.8,91,0.5
0 days 01:09:31.616000,26.6,77.3,978.3,True,32.8,88,0.5
0 days 01:10:31.642000,26.7,74.9,978.3,True,33.3,79,0.5
0 days 01:11:31.634000,26.7,73.8,978.2,True,33.3,115,0.6
0 days 01:12:31.648000,26.6,73.8,978.1,True,33.1,102,0.5
0 days 01:13:31.663000,26.6,73.8,978.1,True,33.1,102,0.5
0 days 01:14:31.680000,26.7,77.7,978.3,True,33.2,122,0.2
0 days 01:15:31.682000,26.7,75.6,978.3,True,33.3,137,0.3
0 days 01:16:31.687000,26.8,76.8,978.2,True,33.3,127,0.3
0 days 01:17:31.682000,26.8,73.9,978.3,True,32.9,145,0.4
0 days 01:18:31.680000,26.7,76.1,978.1,True,32.6,122,0.3
0 days 01:19:31.682000,26.6,75.9,978.1,True,32.6,138,0.3
0 days 01:20:31.694000,26.7,76.5,978.1,True,32.7,105,0.4
0 days 01:21:31.695000,26.6,76.2,978.0,True,32.7,118,0.4
0 days 01:22:31.710000,26.7,75.5,977.8,True,32.6,107,0.4
0 days 01:23:31.721000,26.8,76.9,977.7,True,32.6,116,0.4
0 days 01:24:31.711000,26.8,74.1,977.6,True,33.7,103,0.3
0 days 01:25:31.710000,26.9,76.7,977.5,True,34.2,104,0.4
0 days 01:26:31.712000,27.0,77.8,977.5,True,34.2,105,0.3
0 days 01:27:31.714000,27.2,75.1,977.5,True,35.1,79,0.5
0 days 01:28:31.712000,27.4,75.3,977.5,True,35.7,117,0.6
0 days 01:29:32.873000,27.4,75.3,977.5,True,35.7,117,0.6
0 days 01:30:31.710000,27.5,75.6,977.5,True,35.9,78,0.5
0 days 01:31:31.713000,27.6,74.7,977.4,True,36.2,101,0.6
0 days 01:32:31.727000,27.7,74.3,977.5,False,36.3,78,0.6
0 days 01:33:31.725000,27.7,72.3,977.4,False,36.4,81,0.6
0 days 01:34:31.742000,27.8,73.0,977.2,False,36.4,117,0.7
0 days 01:35:31.765000,27.8,73.3,977.1,False,37.0,108,0.5
0 days 01:36:31.770000,28.0,70.1,977.0,False,37.6,91,0.9
0 days 01:37:31.762000,28.1,69.1,977.0,False,37.9,90,0.6
0 days 01:38:31.759000,28.1,68.9,976.9,False,38.2,101,0.6
0 days 01:39:31.758000,28.1,69.5,977.0,False,38.6,104,0.8
0 days 01:40:31.775000,28.1,67.7,976.8,False,38.9,120,0.7
0 days 01:41:31.766000,28.1,67.2,976.9,False,39.1,135,0.6
0 days 01:42:31.793000,28.3,68.4,977.0,False,39.1,102,0.5
0 days 01:43:31.805000,28.3,68.3,976.9,False,39.6,104,0.6
0 days 01:44:31.819000,28.4,67.7,976.9,False,39.9,92,0.6
0 days 01:45:31.812000,28.5,67.7,976.9,False,39.9,92,0.6
0 days 01:46:31.828000,28.6,66.7,976.9,False,41.1,75,0.7
0 days 01:47:31.822000,28.6,64.7,976.9,False,41.6,101,0.6
0 days 01:48:31.846000,28.8,65.2,976.8,False,41.6,101,0.7
0 days 01:49:31.839000,28.8,64.8,977.0,False,41.8,105,1.1
0 days 01:50:31.838000,28.7,65.5,977.0,False,41.7,92,1.0
0 days 01:51:31.837000,28.7,65.8,976.9,False,41.7,115,1.0
0 days 01:52:31.839000,28.7,66.7,976.9,False,42.1,121,0.9
0 days 01:53:31.837000,28.6,66.7,976.7,False,42.1,101,0.8
0 days 01:54:31.838000,28.5,67.6,976.6,False,41.6,106,0.8
0 days 01:55:31.838000,28.2,66.9,976.5,False,40.8,93,1.2
0 days 01:56:31.840000,28.2,69.0,976.6,False,40.8,92,1.0
0 days 01:57:31.837000,28.1,68.9,976.7,False,40.3,96,0.8
0 days 01:58:31.838000,28.0,69.0,976.6,False,41.1,83,1.1
0 days 01:59:31.839000,27.6,69.8,976.6,False,40.6,98,1.2
0 days 02:00:31.836000,27.6,70.8,976.6,False,40.1,102,0.9
0 days 02:01:31.851000,27.4,71.0,976.7,False,39.6,84,1.2
0 days 02:02:31.853000,27.4,71.8,976.7,False,39.6,101,1.1
0 days 02:03:31.874000,27.3,71.3,976.7,False,39.9,85,0.6
0 days 02:04:31.887000,27.3,72.1,976.8,False,39.7,91,1.0
0 days 02:05:31.886000,27.3,73.2,976.8,False,38.9,86,1.1
0 days 02:06:31.886000,27.2,72.9,976.6,False,38.4,103,0.8
0 days 02:07:31.883000,27.2,74.0,976.6,False,38.2,110,1.0
0 days 02:08:31.887000,26.8,74.6,976.7,False,37.9,101,0.8
0 days 02:09:31.885000,26.7,74.5,976.8,False,37.1,106,0.8
0 days 02:10:31.890000,26.6,74.4,976.7,False,36.9,83,0.8
0 days 02:11:31.884000,26.5,74.6,976.6,False,36.7,111,0.9
0 days 02:12:31.884000,26.3,75.2,976.7,False,36.6,104,0.8
0 days 02:13:31.884000,26.3,75.7,976.6,False,36.6,107,1.0
0 days 02:14:31.901000,26.2,74.3,976.6,False,36.4,90,0.8
0 days 02:15:31.915000,26.1,73.9,976.7,False,36.2,97,1.0
0 days 02:16:31.931000,26.1,73.4,976.7,False,36.0,83,0.6
0 days 02:17:31.938000,26.0,74.2,976.9,False,36.0,102,0.5
0 days 02:18:31.932000,25.9,74.0,976.8,False,35.8,122,0.6
0 days 02:19:31.931000,25.9,74.6,976.8,False,35.8,84,0.6
0 days 02:20:31.946000,25.8,74.4,976.5,False,35.9,108,0.5
0 days 02:21:31.962000,25.8,74.7,976.8,False,35.9,76,0.7
0 days 02:22:31.962000,25.7,73.8,976.8,False,35.8,105,0.6
0 days 02:23:31.963000,25.7,74.9,976.7,False,35.8,109,0.7
0 days 02:24:31.962000,25.7,74.4,976.9,False,35.8,89,0.8
0 days 02:25:31.974000,25.7,75.1,977.0,False,35.6,84,0.4
0 days 02:26:31.963000,25.7,74.2,977.1,False,35.5,82,0.4
0 days 02:27:31.963000,25.7,75.1,977.1,False,35.8,144,0.6
0 days 02:28:31.964000,25.7,74.5,977.2,False,36.1,101,0.7
0 days 02:29:31.962000,25.7,74.0,977.0,False,38.4,96,0.7
0 days 02:30:31.962000,25.8,74.1,976.9,False,37.6,96,0.7
0 days 02:31:31.966000,25.9,74.1,976.9,False,37.0,104,0.5
0 days 02:32:31.961000,26.0,73.7,977.1,False,37.0,133,0.4
0 days 02:33:31.960000,26.1,72.8,977.0,False,36.8,108,0.6
0 days 02:34:31.966000,26.1,73.5,976.9,False,38.0,103,0.6
0 days 02:35:31.967000,26.1,73.9,977.0,False,38.6,117,0.5
0 days 02:36:31.963000,26.1,72.7,977.1,False,39.2,127,0.8
0 days 02:37:31.961000,26.2,72.6,977.0,False,39.2,100,0.5
0 days 02:38:32.012000,26.3,72.1,977.0,False,38.9,110,0.5
0 days 02:39:31.962000,26.3,71.9,977.1,False,37.8,111,0.6
0 days 02:40:31.963000,26.3,72.4,977.1,False,37.0,96,0.6
0 days 02:41:31.963000,26.1,72.6,977.2,False,37.6,101,0.7
0 days 02:42:31.987000,26.1,74.0,977.1,False,37.8,137,0.6
0 days 02:43:31.962000,26.1,73.4,977.1,False,37.9,118,0.6
0 days 02:44:31.960000,26.1,72.0,977.1,False,38.6,118,0.6
0 days 02:45:31.976000,26.2,72.2,977.0,False,38.6,108,0.7
0 days 02:46:31.966000,26.2,72.2,977.0,False,38.2,103,0.6
0 days 02:47:31.960000,26.1,72.5,977.0,False,38.2,100,0.7
0 days 02:48:31.965000,26.2,72.5,976.9,False,38.2,105,0.8
0 days 02:49:31.965000,26.2,72.9,976.9,False,38.3,126,0.8
0 days 02:50:31.962000,26.2,72.8,976.7,False,38.3,92,0.6
0 days 02:51:31.963000,26.2,72.6,976.8,False,38.3,101,0.6
0 days 02:52:31.963000,26.2,72.8,976.8,False,37.8,99,0.6
0 days 02:53:31.963000,26.2,72.1,976.9,False,37.7,97,0.6
0 days 02:54:31.963000,26.2,72.2,976.9,False,37.6,116,0.6
0 days 02:55:31.961000,26.2,72.6,977.0,False,37.4,96,0.5
0 days 02:56:31.961000,26.2,72.3,976.9,False,37.4,101,0.5
0 days 02:57:31.962000,26.3,72.0,976.8,False,37.4,90,0.5
0 days 02:58:31.962000,26.3,72.4,976.9,False,37.4,97,0.6
0 days 02:59:31.962000,26.3,71.7,976.8,False,37.3,102,0.5
0 days 03:00:31.967000,26.3,72.2,976.9,False,37.0,113,0.6
0 days 03:01:31.961000,26.2,71.7,977.0,False,36.8,117,0.6
0 days 03:02:31.962000,26.2,71.9,976.8,False,36.8,106,0.6
0 days 03:03:31.961000,26.2,72.1,976.7,False,36.8,111,0.4
0 days 03:04:31.962000,26.2,71.5,976.6,False,36.8,101,0.4
0 days 03:05:31.963000,26.2,71.2,976.6,False,36.7,101,0.5
0 days 03:06:31.962000,26.2,71.6,976.5,False,36.4,105,0.6
0 days 03:07:31.965000,26.1,71.9,976.6,False,36.2,116,0.6
0 days 03:08:31.963000,26.1,71.6,976.7,False,36.1,97,0.5
0 days 03:09:31.966000,26.0,71.1,976.6,False,36.1,116,0.5
0 days 03:10:31.963000,26.0,71.2,976.6,False,35.4,105,0.5
0 days 00:00:10.828000,14.6,93.0,970.6,True,17.5,313,0.5
0 days 00:01:10.820000,14.5,93.4,970.7,True,17.5,329,0.4
0 days 00:02:10.830000,14.5,93.0,970.6,True,17.4,326,0.3
0 days 00:03:10.820000,14.5,93.6,970.7,True,17.4,333,0.3
0 days 00:04:10.835000,14.4,93.3,970.7,True,17.2,330,0.3
0 days 00:05:10.835000,14.3,94.0,970.8,True,17.1,342,0.3
0 days 00:06:10.852000,14.4,93.9,970.8,True,17.0,345,0.3
0 days 00:07:10.868000,14.4,94.2,970.9,True,16.9,342,0.3
0 days 00:08:10.874000,14.3,94.2,970.9,True,16.6,353,0.4
0 days 00:09:10.886000,14.3,93.8,970.9,True,16.6,337,0.3
0 days 00:10:10.902000,14.2,93.9,970.9,True,16.4,297,0.5
0 days 00:11:10.913000,14.1,94.1,970.9,True,16.5,342,0.8
0 days 00:12:10.915000,14.0,94.1,970.9,True,16.5,342,0.8
0 days 00:13:10.916000,14.0,94.0,970.8,True,16.8,337,1.0
0 days 00:14:10.914000,13.9,94.0,970.8,True,16.8,337,0.4
0 days 00:15:10.928000,13.8,94.0,970.8,True,16.8,337,0.4
0 days 00:16:10.944000,13.8,94.1,970.8,True,17.1,334,0.4
0 days 00:17:10.960000,13.8,94.1,970.8,True,17.1,334,0.4
0 days 00:18:10.949000,13.8,93.8,970.8,True,17.4,342,0.5
0 days 00:19:10.958000,13.8,93.6,970.8,True,17.4,348,0.6
0 days 00:20:10.951000,13.8,93.5,970.9,False,17.6,326,0.6
0 days 00:21:10.953000,13.9,93.6,970.8,False,17.8,339,0.6
0 days 00:22:10.946000,13.9,94.0,970.8,False,18.1,306,0.6
0 days 00:23:10.947000,14.0,93.7,970.7,False,18.1,302,0.8
0 days 00:24:10.944000,14.0,93.5,970.7,False,18.0,299,0.9
0 days 00:25:10.950000,14.1,93.9,970.8,False,18.0,332,0.5
0 days 00:26:10.949000,14.1,93.7,970.8,False,18.0,323,0.8
0 days 00:27:10.946000,14.1,93.0,970.9,False,18.0,314,1.0
0 days 00:28:10.947000,14.2,93.7,970.8,False,18.3,317,0.6
0 days 00:29:10.951000,14.3,93.3,970.8,False,18.6,5,0.6
0 days 00:30:10.946000,14.3,93.5,970.9,False,18.7,308,0.3
0 days 00:31:10.948000,14.4,93.3,970.9,False,19.4,351,0.6
0 days 00:32:10.947000,14.6,92.1,970.9,False,19.5,345,0.5
0 days 00:33:10.951000,14.6,92.1,970.8,False,19.5,6,0.3
0 days 00:34:10.946000,14.7,93.6,970.8,False,19.5,136,0.3
0 days 00:35:10.948000,14.8,93.1,970.9,False,19.2,334,0.4
0 days 00:36:10.953000,14.9,92.1,970.9,False,19.0,316,0.6
0 days 00:37:10.947000,14.9,91.2,970.9,False,19.0,345,0.6
0 days 00:38:10.951000,14.8,91.9,970.9,False,19.0,327,0.5
0 days 00:39:10.944000,14.8,91.8,970.7,False,18.9,312,0.5
0 days 00:40:10.946000,14.8,92.1,970.9,False,18.8,308,0.3
0 days 00:41:10.954000,14.8,91.6,970.8,False,18.7,333,0.4
0 days 00:42:10.947000,14.7,93.0,970.9,False,18.5,313,0.3
0 days 00:43:10.947000,14.7,92.5,970.8,False,18.5,241,0.2
0 days 00:44:10.945000,14.7,93.0,970.8,False,18.8,190,0.2
0 days 00:45:10.944000,14.8,91.5,970.8,False,19.0,353,0.6
0 days 00:46:10.944000,14.7,91.6,970.9,False,19.1,257,0.5
0 days 00:47:10.946000,14.6,92.7,970.9,False,19.0,20,0.4
0 days 00:48:10.947000,14.7,91.8,970.8,False,18.8,307,0.4
0 days 00:49:10.954000,14.7,92.0,970.9,False,18.8,342,0.5
0 days 00:50:10.946000,14.8,92.0,970.8,False,18.8,300,0.3
0 days 00:51:10.948000,14.8,91.7,970.9,False,18.9,318,0.6
0 days 00:52:10.957000,14.8,90.5,970.9,False,18.9,310,0.8
0 days 00:53:10.945000,14.7,90.6,970.8,False,18.7,319,0.4
0 days 00:54:10.951000,14.6,90.8,970.8,False,18.7,357,0.5
0 days 00:55:10.952000,14.7,90.9,970.8,False,18.8,311,0.3
0 days 00:56:10.936000,14.7,90.9,971.0,False,18.8,354,0.1
0 days 00:57:10.962000,14.8,90.3,970.9,False,18.6,329,0.2
0 days 00:58:10.960000,14.9,90.5,970.8,False,18.6,276,0.6
0 days 00:59:10.963000,14.9,90.5,970.9,False,18.4,353,0.3
0 days 01:00:10.979000,14.9,91.0,971.0,False,18.2,320,0.7
0 days 01:01:11.009000,15.0,90.2,970.9,False,18.2,321,0.5
0 days 01:02:10.995000,14.9,90.6,971.0,False,18.1,301,0.5
0 days 01:03:10.993000,14.9,90.1,970.9,False,17.9,0,0.3
0 days 01:04:10.992000,14.9,89.8,970.9,False,17.8,323,0.5
0 days 01:05:10.996000,14.8,90.3,970.9,False,17.7,328,0.9
0 days 01:06:10.996000,14.9,91.1,971.0,False,17.4,339,0.3
0 days 01:07:11.011000,14.9,91.2,970.9,False,17.4,334,0.5
0 days 01:08:11.024000,14.8,91.4,971.0,False,17.3,287,0.5
0 days 01:09:11.045000,14.8,91.4,971.0,False,17.4,304,0.4
0 days 01:10:11.039000,14.7,91.2,971.0,True,17.4,331,0.6
0 days 01:11:11.050000,14.8,92.0,971.1,True,17.2,329,0.7
0 days 01:12:11.044000,14.7,92.1,971.1,True,17.0,311,0.8
0 days 01:13:11.040000,14.6,92.4,970.9,True,16.8,329,0.5
0 days 01:14:11.056000,14.5,92.7,971.1,True,16.7,336,0.6
0 days 01:15:11.070000,14.3,92.7,971.1,True,16.7,336,0.6
0 days 01:16:11.074000,14.3,93.0,971.1,True,16.8,346,0.6
0 days 01:17:11.131000,14.3,93.0,971.1,True,16.8,346,0.6
0 days 01:18:11.072000,14.2,93.6,970.9,True,16.6,313,0.3
0 days 01:19:11.073000,14.2,93.7,970.9,True,16.6,308,0.1
0 days 01:20:11.073000,14.2,93.9,970.8,True,16.6,326,0.1
0 days 01:21:11.073000,14.1,93.8,970.9,False,16.6,328,0.6
0 days 01:22:11.072000,14.1,93.9,970.8,False,16.6,308,0.5
0 days 01:23:11.095000,14.0,94.2,970.8,False,16.8,335,0.8
0 days 01:24:11.070000,14.0,94.1,970.9,False,16.8,314,0.8
0 days 01:25:11.071000,14.0,94.1,970.7,False,16.9,309,0.8
0 days 01:26:11.070000,14.0,94.0,970.9,False,17.0,326,0.8
0 days 01:27:11.070000,14.0,94.2,971.0,False,17.0,342,0.7
0 days 01:28:11.070000,14.0,94.3,970.8,False,17.0,312,0.4
0 days 01:29:11.078000,14.1,94.2,970.9,False,17.0,328,0.6
0 days 01:30:11.071000,14.1,94.2,970.8,False,17.1,311,0.6
0 days 01:31:11.070000,14.1,93.6,971.0,False,17.2,323,0.7
0 days 01:32:11.071000,14.1,93.9,970.9,False,17.2,321,0.6
0 days 01:33:11.070000,14.1,94.1,970.9,True,17.1,308,0.4
0 days 01:34:11.070000,14.1,94.2,970.9,True,16.9,320,0.7
0 days 01:35:11.064000,14.1,94.1,970.9,True,16.9,326,0.6
0 days 01:36:11.070000,14.1,93.5,970.9,True,16.9,51,0.5
0 days 01:37:11.071000,14.1,93.3,970.9,True,16.9,335,0.7
0 days 01:38:11.072000,14.1,93.1,971.0,True,16.9,319,0.9
0 days 01:39:11.071000,14.1,92.9,970.8,True,16.8,304,1.2
0 days 01:40:11.082000,14.0,93.4,970.9,True,16.7,334,1.0
0 days 01:41:11.071000,14.0,93.3,971.0,True,16.7,339,0.4
0 days 01:42:11.070000,14.0,93.5,971.0,True,16.7,348,0.7
0 days 01:43:11.073000,14.0,93.7,970.9,True,16.7,334,0.5
0 days 01:44:11.074000,14.1,93.2,970.9,True,16.8,353,0.5
0 days 01:45:11.074000,14.0,93.9,971.1,True,16.8,310,0.3
0 days 01:46:11.072000,14.0,93.7,970.9,True,16.9,320,0.5
0 days 01:47:11.072000,14.0,93.4,970.9,True,16.9,326,0.2
0 days 01:48:11.075000,14.0,94.0,970.9,True,16.8,332,0.4
0 days 01:49:11.074000,14.0,94.0,971.0,True,16.8,330,0.3
0 days 01:50:11.061000,13.9,93.7,970.9,True,16.8,337,0.4
0 days 01:51:11.074000,13.9,93.9,970.8,False,16.8,334,0.5
0 days 01:52:11.086000,13.9,93.9,970.8,False,16.9,313,0.7
0 days 01:53:11.101000,14.0,94.1,970.8,False,16.9,297,0.3
0 days 01:54:11.104000,13.9,94.0,970.9,False,17.1,330,0.4
0 days 01:55:11.138000,13.9,94.0,970.9,False,17.2,335,0.5
0 days 01:56:11.109000,13.9,94.0,970.8,False,17.1,7,0.4
0 days 01:57:11.119000,13.9,94.1,970.9,False,17.1,330,0.3
0 days 01:58:11.117000,14.0,94.1,970.9,False,17.1,330,0.3
0 days 01:59:11.119000,14.0,93.5,970.8,False,17.4,327,0.5
0 days 02:00:11.110000,14.0,93.5,970.8,False,17.4,327,0.5
0 days 02:01:11.121000,14.1,93.2,970.9,False,17.5,289,0.5
0 days 02:02:11.121000,14.2,94.2,970.8,False,17.4,345,0.5
0 days 02:03:11.144000,14.2,93.8,970.9,False,17.4,311,0.5
0 days 02:04:11.152000,14.2,92.9,970.9,False,17.4,277,0.6
0 days 02:05:11.170000,14.2,93.6,970.9,False,17.7,333,0.4
0 days 02:06:11.169000,14.2,93.6,970.9,False,17.8,314,0.3
0 days 02:07:11.169000,14.2,93.7,970.9,False,17.8,357,0.5
0 days 02:08:11.183000,14.3,93.8,970.9,False,17.8,279,0.2
0 days 02:09:11.205000,14.4,94.0,970.9,False,17.8,342,0.3
0 days 02:10:11.200000,14.4,93.4,970.9,False,17.8,331,0.3
0 days 02:11:11.199000,14.4,93.2,970.9,False,17.8,307,0.6
0 days 02:12:11.202000,14.4,93.4,970.8,False,17.6,289,0.3
0 days 02:13:11.198000,14.4,93.7,970.8,False,17.8,322,0.2
0 days 00:00:16.061000,12.5,95.6,970.8,True,14.7,316,0.9
0 days 00:01:16.061000,12.5,95.5,970.8,True,14.8,345,0.5
0 days 00:02:16.063000,12.5,95.4,970.8,True,14.9,332,0.7
0 days 00:03:16.062000,12.5,95.4,970.8,True,14.9,332,0.7
0 days 00:04:16.058000,12.5,95.4,970.9,True,14.9,332,0.5
0 days 00:05:16.061000,12.4,95.8,970.8,True,14.9,327,0.5
0 days 00:06:16.066000,12.5,95.8,970.8,True,14.9,327,0.5
0 days 00:07:16.067000,12.5,95.3,970.8,True,14.9,321,0.9
0 days 00:08:16.061000,12.5,95.3,970.8,False,14.9,343,0.8
0 days 00:09:16.061000,12.5,95.3,970.8,False,14.8,297,0.7
0 days 00:10:16.062000,12.4,95.3,970.8,False,14.8,297,0.7
0 days 00:11:16.065000,12.4,95.2,970.8,False,14.7,342,0.6
0 days 00:12:16.065000,12.5,95.2,970.8,False,14.7,342,0.6
0 days 00:13:16.077000,12.4,95.2,970.8,False,14.7,323,0.8
0 days 00:14:16.063000,12.5,95.6,970.7,False,14.7,335,0.7
0 days 00:15:16.063000,12.5,95.4,970.8,False,14.6,337,0.8
0 days 00:16:16.061000,12.4,95.7,970.9,False,14.5,336,0.4
0 days 00:17:16.062000,12.4,95.6,970.7,False,14.5,335,0.5
0 days 00:18:16.070000,12.4,95.7,970.7,True,14.5,3,0.5
0 days 00:19:16.077000,12.4,95.7,970.8,True,14.5,329,0.3
0 days 00:20:16.078000,12.5,96.1,970.8,True,14.5,9,0.4
0 days 00:21:16.094000,12.5,95.6,970.8,True,14.6,314,0.2
0 days 00:22:16.110000,12.5,95.9,970.7,True,14.5,341,0.4
0 days 00:23:16.109000,12.4,95.7,970.7,True,14.5,338,0.5
0 days 00:24:16.112000,12.5,95.7,970.8,True,14.6,340,0.7
0 days 00:25:16.124000,12.5,95.8,970.7,True,14.6,337,0.6
0 days 00:26:16.124000,12.5,95.6,970.7,True,14.6,349,0.6
0 days 00:27:16.137000,12.6,95.9,970.8,True,14.7,6,0.5
0 days 00:28:16.125000,12.6,96.0,970.7,True,14.7,301,0.3
0 days 00:29:16.141000,12.7,96.0,970.7,True,14.7,301,0.3
0 days 00:30:16.177000,12.7,96.0,970.7,True,14.7,301,0.3
0 days 00:31:16.156000,12.7,96.0,970.7,True,14.7,301,0.3
0 days 00:32:16.157000,12.6,96.0,970.7,True,14.7,301,0.3
0 days 00:33:16.173000,12.6,95.7,970.7,True,14.7,3,0.5
0 days 00:34:16.188000,12.6,96.3,970.8,True,14.7,339,0.5
0 days 00:35:16.188000,12.7,96.2,970.8,True,14.8,346,0.7
0 days 00:36:16.186000,12.7,96.4,970.6,True,14.8,331,0.4
0 days 00:37:16.198000,12.8,96.0,970.7,True,14.9,332,0.5
0 days 00:38:16.201000,12.7,96.0,970.7,True,14.9,332,0.5
0 days 00:39:16.197000,12.7,96.4,970.6,True,14.9,336,0.7
0 days 00:40:16.186000,12.7,96.4,970.6,True,14.9,336,0.7
0 days 00:41:16.188000,12.7,96.3,970.8,True,15.0,347,0.9
0 days 00:42:16.188000,12.8,96.3,970.6,True,15.0,337,0.8
0 days 00:43:16.189000,12.8,96.1,970.6,True,14.9,350,0.8
0 days 00:44:16.187000,12.7,96.1,970.6,True,14.9,350,0.8
0 days 00:45:16.188000,12.7,96.1,970.6,True,15.1,322,0.6
0 days 00:46:16.196000,12.7,96.1,970.6,True,15.1,322,0.6
0 days 00:47:16.201000,12.7,96.0,970.7,True,15.2,342,0.6
0 days 00:48:16.188000,12.7,96.2,970.7,True,15.2,264,0.7
0 days 00:49:16.189000,12.7,96.7,970.6,True,15.2,344,0.5
0 days 00:50:16.189000,12.7,96.7,970.6,True,15.2,344,0.5
0 days 00:51:16.187000,12.8,95.8,970.7,True,15.4,327,0.7
0 days 00:52:16.193000,12.7,95.8,970.7,True,15.4,327,0.7
0 days 00:53:16.193000,12.7,96.2,970.7,True,15.3,319,0.6
0 days 00:54:16.205000,12.8,96.2,970.7,True,15.3,319,0.6
0 days 00:55:16.189000,12.8,96.4,970.6,True,15.3,341,0.7
0 days 00:56:16.190000,12.8,96.5,970.5,True,15.3,342,0.6
0 days 00:57:16.186000,12.8,96.1,970.6,True,15.4,345,0.7
0 days 00:58:16.189000,12.8,96.1,970.6,True,15.4,345,0.7
0 days 00:59:16.189000,12.8,96.2,970.6,True,15.4,290,0.4
0 days 01:00:16.187000,12.9,96.4,970.7,True,15.4,358,0.4
0 days 01:01:16.189000,12.9,95.5,970.5,True,15.4,347,1.0
0 days 01:02:16.187000,12.8,96.1,970.6,True,15.5,343,0.6
0 days 01:03:16.189000,12.8,96.0,970.7,True,15.2,326,0.7
0 days 01:04:16.188000,12.7,96.0,970.6,True,15.2,328,0.8
0 days 01:05:16.190000,12.7,96.1,970.6,True,15.2,331,0.7
0 days 01:06:16.200000,12.7,96.5,970.6,True,15.2,329,0.6
0 days 01:07:16.197000,12.7,96.2,970.6,True,15.2,349,0.5
0 days 01:08:16.198000,12.8,95.8,970.5,True,15.2,329,0.5
0 days 01:09:16.203000,12.8,96.6,970.5,True,15.3,304,0.4
0 days 01:10:16.201000,12.8,95.9,970.5,True,15.3,356,0.6
0 days 01:11:16.203000,12.8,95.8,970.5,True,15.3,356,0.5
0 days 01:12:16.204000,12.8,96.5,970.5,True,15.1,349,0.5
0 days 01:13:16.223000,12.8,96.4,970.5,True,15.3,342,0.7
0 days 01:14:16.234000,12.8,96.3,970.5,True,15.1,348,0.5
0 days 01:15:16.236000,12.9,96.3,970.5,True,15.1,347,0.6
0 days 01:16:16.236000,12.8,96.3,970.5,True,15.1,347,0.6
0 days 01:17:16.235000,12.8,96.3,970.4,True,15.1,328,0.6
0 days 01:18:16.234000,12.8,96.5,970.4,True,15.0,330,0.5
0 days 01:19:16.235000,12.8,96.5,970.5,True,15.0,334,0.5
0 days 01:20:16.236000,12.8,96.4,970.4,True,15.0,338,0.6
0 days 01:21:16.235000,12.8,96.6,970.5,True,15.0,357,0.5
0 days 01:22:16.233000,12.7,96.4,970.6,True,15.1,339,0.5
0 days 01:23:16.251000,12.7,96.6,970.5,True,15.0,351,0.6
0 days 01:24:16.268000,12.8,96.6,970.4,True,15.0,330,0.5
0 days 01:25:16.279000,12.7,96.8,970.4,True,15.0,346,0.6
0 days 01:26:16.283000,12.7,97.2,970.4,True,15.0,157,0.3
0 days 01:27:16.280000,12.7,96.9,970.4,True,15.1,269,0.2
0 days 01:28:16.284000,12.8,96.8,970.3,True,15.1,299,0.4
0 days 01:29:16.282000,12.8,96.6,970.4,True,15.1,17,0.6
0 days 01:30:16.283000,12.8,96.9,970.4,True,15.1,337,0.2
0 days 01:31:16.285000,12.8,97.0,970.5,True,15.0,344,0.4
0 days 01:32:16.297000,12.8,96.9,970.4,True,15.1,343,0.4
0 days 01:33:16.312000,12.8,96.6,970.5,True,15.1,288,0.7
0 days 01:34:16.314000,12.8,96.9,970.5,True,15.1,330,0.5
0 days 01:35:16.313000,12.9,97.0,970.4,True,15.0,333,0.5
0 days 01:36:16.312000,12.7,96.8,970.6,True,15.1,348,0.7
0 days 01:37:16.312000,12.8,96.9,970.4,True,15.2,330,0.5
0 days 01:38:16.313000,12.8,96.9,970.5,True,15.1,346,0.5
0 days 01:39:16.312000,12.8,96.7,970.4,True,15.1,310,0.5
0 days 01:40:16.320000,12.8,96.7,970.4,True,15.0,3,0.6
0 days 01:41:16.316000,12.8,96.7,970.5,True,15.1,345,0.6
0 days 01:42:16.316000,12.8,96.8,970.5,True,15.1,341,0.7
0 days 01:43:16.323000,12.8,96.5,970.6,True,15.0,348,0.5
0 days 01:44:16.314000,12.8,96.7,970.5,True,15.0,329,0.7
0 days 01:45:16.316000,12.7,96.7,970.5,True,14.9,338,0.5
0 days 01:46:16.321000,12.9,96.8,970.4,True,14.9,336,0.4
0 days 01:47:16.313000,12.9,96.6,970.4,True,14.9,303,0.4
0 days 01:48:16.316000,12.9,96.7,970.3,True,15.0,348,0.4
0 days 01:49:16.306000,12.8,96.7,970.4,True,15.1,340,0.4
0 days 01:50:16.318000,12.9,96.7,970.3,True,15.1,354,0.6
0 days 01:51:16.331000,12.8,96.6,970.5,True,15.2,339,0.4
0 days 01:52:16.344000,12.9,96.5,970.4,True,15.0,307,0.5
0 days 01:53:16.359000,12.8,96.7,970.4,True,15.0,332,0.3
0 days 01:54:16.359000,12.8,96.5,970.4,True,14.8,320,0.7
0 days 01:55:16.360000,12.8,96.6,970.3,True,15.0,326,0.4
0 days 01:56:16.362000,12.9,96.4,970.4,True,15.1,12,0.8
0 days 01:57:16.360000,12.8,96.3,970.4,True,15.1,341,0.6
0 days 01:58:16.375000,12.8,96.5,970.4,True,15.1,345,0.8
0 days 01:59:16.393000,12.8,96.5,970.4,True,15.0,337,0.7
0 days 02:00:16.408000,12.8,96.5,970.4,True,15.0,345,0.5
0 days 02:01:16.407000,12.9,96.4,970.4,True,15.0,350,0.6
0 days 02:02:16.407000,12.9,96.6,970.4,True,15.1,317,0.4
0 days 02:03:16.413000,12.9,96.8,970.4,True,15.0,349,0.5
0 days 02:04:16.408000,12.9,96.7,970.3,True,15.1,330,0.6
0 days 02:05:16.406000,12.9,96.8,970.4,True,15.1,338,0.3
0 days 02:06:16.407000,12.9,96.3,970.5,True,15.1,350,0.7
0 days 02:07:16.408000,12.9,96.7,970.5,False,15.1,2,0.6
0 days 02:08:16.422000,12.9,97.2,970.4,True,15.2,16,0.3
0 days 02:09:16.437000,12.9,96.1,970.3,True,15.3,356,0.5
0 days 02:10:16.438000,12.9,96.6,970.4,True,15.4,341,0.3
0 days 02:11:16.439000,13.0,97.0,970.4,True,15.3,338,0.3
0 days 02:12:16.438000,13.0,96.1,970.3,True,15.3,348,0.8
0 days 02:13:16.440000,12.9,96.6,970.4,True,15.3,339,0.7
0 days 02:14:16.438000,13.0,96.2,970.4,True,15.3,319,0.6
0 days 02:15:16.442000,13.0,96.7,970.3,True,15.3,346,0.5
0 days 02:16:16.441000,13.0,96.4,970.3,True,15.3,337,0.6
0 days 02:17:16.438000,13.0,96.3,970.3,True,15.3,335,0.6
0 days 02:18:16.441000,13.0,96.7,970.2,True,15.4,350,0.5
0 days 02:19:16.438000,13.0,96.4,970.3,True,15.4,332,0.5
0 days 02:20:16.438000,13.1,96.6,970.3,True,15.6,334,0.3
0 days 02:21:16.439000,13.0,96.5,970.2,True,15.6,2,0.4
0 days 02:22:16.439000,13.1,96.8,970.3,True,15.6,3,0.3
0 days 02:23:16.439000,13.2,96.4,970.3,True,15.8,337,0.2
0 days 02:24:16.441000,13.1,96.7,970.2,True,15.9,333,0.2
0 days 02:25:16.441000,13.2,96.0,970.3,True,15.9,339,0.4
0 days 02:26:16.440000,13.2,96.2,970.1,True,15.8,344,0.5
0 days 02:27:16.438000,13.0,96.4,970.2,True,15.8,358,0.8
0 days 02:28:16.441000,13.0,96.1,970.2,True,15.8,340,0.7
0 days 02:29:16.439000,13.1,96.4,970.2,True,15.6,313,0.5
0 days 02:30:16.440000,13.1,96.0,970.0,True,15.4,314,0.8
0 days 02:31:16.461000,13.0,96.7,970.1,True,15.3,342,0.5
0 days 02:32:16.452000,13.1,96.5,970.1,True,15.4,325,0.5
0 days 02:33:16.470000,13.1,96.3,970.1,True,15.5,318,0.4
0 days 02:34:16.470000,13.1,96.4,970.2,False,15.5,348,0.5
0 days 02:35:16.471000,13.1,96.4,970.2,False,15.5,352,0.6
0 days 02:36:16.472000,13.1,96.7,970.1,False,15.5,323,0.6
0 days 02:37:16.471000,13.1,96.7,970.0,False,15.5,331,0.3
0 days 02:38:16.488000,13.1,96.2,970.1,False,15.7,283,0.5
0 days 02:39:16.487000,13.0,96.0,970.2,True,15.7,345,0.4
0 days 02:40:16.486000,13.1,96.4,970.1,True,15.6,300,0.5
0 days 02:41:16.487000,13.1,96.3,970.1,True,15.5,343,0.5
0 days 02:42:16.501000,13.0,96.4,970.1,True,15.5,294,0.6
0 days 02:43:16.528000,13.1,96.4,970.1,True,15.4,312,0.5
0 days 02:44:16.534000,13.1,96.4,970.1,True,15.4,316,0.6
0 days 02:45:16.534000,13.1,96.6,970.1,False,15.4,303,0.5
0 days 02:46:16.548000,13.1,96.5,970.0,False,15.4,255,0.3
0 days 02:47:16.547000,13.2,96.8,970.2,True,15.4,347,0.4
0 days 02:48:16.549000,13.2,96.5,970.1,True,15.7,340,0.3
0 days 02:49:16.569000,13.2,96.6,970.1,True,15.6,346,0.4
0 days 02:50:16.568000,13.2,96.4,970.1,True,15.6,337,0.5
0 days 02:51:16.565000,13.2,96.4,970.2,True,15.6,3,0.3
0 days 02:52:16.568000,13.2,96.6,970.2,True,15.7,308,0.3
0 days 02:53:16.566000,13.3,96.7,970.1,True,15.7,338,0.4
0 days 02:54:16.566000,13.3,96.6,970.1,True,15.7,352,0.3
0 days 02:55:16.567000,13.3,96.4,970.0,True,15.7,358,0.3
0 days 02:56:16.563000,13.3,97.0,970.1,True,15.7,320,0.2
0 days 02:57:16.567000,13.3,96.5,970.1,True,15.6,318,0.4
0 days 02:58:16.563000,13.3,96.5,970.1,True,15.6,318,0.4
0 days 02:59:16.564000,13.2,96.7,970.2,True,15.7,315,0.4
0 days 03:00:16.565000,13.2,96.3,970.1,True,15.8,260,0.4
0 days 03:01:16.567000,13.3,97.0,970.1,True,15.7,325,0.2
0 days 03:02:16.564000,13.2,96.5,970.1,True,15.7,322,0.6
0 days 03:03:16.574000,13.2,96.5,970.1,True,15.7,322,0.6
0 days 03:04:16.566000,13.3,96.6,970.0,True,15.8,334,0.4
0 days 03:05:16.565000,13.3,96.6,970.0,True,15.8,334,0.4
0 days 03:06:16.566000,13.3,96.2,970.1,True,15.7,315,0.6
0 days 03:07:16.565000,13.3,96.2,970.1,True,15.7,315,0.6
0 days 03:08:16.563000,13.3,96.4,970.0,True,15.8,334,0.6
0 days 03:09:16.565000,13.3,96.4,970.0,True,15.8,333,0.5
0 days 03:10:16.564000,13.3,96.8,970.1,True,15.6,331,0.6
0 days 03:11:16.565000,13.3,96.8,970.1,True,15.6,331,0.6
0 days 03:12:16.568000,13.3,97.0,969.9,True,15.8,330,0.5
0 days 03:13:16.581000,13.3,96.7,970.0,True,15.7,317,0.2
0 days 03:14:16.579000,13.4,96.7,970.0,True,15.7,2,0.4
0 days 03:15:16.582000,13.4,96.5,969.9,True,15.7,38,0.3
0 days 03:16:16.601000,13.4,96.5,969.9,True,15.7,38,0.3
0 days 03:17:16.581000,13.4,96.6,970.0,True,15.7,337,0.4
0 days 03:18:16.586000,13.3,96.6,970.0,True,15.7,338,0.4
0 days 03:19:16.611000,13.3,96.6,970.0,True,15.7,338,0.4
0 days 03:20:16.627000,13.3,96.4,970.0,True,15.6,337,0.6
0 days 03:21:16.626000,13.3,96.5,970.0,True,15.5,3,0.6
0 days 03:22:16.645000,13.3,96.6,970.0,True,15.5,329,0.3
0 days 03:23:16.644000,13.3,96.6,970.0,True,15.5,329,0.3
0 days 03:24:16.647000,13.3,96.5,970.0,True,15.5,344,0.5
0 days 03:25:16.648000,13.2,96.5,970.0,True,15.5,344,0.5
0 days 03:26:16.674000,13.2,96.3,969.9,True,15.5,326,0.6
0 days 03:27:16.713000,13.2,96.6,970.0,True,15.4,328,0.5
0 days 03:28:16.689000,13.2,97.0,970.0,True,15.4,333,0.3
0 days 03:29:16.756000,13.2,96.7,969.9,True,15.4,310,0.5
0 days 03:30:16.691000,13.3,96.8,969.9,True,15.5,319,0.5
0 days 03:31:16.695000,13.3,96.8,969.9,True,15.5,319,0.5
0 days 03:32:16.693000,13.3,96.8,969.8,True,15.5,348,0.3
0 days 03:33:16.690000,13.3,96.8,969.8,True,15.5,348,0.3
0 days 03:34:16.689000,13.3,96.6,969.9,True,15.4,2,0.1
0 days 03:35:16.689000,13.3,97.0,970.0,True,15.5,3,0.4
0 days 03:36:16.689000,13.3,96.5,970.0,True,15.5,1,0.4
0 days 03:37:16.689000,13.3,96.8,969.8,True,15.4,341,0.5
0 days 03:38:16.690000,13.2,96.7,970.0,True,15.4,1,0.5
0 days 03:39:16.690000,13.2,96.8,969.9,True,15.5,354,0.8
0 days 03:40:16.702000,13.3,96.7,969.9,True,15.4,27,0.3
0 days 03:41:16.688000,13.3,96.7,969.9,True,15.4,27,0.3
0 days 03:42:16.691000,13.3,96.5,969.9,True,15.5,321,0.3
0 days 03:43:16.692000,13.3,96.7,969.9,True,15.5,284,0.7
0 days 03:44:16.690000,13.3,96.5,969.9,True,15.5,347,0.5
0 days 03:45:16.692000,13.3,96.5,969.9,True,15.5,347,0.5
0 days 03:46:16.688000,13.3,96.5,969.9,True,15.5,313,0.6
0 days 03:47:16.690000,13.3,96.5,969.9,True,15.5,313,0.6
0 days 03:48:16.703000,13.3,96.3,969.9,True,15.5,26,0.6
0 days 03:49:16.699000,13.3,96.6,969.8,True,15.5,347,0.6
0 days 03:50:16.689000,13.3,96.6,969.8,True,15.5,344,0.5
0 days 03:51:16.693000,13.3,96.5,969.7,True,15.4,303,0.7
0 days 03:52:16.682000,13.3,96.8,969.8,True,15.4,345,0.5
0 days 03:53:16.696000,13.4,96.4,969.8,True,15.6,336,0.5
0 days 03:54:16.691000,13.4,96.5,969.8,True,15.7,325,0.5
0 days 03:55:16.691000,13.4,96.5,969.8,True,15.7,306,0.5
0 days 03:56:16.691000,13.4,96.5,969.8,True,15.6,273,0.5
0 days 03:57:16.702000,13.4,96.7,969.8,True,15.5,11,0.3
0 days 03:58:16.692000,13.4,96.8,969.8,True,15.6,353,0.4
0 days 03:59:16.691000,13.4,96.5,969.8,True,15.6,6,0.5
0 days 04:00:16.690000,13.4,96.8,969.9,True,15.6,334,0.3
0 days 04:01:16.690000,13.4,96.6,969.8,True,15.6,329,0.4
0 days 04:02:16.691000,13.4,96.4,969.8,True,15.6,315,0.5
0 days 04:03:16.691000,13.3,96.4,969.8,True,15.6,315,0.5
0 days 04:04:16.690000,13.3,96.1,969.9,False,15.6,6,0.6
0 days 04:05:16.695000,13.3,96.5,969.8,False,15.5,316,0.4
0 days 04:06:16.694000,13.4,96.2,969.9,False,15.5,341,0.5
0 days 04:07:16.699000,13.4,96.5,969.8,False,15.5,343,0.5
0 days 04:08:16.693000,13.3,96.2,969.8,False,15.5,300,0.6
0 days 04:09:16.699000,13.3,96.4,969.8,False,15.4,340,0.6
0 days 04:10:16.697000,13.3,96.2,969.8,False,15.4,346,0.6
0 days 04:11:16.691000,13.3,96.3,969.8,False,15.4,0,0.8
0 days 04:12:16.688000,13.3,96.5,969.7,False,15.4,0,0.6
0 days 04:13:16.698000,13.3,96.5,969.7,False,15.4,0,0.6
0 days 04:14:16.692000,13.3,96.1,969.7,False,15.3,348,0.5
0 days 04:15:16.690000,13.3,96.2,969.7,False,15.3,342,0.6
0 days 04:16:16.693000,13.3,96.2,969.7,False,15.3,342,0.6
0 days 04:17:16.691000,13.3,96.6,969.6,False,15.2,327,0.5
0 days 04:18:16.690000,13.3,96.8,969.7,False,15.2,343,0.5
0 days 04:19:16.691000,13.3,96.6,969.7,True,15.3,327,0.3
0 days 04:20:16.689000,13.4,96.2,969.7,True,15.3,337,0.5
0 days 04:21:16.710000,13.3,96.7,969.6,True,15.3,296,0.5
0 days 04:22:16.707000,13.4,96.5,969.6,True,15.2,353,0.3
0 days 04:23:16.706000,13.4,96.6,969.6,True,15.2,331,0.6
0 days 04:24:16.712000,13.4,97.0,969.6,True,15.2,288,0.3
0 days 04:25:16.752000,13.4,97.5,969.6,True,15.2,220,0.3
0 days 04:26:16.724000,13.4,96.8,969.6,True,15.3,303,0.3
0 days 04:27:16.738000,13.4,96.7,969.7,True,15.3,354,0.4
0 days 04:28:16.737000,13.4,96.9,969.6,True,15.3,335,0.6
0 days 04:29:16.734000,13.4,97.0,969.7,True,15.3,326,0.5
0 days 04:30:16.737000,13.3,97.0,969.6,False,15.3,316,0.6
0 days 04:31:16.751000,13.4,97.1,969.6,False,15.3,329,0.8
0 days 04:32:16.769000,13.4,97.3,969.7,False,15.3,338,0.4
0 days 04:33:16.786000,13.4,97.0,969.6,False,15.3,346,0.4
0 days 04:34:16.786000,13.3,97.0,969.7,False,15.4,338,0.5
0 days 04:35:16.786000,13.4,96.6,969.6,False,15.3,291,0.5
0 days 04:36:16.804000,13.4,97.1,969.6,False,15.2,338,0.5
0 days 04:37:16.822000,13.3,97.2,969.6,False,15.2,322,0.5
0 days 04:38:16.815000,13.4,96.9,969.8,False,15.2,335,0.5
0 days 04:39:16.815000,13.3,97.0,969.6,False,15.1,336,0.5
0 days 04:40:16.815000,13.3,96.8,969.7,False,15.1,320,0.6
0 days 04:41:16.815000,13.3,97.0,969.5,False,15.0,319,0.5
0 days 04:42:16.818000,13.3,97.2,969.7,True,15.0,15,0.5
0 days 04:43:16.822000,13.3,96.9,969.6,True,15.0,16,0.5
0 days 04:44:16.816000,13.4,96.9,969.6,True,15.1,329,0.5
0 days 04:45:16.821000,13.3,97.2,969.7,True,15.0,341,0.5
0 days 04:46:16.815000,13.3,96.9,969.6,True,15.0,344,0.3
0 days 04:47:16.814000,13.3,96.9,969.6,False,15.0,319,0.5
0 days 04:48:16.815000,13.3,97.0,969.6,True,15.0,359,0.4
0 days 04:49:16.818000,13.3,96.8,969.6,True,15.1,312,0.7
0 days 00:00:36.229000,18.6,64.2,1019.1,False,35.1,60,0.5
0 days 00:01:36.239000,18.6,64.1,1019.0,False,35.2,31,0.8
0 days 00:02:36.229000,18.7,63.6,1019.0,False,35.2,53,0.6
0 days 00:03:36.233000,18.6,63.8,1019.0,False,35.3,28,0.7
0 days 00:04:36.243000,18.6,63.4,1019.0,False,35.3,32,0.8
0 days 00:05:36.229000,18.5,63.3,1019.0,False,35.3,327,0.6
0 days 00:06:36.232000,18.5,62.8,1019.1,False,35.4,0,0.4
0 days 00:07:36.236000,18.7,62.8,1019.1,False,35.3,46,0.3
0 days 00:08:36.231000,18.7,62.7,1019.0,False,35.2,68,0.9
0 days 00:09:36.238000,18.6,63.0,1019.0,False,35.0,53,0.8
0 days 00:10:36.245000,18.6,62.6,1019.0,False,35.3,60,0.8
0 days 00:11:36.247000,18.6,63.3,1019.0,False,34.8,52,0.7
0 days 00:12:36.261000,18.6,64.4,1019.0,False,34.8,319,0.5
0 days 00:13:36.263000,18.7,63.8,1019.1,False,35.2,317,0.3
0 days 00:14:36.261000,18.9,63.2,1019.0,False,35.4,325,0.3
0 days 00:15:36.265000,19.0,62.4,1019.0,False,35.5,30,0.5
0 days 00:16:36.278000,18.9,62.3,1019.1,False,35.3,36,0.9
0 days 00:17:36.295000,18.8,63.0,1019.0,False,35.2,24,0.7
0 days 00:18:36.311000,18.9,63.4,1018.9,False,35.0,45,0.8
0 days 00:19:36.323000,18.8,63.3,1019.0,False,35.1,26,0.8
0 days 00:20:36.319000,18.9,63.6,1018.9,False,35.2,54,0.7
0 days 00:21:36.313000,18.9,62.3,1019.1,False,35.2,66,1.0
0 days 00:22:36.327000,18.8,63.3,1019.0,False,35.2,42,0.7
0 days 00:23:36.326000,18.8,63.5,1019.1,False,35.1,0,0.3
0 days 00:24:36.326000,18.9,63.1,1019.0,False,35.4,42,0.2
0 days 00:25:36.353000,19.0,61.9,1019.0,False,35.5,29,0.5
0 days 00:26:36.321000,19.0,60.6,1019.0,False,35.8,39,0.3
0 days 00:27:36.348000,19.0,60.8,1019.0,False,35.5,109,0.4
0 days 00:28:36.345000,19.1,61.3,1019.0,False,35.4,68,0.5
0 days 00:29:36.357000,19.1,61.4,1019.1,False,35.4,55,0.6
0 days 00:30:36.355000,19.1,61.0,1018.9,False,35.5,322,0.5
0 days 00:31:36.352000,19.0,60.6,1018.9,False,35.5,56,0.6
0 days 00:32:36.395000,19.1,60.9,1018.9,False,35.5,52,0.8
0 days 00:33:36.387000,19.1,61.2,1019.0,False,35.4,40,0.9
0 days 00:34:36.391000,19.0,62.2,1019.0,False,35.4,63,0.8
0 days 00:35:36.387000,19.0,62.3,1018.9,False,35.4,54,0.8
0 days 00:36:36.385000,18.9,61.8,1019.0,False,35.4,37,0.9
0 days 00:37:36.388000,18.8,62.0,1019.0,False,35.3,28,1.1
0 days 00:38:36.392000,18.9,62.6,1018.8,False,35.0,51,1.1
0 days 00:39:36.386000,18.9,63.2,1018.8,False,34.7,31,1.0
0 days 00:40:36.390000,18.8,63.1,1018.7,False,34.5,28,0.8
0 days 00:41:36.387000,18.8,63.7,1018.9,False,34.5,31,1.1
0 days 00:42:36.388000,18.7,64.4,1018.9,False,34.5,40,1.0
0 days 00:43:36.395000,18.7,64.2,1019.0,False,34.6,18,0.7
0 days 00:44:36.390000,18.8,64.7,1018.8,False,34.9,247,0.5
0 days 00:45:36.390000,18.9,64.2,1018.9,False,35.2,44,0.5
0 days 00:46:36.389000,19.0,62.7,1018.9,False,35.4,297,0.5
0 days 00:47:36.379000,19.1,62.2,1018.8,False,35.3,27,0.3
0 days 00:48:36.397000,19.1,61.0,1018.9,False,35.5,0,0.4
0 days 00:49:36.389000,19.1,60.2,1018.9,False,35.8,243,0.3
0 days 00:50:36.387000,19.2,60.1,1018.8,False,35.8,15,0.3
0 days 00:51:36.393000,19.1,60.2,1019.0,False,35.5,46,0.4
0 days 00:52:36.388000,19.2,60.9,1018.9,False,35.4,46,0.6
0 days 00:53:36.388000,19.2,60.9,1018.9,False,35.4,20,0.6
0 days 00:54:36.387000,19.2,60.5,1018.9,False,35.4,25,0.5
0 days 00:55:36.390000,19.2,61.0,1018.9,False,35.5,17,0.4
0 days 00:56:36.391000,19.3,61.2,1018.9,False,35.2,303,0.3
0 days 00:57:36.386000,19.4,62.1,1018.9,False,35.1,50,0.3
0 days 00:58:36.387000,19.3,61.8,1018.9,False,35.5,24,0.5
0 days 00:59:36.403000,19.3,60.9,1018.9,False,35.6,53,0.6
0 days 01:00:36.388000,19.2,61.0,1018.8,False,35.6,21,0.7
0 days 01:01:36.387000,19.2,62.2,1018.8,False,35.2,56,0.5
0 days 01:02:36.388000,19.3,62.5,1018.8,False,35.2,57,0.9
0 days 01:03:36.387000,19.1,63.4,1018.8,False,35.2,53,0.9
0 days 01:04:36.394000,19.1,63.1,1018.9,False,35.2,54,0.9
0 days 01:05:36.386000,19.1,63.1,1018.9,False,35.2,65,1.0
0 days 01:06:36.389000,19.0,63.4,1018.9,False,35.2,40,0.8
0 days 01:07:36.389000,19.2,63.0,1018.8,False,35.3,35,0.7
0 days 01:08:36.402000,19.3,62.0,1018.8,False,35.4,44,0.8
0 days 01:09:36.402000,19.3,62.5,1018.7,False,35.3,39,0.7
0 days 01:10:36.402000,19.2,62.0,1018.8,False,35.3,28,0.7
0 days 01:11:36.402000,19.1,61.8,1018.8,False,35.3,47,0.7
0 days 01:12:36.405000,19.2,61.6,1018.8,False,35.2,35,0.8
0 days 01:13:36.418000,19.1,61.5,1018.7,False,35.0,25,0.9
0 days 01:14:36.441000,19.1,62.1,1018.8,False,35.0,29,0.8
0 days 01:15:36.448000,19.1,62.4,1018.8,False,35.0,53,0.6
0 days 01:16:36.450000,19.3,62.6,1018.7,False,35.3,40,0.5
0 days 01:17:36.466000,19.3,61.9,1018.8,False,35.3,58,0.7
0 days 01:18:36.468000,19.3,61.4,1018.8,False,35.3,32,0.5
0 days 01:19:36.485000,19.4,61.0,1018.9,False,35.4,32,0.6
0 days 01:20:36.481000,19.4,61.1,1018.9,False,35.3,20,0.8
0 days 01:21:36.480000,19.4,61.2,1018.8,False,35.1,24,0.4
0 days 01:22:36.470000,19.5,61.1,1018.9,False,35.1,32,0.4
0 days 01:23:36.484000,19.6,61.1,1018.8,False,35.1,31,0.3
0 days 01:24:36.481000,19.7,62.0,1018.8,False,35.0,28,0.4
0 days 01:25:36.499000,19.7,61.2,1018.7,False,35.2,42,0.6
0 days 01:26:36.525000,19.6,61.3,1018.8,False,35.2,47,0.7
0 days 01:27:36.513000,19.4,61.3,1018.9,False,34.9,348,0.7
0 days 01:28:36.523000,19.4,62.3,1018.8,False,35.0,243,0.2
0 days 01:29:36.513000,19.6,59.9,1018.8,False,35.2,352,0.5
0 days 01:30:36.525000,19.6,60.2,1018.7,False,35.3,354,0.4
0 days 01:31:36.512000,19.7,60.0,1018.8,False,34.9,38,0.3
0 days 01:32:36.511000,19.7,60.1,1018.8,False,35.0,18,0.5
0 days 01:33:36.514000,19.7,60.1,1018.7,False,35.1,38,0.6
0 days 01:34:36.515000,19.7,60.3,1018.8,False,35.1,43,0.7
0 days 01:35:36.514000,19.6,60.2,1018.7,False,35.0,43,0.8
0 days 01:36:36.514000,19.6,60.6,1018.8,False,35.0,33,0.8
0 days 00:00:40.485000,20.4,56.6,1021.8,False,34.8,37,0.9
0 days 00:01:40.507000,20.5,55.6,1021.7,False,35.0,36,0.9
0 days 00:02:40.527000,20.5,55.9,1021.7,False,35.0,51,0.6
0 days 00:03:40.519000,20.5,56.7,1021.7,False,35.1,50,0.4
0 days 00:04:40.523000,20.6,56.1,1021.8,False,35.2,42,0.5
0 days 00:05:40.522000,20.7,55.9,1021.7,False,35.5,24,0.4
0 days 00:06:40.523000,20.7,55.3,1021.8,False,35.8,45,0.5
0 days 00:07:40.538000,20.8,55.7,1021.8,False,35.8,30,0.2
0 days 00:08:40.538000,20.9,54.8,1021.9,False,35.5,36,0.5
0 days 00:09:40.570000,20.8,55.5,1021.8,False,35.2,47,0.5
0 days 00:10:40.587000,20.7,55.7,1021.8,False,35.2,349,0.6
0 days 00:11:40.605000,20.7,56.5,1021.8,False,35.1,28,0.2
0 days 00:12:40.602000,20.7,55.2,1021.8,False,35.3,61,0.3
0 days 00:13:40.604000,20.8,55.4,1021.8,False,35.3,22,0.8
0 days 00:14:40.617000,20.8,56.4,1021.8,False,35.3,43,0.6
0 days 00:15:40.616000,20.8,57.5,1021.8,False,35.1,37,0.5
0 days 00:16:40.619000,20.8,58.6,1021.8,False,35.1,64,0.5
0 days 00:17:40.624000,20.9,57.9,1021.8,False,35.3,18,0.3
0 days 00:18:40.635000,20.9,56.7,1021.8,False,35.6,13,0.3
0 days 00:19:40.634000,21.1,55.9,1021.8,False,35.8,27,0.4
0 days 00:20:40.634000,21.1,55.6,1021.9,False,35.9,67,0.4
0 days 00:21:40.635000,21.0,56.1,1021.9,False,36.1,40,0.5
0 days 00:22:40.634000,20.9,55.9,1021.8,False,35.9,48,0.6
0 days 00:23:40.651000,20.9,55.9,1021.8,False,35.8,34,0.5
0 days 00:24:40.642000,20.8,56.9,1021.8,False,35.4,0,0.3
0 days 00:25:40.645000,20.8,56.7,1021.8,False,35.3,70,0.1
0 days 00:26:40.633000,21.0,56.2,1021.8,False,35.9,250,0.1
0 days 00:27:40.636000,21.2,55.2,1021.8,False,35.8,2,0.2
0 days 00:28:40.636000,21.3,55.1,1021.7,False,35.8,40,0.3
0 days 00:29:40.632000,21.3,54.5,1021.7,False,35.8,57,0.6
0 days 00:30:40.635000,21.2,52.8,1021.7,False,35.9,48,0.7
0 days 00:31:40.634000,21.1,54.1,1021.8,False,35.5,21,0.7
0 days 00:32:40.635000,21.1,54.3,1021.9,False,35.5,16,0.6
0 days 00:33:40.635000,21.0,55.6,1021.7,False,35.5,39,0.6
0 days 00:34:40.637000,21.0,56.3,1021.8,False,35.7,38,0.5
0 days 00:35:40.634000,21.0,55.8,1021.7,False,35.7,47,0.7
0 days 00:36:40.634000,20.9,55.5,1021.8,False,35.7,29,0.8
0 days 00:37:40.651000,20.8,56.5,1021.7,False,35.5,32,0.6
0 days 00:38:40.665000,20.8,56.3,1021.6,False,35.5,26,0.8
0 days 00:39:40.681000,20.8,56.5,1021.7,False,35.5,43,0.8
0 days 00:40:40.680000,20.7,57.4,1021.7,False,35.3,35,0.6
0 days 00:41:40.681000,20.9,56.7,1021.8,False,35.3,46,0.7
0 days 00:42:40.671000,20.9,56.5,1021.7,False,35.7,32,0.8
0 days 00:43:40.700000,20.8,55.7,1021.8,False,35.7,46,0.9
0 days 00:44:40.697000,20.9,55.2,1021.8,False,35.6,61,0.6
0 days 00:45:40.711000,21.0,53.7,1021.7,False,35.7,49,0.7
0 days 00:46:40.730000,20.9,54.8,1021.7,False,35.5,34,0.5
0 days 00:47:40.727000,20.9,55.4,1021.6,False,35.5,35,0.3
0 days 00:48:40.731000,21.1,55.2,1021.7,False,35.8,48,0.6
0 days 00:49:40.726000,21.1,54.4,1021.7,False,35.8,59,0.5
0 days 00:50:40.748000,21.1,55.7,1021.7,False,35.7,27,0.4
0 days 00:51:40.743000,21.1,56.0,1021.6,False,35.7,14,0.6
0 days 00:52:40.759000,21.1,55.3,1021.6,False,35.9,22,0.6
0 days 00:53:40.754000,21.3,53.7,1021.7,False,36.2,353,0.4
0 days 00:54:40.761000,21.3,53.1,1021.6,False,36.2,349,0.3
0 days 00:55:40.761000,21.4,53.6,1021.6,False,35.6,43,0.2
0 days 00:56:40.758000,21.4,53.8,1021.8,False,35.5,48,0.6
0 days 00:57:40.759000,21.2,54.7,1021.7,False,35.3,34,0.4
0 days 00:58:40.772000,21.2,55.0,1021.6,False,35.4,57,0.3
0 days 00:59:40.763000,21.3,54.9,1021.6,False,35.9,0,0.3
0 days 01:00:40.780000,21.5,53.8,1021.6,False,35.9,299,0.1
0 days 01:01:40.762000,21.7,53.7,1021.6,False,36.1,265,0.2
0 days 01:02:40.756000,21.7,53.8,1021.5,False,36.3,16,0.5
0 days 01:03:40.763000,21.7,53.1,1021.5,False,36.1,44,0.6
0 days 01:04:40.756000,21.6,53.7,1021.6,False,36.1,53,0.5
0 days 01:05:40.759000,21.5,52.8,1021.5,False,35.9,107,0.6
0 days 01:06:40.760000,21.4,53.7,1021.5,False,36.2,14,0.3
0 days 01:07:40.758000,21.6,52.9,1021.5,False,36.5,282,0.1
0 days 01:08:40.758000,21.6,52.4,1021.5,False,36.4,230,0.3
0 days 01:09:40.766000,21.7,51.9,1021.4,False,36.4,203,0.5
0 days 01:10:40.760000,21.9,51.8,1021.5,False,36.5,19,0.4
0 days 01:11:40.765000,21.8,52.1,1021.4,False,36.9,53,0.6
0 days 01:12:40.759000,21.7,52.8,1021.5,False,36.8,40,0.5
0 days 01:13:40.760000,21.6,53.5,1021.6,False,36.5,255,0.6
0 days 01:14:40.759000,21.5,53.7,1021.5,False,36.4,100,0.3
0 days 01:15:40.759000,21.5,54.8,1021.5,False,36.3,53,0.1
0 days 01:16:40.758000,21.4,54.0,1021.5,False,36.0,22,0.5
0 days 01:17:40.768000,21.5,54.9,1021.5,False,36.2,23,0.6
0 days 01:18:40.763000,21.6,54.4,1021.4,False,36.0,80,0.5
0 days 01:19:40.760000,21.7,54.4,1021.5,False,36.1,29,0.4
0 days 01:20:40.760000,21.7,55.3,1021.4,False,36.5,67,0.3
0 days 01:21:40.764000,21.9,55.1,1021.6,False,36.7,0,0.5
0 days 01:22:40.758000,21.8,55.5,1021.6,False,36.9,235,0.2
0 days 01:23:40.777000,21.8,55.5,1021.6,False,37.3,254,0.5
0 days 01:24:40.790000,22.0,55.0,1021.5,False,36.9,267,0.5
0 days 01:25:40.761000,22.0,53.8,1021.6,False,37.0,240,0.2
0 days 01:26:40.763000,22.0,53.5,1021.5,False,37.0,44,0.4
0 days 01:27:40.758000,21.8,54.1,1021.4,False,36.6,56,0.6
0 days 01:28:40.769000,21.6,56.0,1021.5,False,36.4,34,0.5
0 days 01:29:40.761000,21.6,55.7,1021.4,False,36.5,58,0.6
0 days 01:30:40.761000,21.5,55.4,1021.5,False,36.5,357,0.7
0 days 01:31:40.759000,21.4,56.2,1021.5,False,36.5,261,0.6
0 days 01:32:40.763000,21.5,55.9,1021.5,False,36.5,30,0.5
0 days 01:33:40.759000,21.6,55.9,1021.4,False,36.5,56,0.5
0 days 01:34:40.762000,21.7,56.0,1021.4,False,36.2,24,0.4
0 days 01:35:40.761000,21.7,56.7,1021.5,False,36.0,353,0.4
0 days 01:36:40.761000,21.7,56.3,1021.5,False,36.0,115,0.5
0 days 01:37:40.760000,21.8,55.1,1021.4,False,36.8,76,0.1
0 days 01:38:40.758000,21.8,55.4,1021.4,False,36.4,94,0.3
0 days 01:39:40.760000,21.9,55.3,1021.5,False,36.8,52,0.4
0 days 01:40:40.759000,22.0,54.4,1021.4,False,36.8,13,0.6
0 days 01:41:40.761000,21.9,54.6,1021.4,False,36.8,58,0.5
0 days 01:42:40.762000,21.9,54.8,1021.4,False,36.4,40,0.5
0 days 01:43:40.765000,21.8,55.5,1021.3,False,36.6,81,0.4
0 days 01:44:40.759000,21.8,54.4,1021.3,False,36.1,239,0.6
0 days 01:45:40.758000,21.8,54.0,1021.3,False,36.5,7,0.3
0 days 01:46:40.768000,21.9,53.9,1021.3,False,36.8,2,0.4
0 days 01:47:40.757000,21.9,53.3,1021.3,False,36.9,80,0.5
0 days 01:48:40.760000,21.9,53.7,1021.3,False,37.0,268,0.6
0 days 01:49:40.760000,22.0,53.6,1021.3,False,37.0,56,0.4
0 days 01:50:40.763000,22.0,53.5,1021.3,False,37.0,30,0.4
0 days 01:51:40.762000,21.8,52.8,1021.4,False,36.9,56,0.6
0 days 01:52:40.750000,21.6,53.5,1021.3,False,36.5,346,0.6
0 days 01:53:40.761000,21.8,53.2,1021.2,False,36.9,61,0.4
0 days 01:54:40.761000,21.8,53.8,1021.2,False,36.9,68,0.5
0 days 01:55:40.760000,21.8,52.8,1021.3,False,36.9,58,0.6
0 days 01:56:40.799000,21.8,50.7,1021.3,False,36.8,25,0.5
0 days 01:57:40.815000,21.8,52.9,1021.3,False,36.8,11,0.4
0 days 01:58:40.806000,21.8,54.1,1021.2,False,36.2,60,0.3
0 days 01:59:40.806000,22.0,53.6,1021.3,False,36.8,7,0.2
0 days 02:00:40.807000,22.0,52.9,1021.2,False,37.0,235,0.3
0 days 02:01:40.806000,21.9,52.9,1021.2,False,37.0,235,0.3
0 days 02:02:40.807000,21.9,52.9,1021.2,False,37.0,235,0.3
0 days 02:03:40.806000,21.5,52.9,1021.2,False,37.0,235,0.3
0 days 02:04:40.818000,21.6,52.9,1021.2,False,37.0,235,0.3
0 days 02:05:40.821000,21.6,52.2,1021.3,False,36.8,317,0.4
0 days 02:06:40.822000,22.1,52.0,1021.3,False,36.3,48,0.3
0 days 02:07:40.837000,21.9,53.0,1021.3,False,36.3,279,0.3
0 days 02:08:40.855000,21.9,52.3,1021.3,False,36.3,54,0.3
0 days 02:09:40.854000,21.9,52.1,1021.2,False,36.5,43,0.2
0 days 02:10:40.866000,22.0,51.5,1021.2,False,36.5,32,0.4
0 days 02:11:40.885000,22.0,50.1,1021.2,False,36.5,57,0.3
0 days 02:12:40.882000,22.0,48.6,1021.2,False,36.5,56,0.4
0 days 02:13:40.889000,22.1,49.4,1021.3,False,36.4,5,0.3
0 days 02:14:40.887000,22.1,50.5,1021.2,False,36.4,266,0.3
0 days 02:15:40.886000,22.0,50.6,1021.2,False,36.4,252,0.4
0 days 02:16:40.884000,22.0,50.2,1021.3,False,36.7,50,0.6
0 days 02:17:40.886000,22.0,49.0,1021.2,False,36.7,263,0.3
0 days 02:18:40.886000,22.0,50.3,1021.2,False,36.1,13,0.1
0 days 02:19:40.885000,21.9,50.9,1021.3,False,36.1,277,0.3
0 days 02:20:40.893000,22.0,50.6,1021.2,False,36.2,32,0.3
0 days 02:21:40.890000,21.9,52.0,1021.3,False,36.5,268,0.4
0 days 02:22:40.885000,22.0,51.9,1021.2,False,36.3,8,0.4
0 days 02:23:40.887000,22.1,52.4,1021.2,False,36.0,33,0.4
0 days 02:24:40.886000,22.1,53.3,1021.3,False,36.0,342,0.3
0 days 02:25:40.887000,22.1,54.2,1021.3,False,35.8,245,0.3
0 days 02:26:40.882000,22.3,53.1,1021.2,False,35.8,245,0.4
0 days 02:27:40.883000,22.4,52.6,1021.3,False,36.2,31,0.3
0 days 02:28:40.884000,22.4,52.0,1021.2,False,36.3,59,0.3
0 days 02:29:40.885000,22.3,52.3,1021.3,False,35.9,60,0.5
0 days 02:30:40.890000,22.1,53.3,1021.3,False,35.6,345,0.5
0 days 02:31:40.884000,22.0,53.1,1021.3,False,35.4,247,0.3
0 days 02:32:40.888000,22.1,52.2,1021.3,False,36.1,21,0.3
0 days 02:33:40.889000,22.2,51.8,1021.2,False,36.2,19,0.3
0 days 02:34:40.900000,22.3,51.5,1021.2,False,36.1,63,0.4
0 days 02:35:40.917000,22.3,50.6,1021.2,False,35.9,52,0.2
0 days 02:36:40.915000,22.3,50.1,1021.3,False,36.1,17,0.5
0 days 02:37:40.930000,22.1,49.4,1021.2,False,35.6,59,0.6
0 days 00:01:01.613000,25.8,44.3,995.4,False,33.5,34,0.3
0 days 00:02:01.624000,25.8,44.1,995.2,False,33.4,53,0.4
0 days 00:03:01.628000,25.8,44.2,995.3,False,33.6,32,0.0
0 days 00:04:01.617000,25.8,43.9,995.4,False,33.6,36,0.3
0 days 00:05:01.629000,25.7,44.1,995.3,False,33.6,209,0.2
0 days 00:06:01.630000,25.6,44.2,995.3,False,33.3,328,0.1
0 days 00:07:01.627000,25.7,44.2,995.3,False,33.2,347,0.2
0 days 00:08:01.628000,25.7,44.2,995.3,False,33.1,346,0.2
0 days 00:09:01.628000,25.7,44.1,995.2,False,33.1,352,0.2
0 days 00:10:01.628000,25.7,44.0,995.4,False,33.1,10,0.3
0 days 00:11:01.627000,25.7,43.6,995.2,False,33.3,356,0.3
0 days 00:12:01.628000,25.7,43.9,995.2,False,33.1,24,0.3
0 days 00:13:01.629000,25.7,43.8,995.2,False,33.2,272,0.3
0 days 00:14:01.638000,25.6,44.1,995.2,False,33.0,34,0.1
0 days 00:15:01.669000,25.7,44.1,995.2,False,33.0,287,0.1
0 days 00:16:01.628000,25.7,44.1,995.2,False,33.1,6,0.1
0 days 00:17:01.635000,25.7,43.9,995.3,False,33.1,353,0.2
0 days 00:18:01.630000,25.7,43.8,995.2,False,32.9,356,0.3
0 days 00:19:01.630000,25.7,43.6,995.2,False,32.9,20,0.2
0 days 00:20:01.630000,25.6,44.0,995.2,False,32.9,0,0.2
0 days 00:21:01.630000,25.7,44.0,995.2,False,32.9,0,0.2
0 days 00:22:01.637000,25.7,44.1,995.2,False,32.8,190,0.3
0 days 00:23:01.631000,25.7,43.5,995.2,False,33.1,0,0.3
0 days 00:24:01.648000,25.7,44.0,995.2,False,33.0,205,0.4
0 days 00:25:01.649000,25.7,44.1,995.2,False,33.0,209,0.5
0 days 00:26:01.682000,25.7,43.6,995.2,False,32.7,280,0.4
0 days 00:27:01.644000,25.7,44.6,995.2,False,32.7,209,0.2
0 days 00:28:01.662000,25.6,44.3,995.2,False,32.4,85,0.5
0 days 00:29:01.675000,25.6,44.2,995.3,False,32.4,230,0.2
0 days 00:30:01.689000,25.6,44.1,995.3,False,32.4,214,0.3
0 days 00:31:01.676000,25.6,43.9,995.2,False,32.3,329,0.1
0 days 00:32:01.679000,25.6,44.2,995.3,False,32.2,331,0.1
0 days 00:33:01.676000,25.6,43.5,995.2,False,32.2,1,0.3
0 days 00:34:01.668000,25.6,43.7,995.3,False,32.3,7,0.3
0 days 00:35:01.677000,25.6,43.6,995.2,False,32.3,188,0.1
0 days 00:36:01.678000,25.5,43.4,995.2,False,32.4,189,0.3
0 days 00:37:01.676000,25.6,43.4,995.2,False,32.4,219,0.2
0 days 00:38:01.693000,25.5,43.5,995.2,False,32.3,228,0.3
0 days 00:39:01.693000,25.5,43.7,995.3,False,32.0,236,0.1
0 days 00:40:01.708000,25.4,44.1,995.3,False,31.5,0,0.1
0 days 00:41:01.723000,25.4,44.1,995.3,False,31.5,0,0.1
0 days 00:42:01.735000,25.3,43.6,995.3,False,31.7,304,0.1
0 days 00:43:01.770000,25.3,44.0,995.2,False,31.7,43,0.1
0 days 00:44:01.756000,25.3,43.6,995.3,False,31.5,262,0.1
0 days 00:45:01.755000,25.2,43.4,995.2,False,31.5,242,0.2
0 days 00:46:01.756000,25.2,43.5,995.2,False,31.6,184,0.3
0 days 00:47:01.743000,25.3,43.0,995.2,False,31.6,196,0.5
0 days 00:48:01.764000,25.4,42.5,995.3,False,31.8,166,0.1
0 days 00:49:01.759000,25.4,42.5,995.3,False,31.8,166,0.1
0 days 00:50:01.757000,25.4,43.0,995.2,False,31.5,239,0.3
0 days 00:51:01.747000,25.3,43.0,995.2,False,31.3,357,0.3
0 days 00:52:01.743000,25.2,43.1,995.3,False,31.1,59,0.1
0 days 00:53:01.755000,25.2,43.1,995.3,False,31.1,59,0.1
0 days 00:54:01.756000,25.2,42.7,995.3,False,31.2,55,0.0
0 days 00:55:01.754000,25.1,42.7,995.3,False,31.2,55,0.0
0 days 00:56:01.757000,25.1,42.4,995.2,False,31.4,137,0.4
0 days 00:57:01.754000,25.1,42.4,995.2,False,31.4,137,0.4
0 days 00:58:01.754000,25.2,41.7,995.2,False,31.3,154,0.2
0 days 00:59:01.763000,25.3,41.7,995.2,False,31.3,154,0.2
0 days 01:00:01.755000,25.3,42.0,995.2,False,31.3,272,0.2
0 days 01:01:01.753000,25.2,42.8,995.1,False,30.8,294,0.2
0 days 01:02:01.754000,25.1,43.0,995.1,False,30.9,328,0.1
0 days 01:03:01.778000,25.1,43.0,995.1,False,30.9,328,0.1
0 days 01:04:01.790000,25.1,42.6,995.1,False,31.1,8,0.0
0 days 01:05:01.801000,25.1,42.6,995.1,False,31.1,8,0.0
0 days 01:06:01.803000,25.0,42.7,995.1,False,31.1,356,0.1
0 days 01:07:01.802000,25.1,42.7,995.1,False,30.9,226,0.2
0 days 01:08:01.803000,25.1,42.7,995.1,False,30.9,226,0.2
0 days 01:09:01.803000,25.1,42.4,995.1,False,30.8,0,0.4
0 days 01:10:01.802000,25.1,42.4,995.1,False,30.8,0,0.4
0 days 01:11:01.802000,25.1,43.4,995.1,False,30.5,238,0.0
0 days 01:12:01.807000,25.1,43.4,995.1,False,30.5,238,0.0
0 days 01:13:01.803000,25.0,43.7,995.1,False,30.5,0,0.1
0 days 01:14:01.804000,25.0,43.7,995.1,False,30.5,0,0.1
0 days 01:15:01.803000,24.9,43.3,995.0,False,30.7,355,0.2
0 days 01:16:01.795000,25.0,43.3,995.0,False,30.7,355,0.2
0 days 01:17:01.802000,25.0,43.3,995.1,False,30.6,159,0.3
0 days 01:18:01.808000,25.0,43.3,995.1,False,30.6,159,0.3
0 days 00:00:07.521000,28.3,38.7,995.1,False,44.6,199,0.3
0 days 00:01:07.511000,28.3,38.6,995.2,False,44.3,230,0.2
0 days 00:02:07.522000,28.3,38.1,995.1,False,44.3,166,0.3
0 days 00:03:07.522000,28.4,37.7,995.1,False,44.5,238,0.2
0 days 00:04:07.522000,28.5,37.4,995.1,False,44.5,235,0.2
0 days 00:05:07.526000,28.4,37.7,995.1,False,44.4,9,0.2
0 days 00:06:07.521000,28.5,38.4,995.0,False,44.3,351,0.3
0 days 00:07:07.520000,28.6,38.5,995.1,False,44.3,319,0.2
0 days 00:08:07.520000,28.4,38.5,994.9,False,44.0,171,0.0
0 days 00:09:07.522000,28.3,38.5,995.1,False,44.9,211,0.4
0 days 00:10:07.525000,28.4,38.1,995.1,False,44.9,0,0.2
0 days 00:11:07.521000,28.5,38.0,995.1,False,44.3,0,0.1
0 days 00:12:07.523000,28.5,38.3,995.0,False,44.3,153,0.3
0 days 00:13:07.521000,28.6,38.5,995.1,False,44.4,224,0.3
0 days 00:14:07.523000,28.6,38.5,995.0,False,44.8,120,0.1
0 days 00:15:07.522000,28.7,38.6,995.1,False,44.5,0,0.0
0 days 00:16:07.523000,28.7,38.2,995.0,False,44.5,315,0.0
0 days 00:17:07.522000,28.7,38.3,995.2,False,44.7,315,0.3
0 days 00:18:07.782000,28.8,38.4,995.0,False,44.7,5,0.3
0 days 00:19:07.521000,28.3,38.9,995.0,False,43.9,310,0.2
0 days 00:20:07.530000,28.1,39.1,995.0,False,43.9,348,0.3
0 days 00:21:07.520000,28.1,38.6,994.8,False,44.6,336,0.6
0 days 00:22:07.520000,27.8,39.8,994.9,False,44.6,345,0.6
0 days 00:23:07.523000,27.8,40.1,994.9,False,44.2,338,0.4
0 days 00:24:07.522000,27.8,40.1,994.9,False,44.2,338,0.4
0 days 00:25:07.523000,28.2,39.2,994.8,False,45.0,178,0.1
0 days 00:26:07.523000,28.5,38.3,994.9,False,45.3,163,0.4
0 days 00:27:07.537000,28.7,38.1,994.8,False,45.2,147,0.3
0 days 00:28:07.537000,28.7,38.1,994.8,False,45.2,0,0.2
0 days 00:29:07.536000,28.6,37.8,994.9,False,45.4,192,0.2
0 days 00:30:07.535000,28.5,37.8,994.9,False,45.4,182,0.5
0 days 00:31:07.539000,28.4,38.1,994.9,False,45.1,189,0.3
0 days 00:32:07.536000,28.4,38.1,994.8,False,45.3,200,0.3
0 days 00:33:07.565000,28.6,38.1,994.8,False,44.8,204,0.4
0 days 00:34:07.568000,28.8,37.0,994.8,False,45.3,336,0.2
0 days 00:35:07.570000,28.7,37.5,994.8,False,44.8,46,0.2
0 days 00:36:07.583000,28.8,38.0,994.9,False,43.0,271,0.1
0 days 00:37:07.592000,28.8,38.5,994.9,False,42.5,144,0.5
0 days 00:38:07.600000,28.7,38.8,994.9,False,42.5,0,0.3
0 days 00:39:07.616000,28.4,38.4,994.8,False,43.4,183,0.0
0 days 00:40:07.633000,28.5,37.8,994.8,False,43.6,171,0.2
0 days 00:41:07.630000,28.6,37.5,994.7,False,44.1,144,0.3
0 days 00:42:07.629000,28.7,37.8,994.8,False,44.0,146,0.5
0 days 00:43:07.629000,28.7,38.4,994.8,False,44.3,142,0.7
0 days 00:44:07.631000,28.3,39.1,994.7,False,44.3,147,0.4
0 days 00:45:07.645000,28.2,38.3,994.8,False,44.2,159,0.3
0 days 00:46:07.637000,28.2,38.2,994.7,False,44.2,317,0.1
0 days 00:47:07.649000,28.3,37.8,994.7,False,44.2,337,0.2
0 days 00:48:07.646000,28.2,37.4,994.7,False,44.1,326,0.3
0 days 00:49:07.646000,28.2,37.4,994.6,False,43.8,82,0.1
0 days 00:50:07.647000,28.2,37.6,994.7,False,43.8,351,0.0
0 days 00:51:07.647000,28.3,36.6,994.7,False,44.0,9,0.2
0 days 00:52:07.646000,28.4,36.5,994.5,False,44.1,344,0.3
0 days 00:53:07.647000,28.5,36.9,994.7,False,44.0,307,0.3
0 days 00:54:07.646000,28.4,35.9,994.6,False,44.1,173,0.2
0 days 00:55:07.645000,28.5,35.8,994.6,False,44.2,325,0.2
0 days 00:56:07.648000,28.5,36.0,994.6,False,44.2,258,0.1
0 days 00:57:07.647000,28.4,36.0,994.7,False,44.7,188,0.1
0 days 00:58:07.645000,28.3,35.1,994.5,False,44.7,159,0.3
0 days 00:59:07.646000,28.4,33.7,994.6,False,44.8,151,0.7
0 days 01:00:07.658000,28.5,33.9,994.6,False,45.1,175,0.5
0 days 01:01:07.647000,28.7,34.3,994.6,False,44.9,173,0.5
0 days 01:02:07.648000,28.8,35.4,994.6,False,44.9,261,0.3
0 days 01:03:07.648000,28.8,35.4,994.5,False,44.9,333,0.2
0 days 01:04:07.647000,29.0,34.6,994.5,False,44.9,0,0.1
0 days 01:05:07.647000,29.2,34.1,994.5,False,44.8,221,0.2
0 days 01:06:07.655000,29.2,33.8,994.4,False,45.0,160,0.3
0 days 01:07:07.661000,29.0,32.9,994.5,False,45.2,244,0.4
0 days 01:08:07.663000,28.9,32.5,994.5,False,45.2,83,0.2
0 days 01:09:07.683000,28.9,32.6,994.5,False,44.9,179,0.2
0 days 01:10:07.694000,28.8,33.3,994.4,False,44.7,204,0.4
0 days 01:11:07.695000,28.7,32.8,994.5,False,44.5,243,0.2
0 days 01:12:07.694000,28.8,32.9,994.4,False,44.7,307,0.3
0 days 01:13:07.694000,28.9,32.7,994.5,False,44.4,279,0.2
0 days 01:14:07.694000,29.0,32.9,994.5,False,44.0,235,0.3
0 days 01:15:07.696000,28.9,33.1,994.4,False,43.9,351,0.3
0 days 01:16:07.697000,28.9,32.8,994.4,False,43.9,219,0.3
0 days 01:17:07.693000,28.7,33.1,994.4,False,44.0,190,0.5
0 days 01:18:07.717000,28.7,33.0,994.4,False,44.4,188,0.6
0 days 01:19:07.734000,29.0,34.1,994.3,False,44.3,195,0.5
0 days 01:20:07.739000,29.0,33.8,994.4,False,44.1,154,0.5
0 days 01:21:07.740000,29.2,34.5,994.3,False,44.3,200,0.2
0 days 01:22:07.756000,29.4,34.5,994.4,False,44.6,188,0.4
0 days 01:23:07.761000,29.4,32.8,994.3,False,44.6,183,0.6
0 days 01:24:07.771000,29.4,32.6,994.4,False,44.8,129,0.4
0 days 01:25:07.792000,29.4,32.2,994.4,False,44.8,218,0.2
0 days 01:26:07.765000,29.3,31.9,994.3,False,44.9,159,0.3
0 days 01:27:07.778000,29.2,32.5,994.3,False,45.2,167,0.7
0 days 01:28:07.805000,29.1,32.5,994.3,False,45.0,152,0.6
0 days 01:29:07.817000,29.1,32.7,994.3,False,45.0,149,0.7
0 days 01:30:07.818000,29.3,33.4,994.3,False,44.9,154,0.6
0 days 01:31:07.820000,29.3,33.9,994.3,False,44.9,151,0.6
0 days 01:32:07.812000,29.3,33.9,994.4,False,45.0,162,0.6
0 days 01:33:07.817000,29.3,34.1,994.4,False,45.0,193,0.4
0 days 01:34:07.821000,29.2,33.8,994.4,False,44.6,231,0.4
0 days 01:35:07.821000,29.1,33.7,994.3,False,44.5,197,0.1
0 days 01:36:07.837000,29.2,32.6,994.4,False,44.7,177,0.5
0 days 01:37:07.837000,29.1,31.0,994.3,False,44.9,185,0.4
0 days 01:38:07.851000,29.2,30.2,994.2,False,44.9,179,0.5
0 days 01:39:07.867000,29.2,30.2,994.2,False,44.9,179,0.5
0 days 01:40:07.867000,29.3,30.2,994.2,False,44.9,179,0.5
0 days 01:41:07.883000,28.8,30.2,994.2,False,44.9,179,0.5
0 days 01:42:07.882000,28.8,30.2,994.2,False,44.9,179,0.5
0 days 01:43:07.896000,28.8,30.3,994.4,False,43.4,184,0.5
0 days 01:44:07.911000,28.7,32.4,994.2,False,43.6,42,0.2
0 days 01:45:07.896000,28.7,32.1,994.2,False,43.7,150,0.1
0 days 01:46:07.896000,28.8,30.3,994.2,False,44.5,158,0.3
0 days 01:47:07.899000,28.9,29.8,994.2,False,45.1,190,0.5
0 days 01:48:07.897000,29.0,28.5,994.2,False,44.9,162,0.3
0 days 01:49:07.906000,29.1,28.0,994.2,False,44.8,187,0.4
0 days 01:50:07.897000,29.3,27.6,994.2,False,44.8,152,0.4
0 days 01:51:07.896000,29.2,27.9,994.2,False,44.7,162,0.6
0 days 01:52:07.904000,29.3,28.1,994.2,False,44.7,151,0.5
0 days 01:53:07.900000,29.4,28.0,994.2,False,44.6,152,0.3
0 days 01:54:07.899000,29.4,28.0,994.2,False,44.6,152,0.3
0 days 01:55:07.898000,29.4,28.1,994.3,False,44.4,247,0.1
0 days 01:56:07.898000,29.4,27.8,994.1,False,44.1,0,0.1
0 days 01:57:07.897000,29.4,27.7,994.2,False,44.0,166,0.1
0 days 01:58:07.899000,29.4,27.8,994.1,False,43.9,157,0.5
0 days 01:59:07.897000,29.4,27.5,994.2,False,44.0,154,0.4
0 days 02:00:07.889000,29.4,27.2,994.1,False,44.0,171,0.6
0 days 02:01:07.898000,29.4,26.7,994.1,False,43.4,158,0.6
0 days 02:02:07.896000,29.4,27.5,994.1,False,43.3,155,0.7
0 days 02:03:07.904000,29.3,26.8,994.2,False,42.7,165,0.6
0 days 02:04:07.912000,29.2,26.5,994.1,False,42.5,166,0.3
0 days 02:05:07.913000,29.2,23.5,994.2,False,42.1,176,0.3
0 days 02:06:07.916000,29.2,24.0,994.1,False,41.6,335,0.4
0 days 02:07:07.932000,29.3,23.1,994.1,False,40.7,205,0.2
0 days 02:08:07.930000,29.4,22.9,994.0,False,40.5,169,0.2
0 days 02:09:07.944000,29.4,25.4,994.0,False,40.4,235,0.4
0 days 02:10:07.959000,29.5,25.5,994.0,False,40.0,198,0.3
0 days 02:11:07.975000,29.4,25.7,994.0,False,39.6,206,0.4
0 days 02:12:07.991000,29.4,25.5,994.1,False,39.4,188,0.3
0 days 02:13:08.010000,29.4,25.6,994.1,False,39.4,188,0.3
0 days 02:14:08.012000,29.4,26.8,993.9,False,39.0,176,0.5
0 days 02:15:08.023000,29.5,26.6,994.0,False,38.8,201,0.3
0 days 02:16:08.025000,29.6,26.9,993.9,False,38.6,141,0.2
0 days 02:17:08.025000,29.6,27.2,994.0,False,38.5,156,0.6
0 days 02:18:08.028000,29.6,27.6,993.9,False,38.3,158,0.5
0 days 02:19:08.023000,29.6,29.0,994.0,False,38.2,139,0.6
0 days 02:20:08.025000,29.5,29.0,994.1,False,38.1,186,0.4
0 days 02:21:08.023000,29.5,29.6,994.0,False,37.8,188,0.4
0 days 02:22:08.023000,29.5,29.3,993.9,False,37.6,161,0.2
0 days 02:23:08.024000,29.5,28.1,993.9,False,37.6,111,0.5
0 days 02:24:08.024000,29.5,27.7,994.0,False,37.6,196,0.4
0 days 02:25:08.023000,29.5,27.9,994.0,False,37.1,199,0.6
0 days 02:26:08.013000,29.4,28.0,993.9,False,37.0,189,0.7
0 days 02:27:08.022000,29.4,27.5,993.9,False,36.8,204,0.6
0 days 02:28:08.021000,29.3,28.3,993.9,False,36.1,191,0.3
0 days 00:00:06.313000,13.9,76.6,1015.1,False,17.7,311,0.8
0 days 00:01:06.330000,13.9,76.5,1015.2,True,17.8,303,0.6
0 days 00:02:06.331000,14.1,75.7,1015.1,False,17.8,312,1.0
0 days 00:03:06.347000,14.1,76.6,1015.1,False,17.6,329,0.6
0 days 00:04:06.363000,14.1,76.6,1015.1,False,17.6,329,0.6
0 days 00:05:06.362000,14.1,76.1,1015.2,False,17.5,347,0.6
0 days 00:06:06.361000,14.1,76.1,1015.2,False,17.5,347,0.6
0 days 00:07:06.363000,14.1,76.3,1015.1,False,17.4,331,0.6
0 days 00:08:06.365000,14.1,75.5,1015.2,False,17.3,307,0.6
0 days 00:09:06.364000,14.1,74.2,1015.2,False,17.3,298,0.8
0 days 00:10:06.365000,14.1,75.2,1015.3,False,17.1,293,0.8
0 days 00:11:06.362000,14.1,75.4,1015.4,False,17.0,302,0.6
0 days 00:12:06.364000,14.1,75.7,1015.4,False,17.0,345,0.5
0 days 00:13:06.364000,14.1,75.7,1015.4,False,17.0,345,0.5
0 days 00:14:06.364000,14.1,76.6,1015.4,False,17.0,305,0.6
0 days 00:15:06.364000,14.1,75.6,1015.4,False,17.0,314,0.6
0 days 00:16:06.364000,14.1,76.3,1015.6,False,16.9,301,0.7
0 days 00:17:06.388000,14.2,76.3,1015.6,False,16.9,301,0.7
0 days 00:18:06.377000,14.2,76.5,1015.7,False,16.7,308,0.7
0 days 00:19:06.395000,14.2,76.9,1015.7,False,16.6,307,0.6
0 days 00:20:06.414000,14.2,77.6,1015.7,False,16.6,312,0.5
0 days 00:21:06.411000,14.2,77.6,1015.7,False,16.6,312,0.5
0 days 00:22:06.410000,14.2,78.7,1015.7,False,16.7,317,0.5
0 days 00:23:06.425000,14.1,78.4,1015.8,True,16.7,302,0.6
0 days 00:24:06.444000,14.1,79.1,1015.7,True,16.6,310,0.5
0 days 00:25:06.457000,14.1,78.9,1015.7,True,16.6,297,0.5
0 days 00:26:06.491000,14.1,79.2,1015.7,True,16.6,305,0.5
0 days 00:27:06.487000,14.0,79.2,1015.7,True,16.6,305,0.5
0 days 00:28:06.488000,14.0,79.6,1015.7,True,16.6,325,0.4
0 days 00:29:06.490000,14.0,79.2,1015.8,True,16.6,348,0.5
0 days 00:30:06.493000,14.1,78.8,1015.7,True,16.5,323,0.4
0 days 00:31:06.489000,14.1,79.4,1015.8,True,16.4,324,0.5
0 days 00:32:06.490000,14.1,78.9,1015.7,True,16.4,311,0.4
0 days 00:33:06.486000,14.1,78.9,1015.7,True,16.4,311,0.4
0 days 00:34:06.491000,14.1,77.6,1015.6,True,16.4,307,0.6
0 days 00:35:06.481000,14.1,77.0,1015.7,True,16.4,315,0.5
0 days 00:36:06.495000,14.1,76.7,1015.8,False,16.4,330,0.4
0 days 00:37:06.488000,14.1,77.1,1015.8,False,16.4,305,0.4
0 days 00:38:06.476000,14.2,77.4,1015.7,False,16.3,336,0.3
0 days 00:39:06.500000,14.2,77.8,1015.7,False,16.3,337,0.1
0 days 00:40:06.515000,14.1,77.8,1015.7,False,16.3,337,0.1
0 days 00:41:06.560000,14.0,76.8,1015.8,False,16.3,329,0.3
0 days 00:42:06.539000,14.0,76.8,1015.8,False,16.3,329,0.3
0 days 00:43:06.533000,13.9,76.5,1015.7,False,16.1,321,0.3
0 days 00:44:06.552000,13.9,76.7,1015.8,False,16.0,302,0.5
0 days 00:45:06.560000,13.9,76.9,1015.7,False,16.0,313,0.5
0 days 00:46:06.557000,13.9,77.1,1015.7,False,16.0,312,0.3
0 days 00:47:06.547000,13.9,77.9,1015.8,False,15.9,311,0.2
0 days 00:48:06.550000,13.9,77.9,1015.8,False,15.9,311,0.2
0 days 00:49:06.552000,13.9,78.6,1015.8,False,16.0,312,0.3
0 days 00:50:06.568000,13.9,78.3,1015.7,False,16.0,306,0.5
0 days 00:51:06.565000,13.9,77.8,1015.8,False,16.0,316,0.4
0 days 00:52:06.588000,13.9,77.8,1015.8,False,16.0,316,0.4
0 days 00:53:06.585000,13.8,77.8,1015.8,False,15.8,295,0.5
0 days 00:54:06.583000,13.9,78.0,1015.9,False,15.8,308,0.5
0 days 00:55:06.596000,13.9,77.8,1015.9,False,15.8,316,0.5
0 days 00:56:06.616000,13.9,77.8,1016.1,False,15.7,314,0.4
0 days 00:57:06.620000,13.9,78.2,1016.0,False,15.7,290,0.4
0 days 00:58:06.617000,14.0,78.2,1016.1,False,15.7,327,0.3
0 days 00:59:06.613000,14.0,78.6,1016.2,False,15.7,319,0.3
0 days 01:00:06.612000,14.0,78.8,1016.2,False,15.8,322,0.3
0 days 01:01:06.613000,14.0,78.5,1016.1,False,15.9,309,0.3
0 days 01:02:06.616000,14.0,79.4,1016.2,False,15.9,334,0.2
0 days 01:03:06.615000,14.0,79.3,1016.1,False,15.9,328,0.1
0 days 01:04:06.616000,13.9,79.7,1016.2,False,16.0,327,0.1
0 days 01:05:06.645000,14.0,79.7,1016.3,False,16.0,325,0.2
0 days 01:06:06.616000,14.0,79.7,1016.3,False,16.0,325,0.2
0 days 01:07:06.614000,14.0,80.3,1016.2,False,16.0,329,0.1
0 days 01:08:06.631000,14.0,80.1,1016.3,False,16.1,312,0.1
0 days 01:09:06.646000,14.1,79.6,1016.3,False,16.2,318,0.3
0 days 01:10:06.652000,14.1,78.8,1016.4,False,16.2,285,0.2
0 days 01:11:06.662000,14.1,78.3,1016.3,False,16.3,4,0.2
0 days 01:12:06.660000,14.1,79.2,1016.3,False,16.2,322,0.2
0 days 01:13:06.665000,14.1,79.7,1016.3,False,16.2,319,0.5
0 days 01:14:06.661000,14.0,79.9,1016.3,False,16.2,304,0.4
0 days 01:15:06.662000,14.0,80.0,1016.4,False,16.0,303,0.4
0 days 01:16:06.665000,14.0,80.1,1016.5,False,16.0,303,0.5
0 days 01:17:06.662000,14.0,79.1,1016.5,False,16.0,308,0.5
0 days 01:18:06.661000,14.1,79.1,1016.4,False,15.9,301,0.5
0 days 00:00:09.406000,19.1,60.5,1023.5,False,22.6,139,0.3
0 days 00:01:09.418000,19.1,60.3,1023.5,False,22.5,157,0.2
0 days 00:02:09.421000,19.1,60.3,1023.5,False,22.5,157,0.2
0 days 00:03:09.440000,19.1,60.8,1023.4,False,22.5,124,0.2
0 days 00:04:09.429000,19.1,60.8,1023.4,False,22.5,124,0.2
0 days 00:05:09.430000,19.2,60.9,1023.5,False,22.5,148,0.2
0 days 00:06:09.430000,19.2,60.9,1023.5,False,22.5,148,0.2
0 days 00:07:09.439000,19.2,61.3,1023.4,False,22.5,224,0.2
0 days 00:08:09.464000,19.1,60.8,1023.4,False,22.5,238,0.4
0 days 00:09:09.462000,19.1,60.8,1023.4,False,22.5,238,0.4
0 days 00:10:09.458000,19.1,60.7,1023.4,False,22.5,124,0.3
0 days 00:11:09.455000,19.1,60.4,1023.4,False,22.5,90,0.5
0 days 00:12:09.461000,19.1,60.7,1023.4,False,22.6,230,0.3
0 days 00:13:09.470000,19.0,60.7,1023.4,False,22.6,98,0.2
0 days 00:14:09.482000,19.1,61.5,1023.4,False,22.6,161,0.4
0 days 00:15:09.488000,19.1,61.2,1023.4,False,22.5,137,0.1
0 days 00:16:09.499000,19.1,61.2,1023.4,False,22.5,137,0.1
0 days 00:17:09.516000,19.1,61.5,1023.4,False,22.4,104,0.5
0 days 00:18:09.516000,19.1,61.5,1023.4,False,22.4,158,0.3
0 days 00:19:09.518000,19.1,61.9,1023.4,False,22.3,76,0.1
0 days 00:20:09.515000,19.1,61.9,1023.4,False,22.3,76,0.1
0 days 00:21:09.530000,19.1,62.2,1023.4,False,22.4,237,0.3
0 days 00:22:09.549000,19.1,62.4,1023.3,False,22.3,121,0.2
0 days 00:23:09.552000,19.1,62.5,1023.3,False,22.3,170,0.2
0 days 00:24:09.546000,19.1,62.5,1023.3,False,22.3,110,0.3
0 days 00:25:09.547000,19.1,62.7,1023.2,False,22.4,92,0.2
0 days 00:26:09.566000,19.2,63.0,1023.2,False,22.4,174,0.2
0 days 00:27:09.563000,19.2,61.9,1023.2,False,22.4,232,0.4
0 days 00:28:09.589000,19.2,62.2,1023.2,False,22.4,118,0.4
0 days 00:29:09.578000,19.2,62.7,1023.2,False,22.3,0,0.2
0 days 00:30:09.575000,19.2,62.4,1023.3,False,22.4,154,0.1
0 days 00:31:09.578000,19.2,62.3,1023.2,False,22.4,174,0.3
0 days 00:32:09.580000,19.2,61.9,1023.2,False,22.4,165,0.5
0 days 00:33:09.579000,19.2,62.2,1023.2,False,22.4,106,0.2
0 days 00:34:09.580000,19.2,62.2,1023.1,False,22.3,152,0.5
0 days 00:35:09.586000,19.1,62.3,1023.3,False,22.2,152,0.6
0 days 00:36:09.576000,19.2,62.7,1023.2,False,22.2,131,0.5
0 days 00:37:09.579000,19.2,62.8,1023.2,False,22.2,129,0.3
0 days 00:38:09.577000,19.1,62.4,1023.2,False,22.2,196,0.3
0 days 00:39:09.578000,19.1,62.0,1023.2,False,22.2,89,0.4
0 days 00:40:09.583000,19.1,62.1,1023.2,False,22.1,154,0.2
0 days 00:41:09.579000,19.1,62.1,1023.2,False,22.1,33,0.1
0 days 00:42:09.587000,19.1,61.6,1023.2,False,22.2,94,0.1
0 days 00:43:09.580000,19.1,60.5,1023.3,False,22.2,112,0.2
0 days 00:44:09.575000,19.1,60.5,1023.1,False,22.2,210,0.5
0 days 00:45:09.581000,19.1,60.6,1023.1,False,22.2,224,0.3
0 days 00:46:09.577000,19.1,60.8,1023.2,False,22.1,117,0.1
0 days 00:47:09.582000,19.1,61.0,1023.1,False,22.1,207,0.3
0 days 00:48:09.577000,19.1,61.0,1023.1,False,22.1,207,0.3
0 days 00:49:09.576000,19.1,61.4,1023.1,False,22.0,70,0.3
0 days 00:50:09.579000,19.1,61.7,1023.2,False,22.0,280,0.5
0 days 00:51:09.579000,19.1,62.0,1023.2,False,22.0,106,0.1
0 days 00:52:09.579000,19.1,62.1,1023.1,False,22.0,86,0.3
0 days 00:53:09.579000,19.1,62.3,1023.1,False,22.0,49,0.2
0 days 00:54:09.604000,19.1,61.7,1023.2,False,22.0,271,0.2
0 days 00:55:09.586000,19.1,61.5,1023.1,False,22.0,244,0.1
0 days 00:56:09.594000,19.1,60.8,1023.1,False,22.0,205,0.2
0 days 00:57:09.611000,19.2,61.0,1023.2,False,22.0,187,0.4
0 days 00:58:09.625000,19.1,60.9,1023.2,False,22.0,213,0.2
0 days 00:59:09.626000,19.1,61.0,1023.2,False,22.0,229,0.2
0 days 01:00:09.624000,19.1,60.5,1023.2,False,22.0,263,0.3
0 days 01:01:09.627000,19.2,60.1,1023.2,False,22.0,254,0.5
0 days 01:02:09.625000,19.2,59.0,1023.2,False,22.0,245,0.3
0 days 01:03:09.624000,19.2,58.8,1023.2,False,22.0,132,0.3
0 days 01:04:09.638000,19.2,58.7,1023.2,False,22.1,0,0.3
0 days 01:05:09.624000,19.2,59.0,1023.3,False,22.1,102,0.1
0 days 01:06:09.628000,19.2,59.6,1023.2,False,22.0,58,0.3
0 days 01:07:09.634000,19.2,59.3,1023.2,False,22.0,126,0.4
0 days 01:08:09.643000,19.3,59.6,1023.2,False,22.0,0,0.6
0 days 01:09:09.627000,19.3,59.6,1023.2,False,22.0,0,0.6
0 days 01:10:09.627000,19.3,59.2,1023.2,False,21.9,215,0.3
0 days 01:11:09.648000,19.3,58.9,1023.2,False,21.9,110,0.3
0 days 01:12:09.647000,19.3,59.0,1023.2,False,22.0,284,0.1
0 days 01:13:09.626000,19.4,59.2,1023.2,False,22.0,241,0.5
0 days 01:14:09.633000,19.4,59.8,1023.1,False,22.0,87,0.2
0 days 01:15:09.633000,19.3,60.1,1023.2,False,22.0,93,0.4
0 days 01:16:09.623000,19.3,60.5,1023.1,False,21.9,112,0.4
0 days 01:17:09.627000,19.3,60.6,1023.2,False,21.9,238,0.2
0 days 01:18:09.639000,19.3,60.3,1023.1,False,21.9,236,0.4
0 days 01:19:09.624000,19.3,60.3,1023.2,False,21.9,289,0.5
0 days 01:20:09.671000,19.3,60.4,1023.1,False,21.9,268,0.3
0 days 01:21:09.641000,19.4,60.3,1023.1,False,22.0,28,0.1
0 days 01:22:09.648000,19.4,60.3,1023.1,False,22.0,28,0.1
0 days 01:23:09.642000,19.3,60.4,1023.1,False,22.0,243,0.4
0 days 01:24:09.657000,19.3,60.4,1023.1,False,22.0,243,0.4
0 days 01:25:09.671000,19.4,60.7,1023.0,False,21.9,119,0.4
0 days 01:26:09.690000,19.4,61.2,1023.1,False,21.9,0,0.2
0 days 01:27:09.693000,19.4,60.7,1023.0,False,22.0,245,0.1
0 days 01:28:09.704000,19.4,60.9,1023.1,False,22.0,247,0.2
0 days 01:29:09.722000,19.3,60.9,1023.0,False,21.8,44,0.1
0 days 01:30:09.707000,19.4,60.9,1023.0,False,21.8,44,0.1
0 days 01:31:09.706000,19.4,61.2,1023.1,False,21.9,110,0.1
0 days 01:32:09.703000,19.4,61.2,1023.1,False,21.9,110,0.1
0 days 01:33:09.708000,19.4,61.1,1023.0,False,21.9,93,0.1
0 days 01:34:09.706000,19.4,61.4,1023.0,False,21.8,244,0.3
0 days 01:35:09.704000,19.5,61.4,1023.0,False,21.8,244,0.3
0 days 01:36:09.704000,19.5,61.3,1023.0,False,21.8,102,0.2
0 days 01:37:09.720000,19.5,61.3,1023.0,False,21.8,102,0.2
0 days 01:38:09.723000,19.5,60.9,1023.0,False,21.8,113,0.3
0 days 01:39:09.751000,19.4,60.9,1023.0,False,21.8,113,0.3
0 days 01:40:09.764000,19.4,61.0,1023.0,False,21.8,66,0.3
0 days 01:41:09.767000,19.4,61.0,1023.0,False,21.8,66,0.3
0 days 01:42:09.791000,19.5,60.4,1023.0,False,21.8,0,0.3
0 days 01:43:09.775000,19.5,60.4,1023.0,False,21.8,0,0.3
0 days 01:44:09.788000,19.4,61.1,1023.0,False,21.8,113,0.3
0 days 01:45:09.796000,19.4,61.1,1023.0,False,21.8,113,0.3
0 days 01:46:09.801000,19.4,60.9,1023.0,False,21.7,245,0.3
0 days 01:47:09.798000,19.4,60.9,1023.0,False,21.7,234,0.5
0 days 01:48:09.797000,19.4,60.5,1023.0,False,21.6,73,0.1
0 days 01:49:09.797000,19.4,60.5,1023.0,False,21.6,73,0.1
0 days 01:50:09.798000,19.4,60.8,1023.1,False,21.6,162,0.2
0 days 01:51:09.799000,19.4,60.9,1023.0,False,21.6,248,0.5
0 days 01:52:09.800000,19.3,61.3,1022.9,False,21.6,224,0.1
0 days 01:53:09.798000,19.3,61.1,1023.0,False,21.5,218,0.4
0 days 01:54:09.797000,19.3,61.0,1023.0,False,21.5,129,0.1
0 days 01:55:09.819000,19.3,61.1,1022.9,False,21.5,217,0.3
0 days 01:56:09.817000,19.4,61.4,1022.9,False,21.5,0,0.1
0 days 01:57:09.829000,19.4,61.4,1022.9,False,21.5,0,0.1
0 days 01:58:09.829000,19.4,61.7,1022.9,False,21.5,111,0.3
0 days 01:59:09.828000,19.4,61.7,1022.9,False,21.5,111,0.3
0 days 02:00:09.830000,19.4,62.0,1023.0,False,21.4,90,0.3
0 days 02:01:09.841000,19.4,62.0,1023.0,False,21.4,90,0.3
0 days 02:02:09.829000,19.4,62.4,1023.0,False,21.4,12,0.4
0 days 02:03:09.832000,19.4,62.4,1023.0,False,21.4,12,0.4
0 days 02:04:09.830000,19.4,62.5,1023.0,False,21.4,75,0.1
0 days 02:05:09.829000,19.4,62.5,1023.0,False,21.4,75,0.1
0 days 02:06:09.837000,19.4,62.7,1023.0,False,21.3,71,0.0
0 days 02:07:09.860000,19.4,62.7,1023.0,False,21.3,71,0.0
0 days 02:08:09.874000,19.3,62.5,1022.9,False,21.4,237,0.2
0 days 02:09:09.910000,19.3,62.9,1023.1,False,21.4,101,0.3
0 days 02:10:09.891000,19.3,63.0,1022.9,False,21.3,242,0.2
0 days 02:11:09.908000,19.3,63.0,1022.9,False,21.3,242,0.2
0 days 02:12:09.923000,19.4,63.8,1023.0,False,21.3,110,0.3
0 days 02:13:09.925000,19.4,63.8,1023.0,False,21.3,110,0.3
0 days 02:14:09.939000,19.4,63.6,1023.0,False,21.1,218,0.1
0 days 02:15:09.959000,19.4,63.6,1023.0,False,21.1,218,0.1
0 days 02:16:09.960000,19.3,63.7,1022.9,False,21.1,109,0.1
0 days 02:17:09.954000,19.3,62.8,1023.0,False,21.2,100,0.2
0 days 02:18:09.957000,19.3,62.8,1023.0,False,21.2,100,0.2
0 days 02:19:09.957000,19.3,62.1,1022.9,False,21.1,239,0.2
0 days 02:20:09.956000,19.2,62.1,1022.9,False,21.1,239,0.2
0 days 02:21:09.956000,19.2,62.1,1022.9,False,21.1,261,0.1
0 days 02:22:09.966000,18.9,62.4,1022.9,True,21.1,111,0.3
0 days 02:23:09.955000,18.8,62.4,1022.9,True,21.1,111,0.3
0 days 02:24:09.956000,18.7,62.7,1023.0,True,21.0,0,0.0
0 days 02:25:09.984000,18.6,63.3,1023.1,True,20.9,182,0.7
0 days 02:26:09.971000,18.5,63.3,1023.1,True,20.9,182,0.7
0 days 02:27:09.972000,18.5,63.9,1023.1,True,20.8,195,0.5
0 days 02:28:09.989000,18.2,65.7,1023.1,True,20.7,163,0.8
0 days 02:29:10.005000,18.2,67.9,1023.0,True,20.2,168,0.9
0 days 02:30:10.011000,18.0,69.8,1023.0,True,19.6,165,0.7
0 days 02:31:10.004000,18.0,70.5,1023.1,True,19.6,17,0.4
0 days 02:32:10.003000,17.8,72.4,1023.1,True,19.6,169,0.2
0 days 02:33:10,17.7,71.9,1023.1,True,19.6,182,0.9
0 days 02:34:10.002000,17.6,71.0,1023.0,True,19.5,173,0.9
0 days 02:35:10.030000,17.5,72.4,1023.0,True,19.1,161,0.6
0 days 02:36:10.003000,17.4,72.4,1023.0,True,19.1,161,0.6
0 days 02:37:10.001000,17.4,72.1,1023.1,True,19.0,106,0.3
0 days 00:00:45.625000,18.7,82.3,1004.5,False,21.8,54,0.1
0 days 00:01:45.622000,18.6,82.1,1004.5,False,22.0,78,0.2
0 days 00:02:45.624000,18.6,82.6,1004.5,False,22.1,155,0.1
0 days 00:03:45.629000,18.6,82.8,1004.4,False,22.2,146,0.1
0 days 00:04:45.655000,18.6,82.7,1004.5,False,22.2,17,0.2
0 days 00:05:45.655000,18.6,82.7,1004.5,False,22.2,64,0.1
0 days 00:06:45.654000,18.6,82.8,1004.5,False,22.7,110,0.1
0 days 00:07:45.655000,18.5,82.4,1004.5,False,22.7,117,0.2
0 days 00:08:45.655000,18.4,83.3,1004.4,False,22.4,36,0.1
0 days 00:09:45.656000,18.4,82.3,1004.4,False,22.1,75,0.3
0 days 00:10:45.655000,18.3,82.7,1004.5,False,22.1,36,0.4
0 days 00:11:45.654000,18.4,82.3,1004.4,False,22.4,80,0.5
0 days 00:12:45.661000,18.4,82.3,1004.4,False,22.9,102,0.7
0 days 00:13:45.663000,18.4,82.4,1004.4,False,23.0,92,0.6
0 days 00:14:45.654000,18.4,82.0,1004.3,False,23.0,93,0.7
0 days 00:15:45.656000,18.4,82.0,1004.3,False,23.0,85,0.7
0 days 00:16:45.657000,18.4,82.5,1004.5,False,22.8,116,0.7
0 days 00:17:45.656000,18.5,82.6,1004.5,False,22.7,198,0.3
0 days 00:18:45.658000,18.5,81.9,1004.5,False,22.7,0,0.2
0 days 00:19:45.671000,18.5,82.7,1004.5,True,22.5,0,0.1
0 days 00:20:45.693000,18.5,81.5,1004.6,True,22.5,188,0.2
0 days 00:21:45.703000,18.6,81.3,1004.6,True,22.4,0,0.1
0 days 00:22:45.701000,18.5,82.0,1004.7,True,22.6,0,0.2
0 days 00:23:45.691000,18.5,80.8,1004.7,True,22.6,116,0.3
0 days 00:24:45.703000,18.5,81.0,1004.6,True,22.7,30,0.2
0 days 00:25:45.702000,18.4,81.0,1004.7,True,22.5,111,0.2
0 days 00:26:45.702000,18.4,80.5,1004.7,True,22.3,120,0.2
0 days 00:27:45.704000,18.4,80.9,1004.6,True,22.0,173,0.3
0 days 00:28:45.706000,18.4,80.8,1004.7,True,21.9,103,0.3
0 days 00:29:45.734000,18.3,80.5,1004.6,True,22.0,203,0.4
0 days 00:30:45.752000,18.3,80.9,1004.6,True,22.0,135,0.2
0 days 00:31:45.749000,18.4,80.9,1004.6,True,22.0,264,0.3
0 days 00:32:45.750000,18.4,80.1,1004.7,True,22.0,225,0.3
0 days 00:33:45.749000,18.4,80.6,1004.6,False,22.1,142,0.4
0 days 00:34:45.749000,18.5,80.4,1004.6,False,22.1,95,0.2
0 days 00:35:45.748000,18.5,80.0,1004.6,True,21.9,116,0.5
0 days 00:36:45.772000,18.4,80.3,1004.6,True,21.9,76,0.6
0 days 00:37:45.778000,18.3,80.9,1004.7,False,21.8,89,0.5
0 days 00:38:45.781000,18.3,80.3,1004.7,False,21.8,39,0.6
0 days 00:39:45.780000,18.3,80.7,1004.6,False,21.6,84,0.6
0 days 00:40:45.781000,18.3,80.7,1004.8,False,21.5,84,0.6
0 days 00:41:45.780000,18.3,81.5,1004.7,False,21.5,110,0.5
0 days 00:42:45.798000,18.2,81.2,1004.6,False,21.9,108,0.5
0 days 00:43:45.827000,18.2,81.2,1004.6,False,21.9,108,0.5
0 days 00:44:45.835000,18.2,81.3,1004.6,False,22.2,246,0.4
0 days 00:45:45.831000,18.5,80.9,1004.6,False,22.6,0,0.1
0 days 00:46:45.827000,18.4,80.2,1004.6,False,22.6,110,0.2
0 days 00:47:45.852000,18.5,80.0,1004.6,False,22.5,67,0.2
0 days 00:48:45.852000,18.5,79.8,1004.6,False,22.5,114,0.4
0 days 00:49:45.849000,18.5,79.7,1004.7,False,22.5,109,0.5
0 days 00:50:45.844000,18.4,80.6,1004.7,False,22.7,121,0.6
0 days 00:51:45.844000,18.4,80.4,1004.6,False,22.7,109,0.5
0 days 00:52:45.858000,18.4,80.8,1004.6,False,22.7,97,0.6
0 days 00:53:45.874000,18.4,81.7,1004.7,False,22.8,130,0.3
0 days 00:54:45.863000,18.4,80.6,1004.6,False,22.8,147,0.2
0 days 00:55:45.875000,18.5,81.0,1004.7,False,22.9,118,0.3
0 days 00:56:45.872000,18.5,80.8,1004.7,False,24.0,73,0.4
0 days 00:57:45.875000,18.5,80.5,1004.6,False,24.0,78,0.6
0 days 00:58:45.886000,18.5,80.8,1004.4,False,23.8,104,0.7
0 days 00:59:45.909000,18.4,81.4,1004.6,False,23.6,84,0.5
0 days 01:00:45.906000,18.4,81.3,1004.6,False,23.3,97,0.6
0 days 01:01:45.906000,18.4,81.5,1004.7,False,23.3,92,0.6
0 days 01:02:45.905000,18.4,81.8,1004.6,False,23.7,80,0.6
0 days 01:03:45.907000,18.4,81.8,1004.6,False,23.7,133,0.7
0 days 01:04:45.899000,18.3,81.9,1004.7,False,23.9,91,0.6
0 days 01:05:45.908000,18.3,81.8,1004.7,False,23.9,121,0.6
0 days 01:06:45.908000,18.3,81.7,1004.7,False,23.6,101,0.6
0 days 01:07:45.906000,18.3,82.3,1004.7,False,23.6,95,0.6
0 days 01:08:45.910000,18.3,82.2,1004.7,False,23.5,119,0.7
0 days 01:09:45.906000,18.3,82.4,1004.6,False,23.5,103,0.7
0 days 01:10:45.906000,18.3,82.5,1004.7,False,23.8,95,0.8
0 days 01:11:45.905000,18.3,82.6,1004.7,False,23.8,320,0.4
0 days 01:12:45.906000,18.3,82.8,1004.8,False,23.4,4,0.3
0 days 01:13:45.906000,18.4,82.5,1004.8,False,23.4,227,0.1
0 days 01:14:45.906000,18.4,81.9,1004.7,False,23.3,180,0.2
0 days 00:00:45.079000,15.5,95.5,1006.5,False,18.2,91,0.7
0 days 00:01:45.079000,15.5,95.4,1006.4,False,18.2,93,0.6
0 days 00:02:45.084000,15.5,95.6,1006.4,False,18.1,81,0.6
0 days 00:03:45.093000,15.5,95.4,1006.5,False,18.0,62,0.8
0 days 00:04:45.092000,15.5,95.4,1006.5,False,18.0,93,0.6
0 days 00:05:45.100000,15.5,95.4,1006.5,False,18.1,89,0.7
0 days 00:06:45.124000,15.6,95.5,1006.5,False,18.1,86,0.7
0 days 00:07:45.126000,15.6,95.6,1006.5,False,18.1,96,0.5
0 days 00:08:45.124000,15.5,95.2,1006.5,False,18.1,91,0.8
0 days 00:09:45.124000,15.5,95.3,1006.6,False,18.1,83,0.6
0 days 00:10:45.124000,15.5,95.3,1006.4,False,18.1,100,0.6
0 days 00:11:45.126000,15.6,95.0,1006.5,False,18.0,94,0.6
0 days 00:12:45.123000,15.6,95.1,1006.6,False,17.9,91,0.7
0 days 00:13:45.123000,15.6,95.0,1006.5,False,18.0,101,0.5
0 days 00:14:45.140000,15.6,95.1,1006.5,False,18.1,98,0.5
0 days 00:15:45.157000,15.6,94.9,1006.6,False,18.1,70,0.6
0 days 00:16:45.171000,15.5,95.0,1006.5,False,18.1,95,0.6
0 days 00:17:45.188000,15.5,95.1,1006.6,False,18.1,77,0.6
0 days 00:18:45.202000,15.5,95.2,1006.6,False,18.1,93,0.5
0 days 00:19:45.201000,15.6,94.7,1006.5,False,18.1,102,0.6
0 days 00:20:45.201000,15.6,94.5,1006.6,False,18.1,82,0.7
0 days 00:21:45.204000,15.6,94.5,1006.4,False,18.1,95,0.6
0 days 00:22:45.206000,15.6,94.6,1006.5,False,18.1,95,0.6
0 days 00:23:45.205000,15.6,94.6,1006.5,False,18.0,78,0.6
0 days 00:24:45.203000,15.7,94.5,1006.5,False,18.0,89,0.6
0 days 00:25:45.205000,15.7,94.4,1006.4,False,18.2,86,0.5
0 days 00:26:45.205000,15.6,94.4,1006.6,False,18.1,99,0.5
0 days 00:27:45.203000,15.7,94.6,1006.5,False,18.2,108,0.5
0 days 00:28:45.203000,15.7,94.1,1006.6,False,18.4,99,0.5
0 days 00:29:45.204000,15.7,94.5,1006.5,False,18.5,83,0.5
0 days 00:30:45.203000,15.8,93.9,1006.4,False,18.5,106,0.6
0 days 00:31:45.202000,15.8,93.5,1006.4,False,18.3,92,0.6
0 days 00:32:45.202000,15.8,93.5,1006.4,False,18.3,92,0.6
0 days 00:33:45.202000,15.8,93.5,1006.4,False,18.3,92,0.6
0 days 00:34:45.207000,15.5,93.5,1006.4,False,18.3,92,0.6
0 days 00:35:45.204000,15.5,93.5,1006.4,False,18.3,92,0.6
0 days 00:36:45.203000,15.6,93.5,1006.5,False,18.3,79,0.6
0 days 00:37:45.203000,15.6,92.5,1006.5,False,18.2,116,0.5
0 days 00:38:45.205000,15.8,92.6,1006.4,False,18.2,71,0.4
0 days 00:39:45.202000,15.8,93.0,1006.4,False,18.2,109,0.3
0 days 00:40:45.207000,15.9,92.4,1006.4,False,18.2,90,0.6
0 days 00:41:45.204000,15.9,92.9,1006.5,False,18.1,83,0.5
0 days 00:42:45.204000,15.9,93.1,1006.4,False,18.3,87,0.4
0 days 00:43:45.204000,15.8,92.9,1006.4,False,18.3,98,0.4
0 days 00:44:45.210000,15.8,92.5,1006.4,False,18.3,101,0.7
0 days 00:45:45.207000,15.9,93.3,1006.4,False,18.2,104,0.5
0 days 00:46:45.204000,15.8,93.0,1006.5,False,18.3,85,0.4
0 days 00:47:45.202000,15.8,92.9,1006.6,False,18.3,72,0.6
0 days 00:48:45.211000,15.8,93.0,1006.5,False,18.3,105,0.5
0 days 00:49:45.204000,15.8,93.3,1006.5,False,18.3,95,0.3
0 days 00:50:45.192000,15.8,93.0,1006.6,False,18.3,100,0.5
0 days 00:51:45.204000,15.8,93.4,1006.6,False,18.4,74,0.5
0 days 00:52:45.203000,15.9,93.5,1006.5,False,18.4,105,0.3
0 days 00:53:45.203000,15.9,93.5,1006.5,False,18.5,101,0.5
0 days 00:54:45.196000,15.8,93.4,1006.4,False,18.5,98,0.5
0 days 00:55:45.204000,15.8,93.2,1006.5,False,18.4,70,0.5
0 days 00:56:45.204000,15.8,93.3,1006.5,False,18.4,98,0.5
0 days 00:57:45.202000,15.8,93.2,1006.4,False,18.5,93,0.5
0 days 00:58:45.204000,15.8,93.3,1006.5,False,18.4,83,0.6
0 days 00:59:45.206000,15.8,93.3,1006.4,False,18.4,96,0.5
0 days 01:00:45.205000,15.8,93.9,1006.4,False,18.4,87,0.5
0 days 01:01:45.203000,15.8,93.7,1006.5,False,18.4,85,0.6
0 days 01:02:45.202000,15.8,93.8,1006.3,False,18.4,79,0.7
0 days 01:03:45.219000,15.7,93.3,1006.4,False,18.4,79,0.8
0 days 01:04:45.203000,15.8,94.4,1006.4,False,18.3,96,0.5
0 days 01:05:45.202000,15.8,93.7,1006.6,False,18.3,79,0.6
0 days 01:06:45.208000,15.8,93.5,1006.4,False,18.5,124,0.7
0 days 01:07:45.203000,15.8,93.7,1006.4,False,18.4,159,0.7
0 days 01:08:45.213000,15.8,94.5,1006.4,False,18.5,98,0.3
0 days 01:09:45.203000,15.8,94.3,1006.5,False,18.6,114,0.6
0 days 01:10:45.212000,15.8,93.9,1006.4,False,18.6,235,0.5
0 days 01:11:45.218000,15.8,94.2,1006.4,False,18.6,62,0.5
0 days 01:12:45.218000,15.8,94.4,1006.4,False,18.5,170,0.3
0 days 01:13:45.213000,15.8,94.4,1006.4,False,18.5,76,0.4
0 days 01:14:45.219000,15.8,94.8,1006.5,False,18.5,108,0.2
0 days 01:15:45.219000,15.8,94.1,1006.5,False,18.5,94,0.5
0 days 01:16:45.237000,15.9,94.6,1006.5,False,18.5,102,0.5
0 days 01:17:45.237000,15.9,94.5,1006.5,False,18.4,109,0.6
0 days 01:18:45.250000,15.9,93.9,1006.5,False,18.4,212,0.5
0 days 01:19:45.251000,15.9,94.7,1006.4,False,18.4,100,0.4
0 days 01:20:45.255000,15.9,93.8,1006.4,False,18.4,143,0.5
0 days 01:21:45.238000,15.9,94.4,1006.5,False,18.4,129,0.3
0 days 01:22:45.250000,15.9,93.7,1006.4,False,18.4,116,0.3
0 days 01:23:45.254000,15.9,93.6,1006.4,False,18.4,107,0.5
0 days 01:24:45.250000,15.9,94.3,1006.4,False,18.5,55,0.4
0 days 01:25:45.250000,16.0,93.7,1006.4,False,18.5,103,0.5
0 days 01:26:45.259000,15.9,93.7,1006.4,False,18.5,97,0.6
0 days 01:27:45.239000,15.9,93.8,1006.5,False,18.4,97,0.4
0 days 01:28:45.252000,15.8,93.4,1006.4,False,18.4,331,0.6
0 days 01:29:45.253000,15.8,93.8,1006.4,False,18.2,100,0.3
0 days 01:30:45.264000,15.9,93.5,1006.3,False,18.2,152,0.4
0 days 01:31:45.259000,15.9,93.6,1006.4,False,18.4,143,0.3
0 days 01:32:45.282000,15.9,93.6,1006.3,False,18.4,125,0.3
0 days 01:33:45.297000,15.9,93.4,1006.4,False,18.2,160,0.4
0 days 01:34:45.299000,15.9,93.3,1006.3,False,18.2,110,0.5
0 days 01:35:45.297000,15.9,93.3,1006.4,False,18.3,119,0.5
0 days 01:36:45.303000,15.9,93.1,1006.1,False,18.4,130,0.5
0 days 01:37:45.326000,15.9,93.5,1006.2,False,18.4,142,0.4
0 days 01:38:45.329000,15.9,93.3,1006.2,False,18.3,158,0.5
0 days 01:39:45.334000,16.0,93.2,1006.4,False,18.2,101,0.5
0 days 01:40:45.320000,15.9,93.1,1006.3,False,18.3,108,0.5
0 days 01:41:45.331000,15.9,93.1,1006.3,False,18.3,81,0.5
0 days 01:42:45.330000,15.9,92.8,1006.3,False,18.3,99,0.6
0 days 01:43:45.329000,15.9,92.6,1006.3,False,18.1,123,0.5
0 days 01:44:45.328000,15.9,92.9,1006.4,False,18.1,114,0.5
0 days 01:45:45.331000,15.9,92.9,1006.3,False,18.1,78,0.5
0 days 01:46:45.331000,16.0,92.8,1006.3,False,18.1,124,0.6
0 days 01:47:45.333000,16.0,92.8,1006.4,False,18.1,120,0.3
0 days 01:48:45.347000,16.0,92.8,1006.2,False,18.1,162,0.4
0 days 01:49:45.360000,16.0,92.8,1006.4,False,18.0,68,0.4
0 days 01:50:45.366000,15.9,93.1,1006.3,False,18.0,117,0.1
0 days 01:51:45.360000,15.9,93.1,1006.4,False,18.0,166,0.4
0 days 01:52:45.375000,15.9,92.8,1006.4,False,17.8,146,0.3
0 days 01:53:45.392000,16.0,92.7,1006.4,False,17.8,147,0.4
0 days 01:54:45.410000,16.0,92.8,1006.4,False,17.8,188,0.3
0 days 01:55:45.407000,16.0,93.2,1006.4,False,17.7,121,0.3
0 days 01:56:45.429000,16.0,92.9,1006.5,False,17.8,146,0.5
0 days 01:57:45.432000,15.9,93.2,1006.5,False,17.8,190,0.2
0 days 01:58:45.438000,15.9,93.1,1006.5,False,17.8,85,0.4
0 days 01:59:45.455000,15.9,93.0,1006.4,False,17.8,195,0.3
0 days 02:00:45.458000,15.9,92.9,1006.4,False,17.8,58,0.3
0 days 02:01:45.456000,15.9,92.8,1006.4,False,17.8,143,0.3
0 days 02:02:45.453000,15.9,92.8,1006.4,False,17.8,138,0.3
0 days 02:03:45.454000,15.9,93.1,1006.3,False,17.8,136,0.3
0 days 02:04:45.453000,15.9,93.0,1006.5,False,17.9,155,0.4
0 days 02:05:45.455000,16.0,93.1,1006.4,False,17.9,84,0.2
0 days 02:06:45.455000,15.9,93.0,1006.3,False,18.0,116,0.2
0 days 02:07:45.470000,15.9,93.3,1006.3,False,18.0,106,0.4
0 days 02:08:45.491000,15.9,92.6,1006.3,False,18.0,87,0.7
0 days 02:09:45.486000,15.9,93.1,1006.3,False,18.1,108,0.5
0 days 02:10:45.502000,15.9,93.2,1006.3,False,17.8,173,0.4
0 days 02:11:45.500000,15.9,93.2,1006.3,False,17.8,173,0.4
0 days 02:12:45.512000,16.0,93.1,1006.3,False,18.0,119,0.3
0 days 02:13:45.536000,15.9,93.1,1006.3,False,18.1,151,0.5
0 days 02:14:45.547000,16.0,92.8,1006.4,False,18.1,140,0.5
0 days 02:15:45.547000,16.0,92.6,1006.3,False,18.1,133,0.4
0 days 02:16:45.546000,15.9,92.8,1006.3,False,18.1,120,0.4
0 days 02:17:45.547000,15.9,92.4,1006.3,False,17.9,91,0.6
0 days 02:18:45.594000,15.9,92.8,1006.2,False,17.9,124,0.5
0 days 02:19:45.585000,15.9,92.5,1006.3,False,17.9,97,0.5
0 days 02:20:45.581000,15.9,92.5,1006.3,False,18.1,101,0.4
0 days 02:21:45.607000,15.9,92.4,1006.3,False,18.1,112,0.4
0 days 02:22:45.581000,16.0,92.4,1006.3,False,18.1,146,0.5
0 days 02:23:45.580000,16.0,92.1,1006.3,False,18.1,120,0.6
0 days 02:24:45.579000,16.0,92.0,1006.3,False,18.1,88,0.6
0 days 02:25:45.578000,16.0,92.2,1006.3,False,18.1,107,0.5
0 days 02:26:45.580000,16.0,92.2,1006.3,False,18.2,160,0.5
0 days 02:27:45.569000,16.0,92.4,1006.3,False,18.0,211,0.3
0 days 02:28:45.568000,16.1,92.4,1006.4,False,18.0,87,0.3
0 days 02:29:45.576000,16.1,91.9,1006.3,False,17.9,127,0.6
0 days 02:30:45.626000,16.0,92.1,1006.3,False,17.9,97,0.5
0 days 02:31:45.594000,16.0,92.0,1006.3,False,17.8,117,0.5
0 days 02:32:45.610000,16.0,92.1,1006.3,False,18.1,83,0.4
0 days 02:33:45.628000,16.0,92.7,1006.4,False,18.1,80,0.5
0 days 02:34:45.646000,16.1,91.8,1006.3,False,18.0,118,0.4
0 days 02:35:45.655000,16.1,92.0,1006.3,False,18.0,180,0.5
0 days 02:36:45.675000,16.0,92.4,1006.4,False,18.0,117,0.5
0 days 00:00:25.082000,29.4,54.6,991.9,False,37.5,103,1.3
0 days 00:01:25.067000,29.4,53.9,992.1,False,37.3,105,1.2
0 days 00:02:25.058000,29.5,53.5,992.1,False,37.3,116,1.0
0 days 00:03:25.067000,29.6,52.5,992.1,False,37.6,110,1.0
0 days 00:04:25.067000,29.8,52.2,992.0,False,38.4,103,0.9
0 days 00:05:25.068000,29.8,52.7,992.0,False,38.4,109,1.1
0 days 00:06:25.074000,29.9,52.9,992.0,False,38.3,93,0.9
0 days 00:07:25.068000,29.9,52.9,992.0,False,38.3,93,0.9
0 days 00:08:25.067000,29.8,53.0,992.0,False,37.9,113,1.3
0 days 00:09:25.067000,29.8,53.2,991.9,False,37.5,106,1.1
0 days 00:10:25.067000,29.7,54.1,991.9,False,37.3,106,1.5
0 days 00:11:25.068000,29.7,54.7,991.9,False,37.2,114,1.5
0 days 00:12:25.072000,29.7,54.9,991.8,False,37.1,108,1.4
0 days 00:13:25.081000,29.7,54.9,991.8,False,37.1,108,1.4
0 days 00:14:25.076000,29.9,54.6,991.9,False,37.6,107,1.3
0 days 00:15:25.081000,29.9,55.1,991.9,False,37.8,104,1.3
0 days 00:16:25.067000,29.9,55.2,991.8,False,37.8,115,1.0
0 days 00:17:25.067000,29.9,54.9,991.8,False,37.6,91,1.3
0 days 00:18:25.067000,29.8,55.0,991.8,False,36.7,105,1.2
0 days 00:19:25.068000,29.8,55.6,991.8,False,36.7,121,1.1
0 days 00:20:25.067000,29.7,54.2,992.0,False,36.4,118,1.2
0 days 00:21:25.067000,29.7,54.3,991.8,False,36.2,103,1.0
0 days 00:22:25.069000,29.6,55.0,991.8,False,36.1,105,1.1
0 days 00:23:25.067000,29.6,55.5,991.8,False,36.0,106,1.3
0 days 00:24:25.073000,29.7,54.9,991.9,False,36.1,111,1.0
0 days 00:25:25.069000,29.8,55.1,991.7,False,36.9,117,1.0
0 days 00:26:25.068000,29.9,54.9,991.8,False,37.3,108,1.5
0 days 00:27:25.069000,29.9,54.7,991.8,False,37.4,103,0.8
0 days 00:28:25.068000,30.1,54.4,991.8,False,37.4,94,1.3
0 days 00:29:25.072000,30.1,54.6,991.8,False,37.3,116,1.2
0 days 00:30:25.069000,30.0,55.0,991.9,False,37.2,133,1.1
0 days 00:31:25.072000,30.1,54.6,991.7,False,37.2,102,1.0
0 days 00:32:25.072000,30.1,54.3,991.8,False,37.5,149,1.3
0 days 00:33:25.068000,30.1,54.2,991.7,False,37.6,105,1.0
0 days 00:34:25.068000,30.0,53.9,991.7,False,37.7,106,1.2
0 days 00:35:25.078000,30.0,54.3,991.6,False,37.7,94,1.2
0 days 00:36:25.071000,29.9,54.4,991.6,False,37.5,92,1.6
0 days 00:37:25.067000,29.9,55.2,991.7,False,37.4,107,1.1
0 days 00:38:25.071000,29.7,55.1,991.7,False,36.9,112,0.9
0 days 00:39:25.071000,29.7,54.8,991.7,False,36.4,93,1.1
0 days 00:40:25.070000,29.6,55.7,991.7,False,36.3,102,1.3
0 days 00:41:25.087000,29.6,55.5,991.7,False,36.3,106,0.9
0 days 00:42:25.085000,29.6,55.2,991.6,False,36.7,106,0.7
0 days 00:43:25.105000,29.6,55.3,991.7,False,36.8,82,0.7
0 days 00:44:25.133000,29.6,55.4,991.5,False,36.7,112,0.8
0 days 00:45:25.137000,29.6,55.7,991.6,False,36.4,114,0.9
0 days 00:46:25.133000,29.7,56.0,991.7,False,36.5,105,0.9
0 days 00:47:25.147000,29.8,56.0,991.6,False,36.5,101,0.6
0 days 00:48:25.166000,29.9,56.0,991.7,False,37.2,102,0.6
0 days 00:49:25.163000,30.0,55.2,991.7,False,37.2,0,0.4
0 days 00:50:25.162000,30.0,53.8,991.6,False,37.3,138,0.2
0 days 00:51:25.163000,29.9,53.4,991.6,False,37.3,118,1.0
0 days 00:52:25.181000,30.0,53.0,991.8,False,37.3,113,1.2
0 days 00:53:25.204000,29.9,53.9,991.7,False,37.0,124,1.2
0 days 00:54:25.217000,30.1,53.6,991.7,False,37.0,107,1.0
0 days 00:55:25.234000,30.1,53.6,991.8,False,37.2,124,1.1
0 days 00:56:25.240000,30.2,53.5,991.6,False,37.7,114,1.1
0 days 00:57:25.243000,30.2,53.4,991.6,False,37.7,106,1.3
0 days 00:58:25.244000,30.2,53.6,991.7,False,37.7,116,1.4
0 days 00:59:25.252000,30.2,53.9,991.7,False,37.4,115,1.2
0 days 01:00:25.245000,30.1,55.0,991.3,False,37.7,90,1.1
0 days 01:01:25.243000,30.0,56.7,991.7,False,37.4,117,1.2
0 days 01:02:25.277000,29.7,57.5,991.7,False,36.4,113,1.2
0 days 01:03:25.271000,29.6,58.1,991.8,False,35.8,131,1.5
0 days 01:04:25.283000,29.2,59.0,991.7,False,35.5,117,1.3
0 days 01:05:25.304000,29.2,58.6,991.7,False,35.2,110,1.3
0 days 01:06:25.291000,29.0,58.0,991.9,False,34.7,113,1.3
0 days 01:07:25.301000,28.7,57.8,991.8,False,34.6,110,1.2
0 days 01:08:25.291000,28.6,58.4,991.8,False,34.6,114,1.3
0 days 01:09:25.288000,28.6,58.2,991.8,False,34.7,104,1.3
0 days 01:10:25.290000,28.5,58.5,991.7,False,34.6,111,1.1
0 days 01:11:25.288000,28.6,59.0,991.7,False,34.4,104,1.0
0 days 01:12:25.290000,28.7,58.6,991.8,False,34.4,111,1.0
0 days 01:13:25.288000,28.7,58.4,991.8,False,34.4,116,1.1
0 days 01:14:25.289000,28.6,58.4,991.8,False,34.6,107,1.0
0 days 01:15:25.288000,28.5,57.8,991.8,False,34.5,110,1.0
0 days 01:16:25.289000,28.5,57.9,991.6,False,34.3,115,1.0
0 days 01:17:25.290000,28.4,57.4,991.8,False,34.3,119,0.9
0 days 01:18:25.303000,28.4,57.6,991.7,True,34.2,103,0.8
0 days 00:00:41.194000,26.4,72.5,993.4,False,32.7,108,0.8
0 days 00:01:41.195000,26.4,71.7,993.3,False,32.9,88,1.3
0 days 00:02:41.204000,26.4,71.9,993.4,False,33.2,117,0.7
0 days 00:03:41.215000,26.4,69.9,993.2,False,33.7,100,1.1
0 days 00:04:41.219000,26.4,71.2,993.2,False,33.7,110,1.0
0 days 00:05:41.230000,26.4,70.7,993.2,False,33.8,126,0.5
0 days 00:06:41.244000,26.6,68.7,993.3,False,34.6,106,0.5
0 days 00:07:41.246000,26.6,69.2,993.4,False,34.7,148,0.8
0 days 00:08:41.244000,26.9,68.7,993.3,False,35.0,331,0.3
0 days 00:09:41.244000,27.0,66.9,993.2,False,35.0,112,0.5
0 days 00:10:41.264000,27.0,66.8,993.1,False,35.1,94,1.1
0 days 00:11:41.260000,26.9,68.4,993.2,False,35.0,112,1.1
0 days 00:12:41.261000,26.8,68.5,993.2,False,35.0,26,0.5
0 days 00:13:41.277000,26.9,68.5,993.2,False,35.0,26,0.5
0 days 00:14:41.278000,27.0,68.5,993.2,False,35.0,26,0.5
0 days 00:15:41.273000,27.0,68.5,993.2,False,35.0,26,0.5
0 days 00:16:41.275000,26.9,68.5,993.2,False,35.0,26,0.5
0 days 00:17:41.273000,26.9,67.4,993.1,False,35.6,291,0.2
0 days 00:18:41.274000,26.9,68.0,993.0,False,35.3,115,0.8
0 days 00:19:41.274000,26.9,68.5,992.9,False,35.1,110,0.3
0 days 00:20:41.276000,27.2,68.0,993.0,False,35.1,341,0.1
0 days 00:21:41.280000,27.3,65.9,992.8,False,35.9,102,0.6
0 days 00:22:41.273000,27.4,65.8,992.7,False,36.0,109,1.0
0 days 00:23:41.276000,27.3,66.7,992.8,False,36.0,107,1.4
0 days 00:24:41.287000,27.2,67.5,992.6,False,35.9,104,1.2
0 days 00:25:41.301000,27.2,67.9,992.7,False,35.6,146,1.3
0 days 00:26:41.275000,27.1,68.3,992.8,False,35.6,106,0.7
0 days 00:27:41.274000,27.1,66.3,992.8,False,35.6,101,0.8
0 days 00:28:41.275000,27.1,65.4,992.7,False,36.2,110,0.6
0 days 00:29:41.276000,27.3,64.2,992.7,False,36.6,113,0.6
0 days 00:30:41.275000,27.5,63.2,992.7,False,37.1,104,0.8
0 days 00:31:41.274000,27.4,63.6,992.6,False,36.6,103,1.1
0 days 00:32:41.272000,27.5,64.6,992.7,False,36.4,105,0.9
0 days 00:33:41.273000,27.6,64.4,992.5,False,36.6,100,0.6
0 days 00:34:41.275000,27.6,64.4,992.6,False,36.9,109,0.9
0 days 00:35:41.289000,27.6,63.6,992.4,False,36.9,109,1.0
0 days 00:36:41.268000,27.6,64.3,992.6,False,36.7,116,1.0
0 days 00:37:41.277000,27.6,64.3,992.6,False,36.9,114,0.9
0 days 00:38:41.290000,27.6,63.0,992.3,False,36.8,102,1.1
0 days 00:39:41.306000,27.6,64.6,992.5,False,36.9,103,1.2
0 days 00:40:41.326000,27.5,65.0,992.7,False,36.9,119,1.0
0 days 00:41:41.337000,27.5,62.8,992.6,False,36.6,98,0.9
0 days 00:42:41.355000,27.6,63.4,992.6,False,37.1,108,0.9
0 days 00:43:41.369000,27.6,63.8,992.5,False,37.0,110,0.9
0 days 00:44:41.369000,27.7,64.5,992.4,False,37.0,101,1.4
0 days 00:45:41.386000,27.6,64.3,992.5,False,37.0,92,1.5
0 days 00:46:41.385000,27.6,65.0,992.6,False,37.0,104,1.3
0 days 00:47:41.401000,27.7,65.1,992.6,False,37.0,82,0.7
0 days 00:48:41.412000,27.8,63.3,992.6,False,37.1,119,0.4
0 days 00:49:41.415000,27.9,61.7,992.6,False,38.1,110,0.3
0 days 00:50:41.406000,28.0,61.6,992.5,False,38.1,97,1.4
0 days 00:51:41.432000,27.9,62.1,992.5,False,37.8,97,1.5
0 days 00:52:41.448000,27.8,62.9,992.5,False,37.2,100,1.5
0 days 00:53:41.462000,27.8,64.0,992.5,False,37.0,107,1.0
0 days 00:54:41.479000,27.9,62.9,992.6,False,37.0,104,0.8
0 days 00:55:41.479000,28.0,61.4,992.5,False,37.7,111,1.0
0 days 00:56:41.493000,27.9,59.9,992.5,False,38.0,99,1.3
0 days 00:57:41.498000,27.8,60.8,992.5,False,37.9,115,1.2
0 days 00:58:41.495000,27.8,60.4,992.4,False,36.9,92,0.9
0 days 00:59:41.495000,27.8,61.7,992.5,False,36.3,72,0.8
0 days 01:00:41.506000,27.9,61.5,992.5,False,36.2,22,0.4
0 days 01:01:41.511000,28.0,61.1,992.5,False,36.7,3,0.5
0 days 01:02:41.511000,28.2,59.8,992.4,False,37.0,121,0.5
0 days 01:03:41.535000,28.2,59.8,992.4,False,37.5,114,0.8
0 days 01:04:41.526000,28.2,59.8,992.4,False,37.4,112,0.6
0 days 01:05:41.537000,28.2,59.6,992.4,False,36.6,110,0.5
0 days 01:06:41.535000,28.1,60.5,992.3,False,36.7,156,0.9
0 days 01:07:41.544000,28.1,60.9,992.3,False,37.0,103,0.5
0 days 01:08:41.559000,28.2,60.9,992.3,False,37.2,93,0.6
0 days 01:09:41.573000,28.2,60.3,992.2,False,37.5,93,0.5
0 days 01:10:41.565000,28.2,59.7,992.3,False,37.2,102,0.3
0 days 01:11:41.573000,28.2,60.2,992.2,False,37.2,102,0.8
0 days 01:12:41.572000,28.4,60.6,992.2,False,37.3,131,0.8
0 days 01:13:41.590000,28.4,60.1,992.2,False,37.8,123,1.2
0 days 01:14:41.605000,28.4,59.6,992.3,False,37.8,101,0.8
0 days 01:15:41.625000,28.4,60.0,992.4,False,37.8,137,1.3
0 days 01:16:41.619000,28.5,59.6,992.3,False,37.9,95,0.6
0 days 01:17:41.622000,28.5,59.4,992.4,False,37.8,103,0.6
0 days 01:18:41.639000,28.4,59.8,992.2,False,37.8,110,0.6
0 days 01:19:41.651000,28.5,59.7,992.3,False,38.0,121,0.7
0 days 01:20:41.654000,28.5,58.4,992.3,False,38.1,103,0.6
0 days 01:21:41.653000,28.4,58.7,992.2,False,38.3,111,1.1
0 days 01:22:41.653000,28.6,59.0,992.2,False,38.3,110,1.2
0 days 01:23:41.651000,28.5,60.0,992.2,False,38.2,90,0.9
0 days 01:24:41.651000,28.5,59.6,992.3,False,38.1,113,0.7
0 days 01:25:41.652000,28.6,59.1,992.1,False,38.1,108,0.5
0 days 01:26:41.652000,28.6,59.3,992.1,False,38.1,113,0.8
0 days 01:27:41.653000,28.6,58.2,992.1,False,38.2,112,1.2
0 days 01:28:41.652000,28.6,59.4,992.0,False,37.9,96,1.2
0 days 01:29:41.652000,28.5,60.4,992.1,False,37.8,112,0.9
0 days 01:30:41.652000,28.5,59.5,992.1,False,37.8,114,0.8
0 days 01:31:41.652000,28.6,59.1,992.0,False,38.4,133,0.6
0 days 01:32:41.660000,28.5,58.2,991.9,False,38.9,92,1.1
0 days 01:33:41.653000,28.5,59.3,991.9,False,38.2,100,1.3
0 days 01:34:41.659000,28.4,59.0,991.8,False,38.3,105,1.0
0 days 01:35:41.656000,28.4,59.0,991.8,False,38.3,105,1.0
0 days 01:36:41.655000,28.7,57.7,991.9,False,39.0,113,0.6
0 days 01:37:41.653000,28.6,57.5,991.8,False,39.0,83,1.1
0 days 01:38:41.654000,28.5,59.0,991.8,False,38.1,105,1.3
0 days 01:39:41.655000,28.5,59.5,991.9,False,38.1,94,1.1
0 days 01:40:41.653000,28.4,59.1,991.8,False,38.6,108,1.3
0 days 01:41:41.653000,28.4,59.1,991.8,False,38.6,108,1.3
0 days 01:42:41.653000,28.3,59.3,991.8,False,38.7,95,1.3
0 days 01:43:41.662000,28.3,59.4,991.7,False,38.6,125,0.9
0 days 01:44:41.654000,28.6,59.7,991.8,False,38.5,101,0.9
0 days 01:45:41.653000,28.6,59.5,991.8,False,38.5,97,0.4
0 days 01:46:41.651000,28.7,58.5,991.8,False,38.8,58,0.6
0 days 01:47:41.654000,28.8,57.2,991.7,False,39.4,101,0.3
0 days 01:48:41.653000,29.0,56.9,991.7,False,39.4,113,0.8
0 days 01:49:41.654000,29.1,56.1,991.7,False,39.4,116,0.4
0 days 01:50:41.656000,29.1,56.0,991.7,False,39.4,118,0.5
0 days 01:51:41.655000,29.1,56.0,991.6,False,38.5,110,0.4
0 days 01:52:41.656000,29.1,56.6,991.5,False,38.5,123,1.1
0 days 01:53:41.670000,29.0,56.3,991.6,False,38.5,107,1.0
0 days 01:54:41.671000,28.7,57.1,991.5,False,38.2,77,1.4
0 days 01:55:41.686000,28.6,58.3,991.4,False,38.0,106,1.2
0 days 01:56:41.699000,28.7,58.6,991.4,False,38.2,101,1.3
0 days 01:57:41.706000,28.6,59.3,991.4,False,38.5,85,1.5
0 days 01:58:41.717000,28.7,59.6,991.4,False,38.5,86,1.2
0 days 01:59:41.742000,28.7,58.2,991.4,False,38.7,98,1.0
0 days 02:00:41.738000,28.6,58.6,991.5,False,39.0,112,1.3
0 days 02:01:41.751000,28.6,59.0,991.5,False,39.1,110,1.0
0 days 02:02:41.764000,28.5,59.0,991.6,False,39.1,111,1.0
0 days 02:03:41.759000,28.5,59.3,991.4,False,39.1,108,1.1
0 days 02:04:41.784000,28.3,59.2,991.5,False,39.0,104,1.0
0 days 02:05:41.784000,28.3,59.7,991.5,False,37.5,98,1.1
0 days 02:06:41.779000,28.2,60.3,991.5,False,37.5,95,1.1
0 days 02:07:41.776000,28.1,61.0,991.6,False,37.0,98,1.1
0 days 02:08:41.779000,28.2,61.3,991.5,False,36.3,120,1.0
0 days 02:09:41.781000,28.2,60.6,991.5,False,37.6,104,1.3
0 days 02:10:41.782000,28.4,60.1,991.5,False,38.1,116,1.2
0 days 02:11:41.776000,28.4,60.0,991.4,False,38.1,106,0.9
0 days 02:12:41.771000,28.6,60.0,991.4,False,37.9,109,0.6
0 days 02:13:41.780000,28.7,59.3,991.5,False,38.2,103,0.9
0 days 02:14:41.788000,29.0,58.9,991.5,False,38.9,99,0.6
0 days 02:15:41.785000,29.0,58.9,991.5,False,38.9,99,0.6
0 days 02:16:41.778000,29.2,57.1,991.4,False,39.5,104,1.0
0 days 02:17:41.784000,29.1,58.1,991.3,False,39.6,115,0.8
0 days 02:18:41.779000,28.8,58.3,991.3,False,39.1,107,1.1
0 days 02:19:41.811000,28.8,58.1,991.3,False,38.9,108,1.0
0 days 02:20:41.779000,28.9,58.0,991.4,False,39.2,139,0.9
0 days 02:21:41.780000,29.0,57.1,991.3,False,39.2,115,0.7
0 days 02:22:41.781000,29.2,56.3,991.4,False,39.3,159,0.8
0 days 02:23:41.779000,29.3,54.8,991.4,False,39.3,89,0.6
0 days 02:24:41.780000,29.5,55.2,991.4,False,39.2,113,0.6
0 days 02:25:41.779000,29.5,55.7,991.4,False,38.7,104,0.7
0 days 02:26:41.794000,29.4,56.4,991.3,False,38.7,42,0.5
0 days 02:27:41.776000,29.3,56.5,991.1,False,39.0,92,0.5
0 days 02:28:41.781000,29.1,55.9,991.1,False,39.1,102,0.5
0 days 02:29:41.798000,29.1,55.5,991.2,False,39.1,90,1.3
0 days 02:30:41.781000,29.0,56.5,991.2,False,39.1,92,1.4
0 days 02:31:41.783000,29.0,56.3,991.2,False,39.0,107,0.7
0 days 02:32:41.778000,29.0,56.3,991.2,False,39.1,101,0.8
0 days 02:33:41.779000,29.0,57.0,991.3,False,39.2,100,0.6
0 days 02:34:41.780000,29.0,56.5,991.3,False,39.0,253,0.5
0 days 02:35:41.782000,29.0,55.3,991.3,False,39.0,103,1.0
0 days 02:36:41.781000,29.2,55.6,991.1,False,39.0,110,0.6
0 days 02:37:41.783000,29.2,55.5,991.2,False,38.7,98,0.5
0 days 02:38:41.781000,29.2,55.5,991.1,False,38.1,45,0.6
0 days 02:39:41.780000,29.2,55.2,991.2,False,38.1,95,0.3
0 days 02:40:41.780000,29.3,54.9,991.1,False,38.8,70,0.4
0 days 00:00:52.477000,21.1,21.7,784.0,False,46.9,17,0.4
0 days 00:01:52.487000,21.1,21.7,784.0,False,46.8,264,0.4
0 days 00:02:52.493000,21.3,22.1,784.1,False,45.8,294,0.3
0 days 00:03:52.492000,21.2,22.1,784.1,False,45.8,294,0.3
0 days 00:04:52.483000,21.1,21.8,784.1,False,45.8,321,0.3
0 days 00:05:52.494000,21.2,21.8,784.0,False,45.9,174,0.4
0 days 00:06:52.491000,21.1,21.8,784.0,False,45.5,292,0.2
0 days 00:07:52.495000,21.1,22.3,783.9,False,44.9,166,0.5
0 days 00:08:52.492000,21.0,22.3,783.9,False,44.8,122,0.5
0 days 00:09:52.502000,21.0,22.0,784.0,False,44.8,330,0.5
0 days 00:10:52.493000,21.0,22.2,783.9,False,45.0,210,0.1
0 days 00:11:52.491000,21.0,21.7,783.9,False,45.0,229,0.4
0 days 00:12:52.492000,21.1,21.7,783.9,False,44.8,37,0.3
0 days 00:13:52.492000,21.1,21.9,783.9,False,44.8,235,0.3
0 days 00:14:52.491000,21.1,22.4,783.8,False,44.8,229,0.8
0 days 00:15:52.491000,21.2,21.9,783.8,False,44.9,280,0.4
0 days 00:16:52.492000,21.3,21.9,783.9,False,45.0,0,0.4
0 days 00:17:52.495000,21.4,21.3,783.9,False,44.9,240,0.3
0 days 00:18:52.495000,21.4,20.9,783.8,False,45.0,304,0.4
0 days 00:19:52.490000,21.4,21.1,783.7,False,44.9,142,0.5
0 days 00:20:52.500000,21.3,21.2,783.7,False,44.6,161,0.7
0 days 00:21:52.498000,21.2,21.4,783.8,False,44.5,320,0.5
0 days 00:22:52.493000,21.1,21.3,783.7,False,44.5,208,0.3
0 days 00:23:52.495000,21.2,21.5,783.7,False,43.4,237,0.6
0 days 00:24:52.485000,21.1,21.5,783.7,False,42.9,263,0.4
0 days 00:25:52.491000,21.0,21.4,783.8,False,42.6,74,0.5
0 days 00:26:52.494000,21.1,20.6,783.7,False,42.6,157,0.3
0 days 00:27:52.493000,21.0,20.7,783.7,False,42.9,302,0.3
0 days 00:28:52.494000,21.1,20.3,783.7,False,43.2,112,0.2
0 days 00:29:52.493000,21.1,20.0,783.7,False,43.3,106,0.6
0 days 00:30:52.494000,21.1,20.0,783.6,False,43.8,139,0.7
0 days 00:31:52.500000,21.1,21.1,783.6,False,43.8,136,0.7
0 days 00:32:52.492000,21.1,21.4,783.7,False,43.7,71,0.7
0 days 00:33:52.494000,21.3,21.4,783.7,False,43.7,277,0.2
0 days 00:34:52.484000,21.3,20.5,783.7,False,43.6,225,0.4
0 days 00:35:52.496000,21.3,19.2,783.6,False,43.6,198,0.4
0 days 00:36:52.494000,21.3,19.5,783.5,False,44.2,243,0.3
0 days 00:37:52.505000,21.3,19.3,783.6,False,44.6,229,0.5
0 days 00:38:52.531000,21.5,19.0,783.6,False,45.0,265,0.6
0 days 00:39:52.526000,21.4,19.0,783.6,False,45.1,243,0.4
0 days 00:40:52.541000,21.5,19.0,783.6,False,45.1,171,0.4
0 days 00:41:52.536000,21.5,18.7,783.5,False,45.5,273,0.5
0 days 00:42:52.545000,21.5,19.4,783.5,False,45.6,0,0.2
0 days 00:43:52.560000,21.5,19.9,783.6,False,45.7,233,0.3
0 days 00:44:52.574000,21.5,20.2,783.5,False,45.6,280,0.5
0 days 00:45:52.577000,21.5,20.5,783.6,False,45.4,237,0.4
0 days 00:46:52.587000,21.5,20.0,783.5,False,45.3,243,0.4
0 days 00:47:52.589000,21.4,20.3,783.5,False,45.4,207,0.3
0 days 00:48:52.588000,21.3,20.4,783.5,False,45.5,69,0.3
0 days 00:49:52.600000,21.2,20.3,783.4,False,45.5,106,0.1
0 days 00:50:52.606000,21.3,20.3,783.4,False,45.6,239,0.1
0 days 00:51:52.625000,21.4,20.7,783.4,False,45.7,16,0.1
0 days 00:52:52.612000,21.5,20.4,783.4,False,45.6,278,0.1
0 days 00:53:52.620000,21.5,20.0,783.5,False,45.6,313,0.3
0 days 00:54:52.619000,21.8,19.8,783.5,False,45.6,252,0.3
0 days 00:55:52.620000,21.9,19.8,783.4,False,45.5,52,0.2
0 days 00:56:52.617000,22.0,20.0,783.5,False,45.5,77,0.2
0 days 00:57:52.620000,22.2,19.9,783.4,False,45.6,275,0.2
0 days 00:58:52.617000,22.1,20.1,783.4,False,45.7,299,0.4
0 days 00:59:52.622000,22.1,20.0,783.3,False,45.6,170,0.3
0 days 01:00:52.622000,22.1,19.6,783.4,False,45.5,260,0.2
0 days 01:01:52.633000,22.0,19.3,783.3,False,45.5,180,0.4
0 days 01:02:52.637000,22.0,19.6,783.4,False,45.8,127,0.4
0 days 01:03:52.653000,22.1,19.3,783.2,False,45.9,157,0.3
0 days 01:04:52.654000,22.1,19.2,783.3,False,45.9,123,0.7
0 days 01:05:52.664000,22.0,19.1,783.4,False,45.8,164,0.2
0 days 01:06:52.680000,21.9,19.2,783.4,False,45.8,261,0.4
0 days 01:07:52.915000,21.9,18.3,783.3,False,45.7,284,0.5
0 days 01:08:52.713000,21.9,18.3,783.3,False,45.7,254,0.2
0 days 01:09:52.729000,21.9,18.2,783.3,False,45.7,261,0.4
0 days 01:10:52.745000,21.9,17.9,783.3,False,45.7,259,0.6
0 days 01:11:52.744000,21.9,18.8,783.4,False,45.7,243,0.5
0 days 01:12:52.746000,22.1,19.0,783.3,False,45.5,241,0.5
0 days 01:13:52.758000,22.2,19.4,783.3,False,45.5,166,0.2
0 days 01:14:52.743000,22.2,19.3,783.3,False,45.6,204,0.6
0 days 01:15:52.743000,22.2,19.3,783.4,False,45.6,252,0.3
0 days 01:16:52.743000,22.3,19.2,783.4,False,45.6,253,0.8
0 days 01:17:52.745000,22.2,19.1,783.4,False,45.4,171,0.3
0 days 01:18:52.757000,22.0,18.8,783.4,False,45.4,139,0.3
0 days 01:19:52.746000,22.0,19.1,783.2,False,45.4,52,0.3
0 days 01:20:52.755000,22.0,18.9,783.4,False,45.7,268,0.5
0 days 01:21:52.750000,21.9,19.1,783.3,False,45.7,286,0.8
0 days 01:22:52.743000,21.9,19.2,783.3,False,45.2,311,0.4
0 days 01:23:52.749000,21.8,19.1,783.2,False,45.1,131,0.1
0 days 01:24:52.764000,21.9,19.1,783.3,False,45.1,281,0.1
0 days 01:25:52.743000,22.1,18.6,783.4,False,45.3,273,0.2
0 days 01:26:52.744000,22.1,18.4,783.4,False,45.4,292,0.3
0 days 01:27:52.744000,22.1,19.0,783.2,False,45.4,291,0.6
0 days 01:28:52.746000,22.0,19.4,783.2,False,45.2,291,0.6
0 days 01:29:52.749000,22.0,18.9,783.3,False,45.1,244,0.6
0 days 01:30:52.747000,22.0,19.1,783.2,False,45.2,0,0.1
0 days 01:31:52.767000,22.1,19.0,783.2,False,45.2,248,0.2
0 days 01:32:52.746000,22.2,19.4,783.2,False,45.3,269,0.5
0 days 01:33:52.747000,22.2,19.5,783.2,False,45.3,230,0.5
0 days 01:34:52.744000,22.3,19.2,783.2,False,45.0,240,0.6
0 days 01:35:52.745000,22.3,19.2,783.2,False,44.7,241,0.6
0 days 01:36:52.743000,22.3,19.4,783.2,False,44.5,305,0.1
0 days 01:37:52.744000,22.2,19.4,783.1,False,44.5,270,0.3
0 days 01:38:52.744000,22.2,19.5,783.2,False,44.3,196,0.2
0 days 01:39:52.743000,22.3,19.6,783.2,False,44.3,269,0.1
0 days 01:40:52.744000,22.2,19.3,783.2,False,44.4,243,0.2
0 days 01:41:52.743000,22.2,19.3,783.1,False,44.4,281,0.3
0 days 01:42:52.743000,22.1,19.3,783.2,False,44.2,325,0.7
0 days 01:43:52.744000,22.1,19.6,783.1,False,43.8,189,0.3
0 days 00:00:55.376000,19.2,36.6,785.7,False,43.9,120,0.3
0 days 00:01:55.377000,19.3,35.3,785.7,False,44.0,171,0.3
0 days 00:02:55.377000,19.5,34.5,785.7,False,44.0,213,0.2
0 days 00:03:55.376000,19.5,33.2,785.6,False,44.1,349,0.3
0 days 00:04:55.374000,19.5,33.7,785.6,False,44.4,0,0.2
0 days 00:05:55.393000,19.4,34.9,785.5,False,44.2,333,0.1
0 days 00:06:55.378000,19.3,35.3,785.5,False,44.2,151,0.1
0 days 00:07:55.377000,19.4,34.8,785.5,False,44.3,156,0.2
0 days 00:08:55.377000,19.5,35.0,785.5,False,44.6,149,0.3
0 days 00:09:55.376000,19.4,35.1,785.4,False,44.6,122,0.3
0 days 00:10:55.375000,19.5,35.0,785.4,False,44.8,0,0.4
0 days 00:11:55.375000,19.6,35.0,785.4,False,44.9,82,0.1
0 days 00:12:55.379000,19.6,34.5,785.4,False,44.9,105,0.0
0 days 00:13:55.378000,19.6,34.9,785.4,False,45.2,118,0.2
0 days 00:14:55.391000,19.8,34.6,785.4,False,45.2,120,0.5
0 days 00:15:55.377000,19.7,35.1,785.3,False,45.4,97,0.4
0 days 00:16:55.378000,19.6,34.6,785.3,False,45.5,97,0.2
0 days 00:17:55.379000,19.4,34.7,785.3,False,45.6,350,0.1
0 days 00:18:55.379000,19.5,34.2,785.2,False,45.7,261,0.1
0 days 00:19:55.379000,19.6,33.1,785.3,False,46.3,344,0.5
0 days 00:20:55.419000,19.7,33.7,785.2,False,45.7,163,0.3
0 days 00:21:55.377000,19.8,34.1,785.3,False,45.7,267,0.1
0 days 00:22:55.377000,20.0,33.3,785.2,False,46.0,244,0.3
0 days 00:23:55.370000,20.2,32.6,785.3,False,46.3,300,0.4
0 days 00:24:55.379000,20.1,32.6,785.2,False,46.3,262,0.5
0 days 00:25:55.391000,20.2,32.7,785.2,False,46.5,228,0.5
0 days 00:26:55.391000,20.3,32.0,785.2,False,46.7,359,0.5
0 days 00:27:55.383000,20.3,32.1,785.1,False,46.4,66,0.3
0 days 00:28:55.415000,20.4,31.6,785.2,False,46.4,158,0.1
0 days 00:29:55.424000,20.4,32.0,785.2,False,46.4,118,0.3
0 days 00:30:55.427000,20.4,31.2,785.1,False,46.7,319,0.1
0 days 00:31:55.426000,20.4,30.8,785.1,False,46.7,76,0.3
0 days 00:32:55.426000,20.3,31.0,785.2,False,46.7,253,0.2
0 days 00:33:55.471000,20.2,31.2,785.2,False,46.4,255,0.3
0 days 00:34:55.426000,20.2,31.2,785.1,False,46.6,309,0.1
0 days 00:35:55.424000,20.2,31.3,785.0,False,46.7,276,0.2
0 days 00:36:55.425000,20.3,31.7,785.0,False,46.8,220,0.3
0 days 00:37:55.439000,20.4,31.5,785.0,False,47.2,286,0.5
0 days 00:38:55.456000,20.3,31.5,785.0,False,47.3,302,0.7
0 days 00:39:55.462000,20.2,31.7,785.0,False,47.2,244,0.5
0 days 00:40:55.476000,20.3,32.0,785.0,False,47.4,302,0.3
0 days 00:41:55.474000,20.3,31.7,785.0,False,47.6,296,0.5
0 days 00:42:55.488000,20.3,31.9,784.9,False,47.7,294,0.6
0 days 00:43:55.505000,20.3,32.2,784.8,False,47.7,302,0.5
0 days 00:44:55.505000,20.2,32.3,784.8,False,47.7,279,0.4
0 days 00:45:55.517000,20.2,32.3,784.8,False,47.8,270,0.4
0 days 00:46:55.504000,20.2,32.2,784.8,False,47.7,339,0.5
0 days 00:47:55.517000,20.1,32.2,784.7,False,47.8,356,0.3
0 days 00:48:55.504000,20.2,32.2,784.7,False,47.8,356,0.3
0 days 00:49:55.513000,20.4,32.0,784.7,False,48.0,259,0.4
0 days 00:50:55.503000,20.5,31.8,784.6,False,48.0,240,0.7
0 days 00:51:55.504000,20.7,31.8,784.6,False,48.0,240,0.7
0 days 00:52:55.513000,20.8,31.8,784.6,False,48.3,4,0.8
0 days 00:53:55.504000,20.8,30.8,784.6,False,48.1,270,0.6
0 days 00:54:55.504000,21.0,30.9,784.5,False,48.1,233,0.6
0 days 00:55:55.503000,20.9,31.3,784.6,False,48.0,166,0.5
0 days 00:56:55.503000,20.8,31.7,784.5,False,47.8,285,0.3
0 days 00:57:55.504000,20.8,31.4,784.5,False,47.6,272,0.6
0 days 00:58:55.507000,20.7,31.8,784.5,False,47.6,280,0.4
0 days 00:59:55.503000,20.8,31.3,784.5,False,47.6,282,0.6
0 days 01:00:55.504000,20.7,31.0,784.4,False,47.6,289,0.5
0 days 01:01:55.504000,20.8,31.1,784.4,False,47.5,297,0.4
0 days 01:02:55.504000,20.7,31.3,784.3,False,47.5,355,0.6
0 days 01:03:55.505000,20.8,31.3,784.5,False,47.5,0,0.4
0 days 01:04:55.547000,20.9,31.3,784.4,False,47.6,335,0.1
0 days 01:05:55.510000,21.0,31.2,784.4,False,47.8,256,0.2
0 days 01:06:55.504000,21.2,31.2,784.4,False,47.8,256,0.2
0 days 01:07:55.506000,21.3,31.2,784.4,False,47.8,256,0.2
0 days 01:08:55.522000,21.2,30.5,784.3,False,47.9,238,0.4
0 days 01:09:55.520000,21.2,30.8,784.3,False,47.6,154,0.4
0 days 01:10:55.519000,21.1,32.0,784.3,False,47.2,211,0.2
0 days 01:11:55.521000,21.2,31.0,784.3,False,47.2,263,0.5
0 days 01:12:55.537000,21.2,31.1,784.3,False,47.4,311,0.3
0 days 01:13:55.538000,21.3,30.8,784.3,False,47.4,310,0.3
0 days 01:14:55.552000,21.3,31.1,784.2,False,47.4,209,0.3
0 days 01:15:55.555000,21.2,31.8,784.2,False,47.1,250,0.4
0 days 01:16:55.550000,21.1,31.7,784.2,False,47.0,175,0.4
0 days 01:17:55.552000,21.2,31.6,784.2,False,47.1,123,0.1
0 days 01:18:55.552000,21.2,31.9,784.1,False,47.2,166,0.3
0 days 01:19:55.554000,21.2,31.9,784.2,False,47.4,56,0.7
0 days 01:20:55.555000,21.2,32.1,784.1,False,47.3,146,0.3
0 days 01:21:55.569000,21.1,32.1,784.1,False,47.3,216,0.5
0 days 01:22:55.572000,21.2,31.6,784.1,False,48.0,135,0.3
0 days 01:23:55.598000,21.3,31.6,784.0,False,48.1,195,0.3
0 days 01:24:55.602000,21.3,31.4,784.0,False,48.3,130,0.3
0 days 01:25:55.605000,21.4,32.4,784.0,False,48.2,144,0.4
0 days 01:26:55.597000,21.5,31.5,784.1,False,48.2,150,0.5
0 days 01:27:55.628000,21.3,31.5,784.0,False,48.2,235,0.4
0 days 01:28:55.631000,21.3,31.3,784.0,False,48.1,266,0.3
0 days 01:29:55.633000,21.4,31.0,784.0,False,48.1,109,0.2
0 days 01:30:55.629000,21.4,30.8,784.0,False,48.4,133,0.4
0 days 01:31:55.627000,21.2,31.8,784.0,False,48.4,131,0.4
0 days 01:32:55.633000,21.2,31.8,783.9,False,48.3,158,0.4
0 days 01:33:55.631000,21.2,32.0,783.9,False,48.2,119,0.3
0 days 01:34:55.631000,21.2,32.6,783.8,False,48.3,108,0.7
0 days 01:35:55.654000,21.1,32.9,783.8,False,48.6,109,0.6
0 days 01:36:55.629000,21.2,32.6,783.8,False,48.4,112,0.8
0 days 01:37:55.634000,21.3,32.1,783.8,False,48.6,95,0.6
0 days 01:38:55.633000,21.2,32.4,783.7,False,48.2,121,0.3
0 days 01:39:55.632000,21.3,32.4,783.8,False,48.5,80,0.4
0 days 01:40:55.654000,21.5,32.0,783.8,False,48.4,110,0.6
0 days 01:41:55.633000,21.6,31.7,783.8,False,48.5,23,0.5
0 days 01:42:55.635000,21.6,31.1,783.7,False,48.8,134,0.2
0 days 01:43:55.629000,21.5,31.5,783.7,False,48.5,25,0.5
0 days 01:44:55.633000,21.5,31.6,783.7,False,48.4,8,0.4
0 days 01:45:55.644000,21.4,31.7,783.8,False,48.5,16,0.3
0 days 01:46:55.644000,21.4,31.7,783.9,False,48.5,79,0.4
0 days 01:47:55.643000,21.5,31.5,783.8,False,48.5,330,0.3
0 days 01:48:55.642000,21.7,31.3,783.8,False,48.6,0,0.5
0 days 01:49:55.630000,21.8,30.9,783.7,False,48.6,114,0.4
0 days 01:50:55.628000,21.7,31.1,783.7,False,48.6,47,0.2
0 days 01:51:55.638000,21.6,31.4,783.7,False,48.7,149,0.1
0 days 01:52:55.631000,21.6,30.5,783.7,False,48.8,259,0.5
0 days 01:53:55.633000,21.6,30.7,783.7,False,48.6,203,0.3
0 days 01:54:55.631000,21.7,31.3,783.8,False,48.6,220,0.3
0 days 01:55:55.632000,21.8,31.5,783.7,False,48.3,89,0.0
0 days 01:56:55.632000,21.7,31.3,783.6,False,48.3,285,0.1
0 days 01:57:55.642000,21.9,30.8,783.6,False,48.5,300,0.1
0 days 01:58:55.633000,21.9,30.8,783.5,False,48.6,346,0.4
0 days 01:59:55.630000,22.0,30.7,783.5,False,48.5,316,0.3
0 days 02:00:55.633000,21.9,30.6,783.5,False,48.5,292,0.3
0 days 02:01:55.636000,22.0,30.5,783.6,False,48.5,281,0.2
0 days 02:02:55.632000,22.0,29.8,783.5,False,48.9,285,0.4
0 days 02:03:55.643000,22.0,30.0,783.5,False,48.7,265,0.6
0 days 02:04:55.633000,22.0,30.1,783.4,False,48.4,270,0.6
0 days 02:05:55.634000,22.0,29.9,783.4,False,48.4,265,0.4
0 days 02:06:55.634000,22.2,30.1,783.6,False,48.4,86,0.4
0 days 02:07:55.634000,22.2,30.4,783.5,False,48.4,275,0.2
0 days 02:08:55.659000,22.3,29.9,783.5,False,48.5,0,0.5
0 days 02:09:55.630000,22.6,29.4,783.6,False,48.8,307,0.4
0 days 02:10:55.631000,22.7,29.6,783.5,False,48.5,245,0.3
0 days 02:11:55.659000,22.7,29.2,783.4,False,48.7,151,0.3
0 days 02:12:55.643000,22.7,29.2,783.4,False,48.7,151,0.3
0 days 02:13:55.630000,22.8,29.4,783.5,False,49.1,330,0.7
0 days 02:14:55.629000,22.8,29.2,783.4,False,49.1,150,0.2
0 days 02:15:55.631000,22.7,29.2,783.4,False,48.7,134,0.2
0 days 02:16:55.630000,22.6,29.2,783.4,False,48.7,134,0.2
0 days 02:17:55.622000,22.5,29.1,783.3,False,48.5,298,0.3
0 days 02:18:55.634000,22.6,28.2,783.3,False,48.4,134,0.2
0 days 02:19:55.633000,22.7,28.2,783.3,False,48.5,104,0.1
0 days 02:20:55.654000,22.7,27.4,783.3,False,48.5,52,0.4
0 days 02:21:55.650000,22.8,28.5,783.3,False,48.3,118,0.2
0 days 02:22:55.662000,22.7,28.0,783.3,False,48.3,0,0.3
0 days 02:23:55.664000,22.8,27.7,783.3,False,48.6,80,0.2
0 days 02:24:55.676000,22.9,27.9,783.2,False,48.6,118,0.3
0 days 02:25:55.699000,22.7,28.1,783.3,False,48.7,128,0.7
0 days 02:26:55.694000,22.5,28.3,783.2,False,48.9,120,0.8
0 days 02:27:55.694000,22.4,28.8,783.3,False,48.8,135,0.5
0 days 02:28:55.712000,22.4,28.1,783.3,False,48.8,138,0.5
0 days 02:29:55.715000,22.4,28.1,783.2,False,48.8,150,0.6
0 days 02:30:55.723000,22.5,28.1,783.2,False,48.9,140,0.5
0 days 02:31:55.723000,22.6,27.8,783.3,False,48.9,0,0.3
0 days 02:32:55.725000,22.6,27.8,783.3,False,48.9,0,0.3
0 days 02:33:55.726000,22.7,27.4,783.3,False,48.5,210,0.6
0 days 02:34:55.734000,22.7,27.6,783.1,False,48.3,221,0.3
0 days 02:35:55.746000,22.6,28.0,783.1,False,48.3,270,0.2
0 days 02:36:55.757000,22.5,28.0,783.1,False,48.3,299,0.5
0 days 02:37:55.792000,22.7,28.0,783.2,False,48.3,147,0.3
0 days 02:38:55.752000,23.0,27.7,783.2,False,48.3,181,0.3
0 days 02:39:55.772000,23.1,27.7,783.1,False,48.3,132,0.4
0 days 02:40:55.775000,23.2,27.3,783.2,False,48.3,146,0.6
0 days 02:41:55.757000,23.0,27.8,783.1,False,48.3,163,0.7
0 days 02:42:55.757000,22.9,27.7,783.2,False,48.2,64,0.5
0 days 02:43:55.755000,22.9,27.3,783.1,False,48.2,205,0.3
0 days 00:00:10.357000,16.0,79.7,930.2,False,26.1,154,0.4
0 days 00:01:10.367000,16.0,80.0,930.3,False,25.9,129,0.3
0 days 00:02:10.371000,16.0,80.0,930.4,False,26.0,150,0.4
0 days 00:03:10.354000,16.0,80.1,930.3,False,25.9,190,0.2
0 days 00:04:10.356000,15.9,80.1,930.3,False,25.9,190,0.2
0 days 00:05:10.376000,15.9,79.4,930.4,False,25.6,212,0.4
0 days 00:06:10.376000,15.9,80.2,930.3,False,25.6,192,0.6
0 days 00:07:10.394000,15.9,80.1,930.3,False,25.7,157,0.2
0 days 00:08:10.387000,15.8,80.0,930.3,False,25.7,183,0.3
0 days 00:09:10.387000,15.8,79.6,930.3,False,25.7,156,0.5
0 days 00:10:10.409000,15.9,79.5,930.3,False,25.7,155,0.6
0 days 00:11:10.421000,15.9,79.1,930.3,False,25.7,178,0.4
0 days 00:12:10.393000,15.8,79.2,930.3,False,25.7,172,0.5
0 days 00:13:10.389000,15.8,79.7,930.3,False,25.7,193,0.5
0 days 00:14:10.387000,15.9,79.7,930.3,False,25.7,193,0.5
0 days 00:15:10.388000,15.8,79.7,930.3,False,25.8,154,0.3
0 days 00:16:10.388000,15.8,80.0,930.4,False,25.7,201,0.3
0 days 00:17:10.386000,15.8,80.3,930.2,False,25.9,233,0.4
0 days 00:18:10.387000,15.9,80.3,930.2,False,25.9,233,0.4
0 days 00:19:10.388000,15.9,79.4,930.2,False,26.2,173,0.6
0 days 00:20:10.389000,15.9,79.3,930.3,False,26.2,174,0.5
0 days 00:21:10.387000,15.9,78.1,930.3,False,26.2,179,0.5
0 days 00:22:10.389000,16.0,78.1,930.3,False,26.2,179,0.5
0 days 00:23:10.379000,16.0,78.7,930.3,False,25.8,167,0.4
0 days 00:24:10.389000,16.0,78.7,930.3,False,25.8,167,0.4
0 days 00:25:10.388000,16.0,78.8,930.2,False,25.8,192,0.3
0 days 00:26:10.388000,15.9,78.8,930.2,False,25.8,192,0.3
0 days 00:27:10.389000,15.9,78.8,930.2,False,25.8,192,0.3
0 days 00:28:10.387000,15.8,78.8,930.2,False,25.8,192,0.3
0 days 00:29:10.391000,15.8,79.2,930.3,False,25.1,167,0.6
0 days 00:30:10.393000,15.8,79.2,930.3,False,25.1,167,0.6
0 days 00:31:10.407000,15.8,80.5,930.3,False,25.0,166,0.4
0 days 00:32:10.390000,15.7,80.9,930.4,False,25.0,154,0.3
0 days 00:33:10.401000,15.7,81.0,930.3,False,25.0,169,0.3
0 days 00:34:10.397000,15.7,81.0,930.3,False,25.0,169,0.3
0 days 00:35:10.397000,15.7,80.4,930.3,False,24.9,173,0.5
0 days 00:36:10.391000,15.7,80.5,930.3,False,24.9,218,0.5
0 days 00:37:10.408000,15.7,80.4,930.4,False,24.9,200,0.5
0 days 00:38:10.382000,15.7,80.4,930.4,False,24.9,200,0.5
0 days 00:39:10.389000,15.7,80.1,930.4,False,24.7,175,0.7
0 days 00:40:10.405000,15.6,80.1,930.4,False,24.7,175,0.7
0 days 00:41:10.388000,15.6,79.6,930.3,False,24.6,168,0.4
0 days 00:42:10.392000,15.6,79.6,930.3,False,24.6,168,0.4
0 days 00:43:10.389000,15.6,79.9,930.4,False,24.6,169,0.5
0 days 00:44:10.396000,15.6,79.9,930.4,False,24.6,169,0.5
0 days 00:45:10.387000,15.6,80.2,930.4,False,24.7,192,0.5
0 days 00:46:10.396000,15.6,80.2,930.4,False,24.7,187,0.3
0 days 00:47:10.388000,15.6,80.1,930.5,False,24.7,164,0.3
0 days 00:48:10.390000,15.6,79.5,930.4,False,24.7,178,0.6
0 days 00:49:10.389000,15.7,79.3,930.4,False,24.6,170,0.7
0 days 00:50:10.397000,15.7,79.7,930.3,False,24.5,197,0.5
0 days 00:51:10.440000,15.6,79.5,930.4,False,24.5,169,0.5
0 days 00:52:10.404000,15.6,80.0,930.4,False,24.7,161,0.5
0 days 00:53:10.388000,15.6,80.4,930.4,False,24.8,201,0.5
0 days 00:54:10.389000,15.6,80.4,930.4,False,24.8,201,0.5
0 days 00:55:10.388000,15.7,80.7,930.4,False,24.6,148,0.3
0 days 00:56:10.387000,15.7,79.9,930.4,False,24.6,157,0.4
0 days 00:57:10.387000,15.6,80.5,930.5,False,24.4,187,0.8
0 days 00:58:10.389000,15.6,80.5,930.5,False,24.4,187,0.8
0 days 00:59:10.386000,15.6,80.6,930.5,False,24.2,171,0.4
0 days 01:00:10.385000,15.5,80.8,930.5,False,24.2,160,0.5
0 days 01:01:10.388000,15.5,80.8,930.3,False,24.2,156,0.6
0 days 01:02:10.389000,15.5,81.5,930.5,False,24.1,172,0.6
0 days 01:03:10.386000,15.5,81.4,930.4,False,24.1,178,0.6
0 days 01:04:10.386000,15.4,81.7,930.5,False,24.0,160,0.5
0 days 01:05:10.380000,15.4,81.2,930.4,False,24.0,181,0.6
0 days 01:06:10.388000,15.4,81.6,930.5,False,24.0,157,0.5
0 days 01:07:10.391000,15.4,81.3,930.4,False,24.0,161,0.5
0 days 01:08:10.389000,15.4,81.4,930.4,False,24.0,164,0.5
0 days 01:09:10.419000,15.5,81.3,930.4,False,24.1,186,0.5
0 days 01:10:10.388000,15.5,81.2,930.4,False,24.1,133,0.6
0 days 01:11:10.386000,15.5,81.4,930.4,False,24.0,163,0.5
0 days 01:12:10.395000,15.5,81.5,930.4,False,24.0,189,0.4
0 days 01:13:10.389000,15.5,81.5,930.4,False,24.1,176,0.5
0 days 01:14:10.396000,15.5,82.0,930.4,False,24.0,167,0.6
0 days 01:15:10.391000,15.4,82.0,930.4,False,24.0,167,0.6
0 days 01:16:10.386000,15.4,81.9,930.4,False,24.1,175,0.3
0 days 01:17:10.388000,15.5,81.6,930.5,False,24.1,183,0.5
0 days 00:00:18.370000,23.9,56.7,927.1,False,55.9,0,0.3
0 days 00:01:18.368000,23.9,57.0,927.1,False,55.7,154,0.1
0 days 00:02:18.369000,23.8,57.0,927.2,False,55.5,187,0.6
0 days 00:03:18.376000,23.6,57.5,927.1,False,55.5,147,0.6
0 days 00:04:18.384000,23.6,57.4,927.2,False,55.1,190,0.3
0 days 00:05:18.399000,23.6,56.2,927.2,False,56.3,154,0.2
0 days 00:06:18.413000,23.7,56.2,927.2,False,56.3,154,0.2
0 days 00:07:18.413000,23.7,56.2,927.2,False,56.3,154,0.2
0 days 00:08:18.418000,23.6,56.2,927.2,False,56.3,154,0.2
0 days 00:09:18.404000,23.8,56.2,927.2,False,56.3,154,0.2
0 days 00:10:18.413000,23.8,57.0,927.2,False,55.1,169,0.3
0 days 00:11:18.414000,23.5,57.7,927.2,False,54.7,179,0.6
0 days 00:12:18.415000,23.5,57.8,927.1,False,54.7,158,0.5
0 days 00:13:18.415000,23.4,57.4,927.1,False,55.3,168,0.4
0 days 00:14:18.414000,23.6,57.2,927.2,False,55.5,211,0.3
0 days 00:15:18.414000,23.9,56.6,927.1,False,55.5,154,0.3
0 days 00:16:18.417000,23.9,56.3,927.0,False,55.6,210,0.3
0 days 00:17:18.414000,23.9,56.3,927.0,False,55.6,213,0.3
0 days 00:18:18.418000,23.9,55.8,927.1,False,55.4,198,0.5
0 days 00:19:18.432000,23.7,56.6,927.0,False,54.7,166,0.4
0 days 00:20:18.439000,23.6,56.3,926.9,False,54.6,194,0.3
0 days 00:21:18.445000,23.6,54.6,927.0,False,56.3,189,0.3
0 days 00:22:18.461000,24.0,55.2,926.9,False,56.3,175,0.3
0 days 00:23:18.453000,24.0,55.4,927.0,False,55.2,0,0.3
0 days 00:24:18.463000,23.9,56.9,927.0,False,55.2,168,0.3
0 days 00:25:18.803000,24.0,56.8,926.9,False,55.4,176,0.3
0 days 00:26:18.462000,23.7,55.9,926.8,False,55.4,172,0.5
0 days 00:27:18.478000,23.7,57.0,926.9,False,55.0,200,0.5
0 days 00:28:18.470000,23.7,56.6,926.9,False,54.7,152,0.2
0 days 00:29:18.492000,23.6,57.0,926.9,False,54.8,214,0.4
0 days 00:30:18.491000,23.6,57.0,926.9,False,55.2,245,0.4
0 days 00:31:18.492000,23.6,57.6,926.9,False,55.2,164,0.4
0 days 00:32:18.485000,23.4,58.1,926.9,False,54.5,197,0.4
0 days 00:33:18.493000,23.3,59.3,926.8,False,54.1,152,0.4
0 days 00:34:18.492000,23.1,59.5,926.8,False,54.1,183,0.4
0 days 00:35:18.492000,23.1,59.5,926.8,False,54.3,188,0.1
0 days 00:36:18.492000,23.0,59.2,926.7,False,54.3,130,0.2
0 days 00:37:18.490000,23.2,58.2,926.7,False,55.0,126,0.1
0 days 00:38:18.494000,23.2,58.0,926.7,False,55.1,126,0.2
0 days 00:39:18.493000,23.4,56.7,926.8,False,55.1,189,0.2
0 days 00:40:18.494000,23.3,56.8,926.8,False,54.9,162,0.3
0 days 00:41:18.498000,23.4,58.2,926.8,False,54.5,177,0.6
0 days 00:42:18.492000,23.4,58.5,926.7,False,54.5,198,0.4
0 days 00:43:18.495000,23.3,59.1,926.8,False,54.1,179,0.3
0 days 00:44:18.497000,23.3,58.7,926.9,False,54.1,146,0.5
0 days 00:45:18.493000,23.3,58.8,926.9,False,54.7,169,0.5
0 days 00:46:18.536000,23.2,58.4,926.9,False,54.7,173,0.4
0 days 00:47:18.512000,23.5,58.2,926.8,False,53.9,176,0.3
0 days 00:48:18.510000,23.5,59.1,926.9,False,54.0,187,0.3
0 days 00:49:18.511000,23.5,59.6,926.9,False,54.0,235,0.5
0 days 00:50:18.537000,23.2,58.8,927.0,False,53.7,162,0.2
0 days 00:51:18.540000,23.2,59.6,926.9,False,54.1,197,0.4
0 days 00:52:18.555000,23.1,59.8,927.0,False,54.1,171,0.3
0 days 00:53:18.551000,23.1,60.2,927.1,False,54.1,158,0.3
0 days 00:54:18.553000,23.1,60.5,927.0,False,54.0,191,0.3
0 days 00:55:18.585000,23.2,60.4,927.0,False,54.1,151,0.3
0 days 00:56:18.570000,23.4,60.5,927.0,False,54.1,205,0.5
0 days 00:57:18.587000,23.4,60.1,927.0,False,54.0,176,0.6
0 days 00:58:18.592000,23.3,60.9,926.9,False,53.9,177,0.5
0 days 00:59:18.586000,23.3,61.3,927.0,False,53.1,168,0.6
0 days 01:00:18.588000,22.9,60.6,926.9,False,53.5,168,0.5
0 days 01:01:18.588000,22.9,61.2,927.0,False,53.4,172,0.5
0 days 01:02:18.594000,22.8,61.9,927.0,False,52.1,164,0.5
0 days 01:03:18.593000,22.8,61.9,927.0,False,52.1,164,0.5
0 days 01:04:18.586000,23.0,62.5,926.9,False,51.8,178,0.4
0 days 01:05:18.584000,23.1,61.6,927.0,False,51.7,193,0.8
0 days 01:06:18.603000,23.1,62.9,927.0,False,51.9,339,0.5
0 days 01:07:18.602000,23.0,62.9,927.0,False,51.9,339,0.5
0 days 01:08:18.625000,23.0,61.9,926.8,False,51.9,156,0.5
0 days 01:09:18.618000,22.9,60.9,927.0,False,51.7,173,0.5
0 days 01:10:18.621000,22.9,61.6,927.0,False,51.4,212,0.5
0 days 01:11:18.621000,22.8,61.2,927.0,False,51.8,163,0.3
0 days 01:12:18.617000,22.8,61.5,927.1,False,51.5,175,0.4
0 days 01:13:18.608000,22.8,61.5,927.2,False,51.9,160,0.6
0 days 01:14:18.619000,22.8,61.2,927.0,False,51.8,198,0.2
0 days 01:15:18.621000,22.8,61.2,927.0,False,51.8,198,0.2
0 days 01:16:18.619000,22.8,61.1,927.0,False,52.1,148,0.4
0 days 01:17:18.619000,22.7,60.2,926.9,False,52.3,239,0.4
0 days 01:18:18.617000,22.7,60.2,926.9,False,52.3,239,0.4
0 days 01:19:18.617000,22.7,60.7,926.9,False,51.2,1,0.3
0 days 01:20:18.620000,22.6,60.2,926.9,False,51.2,93,0.3
0 days 01:21:18.616000,22.7,62.1,927.1,False,50.0,251,0.4
0 days 01:22:18.618000,22.6,62.1,927.1,False,50.0,251,0.4
0 days 01:23:18.625000,22.6,62.3,927.0,False,50.0,135,0.5
0 days 01:24:18.634000,22.7,63.0,927.0,False,50.2,206,0.3
0 days 01:25:18.638000,22.7,62.4,927.0,False,50.4,137,0.3
0 days 01:26:18.638000,22.6,62.1,927.2,False,50.5,40,0.4
0 days 01:27:18.645000,22.6,62.7,927.0,False,50.2,181,0.5
0 days 01:28:18.666000,22.7,62.7,927.0,False,50.2,181,0.5
0 days 01:29:18.682000,22.7,63.0,927.1,False,50.2,199,0.4
0 days 01:30:18.700000,22.6,62.9,927.1,False,49.8,152,0.5
0 days 01:31:18.694000,22.6,63.0,927.1,False,49.6,151,0.3
0 days 01:32:18.712000,22.8,63.0,927.1,False,49.6,151,0.3
0 days 01:33:18.718000,22.8,62.8,927.1,False,49.6,147,0.5
0 days 01:34:18.713000,22.9,62.8,927.1,False,49.6,147,0.5
0 days 01:35:18.711000,22.8,62.2,927.1,False,49.1,173,0.4
0 days 01:36:18.727000,22.9,62.2,927.1,False,49.1,173,0.4
0 days 01:37:18.749000,23.0,61.5,927.0,False,49.2,182,0.2
0 days 01:38:18.742000,23.0,61.0,927.0,False,49.2,169,0.5
0 days 01:39:18.742000,23.0,61.0,927.0,False,49.2,169,0.5
0 days 01:40:18.754000,23.1,61.3,927.0,False,49.0,196,0.5
0 days 01:41:18.744000,23.1,61.3,927.0,False,49.0,196,0.5
0 days 01:42:18.747000,23.2,62.0,926.9,False,49.3,169,0.3
0 days 01:43:18.744000,23.2,62.0,926.9,False,49.3,169,0.3
0 days 01:44:18.760000,23.3,60.6,927.0,False,50.8,160,0.3
0 days 01:45:18.738000,23.3,60.6,927.0,False,50.8,160,0.3
0 days 01:46:18.741000,23.1,61.6,926.9,False,51.7,229,0.4
0 days 01:47:18.745000,23.0,61.6,926.9,False,51.7,229,0.4
0 days 01:48:18.743000,23.1,61.1,927.0,False,50.7,172,0.3
0 days 01:49:18.741000,23.1,60.3,926.9,False,51.2,148,0.3
0 days 01:50:18.742000,23.2,60.5,926.9,False,51.2,207,0.3
0 days 01:51:18.742000,23.2,60.7,927.0,False,51.3,161,0.4
0 days 01:52:18.744000,23.2,60.7,927.0,False,51.3,161,0.4
0 days 01:53:18.741000,23.1,59.9,926.9,False,51.3,184,0.4
0 days 01:54:18.742000,23.2,59.4,926.9,False,51.0,253,0.5
0 days 01:55:18.743000,23.2,59.5,927.0,False,51.0,185,0.7
0 days 01:56:18.742000,23.2,58.9,926.9,False,50.4,238,0.3
0 days 01:57:18.746000,23.2,58.6,926.9,False,50.4,160,0.3
0 days 01:58:18.744000,23.2,58.7,927.0,False,50.4,198,0.6
0 days 01:59:18.743000,23.1,59.2,927.0,False,50.7,196,0.6
0 days 02:00:18.746000,23.0,60.2,926.9,False,49.6,184,0.7
0 days 02:01:18.742000,22.9,60.1,926.9,False,49.6,207,0.6
0 days 02:02:18.744000,22.9,61.4,926.7,False,49.3,184,0.5
0 days 02:03:18.753000,22.9,60.9,926.9,False,49.7,152,0.4
0 days 02:04:18.781000,22.9,59.1,926.8,False,49.8,167,0.3
0 days 02:05:18.743000,22.9,59.6,926.9,False,49.6,123,0.3
0 days 02:06:18.744000,23.0,58.8,926.8,False,49.6,150,0.2
0 days 02:07:18.742000,23.0,57.9,926.7,False,49.8,175,0.3
0 days 02:08:18.743000,23.2,58.7,926.8,False,50.1,180,0.3
0 days 02:09:18.744000,23.2,59.6,926.8,False,49.7,170,0.4
0 days 02:10:18.746000,23.2,59.6,926.8,False,49.7,170,0.4
0 days 02:11:18.741000,23.3,60.8,926.8,False,48.6,175,0.3
0 days 02:12:18.743000,23.2,60.6,926.8,False,48.6,164,0.5
0 days 02:13:18.759000,23.2,62.4,926.8,False,48.3,192,0.7
0 days 02:14:18.743000,22.9,61.7,926.7,False,48.3,192,0.3
0 days 02:15:18.742000,22.9,60.8,926.8,False,48.5,144,0.5
0 days 02:16:18.744000,22.8,61.4,926.8,False,48.5,179,0.4
0 days 02:17:18.743000,22.8,62.0,926.8,False,47.8,173,0.4
0 days 02:18:18.744000,22.7,61.4,926.8,False,47.8,165,0.3
0 days 02:19:18.743000,22.8,61.7,926.9,False,47.8,192,0.4
0 days 02:20:18.750000,22.8,62.0,926.8,False,47.0,157,0.4
0 days 02:21:18.744000,22.8,62.0,926.8,False,47.0,157,0.4
0 days 02:22:18.742000,22.9,62.4,926.8,False,47.0,164,0.4
0 days 02:23:18.745000,22.9,63.3,926.8,False,47.0,192,0.5
0 days 02:24:18.743000,22.9,64.2,926.8,False,46.7,157,0.2
0 days 02:25:18.747000,22.6,64.2,926.8,False,46.7,157,0.2
0 days 02:26:18.745000,22.8,64.1,926.8,False,46.4,173,0.3
0 days 02:27:18.744000,22.8,63.5,926.7,False,46.3,231,0.5
0 days 02:28:18.742000,22.8,63.5,926.7,False,46.3,231,0.5
0 days 02:29:18.743000,22.8,63.2,926.7,False,46.3,169,0.4
0 days 02:30:18.742000,22.8,63.0,926.7,False,46.1,178,0.3
0 days 02:31:18.743000,22.8,62.7,926.7,False,46.0,182,0.4
0 days 02:32:18.744000,22.7,62.8,926.7,False,45.5,197,0.4
0 days 02:33:18.744000,22.7,63.2,926.6,False,44.6,184,0.5
0 days 02:34:18.741000,22.6,63.7,926.6,False,43.9,181,0.5
0 days 02:35:18.745000,22.5,63.7,926.6,False,43.9,181,0.5
0 days 02:36:18.741000,22.6,62.8,926.6,False,43.4,195,0.5
0 days 02:37:18.742000,22.7,63.2,926.7,False,42.7,174,0.6
0 days 00:00:31.636000,26.3,64.6,1009.3,False,30.3,145,0.2
0 days 00:01:31.636000,26.3,64.9,1009.4,False,30.2,144,0.3
0 days 00:02:31.642000,26.3,65.3,1009.4,False,30.1,110,0.5
0 days 00:03:31.647000,26.2,65.3,1009.3,False,30.1,131,0.5
0 days 00:04:31.634000,26.2,65.2,1009.4,False,30.1,119,0.4
0 days 00:05:31.651000,26.2,65.1,1009.2,False,30.1,130,0.1
0 days 00:06:31.667000,26.2,65.2,1009.4,False,30.1,173,0.4
0 days 00:07:31.679000,26.2,65.2,1009.3,False,30.1,166,0.1
0 days 00:08:31.669000,26.2,65.3,1009.4,False,30.1,169,0.2
0 days 00:09:31.668000,26.2,65.6,1009.4,False,29.9,150,0.2
0 days 00:10:31.667000,26.2,65.7,1009.3,False,29.8,153,0.3
0 days 00:11:31.667000,26.2,65.6,1009.3,False,29.8,125,0.2
0 days 00:12:31.663000,26.2,65.8,1009.2,False,29.8,133,0.3
0 days 00:13:31.671000,26.2,65.8,1009.4,False,29.8,128,0.2
0 days 00:14:31.668000,26.2,65.8,1009.3,False,29.9,162,0.3
0 days 00:15:31.667000,26.2,66.1,1009.4,False,29.8,146,0.2
0 days 00:16:31.678000,26.1,66.4,1009.4,False,29.8,156,0.4
0 days 00:17:31.660000,26.1,66.5,1009.4,False,29.6,143,0.3
0 days 00:18:31.670000,26.1,66.5,1009.4,False,29.6,157,0.2
0 days 00:19:31.666000,26.1,66.3,1009.4,False,29.7,160,0.3
0 days 00:20:31.668000,26.0,66.3,1009.4,False,29.6,164,0.1
0 days 00:21:31.667000,26.1,66.3,1009.5,False,29.5,151,0.1
0 days 00:22:31.667000,26.1,66.4,1009.5,False,29.5,127,0.1
0 days 00:23:31.671000,26.1,66.2,1009.5,False,29.5,172,0.3
0 days 00:24:31.670000,26.1,66.1,1009.5,False,29.6,123,0.2
0 days 00:25:31.710000,26.1,65.9,1009.5,False,29.5,130,0.1
0 days 00:26:31.667000,26.1,66.0,1009.6,False,29.5,129,0.1
0 days 00:27:31.665000,26.1,65.8,1009.5,False,29.5,126,0.3
0 days 00:28:31.665000,26.1,65.5,1009.7,False,29.5,144,0.3
0 days 00:29:31.672000,26.1,65.5,1009.6,False,29.4,150,0.4
0 days 00:30:31.658000,26.1,65.3,1009.6,False,29.5,94,0.3
0 days 00:31:31.671000,26.1,65.4,1009.7,False,29.5,157,0.1
0 days 00:32:31.684000,26.1,65.5,1009.6,False,29.5,125,0.1
0 days 00:33:31.674000,26.0,65.8,1009.5,False,29.3,130,0.1
0 days 00:34:31.656000,26.0,66.1,1009.6,False,29.1,0,0.2
0 days 00:35:31.665000,26.0,66.2,1009.6,False,29.1,166,0.2
0 days 00:36:31.667000,26.0,66.4,1009.6,False,29.2,166,0.1
0 days 00:37:31.666000,26.0,66.3,1009.6,False,29.2,145,0.2
0 days 00:38:31.668000,26.0,65.8,1009.6,False,29.4,145,0.3
0 days 00:39:31.687000,26.0,66.0,1009.6,False,29.3,173,0.2
0 days 00:40:31.667000,25.9,66.3,1009.6,False,29.2,141,0.2
0 days 00:41:31.667000,25.9,66.4,1009.6,False,29.1,166,0.2
0 days 00:42:31.672000,25.9,66.7,1009.6,False,29.1,102,0.1
0 days 00:43:31.683000,25.9,66.9,1009.6,False,29.0,182,0.1
0 days 00:44:32.250000,25.8,67.1,1009.6,False,29.0,0,0.1
0 days 00:45:31.667000,25.8,67.1,1009.7,False,29.0,165,0.1
0 days 00:46:31.666000,25.9,67.3,1009.6,False,29.0,138,0.2
0 days 00:47:31.667000,25.9,67.3,1009.6,False,29.0,165,0.2
0 days 00:48:31.668000,25.8,67.4,1009.6,False,29.0,134,0.2
0 days 00:49:31.670000,25.9,67.1,1009.6,False,29.0,120,0.2
0 days 00:50:31.668000,25.8,67.3,1009.7,False,29.0,0,0.1
0 days 00:51:31.682000,25.8,67.4,1009.7,False,29.1,133,0.1
0 days 00:52:31.664000,25.8,67.3,1009.7,False,28.9,178,0.2
0 days 00:53:31.666000,25.8,67.4,1009.6,False,28.9,119,0.2
0 days 00:54:31.668000,25.8,67.3,1009.6,False,28.9,144,0.2
0 days 00:55:31.667000,25.8,67.4,1009.8,False,28.9,116,0.2
0 days 00:56:31.667000,25.7,67.5,1009.8,False,28.8,107,0.1
0 days 00:57:31.677000,25.8,67.5,1009.8,False,28.8,124,0.1
0 days 00:58:31.666000,25.8,67.7,1009.8,False,28.7,139,0.3
0 days 00:59:31.666000,25.8,67.3,1009.8,False,28.8,149,0.3
0 days 01:00:31.668000,25.8,67.1,1009.8,False,28.9,100,0.2
0 days 01:01:31.658000,25.8,67.3,1009.8,False,28.9,112,0.1
0 days 01:02:31.663000,25.7,67.3,1009.8,False,28.7,189,0.1
0 days 01:03:31.674000,25.7,67.6,1009.8,False,28.7,93,0.1
0 days 01:04:31.664000,25.7,67.6,1009.8,False,28.6,102,0.1
0 days 01:05:31.654000,25.6,67.7,1009.8,False,28.6,144,0.1
0 days 01:06:31.664000,25.6,67.9,1009.7,False,28.6,0,0.1
0 days 01:07:31.666000,25.6,68.1,1009.8,False,28.5,4,0.1
0 days 01:08:31.667000,25.6,68.0,1009.8,False,28.6,151,0.1
0 days 01:09:31.671000,25.6,68.0,1009.9,False,28.6,176,0.2
0 days 01:10:31.670000,25.6,68.1,1009.9,False,28.6,133,0.1
0 days 01:11:31.673000,25.6,68.0,1009.8,False,28.5,124,0.1
0 days 01:12:31.686000,25.6,68.0,1009.9,False,28.5,138,0.2
0 days 01:13:31.710000,25.6,68.1,1010.0,False,28.5,173,0.2
0 days 01:14:31.698000,25.6,68.2,1009.9,False,28.5,145,0.1
0 days 01:15:31.696000,25.6,68.2,1009.9,False,28.5,140,0.1
0 days 01:16:31.714000,25.6,68.4,1010.0,False,28.4,147,0.3
0 days 01:17:31.715000,25.6,68.6,1009.9,False,28.4,0,0.3
0 days 00:00:35.648000,27.4,69.1,1011.6,False,33.8,155,0.3
0 days 00:01:35.635000,27.4,69.2,1011.7,False,33.5,155,0.4
0 days 00:02:35.644000,27.3,69.6,1011.7,False,33.4,106,0.4
0 days 00:03:35.660000,27.3,69.7,1011.7,False,32.7,119,0.6
0 days 00:04:35.660000,27.2,69.5,1011.7,False,32.7,131,0.5
0 days 00:05:35.668000,27.2,69.6,1011.7,False,32.8,114,0.6
0 days 00:06:35.679000,27.2,69.9,1011.8,False,32.8,107,0.7
0 days 00:07:35.675000,27.2,69.9,1011.7,False,32.6,98,0.6
0 days 00:08:35.705000,27.2,70.2,1011.7,False,32.5,91,0.5
0 days 00:09:35.685000,27.1,70.1,1011.7,False,32.4,106,0.5
0 days 00:10:35.699000,27.1,70.1,1011.8,False,32.5,171,0.4
0 days 00:11:35.725000,27.1,69.6,1011.7,False,32.6,113,0.2
0 days 00:12:35.722000,27.1,69.3,1011.8,False,33.2,109,0.5
0 days 00:13:35.721000,27.1,69.5,1011.8,False,33.2,100,0.4
0 days 00:14:35.736000,27.1,69.1,1011.8,False,32.6,95,0.4
0 days 00:15:35.755000,27.0,69.6,1011.9,False,32.6,107,0.8
0 days 00:16:35.756000,27.0,69.9,1011.8,False,32.4,86,0.4
0 days 00:17:35.752000,27.0,70.0,1011.9,False,32.4,94,0.3
0 days 00:18:35.755000,27.1,70.1,1011.8,False,32.5,116,0.2
0 days 00:19:35.754000,27.0,69.9,1011.9,False,32.5,94,0.6
0 days 00:20:35.751000,27.0,70.2,1011.8,False,32.7,123,0.5
0 days 00:21:35.754000,27.0,70.2,1011.9,False,32.3,106,0.5
0 days 00:22:35.753000,27.0,70.6,1011.9,False,32.1,121,0.4
0 days 00:23:35.753000,26.9,70.3,1011.8,False,32.0,103,0.5
0 days 00:24:35.755000,27.0,70.5,1011.9,False,32.1,97,0.5
0 days 00:25:35.770000,27.0,70.8,1011.9,False,32.3,115,0.5
0 days 00:26:36.256000,27.0,70.8,1011.9,False,32.2,104,0.6
0 days 00:27:35.783000,26.9,71.5,1011.9,False,32.1,120,0.5
0 days 00:28:35.769000,26.9,71.5,1011.9,False,32.1,120,0.5
0 days 00:29:35.760000,26.9,72.5,1011.9,False,32.0,194,0.2
0 days 00:30:35.775000,26.9,72.8,1011.9,False,32.0,117,0.4
0 days 00:31:35.783000,26.9,73.1,1012.0,False,31.9,162,0.6
0 days 00:32:35.787000,26.8,73.3,1012.0,True,31.9,114,0.4
0 days 00:33:35.801000,26.8,73.6,1012.0,True,31.8,133,0.4
0 days 00:34:35.817000,26.7,74.1,1012.0,True,31.7,0,0.4
0 days 00:35:35.831000,26.7,74.1,1011.8,False,31.6,111,0.5
0 days 00:36:35.849000,26.7,74.5,1011.9,False,31.6,114,0.5
0 days 00:37:35.845000,26.7,74.7,1012.0,False,31.6,99,0.4
0 days 00:38:35.849000,26.7,75.0,1012.0,False,31.5,121,0.4
0 days 00:39:35.842000,26.6,75.0,1012.0,False,31.5,105,0.6
0 days 00:40:35.847000,26.6,75.1,1012.0,False,31.3,120,0.5
0 days 00:41:35.846000,26.6,75.0,1012.1,False,31.3,106,0.4
0 days 00:42:35.863000,26.6,75.3,1012.0,False,31.3,142,0.6
0 days 00:43:35.868000,26.6,75.1,1012.0,False,31.3,100,0.2
0 days 00:44:35.879000,26.5,74.8,1012.1,False,31.4,100,0.5
0 days 00:45:35.877000,26.5,74.9,1012.0,False,31.4,109,0.4
0 days 00:46:35.879000,26.5,75.0,1012.1,False,31.2,97,0.5
0 days 00:47:35.875000,26.5,75.3,1012.1,False,31.2,96,0.6
0 days 00:48:35.879000,26.5,75.6,1012.1,False,30.9,110,0.6
0 days 00:49:35.879000,26.5,75.5,1012.0,False,31.0,92,0.4
0 days 00:50:35.878000,26.5,75.4,1012.1,False,31.1,88,0.4
0 days 00:51:35.878000,26.5,75.4,1012.1,False,31.1,88,0.4
0 days 00:52:35.878000,26.4,75.4,1012.1,False,31.1,88,0.4
0 days 00:53:35.878000,26.3,75.4,1012.1,False,31.1,88,0.4
0 days 00:54:35.882000,26.3,75.4,1012.1,False,31.1,88,0.4
0 days 00:55:35.880000,26.3,75.4,1012.1,False,31.3,101,0.3
0 days 00:56:35.889000,26.4,75.2,1012.1,False,31.3,108,0.5
0 days 00:57:35.878000,26.4,75.5,1012.1,False,31.3,100,0.6
0 days 00:58:35.880000,26.4,75.3,1012.1,False,30.8,114,0.3
0 days 00:59:35.878000,26.4,75.4,1012.2,False,31.0,95,0.4
0 days 01:00:35.877000,26.4,75.2,1012.2,False,30.8,119,0.2
0 days 01:01:35.870000,26.4,75.2,1012.0,False,30.8,105,0.3
0 days 01:02:35.876000,26.4,74.9,1012.1,False,30.9,105,0.6
0 days 01:03:35.869000,26.4,75.3,1012.0,False,30.9,101,0.7
0 days 01:04:35.881000,26.3,75.4,1012.0,False,30.6,103,0.3
0 days 01:05:35.879000,26.4,75.5,1012.0,False,30.6,176,0.5
0 days 01:06:35.869000,26.4,75.4,1012.1,False,30.8,109,0.3
0 days 01:07:35.880000,26.4,75.4,1012.0,False,30.4,132,0.4
0 days 01:08:35.877000,26.3,75.2,1012.0,False,30.8,177,0.4
0 days 01:09:35.880000,26.3,75.1,1012.1,False,30.6,146,0.5
0 days 01:10:35.879000,26.3,75.3,1012.0,False,30.4,121,0.4
0 days 01:11:35.879000,26.3,75.5,1012.1,False,30.4,118,0.5
0 days 01:12:35.877000,26.3,75.6,1012.0,False,30.4,110,0.4
0 days 01:13:35.886000,26.3,75.3,1012.0,False,30.5,110,0.3
0 days 01:14:35.879000,26.3,75.6,1012.3,False,30.4,106,0.7
0 days 01:15:35.878000,26.3,75.7,1012.1,False,30.3,121,0.5
0 days 01:16:35.877000,26.3,75.7,1012.2,False,30.4,89,0.6
0 days 01:17:35.893000,26.3,75.8,1012.1,False,30.4,140,0.5
0 days 01:18:35.893000,26.3,75.9,1012.1,False,30.2,146,0.5
0 days 01:19:35.910000,26.3,75.9,1012.1,False,30.4,98,0.3
0 days 01:20:35.924000,26.3,75.8,1012.2,False,30.4,119,0.7
0 days 01:21:35.924000,26.3,76.1,1012.1,False,30.4,107,0.7
0 days 01:22:35.924000,26.3,76.2,1012.2,False,30.0,97,0.5
0 days 01:23:35.925000,26.3,76.3,1012.1,False,30.1,135,0.6
0 days 01:24:35.924000,26.3,76.3,1012.2,False,30.1,32,0.3
0 days 01:25:35.924000,26.3,76.3,1012.3,False,30.1,148,0.4
0 days 01:26:35.929000,26.2,76.4,1012.3,False,30.0,143,0.4
0 days 01:27:35.928000,26.2,76.6,1012.3,False,30.1,0,0.4
0 days 01:28:35.924000,26.2,76.9,1012.3,False,30.1,209,0.4
0 days 01:29:35.924000,26.2,76.9,1012.3,False,30.1,100,0.5
0 days 01:30:35.927000,26.2,77.1,1012.4,False,30.0,95,0.4
0 days 01:31:35.926000,26.2,77.3,1012.4,False,29.8,112,0.4
0 days 01:32:35.926000,26.2,77.6,1012.4,False,29.8,182,0.5
0 days 01:33:35.936000,26.2,77.6,1012.4,False,29.8,98,0.2
0 days 01:34:35.933000,26.2,77.8,1012.4,False,29.7,136,0.6
0 days 01:35:35.924000,26.2,78.0,1012.3,False,29.8,95,0.2
0 days 01:36:35.946000,26.2,78.2,1012.3,False,29.7,105,0.3
0 days 01:37:35.940000,26.1,78.5,1012.4,False,29.7,111,0.3
0 days 01:38:35.955000,26.1,78.7,1012.4,False,29.6,107,0.3
0 days 01:39:35.975000,26.1,78.8,1012.4,False,29.6,104,0.4
0 days 01:40:35.988000,26.1,78.9,1012.4,False,29.6,118,0.4
0 days 01:41:35.986000,26.1,79.0,1012.4,False,29.5,111,0.5
0 days 01:42:35.989000,26.1,79.0,1012.4,False,29.7,194,0.3
0 days 01:43:35.987000,26.1,79.0,1012.5,False,29.7,153,0.4
0 days 01:44:36.003000,26.1,79.1,1012.6,False,29.7,111,0.3
0 days 01:45:36.019000,26.1,79.1,1012.5,False,29.7,97,0.3
0 days 01:46:36.183000,26.1,79.1,1012.6,False,29.7,147,0.5
0 days 01:47:36.003000,26.1,79.2,1012.6,False,29.7,104,0.5
0 days 01:48:36.002000,26.1,79.3,1012.5,False,29.5,113,0.3
0 days 01:49:36.007000,26.1,79.4,1012.6,False,29.5,195,0.5
0 days 01:50:36.003000,26.0,79.6,1012.6,False,29.4,193,0.4
0 days 01:51:36.004000,26.0,79.6,1012.6,False,29.4,104,0.2
0 days 01:52:36.004000,26.0,79.6,1012.6,False,29.5,102,0.3
0 days 01:53:36.007000,26.0,79.9,1012.8,False,29.5,116,0.3
0 days 01:54:36.002000,26.0,80.0,1012.6,False,29.2,96,0.5
0 days 01:55:36.007000,26.0,80.0,1012.7,False,29.2,108,0.3
0 days 01:56:36.020000,26.0,80.1,1012.8,False,29.3,102,0.3
0 days 01:57:36.020000,26.0,80.1,1012.7,False,29.3,163,0.4
0 days 01:58:36.019000,26.0,80.1,1012.9,False,29.3,61,0.3
0 days 01:59:36.027000,26.0,80.2,1012.8,False,29.3,106,0.2
0 days 02:00:36.025000,26.0,80.2,1012.8,False,29.3,106,0.2
0 days 02:01:36.020000,26.0,79.9,1012.8,False,29.5,124,0.3
0 days 02:02:36.034000,26.0,79.7,1012.8,False,29.6,99,0.2
0 days 02:03:36.050000,26.0,79.6,1012.9,False,29.6,107,0.3
0 days 02:04:36.049000,26.0,79.8,1012.9,False,29.2,95,0.3
0 days 02:05:36.057000,26.0,79.4,1012.9,False,29.3,106,0.5
0 days 02:06:36.053000,26.0,79.5,1012.9,False,29.3,96,0.2
0 days 02:07:36.059000,26.1,79.0,1012.9,False,29.4,109,0.3
0 days 02:08:36.050000,26.0,78.9,1012.9,False,29.4,106,0.3
0 days 02:09:36.056000,26.0,78.9,1012.9,False,29.3,134,0.4
0 days 02:10:36.051000,26.1,78.3,1012.9,False,29.3,175,0.3
0 days 02:11:36.048000,26.1,78.2,1013.0,False,29.5,106,0.2
0 days 02:12:36.056000,26.1,78.0,1012.9,False,29.5,200,0.4
0 days 02:13:36.050000,26.1,77.7,1012.9,False,29.5,110,0.4
0 days 02:14:36.048000,26.1,77.3,1012.9,False,29.2,95,0.5
0 days 02:15:36.064000,26.1,77.4,1013.0,False,29.2,101,0.5
0 days 02:16:36.075000,26.1,77.1,1013.0,False,29.2,110,0.4
0 days 02:17:36.064000,26.1,76.9,1012.9,False,29.2,101,0.5
0 days 02:18:36.081000,26.1,77.0,1013.0,False,29.2,116,0.6
0 days 02:19:36.110000,26.1,76.9,1013.0,False,29.1,101,0.4
0 days 02:20:36.111000,26.1,76.7,1013.1,False,29.1,132,0.4
0 days 02:21:36.128000,26.1,76.8,1013.1,False,29.2,102,0.5
0 days 02:22:36.128000,26.1,76.8,1013.2,False,29.0,109,0.5
0 days 02:23:36.118000,26.1,76.7,1013.1,False,28.9,137,0.4
0 days 02:24:36.131000,26.1,76.8,1013.2,False,28.9,146,0.4
0 days 02:25:36.147000,26.0,76.8,1013.0,False,28.9,101,0.5
0 days 02:26:36.158000,26.0,76.8,1013.1,False,28.8,103,0.5
0 days 02:27:36.175000,26.0,76.8,1013.1,False,28.8,153,0.4
0 days 02:28:36.173000,26.0,76.8,1013.2,False,28.8,114,0.3
0 days 02:29:36.193000,26.0,76.8,1013.1,False,28.9,148,0.3
0 days 02:30:36.208000,26.0,76.7,1013.1,False,29.0,98,0.4
0 days 02:31:36.223000,26.0,76.9,1013.2,False,28.8,89,0.5
0 days 00:00:35.267000,28.1,72.3,1013.6,False,31.5,164,0.3
0 days 00:01:35.274000,28.1,72.1,1013.6,False,31.6,158,0.4
0 days 00:02:35.275000,28.1,71.9,1013.6,False,31.6,156,0.5
0 days 00:03:35.277000,28.1,71.4,1013.5,False,31.6,158,0.5
0 days 00:04:35.279000,28.1,71.3,1013.6,False,31.5,155,0.5
0 days 00:05:35.275000,28.1,71.8,1013.6,False,31.4,160,0.5
0 days 00:06:35.277000,28.1,71.6,1013.5,False,31.3,148,0.6
0 days 00:07:35.294000,28.1,72.4,1013.6,False,31.3,154,0.5
0 days 00:08:35.308000,28.1,72.0,1013.6,False,31.3,146,0.6
0 days 00:09:35.310000,28.1,72.2,1013.5,False,31.3,164,0.6
0 days 00:10:35.331000,28.0,72.3,1013.6,False,31.3,156,0.6
0 days 00:11:35.326000,28.0,72.8,1013.6,False,31.0,152,0.6
0 days 00:12:35.324000,28.0,72.0,1013.5,False,31.0,161,0.7
0 days 00:13:35.324000,28.0,72.6,1013.5,False,31.1,141,0.6
0 days 00:14:35.327000,28.0,73.3,1013.6,False,31.1,168,0.5
0 days 00:15:35.331000,28.0,73.1,1013.6,False,31.2,160,0.5
0 days 00:16:35.325000,28.0,72.2,1013.6,False,31.1,161,0.6
0 days 00:17:35.326000,28.0,72.2,1013.6,False,31.2,160,0.5
0 days 00:18:35.323000,28.0,71.7,1013.6,False,31.1,155,0.5
0 days 00:19:35.326000,28.1,72.3,1013.6,False,31.1,160,0.7
0 days 00:20:35.323000,28.2,71.9,1013.7,False,31.3,162,0.9
0 days 00:21:35.323000,28.4,71.8,1013.6,False,31.7,160,1.1
0 days 00:22:35.325000,28.4,71.3,1013.6,False,31.7,158,1.1
0 days 00:23:35.339000,28.4,70.8,1013.6,False,31.5,161,0.8
0 days 00:24:35.355000,28.4,70.8,1013.6,False,31.5,161,0.8
0 days 00:25:35.358000,28.5,70.9,1013.5,False,31.6,156,1.2
0 days 00:26:35.357000,28.5,69.8,1013.7,False,31.6,156,0.8
0 days 00:27:35.372000,28.4,70.3,1013.7,False,30.9,155,0.8
0 days 00:28:35.395000,28.4,70.8,1013.8,False,30.8,153,0.7
0 days 00:29:35.404000,28.3,71.0,1013.7,False,30.7,156,0.6
0 days 00:30:35.417000,28.3,71.5,1013.8,False,30.7,155,0.5
0 days 00:31:35.407000,28.2,71.0,1013.7,False,30.7,159,0.8
0 days 00:32:35.403000,28.3,71.4,1013.7,False,31.3,154,0.8
0 days 00:33:35.405000,28.3,70.8,1013.7,False,31.4,151,0.8
0 days 00:34:35.405000,28.3,71.0,1013.7,False,31.2,160,0.9
0 days 00:35:35.406000,28.4,71.2,1013.7,False,31.2,164,1.0
0 days 00:36:35.420000,28.4,71.6,1013.6,False,30.8,153,0.9
0 days 00:37:35.419000,28.4,71.4,1013.7,False,31.2,146,0.6
0 days 00:38:35.420000,28.3,70.9,1013.7,False,30.6,148,0.7
0 days 00:39:35.421000,28.1,71.5,1013.7,False,30.3,147,0.6
0 days 00:40:35.420000,28.1,72.1,1013.8,False,30.3,157,0.5
0 days 00:41:35.419000,28.1,72.2,1013.8,False,30.3,144,0.6
0 days 00:42:35.422000,28.1,72.5,1013.8,False,30.3,152,0.5
0 days 00:43:35.435000,28.1,72.0,1013.8,False,30.2,157,0.6
0 days 00:44:35.450000,28.0,72.8,1013.8,False,30.2,154,0.8
0 days 00:45:35.449000,28.2,71.8,1013.8,False,30.8,156,0.7
0 days 00:46:35.450000,28.2,72.4,1013.8,False,30.9,151,0.7
0 days 00:47:35.469000,28.2,72.3,1013.8,False,30.8,159,0.6
0 days 00:48:35.466000,28.3,72.4,1013.8,False,31.2,153,0.8
0 days 00:49:35.483000,28.3,71.5,1013.9,False,30.9,158,0.6
0 days 00:50:35.481000,28.3,71.7,1013.9,False,31.1,152,0.7
0 days 00:51:35.481000,28.2,71.8,1013.9,False,30.6,162,0.7
0 days 00:52:35.495000,28.2,72.8,1013.8,False,30.6,164,0.7
0 days 00:53:35.482000,28.2,72.8,1013.8,False,30.9,156,0.8
0 days 00:54:35.483000,28.3,72.2,1013.7,False,30.9,148,0.8
0 days 00:55:35.492000,28.2,72.6,1013.8,False,30.7,156,0.7
0 days 00:56:35.473000,28.2,72.5,1013.8,False,30.7,155,0.8
0 days 00:57:35.486000,28.2,72.2,1013.8,False,30.8,139,0.9
0 days 00:58:35.482000,28.2,71.7,1013.9,False,30.7,138,0.7
0 days 00:59:35.485000,28.2,71.4,1013.9,False,30.4,144,0.7
0 days 01:00:35.482000,28.1,71.9,1013.8,False,29.8,137,0.6
0 days 01:01:35.485000,28.0,72.7,1013.9,False,29.8,127,0.3
0 days 01:02:35.498000,28.0,73.2,1014.0,False,29.8,157,0.3
0 days 01:03:35.483000,27.9,73.2,1013.8,False,30.2,152,0.3
0 days 01:04:35.484000,27.9,73.1,1014.0,False,30.3,153,0.4
0 days 01:05:35.496000,27.9,73.4,1013.9,False,30.1,141,0.3
0 days 01:06:35.482000,27.9,73.7,1013.9,False,30.1,147,0.4
0 days 01:07:35.495000,27.9,74.0,1013.9,False,30.1,154,0.5
0 days 01:08:35.485000,28.0,73.2,1013.9,False,30.3,160,0.6
0 days 01:09:35.488000,28.0,73.2,1014.0,False,30.3,146,0.5
0 days 01:10:35.482000,28.0,73.1,1013.9,False,30.5,160,0.5
0 days 01:11:35.482000,28.0,73.1,1013.9,False,30.5,158,0.5
0 days 01:12:35.489000,28.1,73.1,1014.0,False,30.7,151,0.5
0 days 01:13:35.488000,28.1,72.5,1014.0,False,30.8,162,0.5
0 days 01:14:35.484000,28.1,72.1,1013.9,False,30.7,137,0.7
0 days 01:15:35.484000,28.1,72.1,1013.9,False,30.5,159,0.6
0 days 01:16:35.490000,28.1,72.1,1014.0,False,30.4,134,0.6
0 days 01:17:35.495000,28.1,72.1,1013.9,False,30.4,148,0.5
0 days 00:00:32.238000,28.8,76.0,1013.3,False,32.8,135,0.2
0 days 00:01:32.230000,28.7,75.9,1013.3,False,32.7,121,0.2
0 days 00:02:32.252000,28.7,75.9,1013.3,False,32.7,121,0.2
0 days 00:03:32.246000,28.8,75.9,1013.3,False,32.7,121,0.2
0 days 00:04:32.245000,28.7,75.9,1013.3,False,32.7,121,0.2
0 days 00:05:32.404000,28.8,75.9,1013.3,False,32.7,121,0.2
0 days 00:06:32.266000,28.8,76.3,1013.3,False,32.7,162,0.1
0 days 00:07:32.280000,28.7,75.8,1013.3,False,32.8,138,0.0
0 days 00:08:32.282000,28.7,76.0,1013.4,False,32.6,139,0.1
0 days 00:09:32.279000,28.7,76.1,1013.4,False,32.6,106,0.1
0 days 00:10:32.293000,28.7,76.1,1013.3,False,32.6,0,0.0
0 days 00:11:32.299000,28.7,76.1,1013.3,False,32.7,0,0.0
0 days 00:12:32.293000,28.7,75.7,1013.4,False,32.8,155,0.0
0 days 00:13:32.297000,28.7,75.7,1013.4,False,32.8,165,0.2
0 days 00:14:32.309000,28.7,75.6,1013.4,False,32.6,165,0.1
0 days 00:15:32.323000,28.7,75.5,1013.4,False,32.6,0,0.0
0 days 00:16:32.323000,28.7,75.1,1013.4,False,32.6,80,0.0
0 days 00:17:32.330000,28.8,75.8,1013.4,False,32.9,13,0.1
0 days 00:18:32.325000,28.8,75.7,1013.5,False,33.1,15,0.3
0 days 00:19:32.322000,28.7,75.6,1013.5,False,33.1,60,0.3
0 days 00:20:32.326000,28.8,75.8,1013.4,False,33.1,23,0.3
0 days 00:21:32.325000,28.7,75.9,1013.5,False,33.1,20,0.3
0 days 00:22:32.341000,28.7,76.0,1013.5,False,32.7,54,0.2
0 days 00:23:32.358000,28.8,76.0,1013.4,False,32.7,30,0.1
0 days 00:24:32.353000,28.8,76.0,1013.4,False,32.7,30,0.1
0 days 00:25:32.368000,28.9,75.6,1013.5,False,32.8,41,0.0
0 days 00:26:32.362000,28.9,75.2,1013.5,False,33.2,155,0.1
0 days 00:27:32.359000,28.9,75.4,1013.5,False,33.5,0,0.1
0 days 00:28:32.360000,28.9,74.2,1013.4,False,34.2,152,0.1
0 days 00:29:32.356000,28.9,74.4,1013.4,False,33.1,70,0.1
0 days 00:30:32.370000,28.9,74.1,1013.4,False,33.4,43,0.1
0 days 00:31:32.375000,28.9,74.2,1013.5,False,32.8,8,0.2
0 days 00:32:32.385000,28.9,74.5,1013.5,False,32.7,28,0.3
0 days 00:33:32.416000,28.8,75.0,1013.5,False,32.6,37,0.1
0 days 00:34:32.438000,28.8,75.1,1013.5,False,32.6,23,0.2
0 days 00:35:32.453000,28.8,75.2,1013.5,False,32.6,28,0.3
0 days 00:36:32.465000,28.8,75.6,1013.5,False,32.3,11,0.3
0 days 00:37:32.466000,28.7,75.9,1013.5,False,32.2,8,0.3
0 days 00:38:32.457000,28.7,76.2,1013.7,False,32.0,6,0.4
0 days 00:39:32.480000,28.6,76.4,1013.6,False,32.0,24,0.3
0 days 00:40:32.480000,28.6,76.2,1013.6,False,32.0,16,0.2
0 days 00:41:32.481000,28.6,76.5,1013.5,False,32.1,17,0.3
0 days 00:42:32.482000,28.6,76.5,1013.6,False,32.1,15,0.3
0 days 00:43:32.482000,28.7,76.5,1013.6,False,32.2,18,0.1
0 days 00:44:32.484000,28.7,76.4,1013.6,False,32.2,27,0.2
0 days 00:45:32.484000,28.6,76.6,1013.7,False,32.0,36,0.3
0 days 00:46:32.501000,28.6,76.8,1013.6,False,32.0,35,0.4
0 days 00:47:32.495000,28.6,76.9,1013.6,False,32.1,38,0.2
0 days 00:48:32.495000,28.6,76.6,1013.7,False,32.2,34,0.2
0 days 00:49:32.496000,28.6,76.4,1013.6,False,32.1,38,0.3
0 days 00:50:32.500000,28.6,76.4,1013.6,False,32.1,25,0.2
0 days 00:51:32.531000,28.6,76.6,1013.7,False,31.9,27,0.1
0 days 00:52:32.512000,28.6,76.7,1013.5,False,31.9,44,0.1
0 days 00:53:32.531000,28.6,77.0,1013.6,False,31.9,9,0.1
0 days 00:54:32.531000,28.6,76.9,1013.6,False,31.9,5,0.1
0 days 00:55:32.528000,28.6,76.9,1013.6,False,32.0,357,0.2
0 days 00:56:32.528000,28.6,76.9,1013.6,False,32.0,357,0.2
0 days 00:57:32.530000,28.6,76.8,1013.6,False,31.8,6,0.3
0 days 00:58:32.546000,28.6,76.9,1013.5,False,31.9,6,0.3
0 days 00:59:32.561000,28.6,76.9,1013.7,False,31.9,14,0.3
0 days 01:00:32.579000,28.6,76.7,1013.7,False,31.9,17,0.3
0 days 01:01:32.577000,28.6,76.8,1013.8,False,32.0,19,0.3
0 days 01:02:32.595000,28.6,77.3,1013.6,False,32.0,7,0.2
0 days 01:03:32.606000,28.6,76.6,1013.7,False,32.0,9,0.4
0 days 01:04:32.608000,28.6,76.2,1013.7,False,32.0,20,0.3
0 days 01:05:32.612000,28.7,76.7,1013.8,False,32.0,116,0.5
0 days 01:06:32.607000,28.7,76.4,1013.6,False,32.0,12,0.3
0 days 01:07:32.609000,28.8,76.6,1013.7,False,31.9,0,0.4
0 days 01:08:32.607000,28.8,75.9,1013.7,False,32.0,157,0.1
0 days 01:09:32.629000,29.0,75.5,1013.7,False,32.2,38,0.6
0 days 01:10:32.610000,29.0,75.2,1013.6,False,32.2,167,0.2
0 days 01:11:32.610000,29.2,74.5,1013.6,False,32.2,190,0.4
0 days 01:12:32.625000,29.2,74.7,1013.7,False,32.6,141,0.5
0 days 01:13:32.643000,29.2,74.3,1013.7,False,32.1,160,0.2
0 days 01:14:32.640000,29.2,74.5,1013.8,False,32.1,28,0.4
0 days 01:15:32.654000,29.2,74.8,1013.8,False,32.1,164,0.6
0 days 01:16:32.659000,29.2,74.5,1013.8,False,31.9,157,0.1
0 days 01:17:32.658000,29.2,74.8,1013.8,False,32.4,79,0.6
0 days 01:18:32.655000,29.2,74.8,1013.9,False,31.9,157,0.3
0 days 01:19:32.665000,29.2,74.4,1013.8,False,32.3,76,0.2
0 days 01:20:32.653000,29.1,74.5,1013.8,False,31.9,131,0.1
0 days 01:21:32.669000,29.1,74.7,1013.8,False,31.9,119,0.4
0 days 01:22:32.681000,29.0,74.7,1013.8,False,31.7,0,0.1
0 days 01:23:32.707000,28.9,74.9,1013.8,False,31.7,129,0.3
0 days 01:24:32.704000,28.9,74.8,1013.8,False,31.6,42,0.3
0 days 01:25:32.700000,28.9,75.4,1013.9,False,31.3,155,0.2
0 days 01:26:32.721000,28.9,75.3,1013.8,False,31.3,108,0.4
0 days 01:27:32.738000,28.8,75.1,1013.8,False,31.6,32,0.1
0 days 01:28:32.737000,28.8,75.4,1013.9,False,31.6,0,0.2
0 days 01:29:32.735000,28.8,75.5,1013.9,False,31.5,356,0.1
0 days 01:30:32.732000,28.8,75.5,1013.9,False,31.4,358,0.3
0 days 01:31:32.737000,28.8,75.9,1013.9,False,31.2,1,0.3
0 days 01:32:32.737000,28.8,76.5,1013.9,False,30.9,29,0.3
0 days 01:33:32.738000,28.7,77.3,1013.8,False,30.9,4,0.3
0 days 01:34:32.734000,28.7,77.3,1013.9,False,31.1,12,0.5
0 days 01:35:32.749000,28.7,77.5,1013.8,False,31.1,356,0.4
0 days 01:36:32.781000,28.7,77.5,1013.9,False,31.1,29,0.4
0 days 01:37:32.767000,28.6,77.5,1013.9,False,31.3,11,0.4
0 days 01:38:32.787000,28.7,77.7,1013.9,False,31.1,25,0.4
0 days 01:39:32.796000,28.7,77.9,1014.0,False,31.1,359,0.3
0 days 01:40:32.796000,28.7,77.7,1013.9,False,31.1,9,0.4
0 days 01:41:32.803000,28.6,77.9,1013.9,False,31.1,5,0.5
0 days 01:42:32.822000,28.6,78.1,1013.9,False,31.2,5,0.3
0 days 01:43:32.797000,28.6,78.0,1013.9,False,31.2,9,0.4
0 days 01:44:32.814000,28.6,77.8,1013.9,False,31.1,1,0.5
0 days 01:45:32.827000,28.6,77.8,1013.9,False,31.1,4,0.3
0 days 01:46:32.832000,28.7,77.9,1013.9,False,31.1,3,0.5
0 days 01:47:32.853000,28.7,77.6,1013.9,False,31.2,15,0.5
0 days 01:48:32.861000,28.7,77.7,1014.0,False,31.2,352,0.5
0 days 01:49:32.867000,28.7,77.8,1014.0,False,31.2,27,0.2
0 days 01:50:32.882000,28.7,77.0,1013.9,False,31.8,356,0.4
0 days 01:51:32.876000,28.7,77.2,1013.9,False,31.8,341,0.4
0 days 01:52:33.298000,28.7,77.5,1013.9,False,31.3,353,0.3
0 days 01:53:32.890000,28.7,77.5,1013.9,False,31.3,1,0.4
0 days 01:54:32.906000,28.7,77.7,1014.0,False,31.1,333,0.3
0 days 01:55:32.915000,28.7,77.8,1013.9,False,31.1,359,0.3
0 days 01:56:32.908000,28.7,77.9,1013.9,False,31.3,2,0.4
0 days 01:57:32.912000,28.6,77.5,1014.0,False,31.2,345,0.3
0 days 01:58:32.911000,28.6,77.6,1014.0,False,31.2,0,0.4
0 days 01:59:32.913000,28.7,77.5,1013.9,False,31.2,11,0.4
0 days 02:00:32.935000,28.7,77.3,1014.0,False,31.2,5,0.3
0 days 02:01:32.907000,28.7,77.6,1013.9,False,31.1,1,0.4
0 days 02:02:32.922000,28.7,77.5,1014.0,False,31.2,5,0.4
0 days 02:03:32.913000,28.6,77.4,1014.0,False,31.3,359,0.6
0 days 02:04:32.935000,28.6,77.6,1013.9,False,30.9,6,0.5
0 days 02:05:32.938000,28.6,77.8,1013.9,False,30.9,359,0.4
0 days 02:06:32.965000,28.6,78.1,1013.9,False,31.1,356,0.6
0 days 02:07:32.950000,28.5,78.2,1013.9,False,31.1,344,0.5
0 days 02:08:32.972000,28.5,78.2,1014.0,False,31.1,7,0.4
0 days 02:09:32.968000,28.5,78.3,1014.0,False,31.0,346,0.3
0 days 02:10:32.983000,28.6,78.1,1013.9,False,31.1,355,0.4
0 days 02:11:32.987000,28.6,77.9,1014.1,False,31.2,353,0.3
0 days 02:12:32.985000,28.6,77.8,1014.0,False,31.1,352,0.5
0 days 02:13:33.002000,28.7,77.9,1013.9,False,30.9,2,0.3
0 days 02:14:33.027000,28.7,78.3,1014.0,False,30.8,40,0.2
0 days 02:15:33.018000,28.6,77.9,1014.0,False,31.3,358,0.3
0 days 02:16:33.033000,28.7,77.7,1013.8,False,31.4,142,0.3
0 days 02:17:33.034000,28.8,77.4,1013.9,False,31.5,58,0.1
0 days 02:18:33.038000,28.8,77.5,1014.0,False,31.8,132,0.4
0 days 02:19:33.047000,29.0,76.4,1014.0,False,31.8,180,0.3
0 days 02:20:33.064000,29.1,76.6,1014.0,False,32.0,6,0.3
0 days 02:21:33.063000,29.1,76.4,1014.0,False,32.0,336,0.2
0 days 02:22:33.088000,29.1,76.1,1014.1,False,31.1,126,0.3
0 days 02:23:33.081000,29.2,76.5,1014.0,False,31.7,0,0.3
0 days 02:24:33.084000,29.2,76.2,1014.0,False,31.7,254,0.1
0 days 02:25:33.097000,29.2,76.0,1014.1,False,31.7,296,0.3
0 days 02:26:33.094000,29.2,75.8,1014.0,False,31.7,231,0.3
0 days 02:27:33.111000,29.1,76.2,1014.0,False,31.2,169,0.3
0 days 02:28:33.111000,29.1,76.6,1014.0,False,31.1,182,0.4
0 days 02:29:33.111000,29.1,76.5,1014.0,False,31.1,164,0.3
0 days 02:30:33.111000,29.1,76.4,1014.0,False,31.2,287,0.3
0 days 02:31:33.132000,29.1,76.6,1013.9,False,31.1,197,0.1
0 days 02:32:33.584000,29.1,76.4,1014.0,False,31.0,308,0.3
0 days 02:33:33.114000,29.1,76.7,1014.0,False,31.0,279,0.3
0 days 02:34:33.123000,29.1,76.5,1014.0,False,31.1,184,0.4
0 days 02:35:33.112000,29.1,76.4,1014.1,False,31.3,235,0.3
0 days 02:36:33.122000,29.1,76.3,1014.0,False,31.3,295,0.1
0 days 02:37:33.117000,29.0,76.4,1014.1,False,30.9,314,0.3
0 days 02:38:33.113000,29.0,76.6,1014.0,False,31.0,309,0.3
0 days 02:39:33.112000,28.9,76.7,1014.1,False,31.0,314,0.3
0 days 02:40:33.114000,28.9,77.0,1014.0,False,31.0,279,0.3
0 days 02:41:33.113000,28.9,77.1,1014.1,False,30.7,278,0.3
0 days 02:42:33.165000,28.9,77.4,1014.1,False,30.7,279,0.3
0 days 02:43:33.141000,28.9,77.7,1014.1,False,30.7,252,0.3
0 days 02:44:33.142000,28.9,77.2,1014.1,False,31.0,229,0.1
0 days 02:45:33.160000,29.0,77.2,1014.0,False,31.1,230,0.3
0 days 02:46:33.175000,29.0,76.7,1014.0,False,31.1,234,0.2
0 days 02:47:33.178000,28.9,76.9,1014.1,False,31.1,253,0.2
0 days 02:48:33.177000,28.9,77.0,1014.0,False,30.8,203,0.2
0 days 02:49:33.175000,28.9,76.7,1014.1,False,30.8,181,0.1
0 days 02:50:33.191000,29.0,76.4,1014.0,False,31.3,221,0.4
0 days 02:51:33.206000,29.0,76.0,1014.1,False,31.3,296,0.3
0 days 02:52:33.208000,29.0,75.8,1014.1,False,31.3,227,0.2
0 days 02:53:33.208000,29.0,75.2,1014.1,False,31.1,306,0.3
0 days 02:54:33.206000,28.9,75.2,1014.0,False,30.9,151,0.2
0 days 02:55:33.212000,29.0,75.0,1014.1,False,30.9,201,0.1
0 days 02:56:33.228000,29.0,74.9,1014.1,False,30.9,198,0.1
0 days 02:57:33.240000,29.0,74.4,1014.1,False,31.0,147,0.3
0 days 02:58:33.242000,29.0,74.4,1014.1,False,31.0,222,0.3
0 days 02:59:33.241000,29.0,74.1,1014.0,False,31.1,216,0.4
0 days 03:00:33.233000,29.0,74.0,1014.1,False,30.7,166,0.2
0 days 03:01:33.251000,28.9,74.1,1014.1,False,30.8,195,0.4
0 days 03:02:33.238000,28.9,73.9,1014.1,False,30.8,232,0.3
0 days 03:03:33.238000,28.9,73.7,1014.0,False,30.8,249,0.2
0 days 03:04:33.240000,28.9,74.1,1014.1,False,30.6,186,0.3
0 days 03:05:33.239000,28.9,74.0,1014.0,False,30.8,191,0.3
0 days 03:06:33.239000,28.9,74.0,1014.1,False,30.8,0,0.2
0 days 03:07:33.238000,28.9,73.8,1014.0,False,30.9,177,0.1
0 days 03:08:33.238000,28.9,73.6,1014.0,False,30.9,209,0.4
0 days 03:09:33.284000,28.9,73.7,1014.1,False,30.8,312,0.3
0 days 03:10:33.249000,28.9,73.5,1014.1,False,30.8,299,0.2
0 days 03:11:33.239000,28.9,73.6,1014.1,False,30.7,184,0.3
0 days 03:12:33.238000,28.9,73.8,1014.1,False,30.7,4,0.1
0 days 00:00:58.963000,25.8,53.5,1018.6,False,31.2,314,0.3
0 days 00:01:58.963000,25.7,54.0,1018.5,False,31.2,287,0.3
0 days 00:02:58.962000,25.7,53.9,1018.6,False,31.0,300,0.4
0 days 00:03:58.968000,25.7,53.4,1018.6,False,30.9,309,0.3
0 days 00:04:58.961000,25.7,51.7,1018.5,False,30.8,307,0.5
0 days 00:05:58.961000,25.7,51.9,1018.6,False,30.8,289,0.3
0 days 00:06:58.981000,25.7,53.8,1018.6,False,30.6,282,0.4
0 days 00:07:58.996000,25.7,54.3,1018.5,False,30.6,274,0.3
0 days 00:08:59.010000,25.7,54.3,1018.5,False,30.6,277,0.2
0 days 00:09:59.008000,25.7,53.6,1018.6,False,30.6,275,0.5
0 days 00:10:59.010000,25.7,54.4,1018.5,False,30.6,286,0.3
0 days 00:11:59.017000,25.7,53.1,1018.5,False,30.5,296,0.4
0 days 00:12:59.024000,25.7,53.7,1018.5,False,30.1,308,0.5
0 days 00:13:59.024000,25.6,54.2,1018.6,False,30.1,287,0.3
0 days 00:14:59.043000,25.6,54.3,1018.5,False,30.1,314,0.3
0 days 00:15:59.057000,25.5,54.5,1018.5,False,30.1,313,0.5
0 days 00:16:59.073000,25.5,54.3,1018.5,False,30.0,296,0.4
0 days 00:17:59.088000,25.5,54.6,1018.6,False,29.9,287,0.3
0 days 00:18:59.089000,25.5,54.8,1018.5,False,29.9,290,0.3
0 days 00:19:59.090000,25.5,55.0,1018.5,False,29.9,273,0.5
0 days 00:20:59.090000,25.4,55.0,1018.5,False,29.9,301,0.5
0 days 00:21:59.089000,25.4,55.0,1018.5,False,29.9,301,0.5
0 days 00:22:59.091000,25.4,54.8,1018.5,False,29.9,285,0.4
0 days 00:23:59.087000,25.4,54.0,1018.6,False,29.9,333,0.5
0 days 00:24:59.089000,25.4,53.6,1018.6,False,29.9,318,0.4
0 days 00:25:59.092000,25.4,53.8,1018.6,False,29.9,277,0.4
0 days 00:26:59.089000,25.4,55.2,1018.5,False,29.6,291,0.4
0 days 00:27:59.087000,25.4,55.2,1018.5,False,29.6,291,0.4
0 days 00:28:59.094000,25.4,55.9,1018.5,False,29.5,325,0.3
0 days 00:29:59.091000,25.3,55.9,1018.6,False,29.4,349,0.3
0 days 00:30:59.089000,25.3,56.5,1018.5,False,29.3,299,0.3
0 days 00:31:59.088000,25.2,56.0,1018.6,False,29.4,313,0.2
0 days 00:32:59.087000,25.2,55.5,1018.6,False,29.4,283,0.2
0 days 00:33:59.091000,25.2,55.5,1018.6,False,29.4,283,0.2
0 days 00:34:59.094000,25.2,55.5,1018.5,False,29.3,294,0.4
0 days 00:35:59.091000,25.1,55.5,1018.5,False,29.3,294,0.4
0 days 00:36:59.090000,25.1,56.1,1018.5,False,29.3,274,0.5
0 days 00:37:59.089000,25.2,56.1,1018.5,False,29.3,274,0.5
0 days 00:38:59.091000,25.2,56.3,1018.6,False,29.3,289,0.4
0 days 00:39:59.087000,25.2,56.3,1018.6,False,29.3,289,0.4
0 days 00:40:59.087000,25.2,57.4,1018.6,False,29.0,291,0.3
0 days 00:41:59.092000,25.1,57.4,1018.6,False,29.0,291,0.3
0 days 00:42:59.090000,25.1,58.1,1018.7,False,28.9,340,0.2
0 days 00:43:59.105000,25.0,57.9,1018.7,False,29.0,278,0.3
0 days 00:44:59.103000,25.0,58.4,1018.6,False,28.8,305,0.3
0 days 00:45:59.153000,25.0,58.8,1018.6,False,28.7,306,0.2
0 days 00:46:59.134000,25.0,59.2,1018.6,False,28.7,289,0.2
0 days 00:47:59.134000,25.0,59.6,1018.6,False,28.8,279,0.2
0 days 00:48:59.136000,24.9,59.1,1018.6,False,28.7,278,0.3
0 days 00:49:59.139000,24.8,58.3,1018.6,False,28.9,274,0.4
0 days 00:50:59.141000,24.8,58.8,1018.6,False,28.7,278,0.3
0 days 00:51:59.137000,24.9,58.9,1018.6,False,28.8,275,0.4
0 days 00:52:59.139000,24.9,58.7,1018.6,False,28.8,310,0.3
0 days 00:53:59.134000,24.9,58.8,1018.7,False,28.8,324,0.2
0 days 00:54:59.135000,24.9,59.2,1018.7,False,28.4,288,0.2
0 days 00:55:59.142000,24.9,59.4,1018.7,False,28.4,306,0.1
0 days 00:56:59.165000,24.9,59.4,1018.7,False,28.4,291,0.3
0 days 00:57:59.166000,24.8,59.3,1018.8,False,28.4,291,0.2
0 days 00:58:59.183000,24.8,59.6,1018.7,False,28.2,278,0.2
0 days 00:59:59.216000,24.8,59.5,1018.7,False,28.2,285,0.3
0 days 01:00:59.215000,24.8,59.7,1018.7,False,28.6,291,0.3
0 days 01:01:59.214000,24.9,58.9,1018.7,False,28.6,295,0.3
0 days 01:02:59.212000,24.9,59.6,1018.7,False,28.6,302,0.3
0 days 01:03:59.214000,24.8,60.4,1018.8,False,28.1,278,0.2
0 days 01:04:59.206000,24.8,60.2,1018.8,False,28.0,278,0.3
0 days 01:05:59.214000,24.7,60.4,1018.8,False,28.0,305,0.3
0 days 01:06:59.220000,24.7,60.7,1018.8,False,28.0,307,0.2
0 days 01:07:59.215000,24.7,60.7,1018.7,False,28.0,323,0.3
0 days 01:08:59.217000,24.7,60.8,1018.8,False,28.1,307,0.3
0 days 01:09:59.214000,24.7,61.3,1018.8,False,28.1,323,0.2
0 days 01:10:59.215000,24.7,61.8,1018.8,False,28.1,273,0.3
0 days 01:11:59.213000,24.6,61.9,1018.8,False,28.1,289,0.3
0 days 01:12:59.215000,24.7,61.5,1018.9,False,28.1,295,0.3
0 days 01:13:59.215000,24.6,61.5,1018.8,False,28.2,332,0.3
0 days 01:14:59.214000,24.6,62.1,1018.8,False,27.9,346,0.2
0 days 01:15:59.213000,24.6,62.3,1018.7,False,27.7,359,0.2
0 days 01:16:59.234000,24.6,62.1,1018.8,False,27.7,303,0.2
0 days 01:17:59.232000,24.5,62.2,1018.8,False,27.8,330,0.2
0 days 01:18:59.241000,24.5,62.6,1018.8,False,27.8,277,0.2
0 days 01:19:59.245000,24.5,62.3,1018.8,False,27.8,278,0.3
0 days 01:20:59.244000,24.5,62.2,1018.8,False,27.8,284,0.3
0 days 00:00:03.778000,25.6,53.5,1017.3,False,33.0,274,0.7
0 days 00:01:03.777000,25.6,52.6,1017.2,False,32.8,279,0.7
0 days 00:02:03.779000,25.6,53.3,1017.3,False,32.7,280,0.3
0 days 00:03:03.772000,25.7,53.3,1017.3,False,32.7,280,0.3
0 days 00:04:03.783000,25.7,53.3,1017.3,False,32.7,341,0.6
0 days 00:05:03.809000,25.7,52.8,1017.3,False,32.7,0,0.5
0 days 00:06:03.807000,25.5,52.1,1017.2,False,32.3,309,0.5
0 days 00:07:03.826000,25.5,52.3,1017.3,False,32.3,353,0.6
0 days 00:08:03.823000,25.4,52.5,1017.3,False,32.2,319,0.5
0 days 00:09:03.826000,25.4,52.4,1017.3,False,32.2,354,0.4
0 days 00:10:03.840000,25.5,52.1,1017.3,False,32.2,316,0.5
0 days 00:11:03.837000,25.5,52.3,1017.4,False,32.2,287,0.5
0 days 00:12:03.857000,25.4,53.0,1017.2,False,31.9,349,0.5
0 days 00:13:03.872000,25.4,53.8,1017.4,False,31.0,288,0.4
0 days 00:14:03.869000,25.3,55.0,1017.3,False,31.0,345,0.7
0 days 00:15:03.872000,25.3,55.0,1017.4,False,31.0,358,0.6
0 days 00:16:03.869000,25.3,55.7,1017.3,False,30.9,280,0.6
0 days 00:17:03.869000,25.3,56.0,1017.4,False,30.9,322,0.5
0 days 00:18:03.868000,25.1,56.4,1017.4,False,30.9,295,0.6
0 days 00:19:03.884000,25.1,56.0,1017.3,False,30.8,310,0.6
0 days 00:20:03.885000,25.0,56.6,1017.3,False,30.8,285,0.4
0 days 00:21:03.901000,25.0,56.5,1017.3,False,30.9,11,0.5
0 days 00:22:03.918000,24.9,55.6,1017.5,False,30.9,285,0.5
0 days 00:23:03.925000,24.9,56.0,1017.5,False,30.8,295,0.4
0 days 00:24:03.915000,25.0,56.3,1017.4,False,30.7,343,0.3
0 days 00:25:03.931000,25.0,56.4,1017.4,False,30.6,299,0.5
0 days 00:26:03.948000,25.1,56.5,1017.5,False,30.6,281,0.5
0 days 00:27:03.946000,25.1,56.5,1017.5,False,31.0,289,0.4
0 days 00:28:03.948000,25.2,55.7,1017.5,False,31.0,316,0.4
0 days 00:29:03.952000,25.2,55.6,1017.5,False,30.9,291,0.5
0 days 00:30:03.948000,25.3,56.0,1017.5,False,30.5,279,0.5
0 days 00:31:03.947000,25.3,55.6,1017.5,False,30.1,299,0.5
0 days 00:32:03.963000,25.2,56.0,1017.5,False,30.1,295,0.5
0 days 00:33:03.961000,25.2,56.3,1017.4,False,29.9,11,0.4
0 days 00:34:03.991000,25.2,55.9,1017.5,False,30.2,309,0.2
0 days 00:35:03.993000,25.2,55.7,1017.5,False,30.3,311,0.6
0 days 00:36:03.998000,25.1,55.5,1017.5,False,30.3,300,0.6
0 days 00:37:03.993000,25.1,55.2,1017.7,False,30.2,278,0.5
0 days 00:38:03.994000,25.0,55.2,1017.5,False,30.0,278,0.4
0 days 00:39:03.997000,25.0,55.1,1017.5,False,30.2,301,0.5
0 days 00:40:03.996000,25.0,54.6,1017.5,False,30.3,307,0.5
0 days 00:41:03.999000,24.9,54.3,1017.6,False,29.5,292,0.5
0 days 00:42:03.995000,24.9,55.1,1017.5,False,29.5,284,0.6
0 days 00:43:03.994000,24.9,54.6,1017.6,False,29.8,311,0.5
0 days 00:44:03.994000,24.9,54.6,1017.5,False,30.3,290,0.5
0 days 00:45:04.012000,24.9,53.8,1017.6,False,29.9,283,0.6
0 days 00:46:04.027000,24.9,53.8,1017.6,False,29.9,280,0.5
0 days 00:47:04.025000,24.9,54.1,1017.5,False,29.9,327,0.5
0 days 00:48:04.029000,24.9,54.2,1017.6,False,29.7,291,0.4
0 days 00:49:04.031000,24.9,54.2,1017.7,False,29.6,328,0.5
0 days 00:50:04.028000,24.9,54.4,1017.6,False,29.3,273,0.4
0 days 00:51:04.025000,24.9,55.2,1017.6,False,29.5,292,0.4
0 days 00:52:04.025000,24.8,55.9,1017.6,False,29.5,279,0.5
0 days 00:53:04.039000,24.8,56.1,1017.6,False,29.5,289,0.5
0 days 00:54:04.026000,24.8,56.1,1017.6,False,29.5,289,0.5
0 days 00:55:04.027000,24.8,56.9,1017.7,False,29.4,290,0.4
0 days 00:56:04.027000,24.7,56.9,1017.7,False,29.4,290,0.4
0 days 00:57:04.026000,24.7,57.3,1017.5,False,29.1,309,0.3
0 days 00:58:04.027000,24.7,57.3,1017.5,False,29.1,309,0.3
0 days 00:59:04.026000,24.7,57.7,1017.6,False,28.5,279,0.4
0 days 01:00:04.028000,24.7,57.8,1017.6,False,28.6,315,0.4
0 days 01:01:04.028000,24.7,57.6,1017.6,False,28.7,310,0.3
0 days 01:02:04.025000,24.6,57.6,1017.6,False,28.7,310,0.3
0 days 01:03:04.027000,24.6,58.0,1017.6,False,28.4,276,0.4
0 days 01:04:04.026000,24.6,58.0,1017.6,False,28.4,276,0.4
0 days 01:05:04.042000,24.6,57.6,1017.7,False,28.7,308,0.3
0 days 01:06:04.030000,24.6,57.6,1017.7,False,28.7,308,0.3
0 days 01:07:04.044000,24.6,57.5,1017.8,False,28.4,286,0.6
0 days 01:08:04.042000,24.5,57.5,1017.8,False,28.4,286,0.6
0 days 01:09:04.041000,24.5,58.3,1017.7,False,28.4,331,0.5
0 days 01:10:04.048000,24.5,58.3,1017.7,False,28.4,331,0.5
0 days 01:11:04.042000,24.5,58.1,1017.7,False,28.2,282,0.4
0 days 01:12:04.066000,24.5,58.1,1017.7,False,28.2,282,0.4
0 days 01:13:04.073000,24.5,58.0,1017.8,False,28.1,276,0.5
0 days 01:14:04.095000,24.5,58.0,1017.8,False,28.1,276,0.5
0 days 01:15:04.105000,24.5,58.3,1017.8,False,28.1,334,0.4
0 days 01:16:04.104000,24.5,58.3,1017.8,False,28.1,334,0.4
0 days 01:17:04.119000,24.5,57.3,1017.7,False,28.4,336,0.4
0 days 01:18:04.138000,24.6,57.3,1017.7,False,28.4,336,0.4
0 days 01:19:04.138000,24.6,57.6,1017.8,False,28.2,273,0.4
0 days 01:20:04.135000,24.6,57.6,1017.8,False,28.2,273,0.4
0 days 01:21:04.153000,24.6,58.2,1017.7,False,28.2,277,0.5
0 days 01:22:04.151000,24.6,59.0,1017.8,False,27.9,274,0.6
0 days 01:23:04.160000,24.6,59.0,1017.7,False,27.9,296,0.4
0 days 01:24:04.152000,24.5,59.0,1017.7,False,27.8,282,0.5
0 days 01:25:04.174000,24.5,59.4,1017.7,False,27.8,283,0.6
0 days 01:26:04.181000,24.4,59.4,1017.7,False,27.8,288,0.5
0 days 01:27:04.199000,24.4,59.3,1017.8,False,27.6,292,0.5
0 days 01:28:04.198000,24.4,59.8,1017.8,False,27.6,279,0.3
0 days 01:29:04.204000,24.4,59.6,1017.9,False,27.5,290,0.5
0 days 01:30:04.198000,24.4,59.8,1017.9,False,27.7,283,0.4
0 days 01:31:04.202000,24.4,60.0,1017.8,False,27.5,280,0.5
0 days 01:32:04.224000,24.3,59.8,1017.9,False,27.5,282,0.4
0 days 01:33:04.237000,24.3,59.9,1017.8,False,27.5,295,0.5
0 days 01:34:04.244000,24.3,59.9,1017.9,False,27.5,279,0.3
0 days 01:35:04.271000,24.3,59.6,1017.8,False,27.6,284,0.5
0 days 01:36:04.245000,24.3,59.8,1017.8,False,27.5,318,0.5
0 days 01:37:04.259000,24.3,60.2,1017.9,False,27.5,275,0.4
0 days 01:38:04.264000,24.3,60.1,1017.8,False,27.5,301,0.3
0 days 01:39:04.260000,24.3,60.4,1017.8,False,27.5,282,0.5
0 days 01:40:04.264000,24.3,60.6,1017.8,False,27.5,283,0.4
0 days 01:41:04.267000,24.3,60.9,1017.8,False,27.5,276,0.4
0 days 01:42:04.292000,24.3,61.3,1017.8,False,27.5,276,0.3
0 days 01:43:04.276000,24.3,61.0,1017.9,False,27.3,289,0.4
0 days 01:44:04.274000,24.3,61.1,1017.8,False,27.3,281,0.4
0 days 01:45:04.472000,24.3,61.5,1017.9,False,27.3,277,0.4
0 days 01:46:04.275000,24.3,61.5,1017.9,False,27.2,303,0.3
0 days 01:47:04.279000,24.3,61.4,1017.8,False,27.3,296,0.3
0 days 01:48:04.282000,24.3,61.6,1017.8,False,27.3,287,0.4
0 days 01:49:04.276000,24.3,61.7,1017.8,False,27.2,301,0.3
0 days 01:50:04.276000,24.3,61.7,1017.8,False,27.2,301,0.3
0 days 01:51:04.275000,24.3,61.9,1017.8,False,27.2,283,0.3
0 days 01:52:04.281000,24.1,61.9,1017.8,False,27.2,283,0.3
0 days 01:53:04.275000,24.1,62.1,1017.8,False,27.0,285,0.4
0 days 01:54:04.277000,24.2,62.4,1017.8,False,27.0,278,0.4
0 days 01:55:04.276000,24.2,62.5,1017.9,False,26.9,281,0.4
0 days 01:56:04.278000,24.2,62.7,1017.8,False,26.8,281,0.3
0 days 01:57:04.279000,24.2,63.0,1017.9,False,26.6,283,0.4
0 days 01:58:04.277000,23.9,63.0,1017.9,False,26.6,283,0.4
0 days 01:59:04.280000,23.9,63.6,1017.9,False,26.6,280,0.3
0 days 02:00:04.278000,23.8,63.6,1017.9,False,26.6,280,0.3
0 days 02:01:04.276000,23.8,64.2,1017.9,False,26.4,287,0.3
0 days 02:02:04.285000,23.8,64.2,1017.9,False,26.4,287,0.3
0 days 02:03:04.277000,23.8,64.3,1018.0,False,26.3,281,0.3
0 days 02:04:04.279000,23.8,64.3,1018.0,False,26.3,281,0.3
0 days 02:05:04.285000,23.8,64.4,1017.9,False,26.4,307,0.4
0 days 02:06:04.276000,23.8,64.4,1018.0,False,26.4,275,0.4
0 days 02:07:04.278000,23.8,64.6,1018.0,False,26.3,282,0.4
0 days 02:08:04.277000,23.8,64.6,1018.0,False,26.3,282,0.4
0 days 02:09:04.273000,23.7,64.6,1018.0,False,26.3,282,0.3
0 days 02:10:04.281000,23.7,64.6,1018.0,False,26.3,282,0.3
0 days 02:11:04.280000,23.7,64.6,1017.9,False,26.3,325,0.3
0 days 02:12:04.276000,23.8,64.6,1017.9,False,26.3,280,0.3
0 days 02:13:04.284000,23.8,64.8,1018.0,False,26.3,280,0.2
0 days 02:14:04.279000,23.8,64.8,1018.0,False,26.3,280,0.2
0 days 02:15:04.303000,23.8,64.8,1018.0,False,26.3,304,0.3
0 days 02:16:04.276000,23.8,64.9,1018.0,False,26.3,281,0.3
0 days 02:17:04.276000,23.8,64.7,1018.0,False,26.2,286,0.3
0 days 02:18:04.277000,23.8,64.7,1018.0,False,26.2,286,0.3
0 days 02:19:04.283000,23.8,64.5,1018.0,False,26.2,288,0.3
0 days 02:20:04.275000,23.8,64.7,1018.1,False,26.2,280,0.4
0 days 02:21:04.279000,23.8,64.3,1017.9,False,25.9,292,0.3
0 days 02:22:04.277000,23.7,64.3,1017.9,False,25.9,292,0.3
0 days 02:23:04.275000,23.7,64.6,1018.0,False,26.0,281,0.2
0 days 02:24:04.282000,23.7,64.6,1018.0,False,26.0,281,0.2
0 days 02:25:04.305000,23.7,64.5,1018.1,False,25.8,317,0.3
0 days 02:26:04.334000,23.7,64.5,1018.1,False,25.8,317,0.3
0 days 02:27:04.326000,23.7,64.1,1018.1,False,25.9,346,0.4
0 days 02:28:04.324000,23.7,64.1,1018.1,False,25.9,346,0.4
0 days 02:29:04.332000,23.7,64.6,1018.1,False,25.8,273,0.4
0 days 02:30:04.324000,23.7,64.6,1018.1,False,25.8,273,0.4
0 days 02:31:04.322000,23.7,64.9,1018.0,False,25.8,275,0.3
0 days 02:32:04.327000,23.6,64.9,1018.0,False,25.8,275,0.3
0 days 02:33:04.331000,23.5,65.2,1018.1,False,25.7,290,0.2
0 days 02:34:04.324000,23.5,65.2,1018.1,False,25.7,290,0.2
0 days 02:35:04.323000,23.5,64.8,1018.1,False,25.7,283,0.4
0 days 02:36:04.326000,23.5,64.8,1018.1,False,25.7,283,0.4
0 days 00:00:57.793000,19.7,57.0,1013.7,False,26.8,74,0.5
0 days 00:01:57.807000,19.7,58.0,1013.7,False,26.7,35,0.5
0 days 00:02:57.781000,19.7,58.0,1013.7,False,26.6,17,0.5
0 days 00:03:57.787000,19.7,58.0,1013.7,False,26.5,14,0.6
0 days 00:04:57.782000,19.6,58.0,1013.7,False,26.6,11,0.4
0 days 00:05:57.795000,19.7,58.0,1013.7,False,26.6,357,0.5
0 days 00:06:57.782000,19.6,58.0,1013.7,False,26.5,17,0.5
0 days 00:07:57.784000,19.6,58.0,1013.7,False,26.5,27,0.8
0 days 00:08:57.782000,19.5,58.0,1013.7,False,26.5,6,0.5
0 days 00:09:57.782000,19.6,58.0,1013.7,False,26.4,58,0.5
0 days 00:10:57.784000,19.5,58.0,1013.7,False,26.3,11,0.4
0 days 00:11:57.783000,19.5,58.0,1013.7,False,26.3,8,0.5
0 days 00:12:57.785000,19.5,58.0,1013.7,False,26.3,25,0.5
0 days 00:13:57.785000,19.5,58.0,1013.7,False,26.3,16,0.5
0 days 00:14:57.784000,19.5,58.0,1013.7,False,26.1,12,0.4
0 days 00:15:57.806000,19.5,58.0,1013.7,False,26.1,12,0.7
0 days 00:16:57.783000,19.5,58.0,1013.7,False,26.1,354,0.6
0 days 00:17:57.813000,19.5,58.0,1013.7,False,26.0,14,0.6
0 days 00:18:57.815000,19.4,58.0,1013.7,False,26.0,13,0.6
0 days 00:19:57.786000,19.4,58.0,1013.7,False,26.0,8,0.6
0 days 00:20:57.785000,19.4,58.0,1013.7,False,26.0,356,0.3
0 days 00:21:57.829000,19.5,57.0,1013.7,False,26.0,20,0.5
0 days 00:22:57.817000,19.4,57.0,1013.7,False,25.9,12,0.6
0 days 00:23:57.811000,19.4,57.0,1013.7,False,25.9,349,0.4
0 days 00:24:57.791000,19.5,57.0,1013.7,False,25.9,5,0.5
0 days 00:25:57.802000,19.5,57.0,1013.7,False,25.9,350,0.6
0 days 00:26:57.816000,19.5,57.0,1013.7,False,25.8,10,0.5
0 days 00:27:57.831000,19.5,57.0,1013.7,False,25.8,26,0.3
0 days 00:28:57.849000,19.5,56.0,1013.7,False,25.9,20,0.5
0 days 00:29:57.846000,19.5,56.0,1013.7,False,25.9,344,0.2
0 days 00:30:57.844000,19.5,56.0,1013.7,False,25.7,11,0.4
0 days 00:31:57.847000,19.5,56.0,1013.7,False,25.6,352,0.6
0 days 00:32:57.855000,19.5,56.0,1013.7,False,25.6,9,0.5
0 days 00:33:57.868000,19.4,56.0,1013.7,False,25.5,15,0.7
0 days 00:34:57.875000,19.4,56.0,1013.7,False,25.4,358,0.6
0 days 00:35:57.896000,19.4,56.0,1013.7,False,25.4,16,0.4
0 days 00:36:57.892000,19.4,55.0,1013.7,False,25.4,20,0.3
0 days 00:37:57.918000,19.4,55.0,1013.7,False,25.6,1,0.3
0 days 00:38:57.908000,19.4,55.0,1013.7,False,25.6,1,0.5
0 days 00:39:57.908000,19.4,55.0,1013.7,False,25.6,348,0.4
0 days 00:40:57.909000,19.5,55.0,1013.7,False,25.3,17,0.6
0 days 00:41:57.909000,19.4,55.0,1013.7,False,25.3,12,0.5
0 days 00:42:57.933000,19.4,55.0,1013.7,False,25.2,0,0.3
0 days 00:43:57.920000,19.4,55.0,1013.5,False,25.2,353,0.4
0 days 00:44:57.914000,19.4,55.0,1013.7,False,25.1,7,0.5
0 days 00:45:58.393000,19.4,55.0,1013.5,False,25.1,358,0.5
0 days 00:46:57.913000,19.4,55.0,1013.7,False,25.1,62,0.4
0 days 00:47:57.910000,19.4,55.0,1013.5,False,25.1,3,0.5
0 days 00:48:57.908000,19.4,56.0,1013.5,False,25.0,336,0.4
0 days 00:49:57.908000,19.4,56.0,1013.5,False,25.0,16,0.4
0 days 00:50:57.900000,19.4,55.0,1013.7,False,25.0,17,0.3
0 days 00:51:57.914000,19.4,55.0,1013.7,False,25.0,13,0.4
0 days 00:52:57.911000,19.4,56.0,1013.7,False,25.0,6,0.3
0 days 00:53:57.926000,19.4,56.0,1013.7,False,25.0,22,0.4
0 days 00:54:57.922000,19.3,55.0,1013.7,False,25.0,10,0.6
0 days 00:55:57.934000,19.3,56.0,1013.7,False,25.0,10,0.6
0 days 00:56:57.985000,19.3,56.0,1013.7,False,24.6,7,0.4
0 days 00:57:57.958000,19.4,55.0,1013.5,False,24.8,54,0.3
0 days 00:58:57.959000,19.4,55.0,1013.7,False,24.8,37,0.3
0 days 00:59:57.958000,19.4,54.0,1013.5,False,24.8,13,0.4
0 days 01:00:57.971000,19.4,54.0,1013.7,False,24.6,18,0.6
0 days 01:01:57.958000,19.3,55.0,1013.7,False,24.6,6,0.4
0 days 01:02:57.959000,19.3,54.0,1013.7,False,24.6,7,0.6
0 days 01:03:57.957000,19.3,54.0,1013.7,False,24.6,10,0.7
0 days 01:04:57.974000,19.2,54.0,1013.5,False,24.5,8,0.6
0 days 01:05:57.989000,19.2,54.0,1013.7,False,24.5,8,0.6
0 days 01:06:58,19.3,53.0,1013.7,False,24.5,354,0.5
0 days 01:07:57.991000,19.3,53.0,1013.7,False,24.5,6,0.5
0 days 01:08:58.005000,19.3,53.0,1013.7,False,24.4,8,0.6
0 days 01:09:58.003000,19.3,53.0,1013.7,False,24.4,15,0.6
0 days 01:10:58.003000,19.3,52.0,1013.7,False,24.4,48,0.5
0 days 01:11:58.011000,19.4,52.0,1013.7,False,24.4,5,0.6
0 days 01:12:58.003000,19.4,52.0,1013.7,False,24.4,5,0.5
0 days 01:13:58.010000,19.4,51.0,1013.7,False,24.3,343,0.6
0 days 01:14:58.031000,19.4,51.0,1013.7,False,24.2,2,0.8
0 days 01:15:58.035000,19.4,51.0,1013.7,False,24.2,7,0.5
0 days 01:16:58.035000,19.4,51.0,1013.9,False,24.2,3,0.7
0 days 01:17:58.035000,19.4,51.0,1013.7,False,24.2,8,0.5
0 days 00:01:03.204000,25.6,17.0,1010.2,False,32.3,346,0.5
0 days 00:02:03.202000,25.7,17.0,1010.2,False,32.3,347,0.6
0 days 00:03:03.205000,25.7,17.0,1010.0,False,32.2,359,0.4
0 days 00:04:03.220000,25.7,17.0,1010.2,False,32.2,8,0.4
0 days 00:05:03.218000,25.6,17.0,1010.0,False,32.1,16,0.5
0 days 00:06:03.216000,25.5,17.0,1010.2,False,32.1,29,0.4
0 days 00:07:03.217000,25.5,17.0,1010.2,False,32.1,19,0.5
0 days 00:08:03.217000,25.5,17.0,1010.0,False,32.0,3,0.4
0 days 00:09:03.218000,25.5,17.0,1010.2,False,31.9,348,0.4
0 days 00:10:03.216000,25.5,16.0,1010.2,False,31.9,7,0.5
0 days 00:11:03.217000,25.5,16.0,1010.2,False,31.8,359,0.6
0 days 00:12:03.218000,25.4,16.0,1010.2,False,31.6,14,0.6
0 days 00:13:03.217000,25.4,16.0,1010.2,False,31.6,9,0.6
0 days 00:14:03.219000,25.3,16.0,1010.0,False,31.5,5,0.6
0 days 00:15:03.228000,25.3,17.0,1010.2,False,31.4,9,0.6
0 days 00:16:03.239000,25.3,17.0,1010.2,False,31.3,16,0.6
0 days 00:17:03.218000,25.3,17.0,1010.2,False,31.3,356,0.5
0 days 00:18:03.216000,25.2,17.0,1010.2,False,31.3,12,0.6
0 days 00:19:03.215000,25.2,17.0,1010.2,False,31.1,357,0.6
0 days 00:20:03.215000,25.1,17.0,1010.2,False,31.1,9,0.5
0 days 00:21:03.228000,25.1,17.0,1010.2,False,31.0,358,0.6
0 days 00:22:03.212000,25.1,18.0,1010.2,False,31.0,9,0.6
0 days 00:23:03.218000,25.1,18.0,1010.2,False,30.8,341,0.5
0 days 00:24:03.217000,25.0,18.0,1010.2,False,31.1,358,0.6
0 days 00:25:03.218000,25.0,18.0,1010.2,False,31.1,340,0.5
0 days 00:26:03.225000,25.0,18.0,1010.2,False,31.0,353,0.4
0 days 00:27:03.216000,24.9,18.0,1010.2,False,30.9,344,0.4
0 days 00:28:03.220000,24.9,18.0,1010.2,False,30.9,0,0.4
0 days 00:29:03.218000,24.9,19.0,1010.2,False,30.9,7,0.5
0 days 00:30:03.220000,24.9,19.0,1010.2,False,30.7,347,0.5
0 days 00:31:03.219000,24.9,19.0,1010.2,False,30.7,351,0.4
0 days 00:32:03.218000,24.9,19.0,1010.2,False,30.7,4,0.4
0 days 00:33:03.233000,24.9,19.0,1010.2,False,30.8,349,0.3
0 days 00:34:03.254000,24.8,19.0,1010.2,False,30.8,341,0.4
0 days 00:35:03.263000,24.8,19.0,1010.2,False,30.5,2,0.4
0 days 00:36:03.262000,24.7,20.0,1010.2,False,30.5,19,0.4
0 days 00:37:03.286000,24.7,20.0,1010.2,False,30.4,20,0.4
0 days 00:38:03.281000,24.7,20.0,1010.2,False,30.4,11,0.3
0 days 00:39:03.296000,24.6,21.0,1010.2,False,30.7,3,0.4
0 days 00:40:03.316000,24.5,21.0,1010.2,False,30.5,11,0.4
0 days 00:41:03.326000,24.5,22.0,1010.2,False,30.5,7,0.4
0 days 00:42:03.331000,24.4,22.0,1010.2,False,30.3,11,0.4
0 days 00:43:03.343000,24.4,22.0,1010.2,False,30.3,11,0.4
0 days 00:44:03.345000,24.4,22.0,1010.2,False,30.3,11,0.6
0 days 00:45:03.346000,24.3,22.0,1010.2,False,30.3,17,0.4
0 days 00:46:03.345000,24.4,23.0,1010.2,False,30.2,24,0.3
0 days 00:47:03.342000,24.3,23.0,1010.2,False,30.2,13,0.6
0 days 00:48:03.344000,24.3,23.0,1010.2,False,30.0,12,0.5
0 days 00:49:03.362000,24.3,23.0,1010.2,False,29.9,14,0.4
0 days 00:50:03.367000,24.2,23.0,1010.2,False,29.8,9,0.5
0 days 00:51:03.358000,24.2,23.0,1010.2,False,29.8,10,0.6
0 days 00:52:03.368000,24.1,23.0,1010.2,False,29.8,17,0.7
0 days 00:53:03.379000,24.1,23.0,1010.2,False,29.6,9,0.5
0 days 00:54:03.384000,24.1,23.0,1010.4,False,29.6,11,0.4
0 days 00:55:03.392000,24.1,22.0,1010.2,False,29.6,17,0.4
0 days 00:56:03.391000,24.1,22.0,1010.4,False,29.6,17,0.8
0 days 00:57:03.392000,24.1,24.0,1010.4,False,29.3,28,0.8
0 days 00:58:03.405000,24.0,24.0,1010.4,False,29.3,19,0.4
0 days 00:59:03.406000,24.0,24.0,1010.2,False,29.4,352,0.3
0 days 01:00:03.444000,24.0,25.0,1010.2,False,29.4,10,0.3
0 days 01:01:03.442000,24.0,25.0,1010.2,False,29.2,4,0.3
0 days 01:02:03.439000,24.0,25.0,1010.2,False,29.1,10,0.5
0 days 01:03:03.464000,23.9,25.0,1010.2,False,29.1,20,0.5
0 days 01:04:03.474000,23.9,26.0,1010.4,False,29.0,13,0.3
0 days 01:05:03.470000,23.8,26.0,1010.4,False,29.0,357,0.5
0 days 01:06:03.471000,23.8,27.0,1010.4,False,29.0,12,0.5
0 days 01:07:03.468000,23.8,29.0,1010.2,False,28.8,13,0.4
0 days 01:08:03.471000,23.8,29.0,1010.4,False,28.7,12,0.4
0 days 01:09:03.470000,23.8,31.0,1010.4,False,28.7,50,0.3
0 days 01:10:03.471000,23.8,33.0,1010.4,False,28.5,316,0.4
0 days 01:11:03.469000,23.7,33.0,1010.4,False,28.3,314,0.2
0 days 01:12:03.485000,23.6,34.0,1010.4,False,28.3,12,0.2
0 days 01:13:03.484000,23.6,34.0,1010.4,False,28.3,37,0.1
0 days 01:14:03.470000,23.6,35.0,1010.4,False,28.3,354,0.3
0 days 01:15:03.469000,23.5,35.0,1010.4,False,28.1,204,0.3
0 days 01:16:03.471000,23.5,36.0,1010.4,False,28.1,339,0.1
0 days 01:17:03.472000,23.4,36.0,1010.4,False,28.0,26,0.2
0 days 01:18:03.471000,23.3,36.0,1010.2,False,28.0,50,0.2
0 days 01:19:03.491000,23.3,36.0,1010.4,False,28.0,357,0.1
0 days 01:20:03.485000,23.3,36.0,1010.4,False,28.0,36,0.2
0 days 01:21:03.501000,23.3,37.0,1010.4,False,27.9,258,0.1
0 days 01:22:03.519000,23.2,37.0,1010.4,False,27.9,309,0.2
0 days 01:23:03.516000,23.1,37.0,1010.4,False,27.8,242,0.2
0 days 01:24:03.523000,23.1,37.0,1010.5,False,27.8,8,0.1
0 days 01:25:03.531000,23.1,38.0,1010.4,False,27.8,27,0.1
0 days 01:26:03.548000,23.2,38.0,1010.5,False,27.8,31,0.2
0 days 01:27:03.564000,23.1,38.0,1010.5,False,27.7,20,0.2
0 days 01:28:03.563000,23.1,38.0,1010.5,False,27.7,54,0.2
0 days 01:29:03.566000,23.0,38.0,1010.4,False,27.7,148,0.3
0 days 01:30:03.563000,23.0,38.0,1010.5,False,27.8,65,0.1
0 days 01:31:03.570000,22.9,38.0,1010.5,False,27.8,1,0.2
0 days 01:32:03.579000,22.9,38.0,1010.5,False,27.9,24,0.3
0 days 01:33:03.595000,22.8,38.0,1010.5,False,27.9,69,0.3
0 days 01:34:03.594000,22.8,37.0,1010.2,False,27.7,45,0.2
0 days 01:35:03.583000,22.7,38.0,1010.4,False,27.7,78,0.4
0 days 01:36:03.595000,22.7,37.0,1010.5,False,27.6,16,0.4
0 days 01:37:03.599000,22.8,37.0,1010.4,False,27.6,29,0.3
0 days 01:38:03.595000,22.8,37.0,1010.4,False,27.5,18,0.3
0 days 01:39:03.596000,22.8,37.0,1010.4,False,27.5,0,0.4
0 days 01:40:03.595000,22.8,36.0,1010.5,False,27.5,7,0.3
0 days 01:41:03.596000,22.8,36.0,1010.5,False,27.5,40,0.2
0 days 01:42:03.594000,22.8,36.0,1010.4,False,27.5,48,0.4
0 days 01:43:03.598000,22.8,36.0,1010.5,False,27.4,0,0.2
0 days 01:44:03.598000,22.8,36.0,1010.5,False,27.4,22,0.1
0 days 01:45:03.595000,22.8,35.0,1010.5,False,27.5,19,0.2
0 days 01:46:03.594000,22.8,36.0,1010.5,False,27.4,11,0.3
0 days 01:47:03.593000,22.8,36.0,1010.4,False,27.4,66,0.2
0 days 01:48:03.595000,22.8,36.0,1010.5,False,27.4,277,0.3
0 days 01:49:03.599000,22.9,36.0,1010.5,False,27.4,277,0.3
0 days 01:50:03.596000,22.9,36.0,1010.4,False,27.3,97,0.1
0 days 01:51:03.616000,22.9,36.0,1010.4,False,27.3,6,0.2
0 days 01:52:03.626000,22.9,36.0,1010.4,False,27.3,288,0.1
0 days 01:53:03.644000,22.9,36.0,1010.4,False,27.1,0,0.2
0 days 01:54:03.642000,22.8,36.0,1010.5,False,27.2,3,0.1
0 days 01:55:03.660000,22.8,36.0,1010.5,False,27.3,57,0.1
0 days 01:56:03.671000,22.8,36.0,1010.5,False,27.2,9,0.1
0 days 01:57:03.690000,22.8,36.0,1010.5,False,27.2,15,0.2
0 days 01:58:03.686000,22.8,36.0,1010.5,False,27.1,317,0.0
0 days 01:59:03.691000,22.8,36.0,1010.5,False,27.1,0,0.2
0 days 02:00:03.689000,22.7,36.0,1010.5,False,27.0,50,0.0
0 days 02:01:03.704000,22.7,36.0,1010.5,False,27.0,239,0.0
0 days 02:02:03.724000,22.8,36.0,1010.5,False,27.0,205,0.1
0 days 02:03:03.720000,22.8,36.0,1010.5,False,27.1,49,0.1
0 days 02:04:03.723000,22.8,36.0,1010.5,False,27.1,317,0.2
0 days 02:05:03.718000,22.8,35.0,1010.7,False,27.0,53,0.2
0 days 02:06:03.719000,22.8,35.0,1010.7,False,27.0,54,0.1
0 days 02:07:03.724000,22.8,35.0,1010.5,False,27.0,62,0.1
0 days 02:08:03.720000,22.7,36.0,1010.5,False,26.9,7,0.1
0 days 02:09:03.721000,22.7,36.0,1010.5,False,26.8,40,0.1
0 days 02:10:03.720000,22.7,36.0,1010.5,False,26.8,183,0.2
0 days 02:11:03.723000,22.7,36.0,1010.5,False,26.9,164,0.2
0 days 02:12:03.722000,22.7,36.0,1010.5,False,26.9,195,0.1
0 days 02:13:03.721000,22.7,36.0,1010.5,False,27.0,186,0.1
0 days 02:14:03.731000,22.7,36.0,1010.5,False,26.9,0,0.3
0 days 02:15:03.721000,22.7,36.0,1010.5,False,26.7,0,0.2
0 days 02:16:03.738000,22.7,36.0,1010.5,False,26.7,247,0.2
0 days 02:17:03.726000,22.7,36.0,1010.5,False,26.7,56,0.1
0 days 02:18:03.721000,22.7,36.0,1010.5,False,26.7,0,0.1
0 days 02:19:03.721000,22.7,36.0,1010.5,False,26.6,264,0.1
0 days 02:20:03.725000,22.7,37.0,1010.5,False,26.6,359,0.1
0 days 02:21:03.753000,22.7,36.0,1010.5,False,26.6,345,0.1
0 days 02:22:03.718000,22.6,36.0,1010.5,False,26.6,3,0.2
0 days 02:23:03.728000,22.6,36.0,1010.5,False,26.5,352,0.1
0 days 02:24:03.727000,22.5,36.0,1010.5,False,26.5,21,0.2
0 days 02:25:03.720000,22.5,36.0,1010.7,False,26.5,354,0.2
0 days 02:26:03.722000,22.4,36.0,1010.7,False,26.4,321,0.2
0 days 02:27:03.736000,22.4,36.0,1010.7,False,26.4,320,0.2
0 days 02:28:03.724000,22.4,36.0,1010.7,False,26.4,359,0.1
0 days 02:29:03.718000,22.4,36.0,1010.7,False,26.5,300,0.1
0 days 02:30:03.723000,22.4,36.0,1010.7,False,26.5,261,0.1
0 days 02:31:03.724000,22.4,37.0,1010.7,False,26.5,0,0.0
0 days 02:32:03.721000,22.4,36.0,1010.7,False,26.3,29,0.2
0 days 02:33:03.720000,22.4,35.0,1010.7,False,26.4,39,0.1
0 days 02:34:03.729000,22.4,36.0,1010.7,False,26.5,329,0.1
0 days 02:35:03.720000,22.4,36.0,1010.7,False,26.3,186,0.1
0 days 02:36:03.720000,22.4,36.0,1010.7,False,26.3,354,0.3
0 days 02:37:04.457000,22.4,35.0,1010.7,False,26.3,353,0.2
0 days 02:38:03.734000,22.3,36.0,1010.7,False,26.3,205,0.2
0 days 02:39:03.722000,22.4,36.0,1010.7,False,26.3,243,0.3
0 days 02:40:03.752000,22.3,36.0,1010.7,False,26.3,203,0.2
0 days 02:41:03.740000,22.3,35.0,1010.7,False,26.3,225,0.1
0 days 02:42:03.720000,22.3,35.0,1010.7,False,26.3,232,0.3
0 days 02:43:03.726000,22.3,34.0,1010.7,False,26.3,166,0.2
0 days 00:00:21.102000,23.9,55.0,1013.5,False,26.1,324,3.0
0 days 00:01:21.159000,23.8,55.0,1013.5,False,26.0,334,3.4
0 days 00:02:21.101000,23.9,55.0,1013.5,False,26.0,329,3.5
0 days 00:03:21.119000,23.8,55.0,1013.7,False,26.0,345,3.0
0 days 00:04:21.117000,23.8,55.0,1013.7,False,26.0,349,2.5
0 days 00:05:21.118000,23.8,56.0,1013.7,False,26.0,326,2.7
0 days 00:06:21.124000,23.8,55.0,1013.5,False,26.1,358,4.1
0 days 00:07:21.139000,23.7,56.0,1013.5,False,25.9,340,3.7
0 days 00:08:21.139000,23.8,55.0,1013.7,False,26.0,309,4.0
0 days 00:09:21.137000,23.8,55.0,1013.7,False,26.0,342,4.9
0 days 00:10:21.128000,23.8,55.0,1013.7,False,26.0,328,4.3
0 days 00:11:21.127000,23.8,55.0,1013.7,False,25.9,335,3.4
0 days 00:12:21.133000,23.7,56.0,1013.7,False,25.8,346,4.0
0 days 00:13:21.134000,23.8,55.0,1013.9,False,25.9,4,4.3
0 days 00:14:21.661000,23.8,56.0,1013.9,False,25.8,341,3.0
0 days 00:15:21.134000,23.7,55.0,1013.9,False,25.9,332,2.5
0 days 00:16:21.133000,23.7,55.0,1013.9,False,25.9,337,2.5
0 days 00:17:21.159000,23.7,55.0,1013.9,False,25.9,347,3.0
0 days 00:18:21.134000,23.8,55.0,1014.0,False,25.8,21,3.0
0 days 00:19:21.134000,23.8,55.0,1014.0,False,26.0,343,1.7
0 days 00:20:21.140000,23.8,55.0,1014.0,False,26.1,335,3.2
0 days 00:21:21.136000,23.9,55.0,1013.9,False,26.1,6,2.2
0 days 00:22:21.134000,23.9,55.0,1014.0,False,26.1,328,1.3
0 days 00:23:21.135000,23.9,55.0,1013.9,False,26.1,337,3.0
0 days 00:24:21.134000,23.9,55.0,1013.9,False,26.1,347,3.4
0 days 00:25:21.133000,23.9,55.0,1013.9,False,25.9,327,3.0
0 days 00:26:21.138000,23.9,56.0,1013.9,False,25.8,334,3.0
0 days 00:27:21.134000,23.8,56.0,1013.9,False,25.8,341,3.0
0 days 00:28:21.136000,23.7,56.0,1014.0,False,25.8,353,4.1
0 days 00:29:21.139000,23.6,56.0,1014.0,False,25.6,340,3.7
0 days 00:30:21.149000,23.7,56.0,1014.0,False,25.6,341,2.9
0 days 00:31:21.133000,23.6,57.0,1014.0,False,25.6,352,2.7
0 days 00:32:21.146000,23.6,57.0,1014.0,False,25.6,341,1.3
0 days 00:33:21.170000,23.8,56.0,1014.0,False,25.8,331,1.8
0 days 00:34:21.135000,23.8,56.0,1014.0,False,26.1,347,1.8
0 days 00:35:21.138000,23.8,56.0,1014.0,False,26.1,323,2.0
0 days 00:36:21.138000,23.8,57.0,1014.0,False,25.9,1,2.2
0 days 00:37:21.139000,23.8,57.0,1014.2,False,25.9,320,1.2
0 days 00:38:21.147000,23.8,57.0,1014.0,False,26.0,332,1.6
0 days 00:39:21.135000,23.8,57.0,1014.2,False,25.9,331,2.4
0 days 00:40:21.155000,23.8,57.0,1014.2,False,25.9,87,2.2
0 days 00:41:21.167000,23.8,57.0,1014.2,False,25.9,4,1.6
0 days 00:42:21.167000,23.8,57.0,1014.2,False,26.0,340,2.5
0 days 00:43:21.182000,23.7,58.0,1014.2,False,25.9,341,3.7
0 days 00:44:21.180000,23.7,58.0,1014.2,False,25.9,336,3.5
0 days 00:45:21.187000,23.6,58.0,1014.2,False,25.6,337,2.7
0 days 00:46:21.185000,23.6,58.0,1014.2,False,25.5,340,2.5
0 days 00:47:21.198000,23.5,58.0,1014.2,False,25.6,329,3.0
0 days 00:48:21.181000,23.5,58.0,1014.2,False,25.5,316,3.5
0 days 00:49:21.197000,23.4,58.0,1014.2,False,25.5,326,2.7
0 days 00:50:21.198000,23.4,58.0,1014.2,False,25.6,337,3.4
0 days 00:51:21.213000,23.4,58.0,1014.2,False,25.6,307,3.7
0 days 00:52:21.229000,23.5,58.0,1014.2,False,25.5,343,3.4
0 days 00:53:21.229000,23.6,58.0,1014.2,False,25.6,346,3.0
0 days 00:54:21.233000,23.6,57.0,1014.2,False,25.6,346,2.7
0 days 00:55:21.244000,23.6,57.0,1014.4,False,25.5,347,3.5
0 days 00:56:21.256000,23.6,57.0,1014.4,False,25.5,324,2.7
0 days 00:57:21.247000,23.6,57.0,1014.2,False,25.5,334,3.2
0 days 00:58:21.253000,23.6,58.0,1014.2,False,25.4,346,3.7
0 days 00:59:21.261000,23.5,58.0,1014.4,False,25.4,353,3.0
0 days 01:00:21.254000,23.5,58.0,1014.2,False,25.3,306,4.0
0 days 01:01:21.258000,23.5,58.0,1014.2,False,25.3,336,4.5
0 days 01:02:21.265000,23.5,58.0,1014.4,False,25.3,322,3.2
0 days 01:03:21.257000,23.5,58.0,1014.2,False,25.4,351,3.5
0 days 01:04:21.274000,23.4,58.0,1014.2,False,25.3,332,2.9
0 days 01:05:21.260000,23.4,58.0,1014.4,False,25.3,336,3.5
0 days 01:06:21.261000,23.4,58.0,1014.2,False,25.3,328,3.2
0 days 01:07:21.306000,23.5,58.0,1014.4,False,25.3,330,3.9
0 days 01:08:21.266000,23.5,59.0,1014.5,False,25.3,343,3.4
0 days 01:09:21.262000,23.4,59.0,1014.5,False,25.4,342,2.5
0 days 01:10:21.273000,23.4,59.0,1014.4,False,25.3,344,3.2
0 days 01:11:21.258000,23.4,59.0,1014.5,False,25.3,347,3.2
0 days 01:12:21.261000,23.4,59.0,1014.5,False,25.3,329,2.7
0 days 01:13:21.268000,23.4,59.0,1014.5,False,25.2,346,4.4
0 days 01:14:21.259000,23.4,59.0,1014.4,False,25.2,332,3.2
0 days 01:15:21.263000,23.4,59.0,1014.5,False,25.2,342,3.0
0 days 01:16:21.258000,23.3,59.0,1014.5,False,25.3,321,3.2
0 days 01:17:21.275000,23.3,59.0,1014.4,False,25.3,335,3.0
0 days 01:18:21.271000,23.4,59.0,1014.5,False,25.2,345,3.0
0 days 01:19:21.276000,23.4,59.0,1014.5,False,25.3,327,3.2
0 days 01:20:21.291000,23.4,60.0,1014.5,False,25.3,344,3.0
0 days 01:21:21.294000,23.4,59.0,1014.5,False,25.3,329,3.5
0 days 01:22:21.293000,23.4,59.0,1014.5,False,25.3,347,3.2
0 days 01:23:21.294000,23.3,60.0,1014.5,False,25.1,356,2.5
0 days 01:24:21.306000,23.3,60.0,1014.7,False,25.2,328,2.7
0 days 01:25:21.327000,23.3,60.0,1014.7,False,25.2,328,2.7
0 days 01:26:21.327000,23.3,60.0,1014.7,False,25.2,328,2.7
0 days 01:27:21.319000,23.3,60.0,1014.7,False,25.2,328,2.7
0 days 01:28:21.341000,23.3,60.0,1014.7,False,25.2,328,2.7
0 days 01:29:21.342000,23.3,60.0,1014.7,False,25.1,348,3.2
0 days 01:30:21.376000,23.3,60.0,1014.7,False,25.1,346,2.5
0 days 01:31:21.352000,23.3,60.0,1014.7,False,25.1,340,3.0
0 days 01:32:21.369000,23.3,60.0,1014.7,False,25.2,335,3.2
0 days 01:33:21.354000,23.3,60.0,1014.7,False,25.1,327,3.2
0 days 01:34:21.361000,23.3,60.0,1014.7,False,25.1,352,2.5
0 days 01:35:21.354000,23.3,60.0,1014.7,False,25.1,351,3.2
0 days 01:36:21.370000,23.4,60.0,1014.7,False,25.2,342,2.5
0 days 01:37:21.379000,23.3,60.0,1014.7,False,25.2,326,2.5
0 days 01:38:21.359000,23.4,60.0,1014.7,False,25.1,341,3.5
0 days 01:39:21.370000,23.3,60.0,1014.5,False,25.1,339,2.9
0 days 01:40:21.369000,23.3,61.0,1014.7,False,25.1,321,3.2
0 days 01:41:21.378000,23.3,61.0,1014.7,False,25.0,349,3.4
0 days 01:42:21.387000,23.3,61.0,1014.7,False,25.0,332,3.4
0 days 01:43:21.399000,23.2,61.0,1014.7,False,25.0,346,2.7
0 days 01:44:21.391000,23.3,61.0,1014.7,False,24.9,340,2.2
0 days 01:45:21.386000,23.2,61.0,1014.7,False,25.0,327,4.1
0 days 01:46:21.391000,23.3,61.0,1014.7,False,24.9,345,2.9
0 days 01:47:21.385000,23.2,61.0,1014.5,False,24.9,342,3.5
0 days 01:48:21.385000,23.2,61.0,1014.7,False,24.9,340,3.5
0 days 01:49:21.434000,23.2,61.0,1014.7,False,24.9,341,4.0
0 days 01:50:21.377000,23.2,61.0,1014.7,False,24.8,323,2.2
0 days 01:51:21.384000,23.2,61.0,1014.7,False,24.8,328,3.2
0 days 01:52:21.388000,23.2,62.0,1014.7,False,24.8,329,3.5
0 days 01:53:21.387000,23.2,62.0,1014.7,False,24.8,328,3.5
0 days 01:54:21.391000,23.2,62.0,1014.7,False,24.8,332,2.7
0 days 01:55:21.392000,23.2,62.0,1014.7,False,24.9,354,3.0
0 days 01:56:21.384000,23.2,62.0,1014.7,False,24.8,319,2.5
0 days 01:57:21.386000,23.2,62.0,1014.7,False,24.9,314,2.7
0 days 01:58:21.398000,23.2,62.0,1014.7,False,24.9,335,2.9
0 days 01:59:21.379000,23.3,62.0,1014.7,False,24.9,7,2.2
0 days 02:00:21.386000,23.3,62.0,1014.5,False,25.0,322,2.7
0 days 02:01:21.386000,23.3,61.0,1014.5,False,25.0,340,2.7
0 days 02:02:21.387000,23.4,61.0,1014.7,False,25.0,340,2.9
0 days 02:03:21.385000,23.4,61.0,1014.5,False,25.0,323,3.2
0 days 02:04:21.397000,23.4,61.0,1014.5,False,24.8,331,3.5
0 days 02:05:21.388000,23.3,61.0,1014.7,False,24.8,348,3.5
0 days 02:06:21.377000,23.3,61.0,1014.7,False,24.8,348,3.5
0 days 02:07:21.389000,23.2,62.0,1014.7,False,24.8,321,2.7
0 days 02:08:21.385000,23.2,62.0,1014.7,False,24.8,343,2.7
0 days 02:09:21.390000,23.2,62.0,1014.7,False,24.8,342,3.0
0 days 02:10:21.392000,23.2,61.0,1014.7,False,24.8,351,2.2
0 days 02:11:21.398000,23.2,61.0,1014.7,False,24.8,349,3.7
0 days 02:12:21.385000,23.2,62.0,1014.7,False,24.8,345,2.9
0 days 02:13:21.391000,23.2,62.0,1014.7,False,24.7,332,2.2
0 days 02:14:21.390000,23.2,62.0,1014.7,False,24.7,336,2.7
0 days 02:15:21.397000,23.3,62.0,1014.5,False,24.9,0,2.5
0 days 02:16:21.402000,23.3,62.0,1014.7,False,24.8,338,2.2
0 days 02:17:21.397000,23.2,61.0,1014.7,False,24.8,3,2.7
0 days 02:18:21.385000,23.2,62.0,1014.7,False,24.7,337,3.0
0 days 02:19:21.399000,23.2,62.0,1014.7,False,24.7,338,2.7
0 days 02:20:21.392000,23.2,62.0,1014.7,False,24.7,331,2.4
0 days 02:21:21.388000,23.2,62.0,1014.9,False,24.7,350,3.2
0 days 02:22:21.387000,23.3,62.0,1014.7,False,24.6,348,2.7
0 days 00:01:01.220000,25.3,64.0,1012.0,False,29.6,350,2.5
0 days 00:02:01.235000,25.3,65.0,1012.0,False,29.6,337,3.2
0 days 00:03:01.220000,25.3,65.0,1012.0,False,29.6,349,2.5
0 days 00:04:01.222000,25.3,64.0,1012.0,False,29.7,338,3.0
0 days 00:05:01.223000,25.3,64.0,1012.0,False,29.8,354,3.0
0 days 00:06:01.221000,25.3,65.0,1012.0,False,29.8,347,2.7
0 days 00:07:01.231000,25.3,64.0,1012.0,False,29.4,326,1.7
0 days 00:08:01.222000,25.3,64.0,1012.0,False,29.7,333,2.2
0 days 00:09:01.223000,25.4,64.0,1012.0,False,29.7,338,2.5
0 days 00:10:01.222000,25.4,64.0,1012.2,False,29.7,6,2.5
0 days 00:11:01.223000,25.4,64.0,1012.2,False,29.8,324,2.2
0 days 00:12:01.278000,25.4,65.0,1012.2,False,29.8,344,2.0
0 days 00:13:01.261000,25.4,64.0,1012.0,False,29.8,341,3.0
0 days 00:14:01.307000,25.3,64.0,1012.2,False,29.6,0,3.0
0 days 00:15:01.273000,25.3,64.0,1012.2,False,29.3,330,2.5
0 days 00:16:01.269000,25.3,64.0,1012.2,False,29.6,348,2.5
0 days 00:17:01.269000,25.3,64.0,1012.4,False,29.5,355,2.7
0 days 00:18:01.268000,25.3,64.0,1012.4,False,29.4,339,2.9
0 days 00:19:01.269000,25.3,64.0,1012.2,False,29.5,342,2.2
0 days 00:20:01.271000,25.3,63.0,1012.4,False,29.5,344,2.7
0 days 00:21:01.270000,25.3,63.0,1012.2,False,29.5,357,2.9
0 days 00:22:01.284000,25.3,63.0,1012.2,False,29.3,3,2.5
0 days 00:23:01.300000,25.3,63.0,1012.4,False,29.3,346,2.5
0 days 00:24:01.285000,25.5,62.0,1012.4,False,29.3,340,2.7
0 days 00:25:01.287000,25.5,62.0,1012.4,False,29.6,323,3.4
0 days 00:26:01.285000,25.6,62.0,1012.2,False,29.5,351,2.5
0 days 00:27:01.285000,25.6,61.0,1012.5,False,29.6,329,2.7
0 days 00:28:01.287000,25.6,61.0,1012.4,False,29.4,347,3.5
0 days 00:29:01.283000,25.6,61.0,1012.4,False,29.3,346,2.9
0 days 00:30:01.303000,25.5,61.0,1012.4,False,29.1,337,3.0
0 days 00:31:01.310000,25.5,61.0,1012.4,False,29.1,337,3.0
0 days 00:32:01.309000,25.4,60.0,1012.4,False,29.6,347,2.7
0 days 00:33:01.311000,25.4,60.0,1012.5,False,29.3,358,3.2
0 days 00:34:01.319000,25.5,61.0,1012.4,False,29.3,357,3.2
0 days 00:35:01.317000,25.4,61.0,1012.5,False,29.3,351,3.7
0 days 00:36:01.316000,25.4,61.0,1012.5,False,29.0,347,3.4
0 days 00:37:01.317000,25.4,62.0,1012.4,False,28.7,346,3.0
0 days 00:38:01.322000,25.4,62.0,1012.5,False,28.7,345,3.0
0 days 00:39:01.323000,25.4,62.0,1012.5,False,29.1,345,3.0
0 days 00:40:01.350000,25.4,62.0,1012.5,False,29.1,348,2.5
0 days 00:41:01.348000,25.4,62.0,1012.5,False,29.1,348,2.5
0 days 00:42:01.348000,25.3,61.0,1012.5,False,28.8,330,3.0
0 days 00:43:01.376000,25.4,61.0,1012.5,False,28.9,336,2.7
0 days 00:44:01.358000,25.4,62.0,1012.5,False,28.7,351,2.5
0 days 00:45:01.347000,25.3,61.0,1012.5,False,28.7,357,2.4
0 days 00:46:01.350000,25.3,61.0,1012.5,False,28.8,338,2.2
0 days 00:47:01.354000,25.4,61.0,1012.5,False,28.8,344,2.7
0 days 00:48:01.358000,25.4,61.0,1012.5,False,28.8,345,2.7
0 days 00:49:01.350000,25.3,61.0,1012.5,False,28.8,358,2.5
0 days 00:50:01.350000,25.3,61.0,1012.5,False,28.7,328,2.5
0 days 00:51:01.359000,25.3,61.0,1012.5,False,28.6,341,2.4
0 days 00:52:01.350000,25.4,60.0,1012.5,False,28.6,352,2.7
0 days 00:53:01.351000,25.4,61.0,1012.5,False,28.5,348,2.0
0 days 00:54:01.350000,25.3,61.0,1012.7,False,28.6,335,2.5
0 days 00:55:01.342000,25.3,60.0,1012.5,False,29.0,343,2.5
0 days 00:56:01.350000,25.3,59.0,1012.7,False,29.0,333,2.0
0 days 00:57:01.348000,25.4,59.0,1012.7,False,29.0,333,2.0
0 days 00:58:01.350000,25.4,59.0,1012.7,False,28.9,351,2.5
0 days 00:59:01.354000,25.4,58.0,1012.7,False,28.7,333,2.2
0 days 01:00:01.348000,25.3,58.0,1012.7,False,28.5,341,2.0
0 days 01:01:01.351000,25.3,58.0,1012.7,False,28.5,351,2.2
0 days 01:02:01.347000,25.3,58.0,1012.7,False,28.6,326,1.8
0 days 01:03:01.348000,25.3,58.0,1012.5,False,28.6,333,2.5
0 days 01:04:01.359000,25.4,58.0,1012.5,False,28.6,343,3.5
0 days 01:05:01.355000,25.4,58.0,1012.5,False,28.5,352,3.5
0 days 01:06:01.352000,25.4,58.0,1012.7,False,28.5,343,1.8
0 days 01:07:01.350000,25.5,58.0,1012.5,False,28.5,356,3.4
0 days 01:08:01.350000,25.5,58.0,1012.7,False,28.5,320,3.5
0 days 01:09:01.350000,25.6,58.0,1012.7,False,28.2,348,3.5
0 days 01:10:01.361000,25.6,59.0,1012.7,False,28.2,338,2.2
0 days 01:11:01.348000,25.5,59.0,1012.7,False,28.5,348,1.6
0 days 01:12:01.361000,25.5,59.0,1012.7,False,28.5,161,2.4
0 days 01:13:01.350000,25.5,60.0,1012.7,False,28.6,340,1.8
0 days 01:14:01.364000,25.6,60.0,1012.9,False,28.2,339,2.4
0 days 01:15:01.350000,25.5,61.0,1012.7,False,28.4,342,2.9
0 days 01:16:01.390000,25.5,61.0,1012.9,False,28.1,330,2.5
0 days 01:17:01.355000,25.5,61.0,1012.9,False,28.3,314,2.2
0 days 01:18:01.348000,25.5,60.0,1012.7,False,28.4,334,1.2
0 days 01:19:01.354000,25.5,60.0,1012.9,False,28.4,339,1.8
0 days 01:20:01.351000,25.5,60.0,1012.9,False,28.5,319,1.8
0 days 01:21:01.350000,25.5,59.0,1012.9,False,28.4,343,1.6
0 days 01:22:01.351000,25.5,59.0,1012.9,False,28.4,25,1.6
0 days 01:23:01.350000,25.5,59.0,1012.9,False,28.3,329,2.2
0 days 01:24:01.353000,25.5,59.0,1012.9,False,28.3,328,2.5
0 days 01:25:01.352000,25.6,59.0,1013.0,False,28.2,343,2.0
0 days 01:26:01.351000,25.6,59.0,1013.0,False,28.4,331,2.2
0 days 01:27:01.361000,25.5,59.0,1013.0,False,28.3,345,3.0
0 days 01:28:01.361000,25.6,59.0,1013.0,False,28.3,355,2.7
0 days 01:29:01.360000,25.5,59.0,1012.9,False,28.2,357,2.0
0 days 01:30:01.351000,25.5,59.0,1013.0,False,28.0,352,2.5
0 days 01:31:01.355000,25.5,59.0,1012.9,False,27.9,330,2.2
0 days 01:32:01.353000,25.4,59.0,1012.9,False,27.9,352,2.5
0 days 01:33:01.359000,25.4,59.0,1013.0,False,28.2,344,2.0
0 days 01:34:01.380000,25.4,59.0,1012.9,False,28.2,329,2.9
0 days 01:35:01.399000,25.4,60.0,1013.0,False,28.1,334,2.2
0 days 01:36:01.402000,25.4,60.0,1013.0,False,28.1,331,1.2
0 days 01:37:01.402000,25.4,59.0,1013.0,False,28.2,344,1.7
0 days 01:38:01.399000,25.4,60.0,1013.0,False,28.2,132,1.8
0 days 01:39:01.401000,25.4,60.0,1013.0,False,27.9,345,1.0
0 days 01:40:01.412000,25.4,60.0,1013.0,False,27.8,319,1.6
0 days 01:41:01.431000,25.4,60.0,1013.0,False,27.7,15,1.5
0 days 01:42:01.444000,25.4,60.0,1013.0,False,27.7,148,1.6
0 days 01:43:01.459000,25.4,59.0,1013.0,False,28.1,341,2.2
0 days 01:44:01.475000,25.4,59.0,1013.2,False,27.9,337,1.3
0 days 01:45:01.478000,25.5,59.0,1013.0,False,27.8,336,2.0
0 days 01:46:01.480000,25.4,59.0,1013.0,False,27.8,288,2.2
0 days 01:47:01.479000,25.4,60.0,1013.0,False,27.8,11,1.8
0 days 01:48:01.494000,25.4,59.0,1013.0,False,27.8,344,1.7
0 days 01:49:01.499000,25.5,59.0,1013.0,False,27.8,359,2.7
0 days 01:50:01.497000,25.5,59.0,1013.2,False,27.8,16,2.5
0 days 01:51:01.498000,25.5,59.0,1013.2,False,27.8,328,2.2
0 days 01:52:01.508000,25.5,59.0,1013.2,False,27.7,326,2.2
0 days 01:53:01.524000,25.5,59.0,1013.2,False,27.8,311,1.7
0 days 01:54:01.538000,25.5,58.0,1013.2,False,27.8,344,1.2
0 days 01:55:01.542000,25.5,57.0,1013.2,False,27.8,342,2.2
0 days 01:56:01.539000,25.5,57.0,1013.2,False,27.9,329,2.7
0 days 01:57:01.557000,25.5,57.0,1013.2,False,27.7,349,2.9
0 days 01:58:01.580000,25.5,58.0,1013.0,False,27.4,294,2.0
0 days 01:59:01.582000,25.4,57.0,1013.2,False,27.6,311,1.8
0 days 02:00:01.601000,25.5,57.0,1013.2,False,27.7,341,1.7
0 days 02:01:01.607000,25.5,57.0,1013.4,False,27.7,33,2.7
0 days 02:02:01.603000,25.5,57.0,1013.2,False,27.6,342,1.7
0 days 02:03:01.635000,25.5,57.0,1013.2,False,27.6,300,1.7
0 days 02:04:01.634000,25.5,57.0,1013.2,False,27.5,0,2.0
0 days 02:05:01.650000,25.5,56.0,1013.2,False,27.5,326,1.7
0 days 02:06:01.653000,25.5,56.0,1013.4,False,27.6,329,2.7
0 days 02:07:01.663000,25.5,56.0,1013.2,False,27.5,340,1.7
0 days 02:08:01.681000,25.5,56.0,1013.2,False,27.5,340,1.8
0 days 02:09:01.698000,25.5,56.0,1013.2,False,27.5,354,1.7
0 days 02:10:01.700000,25.5,56.0,1013.2,False,27.5,332,3.5
0 days 02:11:01.702000,25.5,56.0,1013.2,False,27.5,5,2.9
0 days 02:12:01.703000,25.4,57.0,1013.2,False,27.5,349,1.7
0 days 02:13:01.704000,25.3,57.0,1013.2,False,27.4,351,2.4
0 days 02:14:01.705000,25.4,56.0,1013.2,False,27.4,351,2.7
0 days 02:15:01.713000,25.3,56.0,1013.2,False,27.4,338,1.6
0 days 02:16:01.729000,25.4,57.0,1013.2,False,27.4,20,2.0
0 days 02:17:01.734000,25.4,56.0,1013.2,False,27.3,24,1.6
0 days 02:18:01.732000,25.4,56.0,1013.2,False,27.4,324,4.0
0 days 02:19:01.728000,25.4,57.0,1013.2,False,27.3,325,2.5
0 days 02:20:01.727000,25.3,57.0,1013.2,False,27.3,320,1.8
0 days 02:21:01.743000,25.3,56.0,1013.4,False,27.3,338,1.1
0 days 02:22:01.766000,25.4,56.0,1013.2,False,27.6,0,2.0
0 days 02:23:01.805000,25.4,56.0,1013.2,False,27.5,296,1.7
0 days 02:24:01.782000,25.5,56.0,1013.2,False,27.5,322,2.2
0 days 02:25:01.775000,25.4,57.0,1013.2,False,27.3,331,3.2
0 days 02:26:01.775000,25.4,57.0,1013.4,False,27.3,333,2.4
0 days 02:27:01.776000,25.4,57.0,1013.4,False,27.3,333,2.4
0 days 02:28:01.776000,25.4,57.0,1013.4,False,27.3,340,2.2
0 days 02:29:01.790000,25.4,57.0,1013.5,False,27.5,341,2.4
0 days 02:30:01.802000,25.4,57.0,1013.4,False,27.4,334,1.8
0 days 02:31:01.801000,25.3,57.0,1013.5,False,27.3,342,1.1
0 days 02:32:01.807000,25.3,57.0,1013.5,False,27.2,8,2.4
0 days 00:00:23.418000,23.8,56.0,1017.5,False,31.4,321,1.5
0 days 00:01:23.418000,23.8,55.0,1017.5,False,31.7,290,1.2
0 days 00:02:23.431000,23.8,54.0,1017.5,False,31.5,316,1.7
0 days 00:03:23.447000,23.8,54.0,1017.5,False,31.1,315,1.7
0 days 00:04:23.447000,23.8,55.0,1017.5,False,31.2,296,2.0
0 days 00:05:23.447000,23.7,55.0,1017.5,False,31.3,314,1.0
0 days 00:06:23.464000,23.8,54.0,1017.5,False,31.4,282,1.6
0 days 00:07:23.438000,23.8,54.0,1017.5,False,32.0,289,1.8
0 days 00:08:23.448000,23.9,54.0,1017.5,False,32.1,303,2.0
0 days 00:09:23.449000,23.9,54.0,1017.4,False,31.9,330,2.4
0 days 00:10:23.447000,23.8,54.0,1017.5,False,31.8,318,1.8
0 days 00:11:23.448000,23.9,55.0,1017.5,False,31.8,282,1.6
0 days 00:12:23.447000,24.0,55.0,1017.5,False,32.0,318,2.0
0 days 00:13:23.449000,24.0,55.0,1017.5,False,32.0,296,2.0
0 days 00:14:23.450000,24.1,55.0,1017.5,False,31.8,288,2.4
0 days 00:15:23.480000,23.9,55.0,1017.5,False,31.6,309,1.5
0 days 00:16:23.462000,23.8,55.0,1017.5,False,31.4,321,1.3
0 days 00:17:23.480000,23.8,55.0,1017.5,False,31.3,286,1.1
0 days 00:18:23.495000,23.8,55.0,1017.5,False,31.3,322,0.8
0 days 00:19:23.496000,23.7,55.0,1017.5,False,31.1,152,1.1
0 days 00:20:23.493000,23.8,56.0,1017.5,False,31.1,0,1.0
0 days 00:21:23.495000,23.8,54.0,1017.5,False,31.5,162,0.8
0 days 00:22:23.506000,23.8,54.0,1017.5,False,31.5,180,1.1
0 days 00:23:23.501000,23.8,54.0,1017.5,False,31.3,126,0.6
0 days 00:24:23.516000,23.8,54.0,1017.5,False,31.0,123,1.0
0 days 00:25:23.526000,23.8,54.0,1017.5,False,31.0,86,0.8
0 days 00:26:23.541000,23.9,54.0,1017.5,False,30.8,89,0.6
0 days 00:27:23.540000,23.8,54.0,1017.5,False,30.7,163,0.8
0 days 00:28:23.543000,23.8,54.0,1017.5,False,30.5,184,0.8
0 days 00:29:23.564000,23.8,54.0,1017.4,False,30.4,0,1.1
0 days 00:30:23.557000,23.7,54.0,1017.5,False,30.2,163,0.8
0 days 00:31:23.574000,23.6,55.0,1017.5,False,30.2,263,1.1
0 days 00:32:23.575000,23.6,55.0,1017.5,False,30.0,161,0.8
0 days 00:33:23.573000,23.6,55.0,1017.5,False,29.9,186,0.6
0 days 00:34:23.574000,23.6,55.0,1017.5,False,30.0,301,0.8
0 days 00:35:23.574000,23.5,55.0,1017.4,False,29.9,316,1.6
0 days 00:36:23.574000,23.4,56.0,1017.5,False,29.8,315,0.8
0 days 00:37:23.574000,23.4,56.0,1017.4,False,29.8,123,0.5
0 days 00:38:23.575000,23.4,56.0,1017.5,False,29.9,326,1.1
0 days 00:39:23.579000,23.3,56.0,1017.5,False,29.9,298,0.5
0 days 00:40:23.574000,23.3,56.0,1017.4,False,29.8,0,1.1
0 days 00:41:23.577000,23.3,56.0,1017.4,False,29.8,318,1.6
0 days 00:42:23.563000,23.3,57.0,1017.4,False,29.8,317,1.2
0 days 00:43:23.579000,23.3,57.0,1017.4,False,29.6,232,1.1
0 days 00:44:23.585000,23.2,57.0,1017.5,False,29.5,300,1.2
0 days 00:45:23.572000,23.2,57.0,1017.4,False,29.4,291,1.6
0 days 00:46:23.589000,23.2,57.0,1017.4,False,29.2,284,1.6
0 days 00:47:23.574000,23.1,57.0,1017.4,False,29.2,320,1.3
0 days 00:48:23.575000,23.1,58.0,1017.4,False,29.1,292,1.3
0 days 00:49:23.574000,23.2,57.0,1017.4,False,29.2,222,0.8
0 days 00:50:23.572000,23.2,57.0,1017.4,False,29.2,295,0.8
0 days 00:51:23.575000,23.2,57.0,1017.4,False,29.1,0,0.8
0 days 00:52:23.577000,23.3,57.0,1017.4,False,29.2,226,0.5
0 days 00:53:23.575000,23.2,57.0,1017.4,False,28.9,345,1.2
0 days 00:54:23.574000,23.2,57.0,1017.2,False,29.1,321,1.8
0 days 00:55:23.577000,23.1,58.0,1017.4,False,28.8,332,1.6
0 days 00:56:23.573000,23.1,58.0,1017.4,False,28.9,293,1.0
0 days 00:57:23.573000,22.9,58.0,1017.4,False,28.8,298,1.5
0 days 00:58:23.578000,22.9,59.0,1017.4,False,28.7,320,1.6
0 days 00:59:23.575000,22.9,59.0,1017.4,False,28.9,316,1.6
0 days 01:00:23.578000,22.9,59.0,1017.2,False,28.9,316,1.2
0 days 01:01:23.575000,23.0,59.0,1017.4,False,29.0,308,0.4
0 days 01:02:23.573000,23.0,58.0,1017.2,False,29.0,303,1.0
0 days 01:03:23.576000,23.2,58.0,1017.2,False,29.0,169,1.0
0 days 01:04:23.575000,23.2,59.0,1017.2,False,29.1,154,1.1
0 days 01:05:23.575000,23.3,58.0,1017.2,False,29.3,153,0.8
0 days 01:06:23.575000,23.3,57.0,1017.2,False,29.4,151,0.6
0 days 01:07:23.573000,23.4,57.0,1017.2,False,29.3,320,0.4
0 days 01:08:23.574000,23.4,58.0,1017.2,False,28.9,295,1.3
0 days 01:09:23.586000,23.3,59.0,1017.2,False,28.4,288,1.6
0 days 01:10:23.575000,23.2,59.0,1017.2,False,28.2,273,1.0
0 days 01:11:23.575000,23.2,60.0,1017.2,False,28.1,328,0.6
0 days 01:12:23.574000,23.1,60.0,1017.2,False,28.1,314,0.6
0 days 01:13:23.575000,23.0,61.0,1017.2,False,28.2,170,0.6
0 days 01:14:23.573000,23.0,60.0,1017.2,False,28.4,332,0.6
0 days 01:15:23.615000,23.1,59.0,1017.2,False,28.4,193,0.8
0 days 01:16:23.573000,23.2,59.0,1017.4,False,28.2,207,0.8
0 days 01:17:23.573000,23.2,58.0,1017.4,False,28.2,326,0.6
0 days 01:18:23.575000,23.2,58.0,1017.2,False,28.2,334,1.6
0 days 01:19:23.574000,23.1,59.0,1017.2,False,27.7,321,1.0
0 days 01:20:23.582000,23.1,60.0,1017.4,False,27.4,291,1.0
0 days 01:21:23.576000,23.1,60.0,1017.4,False,27.4,322,1.2
0 days 01:22:23.574000,23.0,60.0,1017.4,False,27.4,284,1.6
0 days 01:23:23.574000,22.9,60.0,1017.2,False,27.4,319,1.2
0 days 01:24:23.576000,22.9,60.0,1017.2,False,27.3,293,1.6
0 days 01:25:23.589000,22.9,61.0,1017.2,False,26.9,311,1.2
0 days 01:26:23.577000,22.8,61.0,1017.4,False,27.1,43,1.0
0 days 01:27:23.574000,22.8,61.0,1017.2,False,27.2,321,0.8
0 days 01:28:23.575000,22.8,61.0,1017.2,False,27.4,328,0.6
0 days 01:29:23.574000,22.7,61.0,1017.2,False,27.3,317,0.5
0 days 01:30:23.574000,22.8,61.0,1017.2,False,27.3,300,0.8
0 days 01:31:23.579000,22.8,61.0,1017.2,False,27.2,300,0.8
0 days 01:32:23.576000,22.7,61.0,1017.2,False,26.9,320,1.2
0 days 01:33:23.576000,22.7,61.0,1017.2,False,26.7,337,1.6
0 days 01:34:23.573000,22.5,61.0,1017.2,False,26.8,322,1.5
0 days 01:35:23.577000,22.5,61.0,1017.2,False,26.8,289,1.6
0 days 01:36:23.576000,22.5,61.0,1017.2,False,26.8,335,1.7
0 days 01:37:23.576000,22.5,61.0,1017.2,False,26.9,300,1.6
0 days 01:38:23.577000,22.5,61.0,1017.2,False,26.9,325,2.0
0 days 01:39:23.577000,22.5,61.0,1017.2,False,26.9,317,2.2
0 days 01:40:23.577000,22.5,61.0,1017.2,False,26.9,281,1.7
0 days 01:41:23.576000,22.5,61.0,1017.2,False,27.0,308,1.8
0 days 01:42:23.577000,22.5,61.0,1017.2,False,27.0,309,1.8
0 days 01:43:23.576000,22.5,61.0,1017.2,False,26.8,318,1.8
0 days 01:44:23.575000,22.5,61.0,1017.2,False,26.9,331,1.2
0 days 01:45:23.577000,22.5,61.0,1017.2,False,27.0,291,1.3
0 days 01:46:23.574000,22.5,62.0,1017.2,False,26.9,324,0.5
0 days 01:47:23.576000,22.5,62.0,1017.2,False,26.9,327,0.6
0 days 01:48:23.577000,22.5,62.0,1017.0,False,27.0,98,0.8
0 days 01:49:23.576000,22.6,62.0,1017.0,False,27.1,155,0.6
0 days 01:50:23.574000,22.7,61.0,1017.2,False,27.1,295,1.2
0 days 00:00:27.733000,26.0,48.0,1014.5,False,40.6,299,2.9
0 days 00:01:27.730000,25.9,48.0,1014.5,False,40.6,284,2.5
0 days 00:02:27.732000,25.9,48.0,1014.5,False,40.6,342,2.4
0 days 00:03:27.735000,25.9,48.0,1014.5,False,40.7,295,2.4
0 days 00:04:27.764000,25.8,48.0,1014.5,False,41.2,289,2.7
0 days 00:05:27.774000,25.9,47.0,1014.5,False,41.0,291,4.4
0 days 00:06:27.786000,25.9,48.0,1014.5,False,41.1,282,2.2
0 days 00:07:27.779000,25.9,48.0,1014.5,False,41.1,311,2.2
0 days 00:08:27.775000,25.9,48.0,1014.5,False,41.1,291,2.4
0 days 00:09:27.800000,26.1,47.0,1014.5,False,41.2,304,2.5
0 days 00:10:27.776000,26.0,48.0,1014.5,False,40.7,328,1.8
0 days 00:11:27.775000,26.0,48.0,1014.5,False,40.3,288,1.7
0 days 00:12:27.785000,26.1,48.0,1014.5,False,40.4,297,1.7
0 days 00:13:27.778000,26.2,47.0,1014.5,False,40.3,280,1.7
0 days 00:14:27.765000,26.2,47.0,1014.4,False,40.5,324,2.2
0 days 00:15:27.789000,26.2,46.0,1014.4,False,40.6,297,2.5
0 days 00:16:27.774000,26.1,47.0,1014.4,False,40.3,294,1.7
0 days 00:17:27.784000,26.1,46.0,1014.4,False,40.1,299,2.2
0 days 00:18:27.775000,26.1,47.0,1014.4,False,40.1,272,2.0
0 days 00:19:27.775000,26.0,46.0,1014.4,False,40.0,293,2.5
0 days 00:20:27.775000,26.1,47.0,1014.4,False,40.3,290,3.0
0 days 00:21:27.786000,26.1,46.0,1014.4,False,40.5,299,2.5
0 days 00:22:27.785000,26.2,46.0,1014.4,False,40.8,290,2.4
0 days 00:23:27.775000,26.2,46.0,1014.5,False,40.8,285,2.4
0 days 00:24:27.773000,26.3,46.0,1014.2,False,40.8,283,2.2
0 days 00:25:27.792000,26.5,46.0,1014.2,False,40.7,312,2.0
0 days 00:26:27.786000,26.7,45.0,1014.4,False,40.7,333,2.5
0 days 00:27:27.780000,26.6,46.0,1014.4,False,40.7,305,2.0
0 days 00:28:27.784000,26.5,46.0,1014.5,False,40.0,311,1.6
0 days 00:29:27.778000,26.8,45.0,1014.2,False,40.1,328,2.0
0 days 00:30:27.797000,26.9,45.0,1014.4,False,40.4,311,1.2
0 days 00:31:27.784000,27.0,45.0,1014.4,False,40.2,303,1.8
0 days 00:32:27.776000,26.9,45.0,1014.4,False,40.2,280,2.2
0 days 00:33:27.778000,26.8,45.0,1014.4,False,40.6,333,2.7
0 days 00:34:27.785000,26.8,44.0,1014.4,False,40.9,288,2.4
0 days 00:35:27.783000,26.8,44.0,1014.4,False,40.1,311,3.4
0 days 00:36:27.781000,26.6,44.0,1014.4,False,40.0,279,3.2
0 days 00:37:27.767000,26.5,45.0,1014.5,False,39.4,293,3.2
0 days 00:38:27.775000,26.4,44.0,1014.5,False,39.2,275,2.5
0 days 00:39:27.775000,26.4,44.0,1014.5,False,39.2,321,1.2
0 days 00:40:27.794000,26.4,44.0,1014.4,False,36.0,328,1.7
0 days 00:41:27.822000,26.3,45.0,1014.5,False,36.0,280,2.0
0 days 00:42:27.823000,26.4,44.0,1014.4,False,35.4,287,1.7
0 days 00:43:27.826000,26.3,45.0,1014.5,False,34.0,304,2.2
0 days 00:44:27.830000,26.2,45.0,1014.5,False,34.0,289,2.5
0 days 00:45:27.825000,26.2,43.0,1014.5,False,31.9,291,4.0
0 days 00:46:27.840000,26.1,44.0,1014.4,False,31.9,290,2.4
0 days 00:47:27.855000,26.1,45.0,1014.4,False,35.5,282,2.0
0 days 00:48:27.863000,26.3,45.0,1014.5,False,38.5,290,2.0
0 days 00:49:27.853000,26.2,45.0,1014.4,False,38.5,288,1.8
0 days 00:50:27.857000,26.3,44.0,1014.4,False,38.9,316,2.7
0 days 00:51:27.854000,26.4,45.0,1014.4,False,38.9,309,1.5
0 days 00:52:27.853000,26.5,44.0,1014.5,False,39.2,291,2.0
0 days 00:53:27.855000,26.6,44.0,1014.4,False,39.2,307,2.7
0 days 00:54:27.854000,26.5,44.0,1014.4,False,39.0,291,2.7
0 days 00:55:27.866000,26.7,44.0,1014.2,False,39.1,307,2.7
0 days 00:56:27.858000,26.7,44.0,1014.4,False,39.6,313,2.2
0 days 00:57:27.864000,26.7,44.0,1014.4,False,39.6,298,2.2
0 days 00:58:27.873000,26.7,44.0,1014.4,False,39.8,279,2.4
0 days 00:59:27.870000,26.7,43.0,1014.4,False,39.8,282,1.6
0 days 01:00:27.913000,26.7,43.0,1014.4,False,39.8,300,2.7
0 days 01:01:27.916000,26.7,43.0,1014.4,False,39.4,319,2.2
0 days 01:02:27.901000,26.6,44.0,1014.4,False,39.3,312,1.7
0 days 01:03:27.903000,26.6,44.0,1014.4,False,39.3,299,1.8
0 days 01:04:27.920000,26.6,43.0,1014.4,False,39.1,285,2.5
0 days 01:05:27.919000,26.6,43.0,1014.4,False,39.0,311,2.7
0 days 01:06:27.943000,26.6,43.0,1014.5,False,38.4,264,1.6
0 days 01:07:27.949000,26.5,43.0,1014.4,False,38.1,312,2.0
0 days 01:08:27.946000,26.6,44.0,1014.5,False,37.9,286,2.0
0 days 01:09:27.954000,26.5,44.0,1014.5,False,37.4,302,2.5
0 days 01:10:27.966000,26.4,44.0,1014.4,False,36.8,312,2.7
0 days 01:11:27.949000,26.3,44.0,1014.4,False,36.7,307,2.0
0 days 01:12:27.965000,26.2,44.0,1014.4,False,36.7,312,2.4
0 days 01:13:27.947000,26.1,44.0,1014.4,False,36.6,309,2.5
0 days 01:14:27.947000,26.1,45.0,1014.5,False,36.3,287,1.6
0 days 01:15:27.956000,26.2,45.0,1014.4,False,36.2,296,2.0
0 days 01:16:27.993000,26.3,45.0,1014.4,False,36.2,311,1.7
0 days 01:17:27.951000,26.4,44.0,1014.2,False,36.2,180,1.5
0 days 01:18:27.950000,26.6,44.0,1014.4,False,36.1,260,0.6
0 days 01:19:27.963000,26.6,45.0,1014.4,False,36.2,311,1.2
0 days 01:20:27.963000,26.6,45.0,1014.5,False,36.2,317,2.0
0 days 01:21:27.984000,26.6,44.0,1014.2,False,36.7,340,1.3
0 days 01:22:27.981000,26.6,44.0,1014.2,False,37.2,295,2.5
0 days 01:23:27.979000,26.6,44.0,1014.5,False,37.5,321,1.5
0 days 01:24:27.978000,26.7,43.0,1014.2,False,37.7,20,1.7
0 days 01:25:27.979000,26.9,44.0,1014.2,False,37.5,346,0.5
0 days 01:26:27.981000,26.9,43.0,1014.2,False,36.8,307,0.5
0 days 01:27:27.982000,27.0,43.0,1014.2,False,37.6,0,0.6
0 days 01:28:28.016000,27.1,43.0,1014.2,False,37.7,165,0.4
0 days 01:29:27.981000,27.1,42.0,1014.2,False,37.0,321,1.1
0 days 01:30:27.982000,26.9,43.0,1014.2,False,36.4,37,1.6
0 days 01:31:27.982000,26.8,44.0,1014.2,False,36.4,335,1.7
0 days 01:32:27.998000,26.7,44.0,1014.2,False,36.6,322,1.0
0 days 01:33:27.979000,26.7,44.0,1014.2,False,36.7,313,1.6
0 days 01:34:27.984000,26.6,44.0,1014.2,False,36.8,343,2.0
0 days 01:35:27.989000,26.8,44.0,1014.2,False,36.8,317,1.0
0 days 01:36:27.986000,27.0,43.0,1014.2,False,36.5,315,1.3
0 days 01:37:27.981000,27.1,43.0,1014.2,False,36.5,349,2.0
0 days 01:38:27.983000,27.0,43.0,1014.2,False,36.6,283,1.2
0 days 01:39:27.994000,27.1,43.0,1014.2,False,36.6,334,1.2
0 days 01:40:27.981000,27.1,43.0,1014.2,False,37.0,329,1.3
0 days 01:41:27.982000,27.2,43.0,1014.0,False,37.0,316,1.8
0 days 01:42:27.980000,27.1,43.0,1014.0,False,36.6,335,1.8
0 days 01:43:27.998000,27.2,43.0,1014.0,False,36.5,323,2.0
0 days 01:44:27.983000,27.0,43.0,1014.0,False,36.4,300,2.0
0 days 01:45:27.980000,27.0,44.0,1014.0,False,36.5,240,1.7
0 days 01:46:27.985000,27.0,43.0,1014.2,False,36.5,265,1.0
0 days 01:47:27.979000,27.0,42.0,1014.0,False,36.7,298,1.8
0 days 01:48:27.980000,26.9,43.0,1014.0,False,36.3,320,1.8
0 days 01:49:27.988000,27.0,42.0,1014.0,False,36.4,286,1.6
0 days 01:50:27.978000,27.0,42.0,1014.0,False,36.4,158,1.7
0 days 01:51:27.978000,27.0,42.0,1014.0,False,36.1,332,1.7
0 days 01:52:27.979000,27.1,42.0,1014.0,False,36.2,308,2.0
0 days 01:53:27.984000,27.0,42.0,1014.0,False,36.2,210,2.2
0 days 01:54:28.001000,27.0,42.0,1014.0,False,36.2,336,1.6
0 days 01:55:27.981000,27.0,42.0,1014.0,False,35.9,202,1.7
0 days 01:56:27.995000,27.0,42.0,1014.0,False,35.9,313,0.6
0 days 01:57:27.988000,27.1,42.0,1014.0,False,36.1,154,1.2
0 days 01:58:27.986000,27.2,42.0,1014.0,False,36.1,0,0.6
0 days 01:59:27.980000,27.3,41.0,1014.0,False,35.9,128,1.3
0 days 02:00:27.983000,27.3,41.0,1014.0,False,35.9,159,1.1
0 days 02:01:27.981000,27.4,41.0,1014.0,False,35.9,320,0.8
0 days 02:02:27.981000,27.3,40.0,1014.0,False,35.9,339,1.7
0 days 02:03:27.981000,27.3,41.0,1014.0,False,35.5,332,1.7
0 days 02:04:27.981000,27.2,41.0,1014.0,False,35.5,324,2.0
0 days 02:05:28.009000,27.2,42.0,1014.0,False,35.5,286,2.0
0 days 02:06:27.979000,27.1,41.0,1014.0,False,35.5,324,1.8
0 days 02:07:27.980000,27.1,42.0,1014.0,False,35.5,338,2.2
0 days 02:08:27.982000,27.0,41.0,1013.9,False,35.5,284,2.4
0 days 02:09:27.993000,27.1,42.0,1014.0,False,35.4,348,2.4
0 days 02:10:27.981000,27.0,42.0,1014.0,False,35.4,313,1.7
0 days 02:11:27.986000,27.0,42.0,1014.0,False,35.4,320,2.0
0 days 02:12:27.981000,27.0,42.0,1014.0,False,35.2,183,1.2
0 days 02:13:27.999000,27.1,42.0,1014.0,False,35.2,150,0.8
0 days 02:14:27.986000,27.1,41.0,1014.0,False,35.2,73,1.2
0 days 02:15:28.087000,27.1,41.0,1014.0,False,35.2,143,0.6
0 days 02:16:27.983000,27.1,40.0,1013.9,False,35.2,154,0.8
0 days 02:17:27.982000,27.1,41.0,1014.0,False,35.2,152,1.2
0 days 02:18:27.981000,27.1,40.0,1013.9,False,35.1,178,0.8
0 days 02:19:27.982000,27.1,40.0,1014.0,False,35.0,105,1.2
0 days 02:20:27.983000,27.1,40.0,1014.0,False,34.9,0,0.8
0 days 02:21:27.983000,27.1,40.0,1014.0,False,34.7,322,1.0
0 days 02:22:28.008000,27.2,41.0,1014.0,False,34.7,0,0.8
0 days 02:23:27.998000,27.2,40.0,1013.9,False,34.8,149,0.4
0 days 02:24:27.987000,27.2,41.0,1014.0,False,34.7,8,0.8
0 days 02:25:27.990000,27.3,40.0,1014.0,False,34.5,275,1.2
0 days 02:26:27.993000,27.4,41.0,1014.0,False,34.4,167,0.8
0 days 02:27:27.987000,27.2,41.0,1014.0,False,34.2,342,1.0
0 days 02:28:27.981000,27.3,41.0,1014.0,False,34.2,314,0.8
0 days 02:29:27.992000,27.3,41.0,1014.0,False,33.9,316,1.1
0 days 02:30:27.988000,27.3,41.0,1014.0,False,34.0,147,1.2
0 days 02:31:27.982000,27.3,42.0,1014.0,False,34.0,318,1.2
0 days 02:32:27.983000,27.2,42.0,1014.0,False,34.0,184,0.8
0 days 02:33:27.981000,27.1,41.0,1013.9,False,34.0,285,1.5
0 days 02:34:27.983000,27.1,40.0,1014.0,False,33.8,305,1.8
0 days 02:35:27.985000,27.0,42.0,1014.0,False,33.4,286,2.0
0 days 00:00:53.011000,12.7,84.0,997.2,False,15.5,247,4.5
0 days 00:01:53.024000,12.6,83.0,997.2,False,15.4,257,4.6
0 days 00:02:53.040000,12.6,83.0,997.2,False,15.2,252,3.9
0 days 00:03:53.040000,12.6,84.0,997.2,False,15.2,258,4.5
0 days 00:04:53.042000,12.6,83.0,997.2,False,15.2,275,3.7
0 days 00:05:53.041000,12.7,84.0,997.2,False,15.1,259,2.5
0 days 00:06:53.043000,12.6,83.0,997.2,False,15.2,263,3.5
0 days 00:07:53.041000,12.7,83.0,997.2,False,15.2,273,3.2
0 days 00:08:53.040000,12.7,83.0,997.2,False,15.0,275,3.7
0 days 00:09:53.043000,12.6,83.0,997.2,False,15.0,262,3.7
0 days 00:10:53.067000,12.6,83.0,997.2,False,15.0,275,3.7
0 days 00:11:53.076000,12.6,83.0,997.2,False,14.9,241,4.0
0 days 00:12:53.057000,12.6,83.0,997.4,False,14.8,268,3.5
0 days 00:13:53.075000,12.6,83.0,997.2,False,14.8,264,3.5
0 days 00:14:53.082000,12.6,84.0,997.2,False,14.8,265,2.2
0 days 00:15:53.116000,12.6,84.0,997.4,False,14.9,219,1.8
0 days 00:16:53.119000,12.7,83.0,997.4,False,15.0,265,1.7
0 days 00:17:53.121000,12.7,83.0,997.4,False,15.0,242,1.6
0 days 00:18:53.121000,12.7,84.0,997.4,False,15.0,264,1.7
0 days 00:19:53.123000,12.6,83.0,997.5,False,15.0,258,4.0
0 days 00:20:53.120000,12.6,84.0,997.4,False,14.9,256,3.4
0 days 00:21:53.121000,12.5,83.0,997.4,False,14.7,250,4.1
0 days 00:22:53.118000,12.5,84.0,997.4,False,14.6,255,2.7
0 days 00:23:53.118000,12.5,84.0,997.5,False,14.7,276,2.2
0 days 00:24:53.120000,12.6,84.0,997.5,False,14.7,267,2.9
0 days 00:25:53.119000,12.5,84.0,997.5,False,14.7,249,2.7
0 days 00:26:53.121000,12.5,84.0,997.5,False,14.6,262,3.0
0 days 00:27:53.125000,12.5,84.0,997.5,False,14.6,243,3.2
0 days 00:28:53.171000,12.6,84.0,997.5,False,14.7,252,2.5
0 days 00:29:53.167000,12.5,84.0,997.5,False,14.7,284,2.2
0 days 00:30:53.169000,12.5,84.0,997.5,False,14.7,265,2.0
0 days 00:31:53.166000,12.6,84.0,997.5,False,14.7,300,1.7
0 days 00:32:53.168000,12.7,84.0,997.5,False,14.8,269,1.6
0 days 00:33:53.183000,12.7,84.0,997.5,False,14.8,290,1.8
0 days 00:34:53.197000,12.8,84.0,997.5,False,14.7,276,1.1
0 days 00:35:53.218000,12.7,84.0,997.7,False,14.7,0,0.6
0 days 00:36:53.215000,12.7,84.0,997.5,False,14.8,270,1.6
0 days 00:37:53.239000,12.7,84.0,997.5,False,14.7,270,0.6
0 days 00:38:53.221000,12.8,84.0,997.7,False,14.7,279,1.2
0 days 00:39:53.213000,12.7,83.0,997.5,False,14.7,216,1.7
0 days 00:40:53.245000,12.7,83.0,997.5,False,14.7,224,1.0
0 days 00:41:53.214000,12.8,84.0,997.7,False,14.7,251,0.6
0 days 00:42:53.231000,12.7,83.0,997.7,False,14.7,229,2.2
0 days 00:43:53.244000,12.7,83.0,997.7,False,14.6,247,2.4
0 days 00:44:53.246000,12.7,83.0,997.7,False,14.4,267,1.5
0 days 00:45:53.244000,12.7,83.0,997.7,False,14.4,246,2.5
0 days 00:46:53.254000,12.8,84.0,997.5,False,14.4,263,2.0
0 days 00:47:53.268000,12.8,83.0,997.7,False,14.5,266,2.5
0 days 00:48:53.278000,12.7,83.0,997.7,False,14.5,254,2.5
0 days 00:49:53.334000,12.7,83.0,997.7,False,14.5,256,2.5
0 days 00:50:53.321000,12.7,84.0,997.7,False,14.4,191,2.5
0 days 00:51:53.328000,12.7,84.0,997.7,False,14.4,286,1.2
0 days 00:52:53.338000,12.6,84.0,997.7,False,14.6,243,1.3
0 days 00:53:53.358000,12.7,84.0,997.7,False,14.6,264,1.1
0 days 00:54:53.359000,12.7,84.0,997.7,False,14.6,254,2.2
0 days 00:55:53.362000,12.7,83.0,997.7,False,14.5,263,2.2
0 days 00:56:53.355000,12.7,83.0,997.7,False,14.5,273,2.0
0 days 00:57:53.356000,12.7,83.0,997.7,False,14.3,257,1.8
0 days 00:58:53.373000,12.6,83.0,997.9,False,14.1,272,2.5
0 days 00:59:53.375000,12.6,84.0,997.9,False,14.1,262,3.2
0 days 01:00:53.382000,12.6,84.0,997.7,False,14.0,257,3.7
0 days 01:01:53.362000,12.5,85.0,997.9,True,13.7,261,3.2
0 days 01:02:53.371000,12.5,85.0,997.7,True,13.8,268,3.4
0 days 01:03:53.374000,12.5,85.0,997.7,True,13.8,252,3.4
0 days 01:04:53.392000,12.4,86.0,997.9,True,13.9,256,3.2
0 days 01:05:53.379000,12.3,86.0,997.9,True,13.8,259,3.7
0 days 01:06:53.369000,12.3,87.0,997.9,True,13.6,254,3.2
0 days 01:07:53.372000,12.3,87.0,997.9,True,13.6,265,3.2
0 days 01:08:53.374000,12.3,88.0,997.9,True,13.6,253,2.7
0 days 01:09:53.448000,12.3,88.0,997.9,True,13.7,278,2.5
0 days 01:10:53.377000,12.3,88.0,997.9,True,13.7,254,2.0
0 days 01:11:53.394000,12.3,89.0,997.9,True,13.7,261,2.2
0 days 01:12:53.372000,12.3,89.0,997.9,True,13.7,270,2.0
0 days 01:13:53.369000,12.3,89.0,997.9,True,13.7,269,1.7
0 days 01:14:53.369000,12.3,89.0,997.9,True,13.8,257,1.5
0 days 01:15:53.360000,12.3,89.0,998.0,True,13.7,281,1.5
0 days 01:16:53.370000,12.2,90.0,997.9,True,13.7,257,1.6
0 days 01:17:53.384000,12.1,90.0,998.0,False,13.7,265,1.6
0 days 01:18:53.373000,12.2,90.0,998.0,False,13.7,265,1.6
0 days 01:19:53.373000,12.2,90.0,998.0,False,13.7,265,1.6
0 days 01:20:53.373000,12.1,90.0,998.0,False,13.7,265,1.6
0 days 01:21:53.385000,12.1,90.0,998.0,False,13.7,265,1.6
0 days 01:22:53.401000,12.2,90.0,998.0,False,13.9,258,1.7
0 days 01:23:53.417000,12.2,90.0,998.0,False,14.0,0,1.1
0 days 01:24:53.432000,12.1,91.0,998.0,False,13.9,32,0.4
0 days 01:25:53.444000,12.2,91.0,998.0,False,13.9,225,0.6
0 days 01:26:53.448000,12.3,91.0,998.0,False,13.9,268,1.0
0 days 01:27:53.449000,12.2,91.0,998.0,False,14.0,253,0.8
0 days 01:28:53.465000,12.2,91.0,998.0,False,14.0,249,1.0
0 days 01:29:53.480000,12.2,91.0,998.0,True,14.0,255,1.6
0 days 01:30:53.499000,12.2,91.0,998.0,True,14.0,245,1.6
0 days 01:31:53.496000,12.2,91.0,998.0,True,14.0,250,1.8
0 days 01:32:53.496000,12.2,91.0,998.0,True,14.0,280,1.2
0 days 01:33:53.542000,12.2,91.0,998.0,False,14.0,287,2.0
0 days 01:34:53.497000,12.2,91.0,998.0,False,14.1,254,1.2
0 days 01:35:53.494000,12.2,91.0,998.0,False,14.0,236,1.2
0 days 01:36:53.496000,12.2,91.0,998.0,False,14.0,253,0.8
0 days 01:37:53.500000,12.2,91.0,998.0,False,13.9,250,1.7
0 days 01:38:53.499000,12.1,91.0,998.0,False,14.0,257,2.0
0 days 01:39:53.507000,12.1,91.0,998.2,False,14.0,262,1.8
0 days 01:40:53.496000,12.1,91.0,998.0,True,13.9,262,1.7
0 days 01:41:53.499000,12.1,91.0,998.0,True,13.9,258,1.2
0 days 01:42:53.496000,12.1,91.0,998.2,True,13.8,257,1.6
0 days 01:43:53.498000,12.1,91.0,998.0,True,13.8,256,1.6
0 days 01:44:53.496000,12.0,91.0,998.0,True,13.7,253,1.7
0 days 01:45:53.497000,12.1,91.0,998.2,True,13.7,253,1.8
0 days 01:46:53.517000,12.1,91.0,998.2,True,13.7,253,1.8
0 days 01:47:53.486000,12.1,91.0,998.2,True,13.7,253,1.8
0 days 01:48:53.497000,12.0,91.0,998.2,True,13.7,253,1.8
0 days 01:49:53.497000,12.0,91.0,998.2,True,13.7,253,1.8
0 days 01:50:53.498000,12.0,92.0,998.2,True,13.7,253,2.5
0 days 01:51:53.517000,12.0,92.0,998.2,True,13.7,260,1.8
0 days 01:52:53.526000,12.0,92.0,998.2,True,13.8,245,1.7
0 days 00:00:34.268000,11.1,91.0,1001.7,False,17.6,65,1.7
0 days 00:01:34.268000,11.1,91.0,1001.7,False,17.6,88,1.3
0 days 00:02:34.269000,11.1,91.0,1001.5,False,17.6,46,0.8
0 days 00:03:34.293000,11.2,91.0,1001.7,False,17.6,95,1.5
0 days 00:04:34.315000,11.2,91.0,1001.7,False,17.7,127,1.2
0 days 00:05:34.315000,11.1,91.0,1001.7,False,17.8,99,1.0
0 days 00:06:34.335000,11.4,92.0,1001.7,False,17.9,56,1.0
0 days 00:07:34.348000,11.4,90.0,1001.5,False,18.1,106,1.0
0 days 00:08:34.347000,11.5,91.0,1001.5,False,18.2,67,1.0
0 days 00:09:34.346000,11.6,91.0,1001.5,False,18.4,75,1.5
0 days 00:10:34.348000,11.5,91.0,1001.5,False,18.7,88,1.5
0 days 00:11:34.347000,11.6,92.0,1001.5,False,18.8,71,0.8
0 days 00:12:34.347000,11.7,91.0,1001.5,False,19.0,94,1.6
0 days 00:13:34.346000,11.7,91.0,1001.5,False,19.0,93,2.4
0 days 00:14:34.364000,11.6,90.0,1001.5,False,19.0,79,2.4
0 days 00:15:34.378000,11.6,90.0,1001.5,False,18.7,94,2.4
0 days 00:16:34.378000,11.5,91.0,1001.5,False,18.6,101,2.2
0 days 00:17:34.378000,11.6,91.0,1001.5,False,18.5,80,2.2
0 days 00:18:34.380000,11.7,91.0,1001.5,False,18.5,99,1.7
0 days 00:19:34.378000,11.7,91.0,1001.5,False,18.5,96,2.2
0 days 00:20:34.376000,11.7,91.0,1001.5,False,18.4,99,2.2
0 days 00:21:34.378000,11.7,90.0,1001.5,False,18.3,66,2.2
0 days 00:22:34.379000,11.8,90.0,1001.4,False,18.3,108,2.0
0 days 00:23:34.381000,11.8,90.0,1001.5,False,18.4,99,2.2
0 days 00:24:34.378000,11.8,90.0,1001.5,False,18.4,90,2.2
0 days 00:25:34.378000,11.9,91.0,1001.5,False,18.5,97,2.0
0 days 00:26:34.370000,11.9,90.0,1001.5,False,18.5,79,1.7
0 days 00:27:34.379000,11.9,90.0,1001.5,False,18.6,70,1.7
0 days 00:28:34.380000,12.0,90.0,1001.5,False,18.6,79,2.0
0 days 00:29:34.385000,12.2,89.0,1001.5,False,18.6,81,1.8
0 days 00:30:34.408000,12.3,90.0,1001.5,False,18.7,78,2.0
0 days 00:31:34.427000,12.3,89.0,1001.5,False,19.0,85,2.0
0 days 00:32:34.427000,12.3,89.0,1001.5,False,18.8,114,2.2
0 days 00:33:34.437000,12.2,89.0,1001.4,False,18.5,82,2.0
0 days 00:34:34.442000,12.2,89.0,1001.5,False,18.6,62,1.6
0 days 00:35:34.456000,12.2,89.0,1001.5,False,18.6,96,2.0
0 days 00:36:34.471000,12.2,89.0,1001.4,False,18.5,70,1.7
0 days 00:37:34.491000,12.3,89.0,1001.5,False,18.5,78,1.0
0 days 00:38:34.503000,12.3,89.0,1001.4,False,18.6,125,1.3
0 days 00:39:34.513000,12.3,88.0,1001.4,False,18.6,17,1.6
0 days 00:40:34.496000,12.3,88.0,1001.4,False,18.6,210,0.8
0 days 00:41:34.515000,12.4,88.0,1001.4,False,18.7,273,1.0
0 days 00:42:34.524000,12.4,88.0,1001.4,False,18.7,212,1.1
0 days 00:43:34.520000,12.6,88.0,1001.2,False,18.7,173,0.8
0 days 00:44:34.520000,12.6,88.0,1001.2,False,18.7,56,0.6
0 days 00:45:34.519000,12.7,88.0,1001.2,False,18.7,164,0.8
0 days 00:46:34.531000,12.6,87.0,1001.2,False,18.9,349,0.4
0 days 00:47:34.522000,12.7,87.0,1001.2,False,19.1,130,0.8
0 days 00:48:34.520000,12.6,87.0,1001.2,False,18.9,0,0.6
0 days 00:49:34.535000,12.6,87.0,1001.2,False,19.0,287,0.4
0 days 00:50:34.553000,12.6,86.0,1001.2,False,19.0,191,1.2
0 days 00:51:34.555000,12.6,86.0,1001.2,False,18.9,160,1.2
0 days 00:52:34.550000,12.7,85.0,1001.2,False,18.8,63,1.2
0 days 00:53:34.555000,12.7,85.0,1001.2,False,18.8,343,0.5
0 days 00:54:34.552000,12.6,84.0,1001.2,False,18.7,142,0.6
0 days 00:55:34.551000,12.6,83.0,1001.0,False,18.5,209,0.8
0 days 00:56:34.568000,12.8,84.0,1001.0,False,18.5,107,1.0
0 days 00:57:34.564000,12.8,83.0,1001.0,False,18.6,182,0.6
0 days 00:58:34.582000,12.9,82.0,1001.0,False,18.5,55,0.6
0 days 00:59:34.583000,12.9,82.0,1001.0,False,18.4,97,0.6
0 days 01:00:34.591000,12.8,81.0,1001.0,False,18.3,12,1.0
0 days 01:01:34.598000,12.9,80.0,1001.0,False,18.1,244,1.1
0 days 01:02:34.599000,12.8,80.0,1001.0,False,18.0,103,0.6
0 days 01:03:34.612000,12.9,79.0,1001.0,False,17.9,7,1.7
0 days 01:04:34.629000,13.0,79.0,1001.0,False,17.9,13,0.5
0 days 01:05:34.662000,13.0,79.0,1001.0,False,17.8,331,0.4
0 days 01:06:34.634000,13.1,79.0,1000.9,False,17.8,58,1.1
0 days 01:07:34.631000,13.1,79.0,1001.0,False,17.8,7,0.8
0 days 01:08:34.642000,13.1,78.0,1000.9,False,17.7,6,0.8
0 days 01:09:34.637000,13.0,78.0,1000.9,False,17.6,96,1.1
0 days 01:10:34.632000,13.1,78.0,1000.9,False,17.5,351,0.8
0 days 01:11:34.710000,13.0,77.0,1000.7,False,17.5,99,1.1
0 days 01:12:34.651000,13.1,78.0,1000.9,False,17.5,294,1.2
0 days 01:13:34.635000,13.1,78.0,1000.7,False,17.3,35,1.2
0 days 01:14:34.647000,13.1,77.0,1000.9,False,17.3,49,0.8
0 days 01:15:34.623000,13.1,77.0,1000.7,False,17.1,69,2.0
0 days 01:16:34.657000,13.1,76.0,1000.7,False,17.1,50,0.8
0 days 01:17:34.669000,13.1,76.0,1000.7,False,17.0,43,2.0
0 days 01:18:34.661000,13.0,75.0,1000.7,False,17.1,46,0.8
0 days 01:19:34.662000,13.1,75.0,1000.7,False,17.0,63,1.7
0 days 01:20:34.679000,13.2,75.0,1000.7,False,17.0,69,1.7
0 days 01:21:34.736000,13.3,76.0,1000.7,False,17.0,95,1.5
0 days 01:22:34.709000,13.4,76.0,1000.9,False,17.0,40,1.1
0 days 01:23:34.699000,13.4,76.0,1000.9,False,17.0,67,1.7
0 days 01:24:34.702000,13.4,76.0,1000.9,False,16.9,82,1.7
0 days 01:25:34.717000,13.4,76.0,1000.9,False,16.7,56,1.3
0 days 01:26:34.736000,13.4,76.0,1000.9,False,16.7,69,1.5
0 days 01:27:34.731000,13.5,77.0,1000.7,False,16.7,66,1.2
0 days 01:28:34.727000,13.3,77.0,1000.9,False,16.7,73,2.2
0 days 01:29:34.729000,13.3,77.0,1000.9,False,16.5,89,2.2
0 days 01:30:34.755000,13.4,79.0,1000.9,False,16.2,81,2.0
0 days 01:31:34.756000,13.4,79.0,1000.9,False,16.2,66,1.6
0 days 01:32:34.749000,13.3,80.0,1000.7,False,16.3,82,1.5
0 days 01:33:34.761000,13.3,80.0,1000.7,False,16.2,88,2.4
0 days 01:34:34.756000,13.4,80.0,1000.7,False,16.1,108,2.4
0 days 01:35:34.754000,13.4,80.0,1000.9,False,16.1,95,1.8
0 days 01:36:34.757000,13.4,81.0,1000.9,False,16.0,83,1.8
0 days 01:37:34.756000,13.4,80.0,1000.7,False,16.1,54,1.1
0 days 01:38:34.756000,13.4,80.0,1000.9,False,16.1,74,1.2
0 days 01:39:34.810000,13.3,81.0,1000.9,False,16.0,80,2.2
0 days 01:40:34.757000,13.4,81.0,1000.9,False,16.0,89,2.5
0 days 01:41:34.755000,13.3,81.0,1000.9,False,16.0,85,2.0
0 days 01:42:34.753000,13.2,81.0,1000.9,False,15.6,35,1.7
0 days 01:43:34.756000,13.2,81.0,1000.9,False,15.8,4,1.1
0 days 01:44:34.756000,13.1,81.0,1000.9,False,15.9,52,0.6
0 days 01:45:34.754000,13.2,81.0,1000.9,False,16.1,34,1.2
0 days 01:46:34.756000,13.1,81.0,1001.0,False,16.1,52,1.0
0 days 01:47:34.763000,13.1,81.0,1000.9,False,16.1,78,1.5
0 days 01:48:34.756000,13.1,81.0,1000.9,False,16.2,9,1.6
0 days 01:49:34.745000,13.2,81.0,1000.9,False,16.3,34,1.1
0 days 01:50:34.763000,13.3,81.0,1000.9,False,16.4,60,1.8
0 days 01:51:34.773000,13.3,81.0,1000.9,False,16.5,47,1.2
0 days 01:52:34.758000,13.2,81.0,1000.9,False,16.6,69,1.2
0 days 01:53:34.756000,13.2,81.0,1000.7,False,16.6,77,1.8
0 days 01:54:34.760000,13.3,81.0,1000.9,False,16.4,74,1.7
0 days 01:55:34.755000,13.4,81.0,1000.7,False,16.4,46,1.5
0 days 01:56:34.760000,13.4,81.0,1000.7,False,16.5,64,1.6
0 days 01:57:34.753000,13.4,81.0,1000.7,False,16.6,68,2.4
0 days 01:58:34.755000,13.4,81.0,1000.7,False,16.6,68,1.8
0 days 01:59:34.757000,13.4,81.0,1000.7,False,16.7,78,2.0
0 days 02:00:34.759000,13.5,81.0,1000.7,False,16.7,74,2.0
0 days 02:01:34.759000,13.4,81.0,1000.9,False,16.7,91,2.2
0 days 02:02:34.760000,13.4,81.0,1000.9,False,16.6,61,2.4
0 days 02:03:34.750000,13.4,81.0,1000.7,False,16.5,70,1.7
0 days 02:04:34.757000,13.5,81.0,1000.7,False,16.5,78,2.2
0 days 02:05:34.755000,13.4,82.0,1000.7,False,16.5,78,1.3
0 days 02:06:34.758000,13.5,82.0,1000.7,False,16.6,89,1.5
0 days 02:07:34.758000,13.5,82.0,1000.7,False,16.7,70,1.5
0 days 02:08:34.757000,13.5,82.0,1000.7,False,16.7,69,2.0
0 days 02:09:34.755000,13.5,82.0,1000.7,False,16.6,83,1.6
0 days 02:10:34.755000,13.6,82.0,1000.7,False,16.6,64,1.7
0 days 02:11:34.756000,13.6,82.0,1000.7,False,16.7,37,1.5
0 days 02:12:34.758000,13.5,82.0,1000.7,False,16.7,66,1.7
0 days 02:13:34.765000,13.5,81.0,1000.7,False,16.8,70,1.7
0 days 02:14:34.754000,13.5,82.0,1000.7,False,16.9,59,1.6
0 days 02:15:34.756000,13.6,82.0,1000.7,False,17.0,53,1.6
0 days 02:16:34.754000,13.7,82.0,1000.7,False,17.0,59,2.4
0 days 02:17:34.772000,13.6,81.0,1000.7,False,17.0,59,1.3
0 days 02:18:34.773000,13.7,81.0,1000.7,False,17.0,79,2.0
0 days 02:19:34.830000,13.7,82.0,1000.9,False,17.0,72,2.2
0 days 02:20:34.786000,13.7,81.0,1000.7,False,16.9,78,2.0
0 days 02:21:34.804000,13.7,81.0,1000.7,False,16.8,70,1.7
0 days 02:22:34.818000,13.7,81.0,1000.9,False,16.8,71,1.7
0 days 02:23:34.838000,13.8,81.0,1000.9,False,16.7,60,2.5
0 days 02:24:34.852000,13.9,81.0,1000.7,False,16.7,77,2.0
0 days 02:25:34.841000,14.0,80.0,1000.7,False,16.6,62,1.7
0 days 02:26:34.858000,13.9,80.0,1000.7,False,16.5,62,2.0
0 days 02:27:34.866000,14.0,80.0,1000.9,False,16.5,86,1.5
0 days 02:28:34.909000,14.1,81.0,1000.7,False,16.5,70,1.5
0 days 02:29:34.870000,14.1,80.0,1000.9,False,16.5,47,1.6
0 days 02:30:34.879000,14.0,80.0,1000.9,False,16.6,66,1.3
0 days 02:31:34.881000,14.0,80.0,1000.9,False,16.6,68,1.2
0 days 02:32:34.886000,14.1,80.0,1000.9,False,16.4,31,1.2
0 days 02:33:34.880000,14.1,80.0,1000.9,False,16.6,32,0.6
0 days 02:34:34.893000,14.1,80.0,1000.7,False,16.7,38,1.1
0 days 02:35:34.884000,14.1,79.0,1000.7,False,16.7,61,1.0
0 days 02:36:34.882000,14.1,79.0,1000.9,False,16.8,4,1.6
0 days 02:37:34.881000,14.2,78.0,1000.7,False,16.8,96,0.6
0 days 00:00:27.904000,33.5,38.0,1009.0,False,53.6,16,0.6
0 days 00:01:27.909000,33.7,38.0,1009.0,False,53.6,40,0.6
0 days 00:02:27.909000,34.0,36.0,1009.0,False,53.8,13,0.8
0 days 00:03:27.911000,34.0,36.0,1009.0,False,53.9,47,1.2
0 days 00:04:27.909000,33.9,36.0,1009.0,False,53.9,101,1.2
0 days 00:05:27.911000,34.0,35.0,1009.0,False,53.9,62,1.3
0 days 00:06:27.909000,33.8,36.0,1008.7,False,53.1,119,2.5
0 days 00:07:27.910000,33.6,37.0,1008.7,False,53.0,78,2.4
0 days 00:08:27.908000,33.5,37.0,1008.7,False,52.9,78,3.2
0 days 00:09:27.909000,33.5,38.0,1008.9,False,53.1,78,3.2
0 days 00:10:27.910000,33.4,39.0,1008.7,False,53.1,85,2.5
0 days 00:11:27.911000,33.3,39.0,1008.7,False,53.1,39,1.2
0 days 00:12:27.912000,33.2,39.0,1008.9,False,52.9,0,2.2
0 days 00:13:27.914000,33.3,38.0,1009.0,False,53.2,83,1.2
0 days 00:14:27.911000,33.2,38.0,1008.7,False,53.3,73,3.0
0 days 00:15:27.920000,33.2,39.0,1008.9,False,53.2,159,1.2
0 days 00:16:27.910000,33.3,39.0,1008.9,False,53.2,23,1.2
0 days 00:17:27.920000,33.3,38.0,1008.7,False,53.7,337,1.6
0 days 00:18:27.910000,33.4,39.0,1008.7,False,53.7,350,1.6
0 days 00:19:27.909000,33.5,39.0,1008.7,False,53.2,328,2.2
0 days 00:20:27.910000,33.4,40.0,1008.7,False,50.9,310,2.2
0 days 00:21:27.907000,33.3,40.0,1008.7,False,50.3,348,2.2
0 days 00:22:27.910000,33.3,40.0,1008.9,False,49.6,333,2.9
0 days 00:23:27.913000,33.2,40.0,1008.7,False,49.5,44,2.0
0 days 00:24:27.912000,33.1,41.0,1008.7,False,49.1,327,0.8
0 days 00:25:27.910000,33.3,41.0,1008.7,False,50.4,326,1.5
0 days 00:26:27.918000,33.5,40.0,1008.7,False,51.8,0,2.4
0 days 00:27:27.913000,33.6,39.0,1008.7,False,51.9,328,1.3
0 days 00:28:27.924000,33.7,38.0,1008.5,False,51.9,52,1.3
0 days 00:29:27.910000,33.5,40.0,1008.5,False,50.8,80,0.8
0 days 00:30:27.912000,33.5,39.0,1008.5,False,50.8,343,1.5
0 days 00:31:27.909000,33.5,39.0,1008.5,False,51.0,19,1.7
0 days 00:32:27.921000,33.5,38.0,1008.5,False,52.3,113,2.2
0 days 00:33:27.910000,33.3,39.0,1008.4,False,51.1,353,1.2
0 days 00:34:27.919000,33.2,40.0,1008.5,False,50.8,342,1.6
0 days 00:35:27.910000,33.4,39.0,1008.5,False,51.8,339,1.7
0 days 00:36:27.914000,33.5,39.0,1008.5,False,51.8,351,1.2
0 days 00:37:27.902000,33.5,39.0,1008.5,False,52.0,78,0.8
0 days 00:38:27.910000,33.4,38.0,1008.5,False,51.8,84,1.1
0 days 00:39:27.912000,33.2,39.0,1008.5,False,51.7,75,1.6
0 days 00:40:27.910000,33.1,40.0,1008.5,False,51.2,128,3.0
0 days 00:41:27.913000,32.9,41.0,1008.5,False,50.3,115,1.7
0 days 00:42:27.912000,32.8,41.0,1008.5,False,50.4,88,2.5
0 days 00:43:27.913000,32.9,41.0,1008.5,False,50.4,87,2.2
0 days 00:44:27.909000,32.8,42.0,1008.5,False,50.4,308,2.0
0 days 00:45:27.920000,32.9,42.0,1008.4,False,51.1,305,3.2
0 days 00:46:27.911000,33.1,41.0,1008.4,False,51.3,69,2.2
0 days 00:47:27.913000,33.1,41.0,1008.4,False,51.5,344,1.2
0 days 00:48:27.911000,33.3,41.0,1008.2,False,51.1,323,1.7
0 days 00:49:27.911000,33.3,41.0,1008.2,False,51.1,160,1.7
0 days 00:50:27.913000,33.3,39.0,1008.2,False,51.1,85,1.3
0 days 00:51:27.921000,33.2,39.0,1008.2,False,50.8,58,1.3
0 days 00:52:27.902000,33.0,40.0,1008.2,False,50.4,99,1.0
0 days 00:53:27.912000,33.1,39.0,1008.2,False,50.3,0,2.0
0 days 00:54:27.913000,32.9,40.0,1008.4,False,50.2,338,0.8
0 days 00:55:27.910000,33.1,40.0,1008.2,False,50.3,1,1.3
0 days 00:56:27.911000,33.0,41.0,1008.4,False,49.7,27,1.3
0 days 00:57:27.910000,33.1,40.0,1008.4,False,49.7,310,1.8
0 days 00:58:27.911000,33.0,40.0,1008.4,False,50.4,336,1.0
0 days 00:59:27.910000,33.0,39.0,1008.2,False,50.5,347,1.6
0 days 01:00:27.912000,32.9,39.0,1008.4,False,49.8,69,1.2
0 days 01:01:27.918000,32.9,39.0,1008.4,False,49.6,132,2.2
0 days 01:02:27.913000,32.8,40.0,1008.4,False,50.0,59,0.6
0 days 01:03:27.929000,32.9,39.0,1008.4,False,50.0,143,2.2
0 days 01:04:27.911000,32.9,40.0,1008.2,False,50.4,358,1.0
0 days 01:05:27.912000,32.9,40.0,1008.4,False,49.9,98,1.7
0 days 01:06:27.920000,32.9,40.0,1008.4,False,49.9,57,2.2
0 days 01:07:27.912000,32.9,40.0,1008.5,False,49.9,343,2.2
0 days 01:08:27.916000,32.8,41.0,1008.4,False,50.0,1,2.2
0 days 01:09:27.913000,32.8,40.0,1008.2,False,50.0,359,1.5
0 days 01:10:27.915000,33.0,40.0,1008.2,False,49.7,0,1.6
0 days 01:11:27.911000,33.1,40.0,1008.4,False,49.8,48,0.8
0 days 01:12:27.911000,33.1,39.0,1008.2,False,49.8,82,2.0
0 days 01:13:27.919000,33.0,40.0,1008.4,False,49.8,122,2.5
0 days 01:14:27.922000,32.8,41.0,1008.5,False,49.4,202,2.4
0 days 01:15:27.911000,32.6,41.0,1008.5,False,49.4,79,1.0
0 days 01:16:27.914000,32.6,41.0,1008.4,False,49.4,240,1.5
0 days 01:17:27.912000,32.8,40.0,1008.5,False,49.8,100,1.3
0 days 01:18:27.905000,32.9,40.0,1008.4,False,49.8,58,1.8
0 days 01:19:27.916000,32.8,41.0,1008.5,False,49.4,136,2.5
0 days 00:00:30.789000,31.7,49.0,1010.0,True,42.8,322,3.5
0 days 00:01:30.783000,31.4,49.0,1010.0,True,42.8,322,3.5
0 days 00:02:30.788000,31.3,49.0,1010.0,True,42.8,322,3.5
0 days 00:03:30.789000,31.2,49.0,1010.0,True,42.8,322,3.5
0 days 00:04:30.788000,30.8,53.0,1010.0,True,36.2,312,2.7
0 days 00:05:30.788000,30.8,57.0,1010.0,True,36.6,311,2.5
0 days 00:06:30.789000,30.7,55.0,1010.0,True,37.5,301,2.2
0 days 00:07:30.788000,30.6,55.0,1010.0,True,38.0,302,1.8
0 days 00:08:30.788000,30.6,56.0,1010.0,True,38.9,293,2.0
0 days 00:09:30.802000,30.6,55.0,1010.0,False,39.7,283,2.2
0 days 00:10:30.790000,30.7,55.0,1010.0,False,41.1,300,2.5
0 days 00:11:30.800000,30.7,53.0,1010.0,False,43.4,289,2.9
0 days 00:12:30.788000,30.8,54.0,1010.0,False,43.7,289,1.8
0 days 00:13:30.787000,31.0,52.0,1009.9,False,45.7,311,2.2
0 days 00:14:30.788000,31.1,51.0,1009.9,False,45.9,330,2.2
0 days 00:15:30.791000,31.3,52.0,1010.0,False,47.1,283,1.6
0 days 00:16:30.788000,31.6,51.0,1009.9,False,48.3,301,1.7
0 days 00:17:30.788000,31.9,50.0,1009.9,False,48.3,320,1.6
0 days 00:18:30.798000,31.9,50.0,1009.9,False,46.8,297,1.3
0 days 00:19:30.790000,31.9,50.0,1009.9,False,45.1,291,2.2
0 days 00:20:30.797000,31.7,49.0,1009.9,False,44.8,319,2.2
0 days 00:21:30.788000,31.6,49.0,1009.9,False,45.1,324,1.6
0 days 00:22:30.787000,31.7,49.0,1009.7,False,45.1,0,1.2
0 days 00:23:30.789000,32.1,49.0,1009.7,False,46.2,288,1.2
0 days 00:24:30.788000,32.2,49.0,1009.7,False,46.2,315,1.5
0 days 00:25:30.795000,32.3,48.0,1009.7,False,46.0,321,1.7
0 days 00:26:30.806000,32.3,48.0,1009.7,False,46.3,332,1.6
0 days 00:27:30.804000,32.3,48.0,1009.9,False,46.6,47,0.6
0 days 00:28:30.803000,32.3,49.0,1009.9,False,46.6,8,1.1
0 days 00:29:30.807000,32.3,48.0,1009.7,False,47.6,329,0.8
0 days 00:30:30.827000,32.3,48.0,1009.7,False,46.8,51,1.3
0 days 00:31:30.836000,32.3,48.0,1009.7,False,45.9,314,1.2
0 days 00:32:30.836000,32.3,48.0,1009.7,False,45.0,0,1.8
0 days 00:33:30.841000,32.2,49.0,1009.7,False,43.9,349,0.8
0 days 00:34:30.835000,32.1,49.0,1009.5,False,43.8,325,1.8
0 days 00:35:30.836000,32.2,49.0,1009.7,False,44.3,322,1.7
0 days 00:36:30.835000,32.1,50.0,1009.5,False,44.4,316,3.0
0 days 00:37:30.842000,32.0,48.0,1009.5,False,44.4,269,2.0
0 days 00:38:30.836000,32.0,47.0,1009.7,False,45.1,333,0.4
0 days 00:39:30.835000,32.0,48.0,1009.5,False,45.5,289,1.7
0 days 00:40:30.835000,32.2,47.0,1009.7,False,45.5,285,2.2
0 days 00:41:30.853000,32.2,47.0,1009.5,False,45.1,292,1.8
0 days 00:42:30.853000,32.1,47.0,1009.5,False,45.1,300,2.5
0 days 00:43:30.853000,32.2,47.0,1009.5,False,45.1,313,2.0
0 days 00:44:30.855000,32.1,47.0,1009.5,False,44.3,310,1.5
0 days 00:45:30.873000,31.9,48.0,1009.5,False,43.2,320,1.7
0 days 00:46:30.875000,31.9,48.0,1009.5,False,43.2,316,2.0
0 days 00:47:30.882000,31.8,48.0,1009.4,False,43.0,20,1.2
0 days 00:48:30.896000,31.8,47.0,1009.5,False,42.8,63,1.2
0 days 00:49:30.912000,31.6,47.0,1009.4,False,42.8,33,1.2
0 days 00:50:30.912000,31.5,47.0,1009.5,False,42.6,53,0.8
0 days 00:51:30.928000,31.5,47.0,1009.5,False,42.7,43,0.8
0 days 00:52:30.963000,31.4,50.0,1009.5,False,42.5,42,2.2
0 days 00:53:30.949000,31.1,54.0,1009.5,False,41.2,44,1.0
0 days 00:54:30.960000,31.0,57.0,1009.5,False,39.9,0,0.6
0 days 00:55:30.961000,30.8,58.0,1009.5,False,39.9,94,0.5
0 days 00:56:30.963000,30.5,59.0,1009.5,False,39.6,100,1.5
0 days 00:57:30.975000,30.3,60.0,1009.5,False,39.1,147,1.7
0 days 00:58:30.976000,30.2,61.0,1009.7,False,38.9,156,1.8
0 days 00:59:30.976000,30.0,63.0,1009.5,False,38.1,147,1.2
0 days 01:00:30.981000,30.0,63.0,1009.5,False,38.2,127,1.7
0 days 01:01:31.006000,30.1,64.0,1009.5,False,39.0,161,1.0
0 days 01:02:31.021000,30.2,64.0,1009.7,False,39.0,156,2.5
0 days 01:03:31.037000,30.2,63.0,1009.7,False,39.7,119,2.0
0 days 01:04:31.039000,30.2,63.0,1009.4,False,39.7,150,1.6
0 days 01:05:31.048000,30.4,62.0,1009.5,False,40.4,140,1.7
0 days 01:06:31.038000,30.7,62.0,1009.2,False,42.4,153,1.7
0 days 01:07:31.041000,31.0,61.0,1009.2,False,44.0,94,2.5
0 days 01:08:31.038000,31.3,60.0,1009.4,False,46.5,165,1.7
0 days 01:09:31.047000,31.4,59.0,1009.4,False,46.5,139,2.2
0 days 01:10:31.045000,31.3,60.0,1009.2,False,46.4,142,2.0
0 days 01:11:31.038000,31.3,61.0,1009.4,False,46.0,161,2.4
0 days 01:12:31.038000,31.4,61.0,1009.4,False,46.0,89,1.5
0 days 01:13:31.038000,31.5,60.0,1009.4,False,46.3,182,1.2
0 days 01:14:31.040000,31.7,60.0,1009.2,False,48.1,152,2.2
0 days 01:15:31.038000,31.7,59.0,1009.2,False,46.7,104,2.7
0 days 01:16:31.038000,31.6,60.0,1009.2,False,46.7,163,1.7
0 days 01:17:31.031000,31.6,59.0,1009.2,False,46.6,118,1.7
0 days 01:18:31.039000,31.3,60.0,1009.2,False,45.0,110,2.4
0 days 01:19:31.038000,31.1,60.0,1009.2,False,44.9,117,1.7
0 days 01:20:31.037000,31.0,61.0,1009.2,False,44.9,148,2.0
0 days 01:21:31.038000,30.9,60.0,1009.2,False,45.6,99,2.7
0 days 01:22:31.037000,30.7,61.0,1009.2,False,45.2,182,2.2
0 days 01:23:31.042000,30.6,61.0,1009.2,False,45.2,155,2.2
0 days 01:24:31.038000,30.5,60.0,1009.2,False,45.2,181,2.5
0 days 01:25:31.039000,30.3,60.0,1009.2,False,46.5,148,3.5
0 days 01:26:31.059000,30.2,61.0,1009.2,False,45.1,133,2.2
0 days 01:27:31.098000,30.0,62.0,1009.2,False,44.8,151,2.7
0 days 01:28:31.085000,30.2,62.0,1009.2,False,45.7,161,1.7
0 days 01:29:31.082000,30.2,62.0,1009.2,False,45.3,165,2.2
0 days 01:30:31.086000,30.2,63.0,1009.2,False,44.7,155,1.7
0 days 01:31:31.086000,30.1,62.0,1009.2,False,43.3,128,2.2
0 days 01:32:31.085000,30.0,62.0,1009.2,False,42.9,155,2.2
0 days 01:33:31.086000,29.9,63.0,1009.4,False,42.6,142,3.5
0 days 01:34:31.095000,29.8,64.0,1009.4,False,42.6,136,2.5
0 days 01:35:31.089000,29.7,64.0,1009.2,False,42.3,106,2.4
0 days 01:36:31.088000,29.8,64.0,1009.2,False,42.3,109,4.0
0 days 01:37:31.086000,29.7,64.0,1009.4,False,42.4,153,3.4
0 days 01:38:31.114000,29.8,63.0,1009.0,False,42.1,154,2.7
0 days 01:39:31.101000,29.9,63.0,1009.2,False,42.3,112,3.2
0 days 01:40:31.100000,30.0,63.0,1009.2,False,42.1,100,3.5
0 days 01:41:31.116000,30.0,64.0,1009.2,False,42.5,149,3.7
0 days 01:42:31.133000,30.0,64.0,1009.0,False,43.7,139,2.5
0 days 01:43:31.131000,30.1,64.0,1009.2,False,44.1,104,1.8
0 days 01:44:31.133000,30.2,63.0,1009.2,False,44.5,160,2.0
0 days 01:45:31.131000,30.2,63.0,1009.0,False,44.5,164,3.4
0 days 01:46:31.135000,30.3,62.0,1009.2,False,46.4,177,4.1
0 days 01:47:31.136000,30.1,63.0,1009.0,False,46.4,158,3.5
0 days 01:48:31.158000,30.0,63.0,1009.0,False,45.6,171,4.6
0 days 01:49:31.135000,30.0,63.0,1009.2,False,45.1,163,3.7
0 days 01:50:31.152000,29.9,63.0,1009.0,False,43.8,114,5.0
0 days 01:51:31.167000,29.8,63.0,1009.2,False,43.8,176,3.2
0 days 01:52:31.168000,29.9,63.0,1009.0,False,45.0,129,3.5
0 days 01:53:31.155000,29.8,63.0,1009.0,False,44.3,167,2.7
0 days 01:54:31.168000,29.9,64.0,1009.2,False,44.3,128,3.7
0 days 01:55:31.180000,29.9,64.0,1009.0,False,44.3,142,3.0
0 days 01:56:31.196000,29.8,63.0,1009.0,False,43.0,125,3.0
0 days 01:57:31.202000,29.6,64.0,1009.0,False,42.1,128,3.2
0 days 01:58:31.202000,29.5,64.0,1009.0,False,41.8,136,3.7
0 days 01:59:31.212000,29.4,64.0,1009.0,False,41.8,160,3.4
0 days 02:00:31.225000,29.4,65.0,1009.0,False,41.0,106,2.7
0 days 02:01:31.242000,29.6,64.0,1009.0,False,41.7,112,3.4
0 days 02:02:31.257000,29.6,64.0,1009.0,False,41.7,131,2.9
0 days 02:03:31.262000,29.7,64.0,1008.9,False,42.9,164,2.4
0 days 02:04:31.262000,29.8,63.0,1009.0,False,42.7,149,2.7
0 days 02:05:31.272000,29.8,63.0,1008.9,False,41.4,155,2.9
0 days 02:06:31.269000,29.9,64.0,1008.9,False,41.4,114,2.7
0 days 02:07:31.285000,29.8,64.0,1008.9,False,41.1,138,3.0
0 days 02:08:31.291000,29.9,64.0,1008.9,False,41.1,148,3.4
0 days 02:09:31.280000,29.9,65.0,1009.0,False,40.4,128,2.2
0 days 02:10:31.288000,29.8,65.0,1008.9,False,40.5,125,3.0
0 days 02:11:31.287000,29.7,66.0,1009.0,False,40.2,137,2.5
0 days 02:12:31.285000,29.6,66.0,1008.9,False,40.2,150,2.5
0 days 02:13:31.288000,29.5,66.0,1009.0,False,40.3,167,3.2
0 days 02:14:31.286000,29.5,66.0,1008.9,False,40.6,158,3.0
0 days 02:15:31.288000,29.4,66.0,1008.9,False,40.3,169,2.7
0 days 02:16:31.290000,29.5,65.0,1008.7,False,40.1,166,3.4
0 days 02:17:31.290000,29.5,66.0,1008.7,False,39.8,151,3.0
0 days 02:18:31.287000,29.5,66.0,1008.7,False,39.6,128,2.9
0 days 02:19:31.288000,29.5,67.0,1008.9,False,40.4,150,2.2
0 days 02:20:31.288000,29.5,67.0,1008.7,False,40.5,107,2.4
0 days 02:21:31.301000,29.6,67.0,1008.7,False,40.7,174,2.0
0 days 02:22:31.293000,29.5,66.0,1008.9,False,40.7,150,2.0
0 days 02:23:31.288000,29.6,66.0,1008.7,False,39.8,116,2.4
0 days 02:24:31.289000,29.6,66.0,1008.7,False,39.6,150,2.2
0 days 02:25:31.288000,29.7,66.0,1008.7,False,39.5,131,1.8
0 days 02:26:31.300000,29.7,66.0,1008.7,False,39.5,158,2.0
0 days 02:27:31.287000,29.6,67.0,1008.7,False,38.6,166,1.7
0 days 02:28:31.291000,29.6,67.0,1008.7,False,38.7,153,1.8
0 days 02:29:31.287000,29.7,67.0,1008.7,False,39.2,151,2.7
0 days 02:30:31.288000,29.7,65.0,1008.7,False,39.4,154,2.4
0 days 02:31:31.313000,29.5,66.0,1008.7,False,38.5,100,2.7
0 days 02:32:31.288000,29.5,66.0,1008.9,False,38.5,86,2.7
0 days 02:33:31.287000,29.4,67.0,1008.7,False,38.5,91,1.1
0 days 02:34:31.292000,29.6,67.0,1008.7,False,39.2,122,1.7
0 days 02:35:31.305000,29.6,66.0,1008.9,False,39.2,125,2.7
0 days 02:36:31.323000,29.7,67.0,1008.9,False,39.7,136,2.5
0 days 02:37:31.353000,29.7,67.0,1008.9,False,40.0,69,1.7
0 days 02:38:31.368000,29.7,67.0,1008.9,False,40.6,119,2.5
0 days 02:39:31.380000,29.8,67.0,1008.7,False,41.3,146,2.4
0 days 02:40:31.396000,29.9,66.0,1008.7,False,41.0,142,1.7
0 days 02:41:31.381000,30.0,66.0,1008.7,False,40.8,124,2.5
0 days 00:00:08.634000,34.5,21.0,1004.0,False,47.9,178,3.0
0 days 00:01:08.633000,34.6,21.0,1003.7,False,47.4,177,3.2
0 days 00:02:08.633000,34.5,22.0,1003.9,False,47.3,166,2.4
0 days 00:03:08.636000,34.4,22.0,1003.9,False,47.5,168,2.9
0 days 00:04:08.640000,34.5,21.0,1003.7,False,47.5,169,2.5
0 days 00:05:08.635000,34.3,21.0,1003.9,False,47.2,157,3.0
0 days 00:06:08.636000,34.5,21.0,1003.7,False,47.4,190,3.5
0 days 00:07:08.639000,34.6,21.0,1003.7,False,47.3,180,3.2
0 days 00:08:08.637000,34.6,21.0,1003.7,False,47.1,173,3.0
0 days 00:09:08.634000,34.5,21.0,1003.7,False,47.0,170,3.4
0 days 00:10:08.633000,34.3,21.0,1003.7,False,46.9,122,3.7
0 days 00:11:08.635000,34.1,22.0,1003.7,False,47.0,166,3.9
0 days 00:12:08.636000,34.1,20.0,1003.7,False,47.0,169,3.4
0 days 00:13:08.634000,34.2,21.0,1003.7,False,47.0,179,3.7
0 days 00:14:08.635000,34.4,21.0,1003.5,False,47.0,181,3.4
0 days 00:15:08.636000,34.5,20.0,1003.7,False,47.0,180,3.5
0 days 00:16:08.637000,34.5,21.0,1003.5,False,47.3,183,3.9
0 days 00:17:08.636000,34.5,21.0,1003.5,False,47.9,160,3.0
0 days 00:18:08.634000,34.5,21.0,1003.5,False,47.4,175,2.9
0 days 00:19:08.647000,34.6,21.0,1003.5,False,47.6,168,2.2
0 days 00:20:08.642000,34.5,20.0,1003.5,False,47.6,166,2.5
0 days 00:21:08.635000,34.5,21.0,1003.5,False,47.6,169,1.6
0 days 00:22:08.634000,34.5,20.0,1003.5,False,47.7,0,2.7
0 days 00:23:08.637000,34.6,20.0,1003.5,False,47.9,166,1.5
0 days 00:24:08.649000,34.6,20.0,1003.5,False,47.6,189,2.9
0 days 00:25:08.641000,34.6,20.0,1003.5,False,47.5,162,2.7
0 days 00:26:08.636000,34.7,20.0,1003.5,False,47.3,161,3.2
0 days 00:27:08.638000,34.8,20.0,1003.5,False,47.3,119,1.8
0 days 00:28:08.634000,34.9,20.0,1003.5,False,47.3,197,2.2
0 days 00:29:08.636000,34.9,18.0,1003.4,False,47.7,190,3.9
0 days 00:30:08.641000,35.0,18.0,1003.5,False,47.8,185,3.0
0 days 00:31:08.638000,34.9,18.0,1003.4,False,47.8,164,3.0
0 days 00:32:08.637000,35.1,18.0,1003.4,False,47.8,191,4.0
0 days 00:33:08.625000,35.0,18.0,1003.4,False,47.5,170,3.7
0 days 00:34:08.637000,35.0,18.0,1003.4,False,47.5,116,2.5
0 days 00:35:08.634000,34.8,18.0,1003.5,False,47.4,177,1.0
0 days 00:36:08.637000,34.8,17.0,1003.4,False,47.4,177,3.9
0 days 00:37:08.659000,34.8,18.0,1003.2,False,47.0,193,3.9
0 days 00:38:08.653000,34.7,18.0,1003.4,False,46.7,167,3.4
0 days 00:39:08.693000,34.7,18.0,1003.4,False,46.7,186,3.0
0 days 00:40:08.669000,34.7,18.0,1003.4,False,46.7,184,3.2
0 days 00:41:08.687000,34.6,18.0,1003.2,False,46.7,189,3.5
0 days 00:42:08.687000,34.6,18.0,1003.4,False,47.0,193,4.0
0 days 00:43:08.686000,34.7,18.0,1003.2,False,47.0,208,3.2
0 days 00:44:08.687000,34.6,18.0,1003.4,False,47.2,192,3.2
0 days 00:45:08.706000,34.6,18.0,1003.4,False,47.4,183,2.7
0 days 00:46:08.714000,34.7,18.0,1003.2,False,47.4,180,2.0
0 days 00:47:08.717000,34.7,18.0,1003.2,False,47.4,180,2.0
0 days 00:48:08.731000,34.8,18.0,1003.2,False,47.4,170,3.0
0 days 00:49:08.732000,34.8,18.0,1003.2,False,47.6,132,1.7
0 days 00:50:08.764000,35.0,17.0,1003.2,False,47.6,168,1.5
0 days 00:51:08.765000,35.0,17.0,1003.2,False,47.8,189,2.7
0 days 00:52:08.779000,35.1,16.0,1003.2,False,47.6,184,2.5
0 days 00:53:08.779000,35.2,16.0,1003.2,False,47.6,188,3.7
0 days 00:54:08.779000,35.0,17.0,1003.2,False,47.6,154,3.5
0 days 00:55:08.779000,34.7,17.0,1003.2,False,46.8,174,3.7
0 days 00:56:08.780000,34.7,17.0,1003.2,False,46.9,173,3.0
0 days 00:57:08.782000,34.6,18.0,1003.2,False,46.9,188,3.0
0 days 00:58:08.779000,34.7,18.0,1003.2,False,47.1,194,4.0
0 days 00:59:08.826000,34.8,18.0,1003.2,False,47.1,189,3.7
0 days 01:00:08.779000,34.9,18.0,1003.2,False,47.1,169,3.2
0 days 01:01:08.799000,34.8,18.0,1003.2,False,47.0,175,2.9
0 days 01:02:08.814000,34.8,18.0,1003.2,False,46.8,166,2.7
0 days 01:03:08.808000,34.7,18.0,1003.2,False,46.7,133,2.4
0 days 01:04:08.821000,34.7,18.0,1003.2,False,46.8,192,1.7
0 days 01:05:08.820000,34.6,17.0,1003.2,False,47.1,183,3.0
0 days 01:06:08.825000,34.5,17.0,1003.2,False,46.9,182,3.9
0 days 01:07:08.817000,34.6,17.0,1003.2,False,46.9,197,3.0
0 days 01:08:08.810000,34.7,17.0,1003.2,False,47.0,159,3.7
0 days 01:09:08.823000,34.8,17.0,1003.0,False,46.9,178,2.7
0 days 01:10:08.827000,34.7,17.0,1003.0,False,46.6,189,3.0
0 days 01:11:08.823000,34.7,17.0,1003.0,False,46.6,168,3.5
0 days 01:12:08.827000,34.7,17.0,1003.0,False,46.7,171,3.2
0 days 01:13:08.842000,34.8,18.0,1003.0,False,46.5,155,4.0
0 days 01:14:08.867000,34.6,18.0,1002.9,False,46.5,186,3.5
0 days 01:15:08.843000,34.7,17.0,1002.9,False,46.6,157,3.5
0 days 01:16:08.858000,34.6,18.0,1002.9,False,46.6,159,2.2
0 days 01:17:08.875000,34.7,17.0,1002.9,False,46.6,161,3.9
0 days 00:00:13.023000,36.3,8.0,996.9,False,48.3,196,3.2
0 days 00:01:13.014000,36.2,8.0,996.9,False,48.4,190,3.5
0 days 00:02:13.011000,36.1,8.0,996.7,False,48.6,170,3.5
0 days 00:03:13.038000,36.1,7.0,996.7,False,48.8,155,4.0
0 days 00:04:13.041000,36.1,7.0,996.7,False,48.8,183,5.5
0 days 00:05:13.040000,36.1,7.0,996.7,False,48.4,182,5.5
0 days 00:06:13.053000,36.0,7.0,996.7,False,48.3,164,5.0
0 days 00:07:13.053000,36.1,8.0,996.9,False,48.3,170,4.4
0 days 00:08:13.054000,36.1,7.0,996.7,False,48.3,191,3.5
0 days 00:09:13.070000,36.1,8.0,996.7,False,48.4,195,4.6
0 days 00:10:13.084000,36.3,8.0,996.9,False,48.4,189,4.8
0 days 00:11:13.105000,36.2,8.0,996.7,False,48.4,192,4.8
0 days 00:12:13.126000,36.0,8.0,996.7,False,48.3,190,4.8
0 days 00:13:13.121000,35.9,8.0,996.7,False,48.4,182,4.5
0 days 00:14:13.130000,36.0,8.0,996.7,False,48.5,178,3.9
0 days 00:15:13.137000,36.0,8.0,996.7,False,48.5,187,4.0
0 days 00:16:13.128000,36.0,9.0,996.7,False,48.5,200,1.5
0 days 00:17:13.138000,36.1,9.0,996.7,False,48.8,207,3.2
0 days 00:18:13.128000,36.2,8.0,996.5,False,48.8,190,4.0
0 days 00:19:13.128000,36.3,8.0,996.7,False,48.8,186,4.8
0 days 00:20:13.138000,36.3,8.0,996.7,False,48.7,191,4.0
0 days 00:21:13.121000,36.2,8.0,996.7,False,48.7,192,4.0
0 days 00:22:13.134000,36.2,8.0,996.5,False,48.7,178,3.2
0 days 00:23:13.141000,36.4,7.0,996.7,False,48.8,194,5.0
0 days 00:24:13.138000,36.4,7.0,996.7,False,48.7,189,4.0
0 days 00:25:13.131000,36.3,7.0,996.7,False,48.8,195,4.6
0 days 00:26:13.496000,36.2,8.0,996.7,False,48.8,195,3.0
0 days 00:27:13.131000,36.3,8.0,996.5,False,48.7,195,4.0
0 days 00:28:13.130000,36.3,8.0,996.5,False,48.7,187,4.0
0 days 00:29:13.131000,36.3,8.0,996.5,False,48.7,209,3.0
0 days 00:30:13.130000,36.2,7.0,996.5,False,48.9,190,3.7
0 days 00:31:13.135000,36.4,8.0,996.5,False,48.9,180,2.7
0 days 00:32:13.149000,36.3,7.0,996.5,False,48.9,171,4.9
0 days 00:33:13.136000,36.2,7.0,996.5,False,48.8,168,3.0
0 days 00:34:13.131000,36.3,7.0,996.5,False,48.7,161,5.0
0 days 00:35:13.134000,36.2,7.0,996.5,False,48.6,186,5.0
0 days 00:36:13.129000,36.1,7.0,996.5,False,48.6,180,4.8
0 days 00:37:13.131000,36.1,7.0,996.5,False,48.7,198,4.6
0 days 00:38:13.137000,36.0,7.0,996.5,False,48.8,194,3.0
0 days 00:39:13.131000,36.1,7.0,996.5,False,49.0,180,2.7
0 days 00:40:13.142000,36.1,7.0,996.4,False,49.1,183,4.3
0 days 00:41:13.130000,36.2,7.0,996.5,False,49.2,182,5.0
0 days 00:42:13.136000,36.2,7.0,996.5,False,49.1,167,5.0
0 days 00:43:13.129000,36.3,7.0,996.5,False,48.9,213,2.5
0 days 00:44:13.128000,36.3,7.0,996.5,False,49.1,181,3.0
0 days 00:45:13.132000,36.3,7.0,996.2,False,49.0,157,4.5
0 days 00:46:13.130000,36.3,7.0,996.4,False,49.1,193,4.5
0 days 00:47:13.129000,36.4,7.0,996.4,False,49.1,197,4.9
0 days 00:48:13.521000,36.4,7.0,996.4,False,49.1,184,4.5
0 days 00:49:13.131000,36.2,7.0,996.4,False,49.1,182,3.9
0 days 00:50:13.133000,36.2,7.0,996.4,False,49.1,185,4.0
0 days 00:51:13.131000,36.1,6.0,996.4,False,49.1,191,4.8
0 days 00:52:13.137000,36.2,7.0,996.5,False,49.1,180,4.4
0 days 00:53:13.134000,36.2,7.0,996.2,False,49.1,174,4.0
0 days 00:54:13.130000,36.2,6.0,996.5,False,49.2,184,3.5
0 days 00:55:13.137000,36.2,7.0,996.2,False,49.1,186,4.6
0 days 00:56:13.128000,36.3,7.0,996.2,False,49.2,196,4.8
0 days 00:57:13.130000,36.3,7.0,996.4,False,49.2,180,4.0
0 days 00:58:13.138000,36.4,7.0,996.2,False,49.3,187,3.0
0 days 00:59:13.129000,36.4,7.0,996.2,False,49.3,175,4.5
0 days 01:00:13.129000,36.4,7.0,996.0,False,49.3,182,3.0
0 days 01:01:13.129000,36.5,7.0,996.2,False,49.3,174,3.4
0 days 01:02:13.136000,36.6,7.0,996.2,False,49.3,163,3.2
0 days 01:03:13.132000,36.6,6.0,996.2,False,49.3,170,4.0
0 days 01:04:13.131000,36.7,7.0,996.2,False,49.4,174,2.7
0 days 01:05:13.140000,36.7,7.0,996.2,False,49.4,178,2.9
0 days 01:06:13.134000,36.9,6.0,996.2,False,49.4,194,3.5
0 days 01:07:13.133000,36.9,6.0,996.0,False,49.4,177,4.4
0 days 01:08:13.134000,37.0,6.0,996.2,False,49.5,187,3.2
0 days 01:09:13.132000,37.0,6.0,996.0,False,49.3,178,3.7
0 days 01:10:13.132000,37.0,6.0,996.0,False,49.3,172,2.9
0 days 01:11:13.131000,36.9,6.0,996.2,False,49.5,113,3.5
0 days 01:12:13.131000,36.8,6.0,996.0,False,49.5,190,2.4
0 days 01:13:13.124000,37.0,6.0,996.2,False,49.5,167,3.2
0 days 01:14:13.132000,37.0,6.0,996.2,False,49.5,180,3.2
0 days 01:15:13.131000,36.9,6.0,996.2,False,49.3,195,3.7
0 days 01:16:13.130000,37.0,6.0,996.0,False,49.6,181,2.5
0 days 01:17:13.134000,37.0,6.0,996.0,False,49.7,185,4.3
0 days 01:18:13.130000,36.9,6.0,996.0,False,49.7,182,4.0
0 days 01:19:13.129000,37.0,6.0,996.2,False,49.7,191,4.4
0 days 01:20:13.132000,37.0,6.0,996.0,False,49.7,196,3.2
0 days 01:21:13.131000,37.0,6.0,996.0,False,49.7,189,3.2
0 days 01:22:13.136000,36.9,6.0,996.0,False,49.7,184,3.9
0 days 01:23:13.137000,36.8,6.0,995.9,False,49.7,179,3.5
0 days 01:24:13.133000,36.8,5.0,995.9,False,49.7,188,4.5
0 days 01:25:13.133000,36.7,6.0,996.0,False,49.7,195,4.5
0 days 01:26:13.143000,36.6,6.0,996.0,False,49.7,193,3.2
0 days 01:27:13.134000,36.7,6.0,996.0,False,49.7,168,2.5
0 days 01:28:13.136000,36.9,6.0,996.0,False,49.7,184,3.2
0 days 01:29:13.135000,37.2,5.0,995.7,False,49.7,172,3.5
0 days 01:30:13.155000,37.1,5.0,996.0,False,49.7,164,3.4
0 days 01:31:13.151000,37.1,6.0,996.0,False,49.7,190,2.5
0 days 01:32:13.152000,37.1,5.0,995.9,False,49.7,193,3.9
0 days 01:33:13.168000,37.0,6.0,996.0,False,49.0,189,3.5
0 days 01:34:13.183000,37.1,6.0,995.9,False,49.0,159,2.5
0 days 01:35:13.201000,37.0,6.0,995.7,False,49.0,190,2.5
0 days 01:36:13.213000,37.1,6.0,995.9,False,49.5,126,2.0
0 days 01:37:13.227000,37.1,6.0,995.9,False,49.4,171,4.3
0 days 01:38:13.227000,37.0,6.0,995.7,False,49.4,176,2.7
0 days 01:39:13.228000,37.0,6.0,995.7,False,49.4,139,2.5
0 days 01:40:13.226000,37.0,6.0,995.7,False,49.4,161,2.2
0 days 01:41:13.238000,37.0,7.0,995.7,False,49.4,192,1.0
0 days 01:42:13.251000,37.0,7.0,995.9,False,49.4,173,2.2
0 days 01:43:13.226000,37.0,6.0,995.9,False,49.4,180,3.4
0 days 01:44:13.227000,37.0,7.0,995.7,False,49.4,151,3.5
0 days 01:45:13.243000,37.2,7.0,995.7,False,49.3,174,3.7
0 days 01:46:13.259000,37.2,6.0,995.7,False,49.3,180,4.3
0 days 01:47:13.242000,37.2,6.0,995.7,False,49.3,180,4.3
0 days 01:48:13.257000,37.2,6.0,995.7,False,49.3,201,3.5
0 days 01:49:13.258000,37.1,6.0,995.9,False,49.5,190,2.2
0 days 01:50:13.258000,37.1,6.0,995.9,False,49.5,195,4.6
0 days 01:51:13.263000,37.0,6.0,995.9,False,49.5,191,3.7
0 days 01:52:13.258000,36.7,6.0,995.9,False,49.3,192,4.5
0 days 01:53:13.262000,36.7,7.0,995.7,False,49.2,180,2.9
0 days 01:54:13.258000,36.7,7.0,995.7,False,49.1,165,3.2
0 days 01:55:13.279000,36.6,7.0,995.7,False,49.1,169,3.0
0 days 01:56:13.262000,36.6,7.0,995.7,False,49.0,151,3.0
0 days 01:57:13.261000,36.6,7.0,995.7,False,49.0,173,2.7
0 days 01:58:13.263000,36.8,7.0,995.7,False,49.3,174,3.5
0 days 01:59:13.258000,36.9,7.0,995.5,False,49.1,193,3.7
0 days 02:00:13.259000,36.7,7.0,995.7,False,49.1,155,3.7
0 days 02:01:13.260000,36.8,8.0,995.5,False,49.1,154,2.0
0 days 02:02:13.259000,36.8,8.0,995.7,False,49.0,155,3.2
0 days 02:03:13.289000,36.6,8.0,995.7,False,49.0,175,3.5
0 days 02:04:13.275000,36.6,7.0,995.7,False,49.0,172,3.7
0 days 02:05:13.281000,36.6,7.0,995.5,False,49.0,185,3.0
0 days 02:06:13.284000,36.6,8.0,995.5,False,48.7,192,2.5
0 days 02:07:13.298000,36.6,8.0,995.5,False,48.9,175,3.2
0 days 02:08:13.333000,36.6,8.0,995.5,False,49.1,185,2.4
0 days 02:09:13.309000,36.7,8.0,995.5,False,49.1,168,3.0
0 days 02:10:13.307000,36.8,8.0,995.5,False,49.1,170,3.0
0 days 02:11:13.321000,36.8,7.0,995.5,False,49.0,191,2.9
0 days 02:12:13.320000,36.8,7.0,995.5,False,49.0,147,2.7
0 days 02:13:13.340000,36.6,7.0,995.5,False,49.0,185,2.0
0 days 02:14:13.398000,36.6,8.0,995.5,False,49.0,200,1.7
0 days 02:15:13.366000,36.5,8.0,995.5,False,49.0,155,1.3
0 days 02:16:13.354000,36.8,8.0,995.5,False,48.8,152,2.2
0 days 02:17:13.353000,36.9,7.0,995.4,False,48.8,164,3.2
0 days 02:18:13.355000,36.9,7.0,995.5,False,48.8,164,3.4
0 days 02:19:13.350000,36.9,7.0,995.4,False,48.9,166,2.7
0 days 02:20:13.368000,36.9,7.0,995.5,False,48.9,172,3.7
0 days 02:21:13.378000,36.7,7.0,995.4,False,48.8,168,2.7
0 days 02:22:13.388000,36.6,8.0,995.4,False,48.5,137,2.0
0 days 02:23:13.396000,36.6,8.0,995.4,False,48.4,194,2.2
0 days 02:24:13.390000,36.5,9.0,995.4,False,48.3,109,2.5
0 days 02:25:13.386000,36.5,9.0,995.4,False,48.3,176,2.2
0 days 02:26:13.386000,36.4,8.0,995.2,False,48.4,192,2.0
0 days 02:27:13.386000,36.3,8.0,995.5,False,48.4,191,3.5
0 days 02:28:13.386000,36.3,7.0,995.4,False,48.4,194,5.5
0 days 02:29:13.386000,36.3,8.0,995.2,False,48.3,187,4.5
0 days 02:30:13.401000,36.3,9.0,995.4,False,48.3,161,2.7
0 days 02:31:13.427000,36.4,9.0,995.2,False,48.2,162,2.7
0 days 02:32:13.418000,36.4,11.0,995.2,False,48.1,119,2.4
0 days 02:33:13.416000,36.5,9.0,995.2,False,47.9,173,3.2
0 days 02:34:13.418000,36.5,9.0,995.4,False,48.0,145,4.5
0 days 02:35:13.415000,36.5,8.0,995.2,False,48.0,179,4.3
0 days 02:36:13.431000,36.4,8.0,995.4,False,48.0,156,3.2
0 days 02:37:13.433000,36.5,8.0,995.2,False,47.9,168,2.7
0 days 02:38:13.432000,36.4,7.0,995.2,False,48.1,162,4.3
0 days 02:39:13.439000,36.4,7.0,995.2,False,48.1,169,4.1
0 days 02:40:13.438000,36.4,8.0,995.2,False,47.8,189,3.5
0 days 02:41:13.440000,36.6,8.0,995.2,False,47.8,69,2.2
0 days 02:42:13.432000,36.7,9.0,995.2,False,47.9,118,1.6
0 days 02:43:13.464000,36.7,11.0,995.2,False,47.6,150,1.5
0 days 00:00:59.917000,27.6,37.0,1004.0,False,55.3,344,0.8
0 days 00:01:59.913000,27.6,37.0,1004.0,False,55.3,3,0.8
0 days 00:02:59.934000,27.6,38.0,1004.0,False,54.8,328,0.6
0 days 00:03:59.929000,27.6,39.0,1004.0,False,54.8,313,1.0
0 days 00:04:59.925000,27.5,39.0,1004.2,False,53.0,303,1.1
0 days 00:05:59.934000,27.4,39.0,1004.0,False,51.7,238,0.8
0 days 00:06:59.968000,27.2,38.0,1004.2,False,51.3,98,0.8
0 days 00:07:59.982000,27.0,42.0,1004.2,False,50.4,195,1.3
0 days 00:08:59.972000,26.6,45.0,1004.2,False,48.7,0,1.5
0 days 00:09:59.967000,26.3,45.0,1004.2,False,48.4,176,0.8
0 days 00:10:59.972000,26.2,45.0,1004.2,False,48.0,201,0.6
0 days 00:11:59.973000,26.0,45.0,1004.2,False,47.8,187,1.1
0 days 00:12:59.969000,25.9,47.0,1004.2,False,47.7,45,0.6
0 days 00:13:59.984000,25.9,50.0,1004.0,False,47.5,181,0.6
0 days 00:14:59.979000,25.9,52.0,1004.2,False,47.3,0,0.8
0 days 00:15:59.975000,25.8,54.0,1004.2,False,47.2,0,0.5
0 days 00:16:59.998000,25.7,49.0,1004.0,False,47.3,0,0.0
0 days 00:17:59.999000,25.7,53.0,1004.2,False,47.3,131,0.6
0 days 00:19:00.005000,25.7,53.0,1004.2,False,47.0,0,0.6
0 days 00:20:00.019000,25.9,55.0,1004.0,False,47.1,164,0.6
0 days 00:21:00.005000,25.8,52.0,1004.2,False,46.5,146,0.5
0 days 00:22:00.009000,26.0,54.0,1004.0,False,46.4,223,0.4
0 days 00:23:00.042000,26.1,52.0,1004.2,False,46.4,131,0.5
0 days 00:24:00.034000,26.3,52.0,1004.0,False,46.4,128,0.6
0 days 00:25:00.032000,26.3,51.0,1004.0,False,46.2,200,0.5
0 days 00:26:00.053000,26.4,48.0,1004.0,False,46.3,58,0.6
0 days 00:27:00.052000,26.5,44.0,1004.0,False,46.7,193,0.6
0 days 00:28:00.052000,26.5,45.0,1004.0,False,46.7,182,1.1
0 days 00:29:00.060000,26.6,47.0,1004.0,False,45.9,184,0.8
0 days 00:30:00.052000,26.6,50.0,1004.0,False,45.6,275,0.6
0 days 00:31:00.056000,26.6,50.0,1004.0,False,45.6,275,0.6
0 days 00:32:00.051000,26.5,51.0,1004.0,False,45.6,210,1.1
0 days 00:33:00.070000,26.5,53.0,1003.9,False,45.7,0,1.6
0 days 00:34:00.064000,26.5,52.0,1003.9,False,45.4,287,0.4
0 days 00:35:00.047000,26.5,52.0,1003.7,False,45.4,280,0.8
0 days 00:36:00.061000,26.2,51.0,1003.7,False,45.0,0,1.0
0 days 00:37:00.080000,26.0,51.0,1003.9,False,44.9,254,0.0
0 days 00:38:00.073000,25.9,51.0,1003.7,False,44.9,297,0.6
0 days 00:39:00.093000,25.8,52.0,1003.7,False,45.0,137,0.5
0 days 00:40:00.123000,26.0,52.0,1003.7,False,45.3,178,0.6
0 days 00:41:00.117000,26.3,48.0,1003.5,False,47.9,308,0.6
0 days 00:42:00.127000,26.5,48.0,1003.5,False,47.9,308,0.6
0 days 00:43:00.121000,26.5,48.0,1003.5,False,48.9,271,0.6
0 days 00:44:00.157000,26.6,48.0,1003.5,False,49.1,277,0.5
0 days 00:45:00.142000,26.7,45.0,1003.5,False,49.1,8,0.4
0 days 00:46:00.131000,26.9,45.0,1003.5,False,51.2,179,1.0
0 days 00:47:00.128000,27.0,47.0,1003.5,False,51.0,147,0.6
0 days 00:48:00.139000,27.1,46.0,1003.5,False,51.2,177,0.8
0 days 00:49:00.138000,27.1,46.0,1003.5,False,51.2,177,0.8
0 days 00:50:00.139000,27.2,47.0,1003.5,False,51.0,176,2.0
0 days 00:51:00.151000,27.2,47.0,1003.5,False,51.0,175,1.2
0 days 00:52:00.157000,27.2,46.0,1003.5,False,51.0,165,1.7
0 days 00:53:00.163000,27.4,47.0,1003.5,False,51.0,174,0.8
0 days 00:54:00.165000,27.4,46.0,1003.5,False,51.0,50,1.1
0 days 00:55:00.174000,27.4,45.0,1003.5,False,51.3,163,0.6
0 days 00:56:00.180000,27.5,45.0,1003.5,False,51.2,182,0.5
0 days 00:57:00.184000,27.4,45.0,1003.5,False,51.2,0,0.0
0 days 00:58:00.182000,27.4,45.0,1003.5,False,51.5,302,0.8
0 days 00:59:00.179000,27.4,43.0,1003.5,False,51.8,181,1.2
0 days 01:00:00.177000,27.6,42.0,1003.5,False,51.8,166,2.2
0 days 01:01:00.200000,27.4,43.0,1003.5,False,51.3,187,1.3
0 days 01:02:00.200000,27.3,45.0,1003.5,False,50.5,178,1.6
0 days 01:03:00.195000,27.4,46.0,1003.5,False,50.3,198,0.8
0 days 01:04:00.208000,27.4,46.0,1003.5,False,50.3,182,1.2
0 days 01:05:00.218000,27.2,45.0,1003.5,False,50.2,184,1.5
0 days 01:06:00.243000,27.0,44.0,1003.4,False,49.8,0,1.0
0 days 01:07:00.223000,27.0,43.0,1003.5,False,49.0,204,0.6
0 days 01:08:00.243000,27.0,43.0,1003.2,False,48.8,91,0.8
0 days 01:09:00.243000,27.4,43.0,1003.2,False,47.8,215,1.1
0 days 01:10:00.266000,27.2,41.0,1003.2,False,47.5,194,1.1
0 days 01:11:00.260000,26.7,42.0,1003.2,False,47.4,0,1.0
0 days 01:12:00.270000,26.7,42.0,1003.2,False,47.0,197,0.6
0 days 01:13:00.268000,26.6,43.0,1003.2,False,46.6,85,0.6
0 days 01:14:00.276000,26.7,42.0,1003.2,False,46.6,181,0.4
0 days 01:15:00.279000,26.6,42.0,1003.2,False,45.7,3,1.0
0 days 01:16:00.276000,26.6,42.0,1003.2,False,45.6,10,0.6
0 days 01:17:00.275000,26.5,42.0,1003.2,False,45.6,0,0.8
0 days 01:18:00.300000,26.6,42.0,1003.2,False,45.3,0,0.3
0 days 01:19:00.304000,26.7,44.0,1003.0,False,44.7,176,0.5
0 days 01:20:00.309000,26.6,43.0,1003.2,False,44.5,0,1.0
0 days 01:21:00.308000,26.6,44.0,1003.0,False,44.4,0,0.6
0 days 00:00:03.938000,24.2,68.0,1002.9,False,42.1,70,0.8
0 days 00:01:03.941000,24.2,68.0,1002.7,False,41.5,346,0.8
0 days 00:02:03.935000,24.2,68.0,1002.9,False,41.5,335,2.4
0 days 00:03:03.939000,24.1,68.0,1002.9,False,41.3,320,0.6
0 days 00:04:03.938000,24.2,69.0,1002.9,False,41.2,51,0.6
0 days 00:05:03.930000,24.1,68.0,1002.7,False,41.4,192,1.0
0 days 00:06:03.939000,24.1,68.0,1002.7,False,41.6,335,0.8
0 days 00:07:03.938000,24.1,68.0,1002.7,False,41.4,0,0.8
0 days 00:08:03.938000,24.2,68.0,1002.7,False,41.4,333,1.3
0 days 00:09:03.946000,24.3,68.0,1002.7,False,41.2,65,0.8
0 days 00:10:03.953000,24.3,67.0,1002.7,False,41.2,344,0.8
0 days 00:11:03.944000,24.2,66.0,1002.7,False,40.8,330,2.2
0 days 00:12:03.940000,24.1,67.0,1002.7,False,40.1,0,1.2
0 days 00:13:03.939000,24.0,68.0,1002.7,False,40.0,345,0.8
0 days 00:14:03.943000,24.0,69.0,1002.7,False,40.0,41,1.1
0 days 00:15:03.941000,23.9,68.0,1002.7,False,39.8,337,1.3
0 days 00:16:03.944000,23.8,69.0,1002.7,False,39.7,349,2.2
0 days 00:17:03.940000,23.7,69.0,1002.7,False,39.1,358,1.8
0 days 00:18:03.939000,23.6,70.0,1002.9,False,39.2,335,1.2
0 days 00:19:03.938000,23.5,70.0,1002.9,False,39.2,355,1.2
0 days 00:20:03.939000,23.5,70.0,1002.7,False,39.3,339,1.3
0 days 00:21:03.941000,23.5,70.0,1002.7,False,39.0,353,1.6
0 days 00:22:03.939000,23.6,70.0,1002.9,False,39.0,345,1.0
0 days 00:23:03.941000,23.6,70.0,1002.7,False,39.6,336,1.7
0 days 00:24:03.975000,23.5,70.0,1002.9,False,38.9,346,1.5
0 days 00:25:03.939000,23.5,70.0,1002.7,False,38.9,325,2.0
0 days 00:26:03.944000,23.5,70.0,1002.7,False,39.1,353,1.2
0 days 00:27:03.940000,23.5,70.0,1002.7,False,39.1,322,1.7
0 days 00:28:03.944000,23.4,70.0,1002.7,False,39.1,354,0.8
0 days 00:29:03.940000,23.5,71.0,1002.7,False,39.1,6,1.2
0 days 00:30:03.939000,23.5,70.0,1002.7,False,39.6,0,0.8
0 days 00:31:03.939000,23.5,69.0,1002.7,False,39.8,351,1.1
0 days 00:32:03.936000,23.3,69.0,1002.9,False,39.6,1,1.0
0 days 00:33:03.958000,23.2,70.0,1002.9,False,38.0,347,1.2
0 days 00:34:03.940000,23.2,70.0,1002.9,False,37.9,348,1.2
0 days 00:35:03.940000,23.2,71.0,1002.9,False,37.7,346,1.7
0 days 00:36:03.940000,23.0,71.0,1002.9,False,37.7,346,1.7
0 days 00:37:03.940000,23.0,71.0,1003.0,False,37.6,4,1.0
0 days 00:38:03.941000,23.0,72.0,1002.9,False,37.4,339,1.0
0 days 00:39:03.940000,22.9,71.0,1003.0,False,37.7,357,1.8
0 days 00:40:03.940000,23.0,71.0,1003.0,False,37.4,57,1.2
0 days 00:41:03.941000,23.0,71.0,1003.0,False,37.4,334,0.6
0 days 00:42:03.939000,23.0,72.0,1003.0,False,37.5,340,1.7
0 days 00:43:03.943000,23.1,72.0,1002.9,False,37.5,340,1.6
0 days 00:44:03.939000,23.1,71.0,1002.9,False,37.5,37,1.7
0 days 00:45:03.943000,23.0,70.0,1002.9,False,37.3,341,1.3
0 days 00:46:03.941000,22.9,70.0,1002.9,False,36.6,341,1.2
0 days 00:47:03.962000,22.9,70.0,1002.9,False,36.5,332,1.7
0 days 00:48:03.940000,22.9,72.0,1002.9,True,36.4,341,1.2
0 days 00:49:03.940000,22.8,72.0,1002.7,True,36.0,335,1.5
0 days 00:50:03.940000,22.8,72.0,1002.7,True,36.0,341,1.6
0 days 00:51:03.950000,22.9,73.0,1002.7,True,35.0,3,1.1
0 days 00:52:03.942000,22.9,74.0,1002.7,True,34.2,338,0.8
0 days 00:53:03.941000,23.0,74.0,1002.7,True,33.9,18,0.8
0 days 00:54:03.964000,23.1,74.0,1002.7,True,33.4,329,0.8
0 days 00:55:03.974000,22.9,75.0,1002.9,True,32.5,342,1.2
0 days 00:56:03.941000,22.9,76.0,1002.7,True,32.5,341,1.7
0 days 00:57:03.942000,22.9,77.0,1002.7,True,32.4,330,2.0
0 days 00:58:03.942000,22.6,76.0,1002.7,True,32.3,337,1.5
0 days 00:59:03.942000,22.5,77.0,1002.7,True,32.0,338,1.2
0 days 01:00:03.943000,22.5,77.0,1002.7,True,32.3,332,1.0
0 days 01:01:03.943000,22.6,77.0,1002.7,True,32.3,354,1.2
0 days 01:02:03.953000,22.4,78.0,1002.7,True,32.2,334,0.5
0 days 01:03:03.941000,22.4,77.0,1002.5,True,32.2,343,1.5
0 days 01:04:03.933000,22.3,77.0,1002.7,True,32.2,343,1.8
0 days 01:05:03.951000,22.2,77.0,1002.7,True,31.3,329,2.0
0 days 01:06:03.941000,22.2,77.0,1002.7,True,30.4,352,1.6
0 days 01:07:03.943000,22.2,77.0,1002.7,True,30.4,3,1.6
0 days 01:08:03.942000,22.1,78.0,1002.7,True,30.3,348,1.3
0 days 01:09:03.943000,22.2,79.0,1002.7,True,30.0,344,1.6
0 days 01:10:03.944000,22.1,78.0,1002.7,True,30.0,40,1.5
0 days 01:11:03.948000,22.0,80.0,1002.7,True,29.0,342,0.6
0 days 01:12:03.943000,21.9,80.0,1002.7,True,28.7,338,1.0
0 days 01:13:03.947000,21.9,81.0,1002.7,True,28.7,344,1.0
0 days 01:14:03.943000,21.9,81.0,1002.7,True,28.7,344,1.0
0 days 01:15:03.944000,21.9,81.0,1002.7,True,28.7,344,1.0
0 days 01:16:03.944000,21.7,81.0,1002.7,True,28.7,344,1.0
0 days 01:17:03.957000,21.8,81.0,1002.7,True,28.7,344,1.0
0 days 01:18:03.946000,21.7,83.0,1002.7,True,29.6,339,1.1
0 days 01:19:03.943000,21.8,84.0,1002.7,True,30.2,234,0.5
0 days 01:20:03.946000,21.9,85.0,1002.7,True,28.6,337,1.1
0 days 01:21:03.961000,22.1,82.0,1002.9,True,27.6,349,2.2
0 days 01:22:03.942000,22.0,84.0,1002.9,True,26.4,336,1.3
0 days 01:23:03.943000,21.8,86.0,1002.7,True,26.3,320,0.6
0 days 01:24:03.949000,21.8,86.0,1002.9,True,26.3,330,0.6
0 days 01:25:03.953000,21.8,87.0,1002.9,True,27.5,321,1.0
0 days 01:26:03.945000,21.7,86.0,1002.7,True,28.4,328,0.8
0 days 01:27:03.943000,21.7,86.0,1002.9,True,28.6,335,0.8
0 days 01:28:03.942000,21.4,87.0,1003.0,True,28.9,0,1.1
0 days 01:29:03.941000,21.3,87.0,1002.9,True,29.0,268,0.0
0 days 01:30:03.946000,21.3,88.0,1002.9,True,29.2,344,0.6
0 days 01:31:03.962000,21.4,88.0,1002.9,True,29.6,344,0.8
0 days 01:32:03.974000,21.4,88.0,1003.0,True,29.6,346,0.5
0 days 01:33:03.993000,21.4,87.0,1003.0,True,29.9,311,0.8
0 days 01:34:03.978000,21.5,87.0,1003.0,True,29.9,311,0.8
0 days 01:35:03.994000,21.4,86.0,1002.9,True,29.5,258,0.6
0 days 01:36:04,21.4,87.0,1002.9,True,29.6,326,0.6
0 days 01:37:04.006000,21.2,87.0,1002.9,True,29.6,351,0.8
0 days 01:38:04.022000,21.2,87.0,1002.9,True,29.6,352,1.2
0 days 01:39:04.037000,21.2,86.0,1002.9,True,29.5,337,1.0
0 days 01:40:04.038000,21.3,87.0,1002.9,True,29.2,343,1.2
0 days 01:41:04.053000,21.1,86.0,1002.9,True,28.7,1,2.0
0 days 01:42:04.061000,21.1,87.0,1002.9,True,28.7,348,1.2
0 days 01:43:04.079000,21.1,86.0,1002.9,True,28.7,340,1.6
0 days 01:44:04.080000,21.1,87.0,1002.9,True,28.4,353,1.1
0 days 01:45:04.068000,21.1,87.0,1002.7,True,27.9,349,2.2
0 days 01:46:04.069000,21.1,87.0,1002.9,True,27.9,343,1.3
0 days 01:47:04.068000,21.0,87.0,1002.9,True,28.4,20,1.7
0 days 01:48:04.069000,21.1,86.0,1002.9,True,28.4,341,1.0
0 days 01:49:04.077000,21.1,86.0,1003.0,True,28.6,318,1.1
0 days 01:50:04.070000,21.2,86.0,1003.0,True,28.6,351,1.1
0 days 01:51:04.072000,21.1,86.0,1003.0,True,28.6,6,1.7
0 days 01:52:04.069000,20.9,86.0,1002.9,True,28.6,0,1.5
0 days 01:53:04.070000,20.9,87.0,1002.9,True,28.6,16,1.7
0 days 01:54:04.075000,21.0,86.0,1003.0,True,28.7,322,0.8
0 days 01:55:04.068000,21.0,87.0,1003.0,False,28.8,272,1.0
0 days 01:56:04.077000,21.2,85.0,1002.9,True,29.1,12,1.2
0 days 01:57:04.069000,21.2,86.0,1003.0,False,29.2,329,0.6
0 days 01:58:04.069000,21.1,86.0,1003.0,False,29.4,14,0.6
0 days 01:59:04.071000,21.1,85.0,1003.0,False,29.4,340,1.0
0 days 02:00:04.073000,21.2,85.0,1003.0,False,29.4,323,1.2
0 days 02:01:04.069000,21.2,86.0,1003.0,False,29.4,8,0.6
0 days 02:02:04.070000,21.2,84.0,1003.0,False,29.3,0,0.6
0 days 02:03:04.074000,21.2,85.0,1003.0,False,29.2,64,1.0
0 days 02:04:04.071000,21.2,84.0,1003.0,False,29.1,2,2.2
0 days 02:05:04.072000,21.2,84.0,1003.0,False,28.9,0,1.3
0 days 02:06:04.079000,21.1,85.0,1003.0,False,28.8,348,0.6
0 days 02:07:04.081000,21.2,84.0,1003.0,False,29.1,340,1.7
0 days 02:08:04.070000,21.3,82.0,1003.0,False,29.1,139,3.2
0 days 02:09:04.072000,21.3,85.0,1003.0,False,28.8,4,0.8
0 days 02:10:04.078000,21.3,83.0,1003.0,False,28.6,6,1.2
0 days 02:11:04.100000,21.3,84.0,1003.0,False,28.8,358,1.1
0 days 02:12:04.081000,21.4,83.0,1003.0,False,28.6,103,0.8
0 days 02:13:04.072000,21.5,83.0,1003.0,False,28.5,12,0.6
0 days 02:14:04.070000,21.6,83.0,1003.0,False,28.5,127,0.6
0 days 02:15:04.074000,21.5,82.0,1003.0,False,28.4,298,0.6
0 days 02:16:04.081000,21.6,83.0,1003.0,True,28.3,200,0.8
0 days 02:17:04.071000,21.7,82.0,1003.0,True,28.5,27,0.8
0 days 02:18:04.076000,21.8,81.0,1003.0,True,28.2,278,1.2
0 days 02:19:04.086000,21.7,81.0,1003.0,True,28.1,2,0.5
0 days 02:20:04.146000,21.6,81.0,1003.0,True,28.1,202,0.6
0 days 02:21:04.124000,21.7,81.0,1003.2,True,28.2,271,0.6
0 days 02:22:04.138000,21.9,80.0,1003.2,True,28.3,183,0.8
0 days 02:23:04.151000,21.9,80.0,1003.2,True,27.9,357,1.1
0 days 02:24:04.166000,22.0,79.0,1003.2,True,27.6,79,0.8
0 days 02:25:04.156000,21.9,78.0,1003.2,True,27.3,254,0.5
0 days 02:26:04.167000,22.0,79.0,1003.2,True,27.1,28,0.6
0 days 02:27:04.181000,22.0,77.0,1003.2,True,27.0,98,1.3
0 days 02:28:04.231000,21.9,78.0,1003.2,True,27.0,346,0.6
0 days 02:29:04.204000,21.8,79.0,1003.2,True,26.4,187,0.4
0 days 02:30:04.198000,21.9,78.0,1003.2,True,27.2,214,1.1
0 days 02:31:04.202000,21.9,78.0,1003.2,True,27.0,214,1.0
0 days 02:32:04.198000,21.9,77.0,1003.2,True,26.9,4,1.0
0 days 02:33:04.205000,22.1,76.0,1003.2,False,26.9,0,0.8
0 days 02:34:04.198000,22.0,77.0,1003.2,True,26.8,355,0.4
0 days 02:35:04.202000,22.0,77.0,1003.2,True,27.1,110,0.6
0 days 02:36:04.202000,22.1,76.0,1003.2,True,27.1,139,0.6
0 days 02:37:04.217000,22.0,77.0,1003.2,True,27.1,117,0.5
0 days 02:38:04.205000,22.0,76.0,1003.2,True,27.5,111,0.4
0 days 02:39:04.188000,22.1,76.0,1003.2,True,27.6,108,0.5
0 days 02:40:04.200000,22.2,76.0,1003.2,True,27.4,116,0.5
0 days 02:41:04.203000,22.1,76.0,1003.0,True,27.3,78,0.3
0 days 02:42:04.204000,22.2,75.0,1003.2,True,27.3,0,0.0
0 days 02:43:04.200000,22.1,76.0,1003.2,True,27.2,173,0.0
0 days 02:44:04.199000,22.2,75.0,1003.2,True,27.6,0,0.8
0 days 02:45:04.201000,22.2,75.0,1003.2,True,27.8,0,0.8
0 days 02:46:04.200000,22.3,76.0,1003.2,True,27.9,292,0.3
0 days 02:47:04.207000,22.3,75.0,1003.2,True,27.9,170,0.8
0 days 02:48:04.198000,22.2,75.0,1003.2,True,27.9,170,1.0
0 days 02:49:04.223000,22.3,75.0,1003.2,True,28.0,153,0.6
0 days 02:50:04.212000,22.4,75.0,1003.2,True,28.3,131,0.8
0 days 02:51:04.200000,22.3,73.0,1003.2,True,28.7,41,0.5
0 days 02:52:04.275000,22.4,73.0,1003.2,True,28.7,72,0.6
0 days 02:53:04.199000,22.3,73.0,1003.0,True,28.3,0,0.6
0 days 02:54:04.201000,22.3,73.0,1003.2,False,27.8,346,0.5
0 days 02:55:04.201000,22.3,74.0,1003.2,False,27.8,102,0.6
0 days 02:56:04.202000,22.2,75.0,1003.2,False,27.8,191,0.6
0 days 02:57:04.199000,22.2,74.0,1003.2,False,28.4,343,0.6
0 days 02:58:04.244000,22.2,74.0,1003.2,False,28.4,342,1.1
0 days 02:59:04.318000,22.2,73.0,1003.2,False,28.4,3,1.3
0 days 03:00:04.230000,22.1,74.0,1003.0,False,28.2,338,1.1
0 days 03:01:04.230000,22.1,74.0,1003.2,False,28.2,159,1.5
0 days 03:02:04.278000,22.0,74.0,1003.2,False,28.1,63,0.6
0 days 03:03:04.246000,22.0,75.0,1003.2,False,28.2,333,0.4
0 days 03:04:04.251000,22.0,74.0,1003.2,False,28.5,10,0.8
0 days 03:05:04.250000,22.0,74.0,1003.2,False,28.6,30,0.0
0 days 03:06:04.245000,22.0,74.0,1003.2,False,28.5,56,1.0
0 days 03:07:04.259000,22.0,75.0,1003.2,False,28.5,312,0.6
0 days 03:08:04.276000,21.9,74.0,1003.2,False,28.5,0,0.0
0 days 03:09:04.276000,21.9,73.0,1003.2,False,28.5,28,0.5
0 days 03:10:04.291000,21.9,74.0,1003.2,False,28.5,12,0.6
0 days 03:11:04.308000,21.9,73.0,1003.2,False,28.3,1,0.8
0 days 03:12:04.322000,21.9,74.0,1003.2,False,28.2,281,0.5
0 days 03:13:04.323000,21.9,73.0,1003.2,False,28.2,40,0.5
0 days 03:14:04.342000,21.9,73.0,1003.2,False,28.1,13,1.2
0 days 03:15:04.364000,21.9,73.0,1003.2,False,28.1,13,1.2
0 days 03:16:04.371000,21.8,73.0,1003.2,False,28.0,0,0.6
0 days 03:17:04.371000,21.9,73.0,1003.2,False,28.0,0,0.3
0 days 03:18:04.371000,21.9,74.0,1003.2,False,28.0,323,0.6
0 days 03:19:04.398000,21.9,74.0,1003.2,False,28.3,0,0.8
0 days 03:20:04.424000,21.9,73.0,1003.2,False,28.5,0,0.6
0 days 03:21:04.419000,22.0,73.0,1003.2,False,28.6,186,0.4
0 days 03:22:04.416000,22.0,73.0,1003.2,False,28.8,257,1.0
0 days 03:23:04.439000,22.1,72.0,1003.2,False,28.8,159,1.1
0 days 03:24:04.450000,22.2,72.0,1003.0,False,28.9,86,0.6
0 days 03:25:04.448000,22.3,71.0,1003.2,False,28.9,239,0.5
0 days 03:26:04.448000,22.3,72.0,1003.0,True,29.1,260,1.2
0 days 03:27:04.461000,22.3,70.0,1003.0,False,29.1,330,1.2
0 days 03:28:04.451000,22.4,70.0,1003.2,False,28.8,0,0.6
0 days 03:29:04.448000,22.3,70.0,1003.2,False,28.8,55,0.6
0 days 03:30:04.448000,22.3,71.0,1003.0,False,28.7,300,0.4
0 days 03:31:04.451000,22.4,71.0,1003.2,False,28.9,188,0.6
0 days 03:32:04.450000,22.5,71.0,1003.2,False,29.1,146,0.6
0 days 03:33:04.448000,22.5,71.0,1003.2,False,29.4,178,0.8
0 days 03:34:04.457000,22.6,70.0,1003.2,False,29.4,201,0.8
0 days 03:35:04.452000,22.4,69.0,1003.2,False,29.5,161,1.1
0 days 03:36:04.453000,22.4,69.0,1003.2,False,29.0,189,1.0
0 days 03:37:04.455000,22.3,70.0,1003.2,False,28.7,170,0.6
0 days 03:38:04.456000,22.4,71.0,1003.2,False,29.0,183,1.2
0 days 03:39:04.448000,22.5,70.0,1003.2,False,29.0,158,0.8
0 days 03:40:04.449000,22.5,69.0,1003.2,False,29.6,0,1.5
0 days 03:41:04.457000,22.6,69.0,1003.2,False,29.7,195,0.8
0 days 03:42:04.465000,22.5,68.0,1003.2,False,29.8,211,1.5
0 days 03:43:04.451000,22.6,68.0,1003.2,False,29.5,200,1.2
0 days 03:44:04.448000,22.6,68.0,1003.2,False,29.5,185,1.2
0 days 03:45:04.450000,22.6,68.0,1003.2,False,29.2,300,1.7
0 days 03:46:04.450000,22.5,67.0,1003.2,False,29.2,296,1.1
0 days 03:47:04.463000,22.4,64.0,1003.4,False,29.2,121,1.0
0 days 03:48:04.465000,22.4,66.0,1003.2,False,29.2,183,0.6
0 days 03:49:04.480000,22.5,67.0,1003.2,False,29.1,134,0.8
0 days 03:50:04.506000,22.3,67.0,1003.2,False,29.1,340,0.4
0 days 03:51:04.513000,22.4,66.0,1003.4,False,29.1,187,1.2
0 days 03:52:04.518000,22.5,66.0,1003.2,False,29.1,104,0.5
0 days 03:53:04.521000,22.4,66.0,1003.2,False,29.1,168,0.6
0 days 03:54:04.543000,22.4,67.0,1003.2,False,29.5,87,0.8
0 days 03:55:04.545000,22.4,65.0,1003.2,False,29.3,0,0.6
0 days 03:56:04.545000,22.3,65.0,1003.2,False,29.1,199,0.4
0 days 03:57:04.545000,22.3,65.0,1003.4,False,29.1,173,1.1
0 days 03:58:04.549000,22.2,65.0,1003.2,False,29.1,0,0.8
0 days 03:59:04.686000,22.2,66.0,1003.2,False,28.9,40,0.5
0 days 04:00:04.543000,22.3,65.0,1003.4,False,29.5,166,1.0
0 days 04:01:04.560000,22.4,65.0,1003.2,False,29.9,165,1.1
0 days 04:02:04.561000,22.4,66.0,1003.2,False,29.8,142,0.6
0 days 04:03:04.570000,22.5,66.0,1003.2,False,30.1,0,0.6
0 days 04:04:04.596000,22.6,65.0,1003.2,True,30.4,180,0.6
0 days 00:00:41.345000,25.8,59.0,1015.5,False,39.2,158,0.5
0 days 00:01:41.347000,25.8,59.0,1015.5,False,39.1,96,0.6
0 days 00:02:41.345000,25.8,58.0,1015.5,False,39.1,0,0.5
0 days 00:03:41.342000,25.6,58.0,1015.5,False,38.9,298,0.5
0 days 00:04:41.339000,25.7,59.0,1015.5,False,39.2,317,1.0
0 days 00:05:41.345000,25.6,60.0,1015.5,False,39.1,24,1.0
0 days 00:06:41.344000,25.5,61.0,1015.5,False,39.0,118,0.8
0 days 00:07:41.350000,25.5,62.0,1015.5,False,38.5,0,0.4
0 days 00:08:41.340000,25.4,62.0,1015.5,False,38.5,276,1.2
0 days 00:09:41.362000,25.5,63.0,1015.5,False,38.5,285,1.2
0 days 00:10:41.377000,25.5,63.0,1015.5,False,38.7,30,1.0
0 days 00:11:41.406000,25.4,63.0,1015.5,False,38.5,106,0.0
0 days 00:12:41.394000,25.4,64.0,1015.5,False,37.9,0,0.5
0 days 00:13:41.398000,25.4,64.0,1015.4,False,37.4,190,0.4
0 days 00:14:41.391000,25.4,64.0,1015.5,False,37.9,138,0.4
0 days 00:15:41.408000,25.3,64.0,1015.5,False,37.5,92,0.8
0 days 00:16:41.429000,25.2,65.0,1015.5,False,37.2,57,0.8
0 days 00:17:41.426000,25.2,65.0,1015.5,False,37.2,120,0.8
0 days 00:18:41.429000,25.1,65.0,1015.4,False,37.1,74,0.8
0 days 00:19:41.440000,25.0,66.0,1015.5,False,36.9,96,0.6
0 days 00:20:41.465000,25.0,66.0,1015.5,False,36.9,294,0.5
0 days 00:21:41.464000,24.9,66.0,1015.5,False,36.8,314,1.2
0 days 00:22:41.455000,25.0,67.0,1015.5,False,37.3,258,1.2
0 days 00:23:41.456000,25.0,67.0,1015.5,False,37.3,270,0.8
0 days 00:24:41.470000,25.0,67.0,1015.5,False,37.1,330,0.8
0 days 00:25:41.471000,24.9,67.0,1015.5,False,37.1,285,1.0
0 days 00:26:41.471000,25.0,68.0,1015.5,False,36.7,190,1.1
0 days 00:27:41.470000,25.0,69.0,1015.5,False,36.3,100,0.4
0 days 00:28:41.486000,24.8,69.0,1015.5,False,35.5,100,1.0
0 days 00:29:41.509000,24.9,70.0,1015.5,False,35.7,0,0.6
0 days 00:30:41.527000,24.9,69.0,1015.5,False,36.5,21,0.0
0 days 00:31:41.523000,24.8,70.0,1015.5,False,37.1,111,0.4
0 days 00:32:41.529000,24.9,69.0,1015.5,False,37.1,31,0.3
0 days 00:33:41.522000,24.9,69.0,1015.5,False,36.8,305,0.4
0 days 00:34:41.518000,25.0,69.0,1015.5,False,36.6,259,0.8
0 days 00:35:41.523000,25.0,69.0,1015.5,False,36.5,266,1.7
0 days 00:36:41.538000,25.0,69.0,1015.5,False,36.3,284,1.7
0 days 00:37:41.551000,25.1,69.0,1015.5,False,36.0,257,1.6
0 days 00:38:41.594000,25.1,70.0,1015.5,False,35.3,270,1.5
0 days 00:39:41.555000,25.1,69.0,1015.5,False,35.3,276,1.5
0 days 00:40:41.553000,25.2,69.0,1015.4,False,35.3,241,1.3
0 days 00:41:41.552000,25.2,69.0,1015.5,False,35.8,259,1.2
0 days 00:42:41.552000,25.2,69.0,1015.5,False,35.8,249,1.2
0 days 00:43:41.552000,25.2,70.0,1015.5,False,35.1,271,1.5
0 days 00:44:41.551000,25.1,70.0,1015.5,False,34.8,297,1.3
0 days 00:45:41.551000,24.9,70.0,1015.5,False,35.0,261,1.5
0 days 00:46:41.554000,25.0,69.0,1015.5,False,35.3,267,1.8
0 days 00:47:41.552000,24.9,70.0,1015.5,False,35.1,288,1.2
0 days 00:48:41.587000,25.0,70.0,1015.5,False,34.6,252,1.8
0 days 00:49:41.558000,24.9,70.0,1015.5,False,34.6,288,1.5
0 days 00:50:41.566000,24.7,70.0,1015.5,False,34.5,217,1.3
0 days 00:51:41.584000,24.7,71.0,1015.7,False,34.9,275,0.4
0 days 00:52:41.610000,24.6,70.0,1015.7,False,34.3,277,1.2
0 days 00:53:41.601000,24.5,71.0,1015.5,False,34.3,277,0.8
0 days 00:54:41.602000,24.6,71.0,1015.7,False,34.3,303,1.0
0 days 00:55:41.617000,24.4,71.0,1015.5,False,34.6,304,0.6
0 days 00:56:41.633000,24.6,72.0,1015.7,False,34.6,227,0.5
0 days 00:57:41.633000,24.5,70.0,1015.5,False,34.6,314,0.8
0 days 00:58:41.652000,24.6,70.0,1015.7,False,34.5,286,0.8
0 days 00:59:41.662000,24.6,71.0,1015.7,False,34.7,263,1.3
0 days 01:00:41.665000,24.7,70.0,1015.5,False,34.7,270,1.5
0 days 01:01:41.675000,24.6,70.0,1015.7,False,34.7,277,1.6
0 days 01:02:41.678000,24.5,70.0,1015.7,False,34.9,265,1.3
0 days 01:03:41.678000,24.4,70.0,1015.5,False,34.0,281,1.2
0 days 01:04:41.667000,24.5,70.0,1015.7,False,33.9,272,0.8
0 days 01:05:42.642000,24.5,69.0,1015.7,False,34.4,75,0.8
0 days 01:06:41.678000,24.4,70.0,1015.7,False,34.4,0,0.0
0 days 01:07:41.680000,24.5,70.0,1015.7,False,34.0,103,0.5
0 days 01:08:41.720000,24.8,70.0,1015.5,False,34.0,58,0.0
0 days 01:09:41.685000,24.8,69.0,1015.7,False,34.4,240,0.5
0 days 01:10:41.681000,24.9,69.0,1015.7,False,34.6,252,1.2
0 days 01:11:41.682000,25.0,69.0,1015.7,False,34.6,302,1.5
0 days 01:12:41.679000,24.9,69.0,1015.7,False,34.5,337,0.8
0 days 01:13:41.684000,24.9,69.0,1015.7,False,34.2,265,1.2
0 days 01:14:41.690000,25.0,69.0,1015.7,False,34.3,302,1.2
0 days 01:15:41.682000,24.9,69.0,1015.7,False,34.3,289,0.6
0 days 01:16:41.680000,24.9,68.0,1015.7,False,34.2,286,1.0
0 days 01:17:41.682000,24.9,69.0,1015.7,False,34.2,292,1.1
0 days 01:18:41.685000,24.9,69.0,1015.7,False,34.2,269,1.2
0 days 01:19:41.683000,25.0,69.0,1015.7,False,34.4,305,0.6
0 days 01:20:41.674000,25.0,69.0,1015.7,False,34.4,270,1.1
0 days 01:21:41.681000,24.9,70.0,1015.7,False,33.8,253,0.8
0 days 01:22:41.682000,24.9,70.0,1015.7,False,33.8,335,0.8
0 days 01:23:41.684000,24.8,70.0,1015.7,False,33.8,274,0.8
0 days 01:24:41.694000,24.8,69.0,1015.9,False,34.2,300,1.0
0 days 01:25:41.714000,24.7,70.0,1015.7,False,34.0,296,1.2
0 days 01:26:41.727000,24.7,70.0,1015.7,False,33.9,0,0.8
0 days 01:27:41.736000,24.6,70.0,1015.9,False,33.7,347,0.0
0 days 01:28:41.744000,24.5,70.0,1016.0,False,33.7,0,0.0
0 days 01:29:41.731000,24.6,69.0,1015.7,False,33.8,310,0.6
0 days 01:30:41.733000,24.5,70.0,1016.0,False,33.7,276,0.6
0 days 01:31:41.729000,24.6,70.0,1015.7,False,33.4,0,0.6
0 days 01:32:41.734000,24.6,69.0,1015.7,False,33.5,2,0.4
0 days 01:33:41.765000,24.6,69.0,1015.7,False,33.8,311,0.5
0 days 01:34:41.762000,24.5,69.0,1015.9,False,33.9,278,1.1
0 days 01:35:41.778000,24.4,69.0,1015.7,False,33.3,296,1.2
0 days 01:36:41.776000,24.4,70.0,1015.7,False,33.4,283,0.8
0 days 01:37:41.794000,24.3,69.0,1015.9,False,33.2,297,0.6
0 days 01:38:41.792000,24.3,70.0,1015.7,False,33.2,6,0.5
0 days 01:39:41.791000,24.2,70.0,1015.9,False,33.2,233,0.6
0 days 01:40:41.807000,24.2,70.0,1015.9,False,33.2,239,0.6
0 days 01:41:41.828000,24.2,70.0,1015.9,False,33.2,301,0.6
0 days 01:42:41.840000,24.2,70.0,1015.9,False,32.5,330,1.1
0 days 01:43:41.856000,24.2,70.0,1015.7,False,32.5,3,0.8
0 days 01:44:41.854000,24.1,70.0,1015.7,False,32.6,29,0.5
0 days 01:45:41.872000,24.1,70.0,1015.7,False,32.2,353,0.6
0 days 01:46:41.871000,24.1,71.0,1015.9,False,32.2,336,0.5
0 days 01:47:41.892000,24.1,71.0,1015.9,False,32.1,0,0.5
0 days 01:48:41.909000,24.1,71.0,1015.7,False,32.6,302,0.5
0 days 01:49:41.903000,24.1,71.0,1015.7,False,32.5,15,0.6
0 days 01:50:41.902000,24.0,71.0,1015.7,False,32.5,228,0.6
0 days 01:51:41.917000,24.1,71.0,1015.7,False,32.0,0,0.0
0 days 01:52:41.919000,24.0,71.0,1015.7,False,31.8,261,0.4
0 days 00:00:45.873000,25.7,56.0,1010.7,False,49.2,284,0.8
0 days 00:01:45.871000,25.8,54.0,1010.7,False,50.1,264,0.8
0 days 00:02:45.872000,25.8,55.0,1010.7,False,49.5,322,0.8
0 days 00:03:45.884000,25.8,55.0,1010.5,False,48.9,172,1.0
0 days 00:04:45.872000,25.7,55.0,1010.7,False,48.8,174,0.8
0 days 00:05:45.884000,25.8,54.0,1010.7,False,48.9,322,0.6
0 days 00:06:45.873000,25.5,55.0,1010.7,False,48.9,331,1.5
0 days 00:07:45.871000,25.5,56.0,1010.7,False,48.8,66,1.1
0 days 00:08:45.870000,25.5,56.0,1010.5,False,48.8,293,0.8
0 days 00:09:45.872000,25.7,54.0,1010.7,False,48.8,274,1.3
0 days 00:10:45.878000,25.7,54.0,1010.5,False,49.4,279,1.5
0 days 00:11:45.874000,25.6,53.0,1010.5,False,50.1,273,1.6
0 days 00:12:45.874000,25.8,52.0,1010.5,False,50.1,280,1.3
0 days 00:13:45.874000,25.8,53.0,1010.5,False,50.3,287,2.2
0 days 00:14:45.874000,25.6,56.0,1010.5,False,49.9,272,1.8
0 days 00:15:45.872000,25.6,56.0,1010.5,False,50.2,216,1.6
0 days 00:16:45.874000,25.5,56.0,1010.5,False,50.2,271,1.8
0 days 00:17:45.881000,25.4,58.0,1010.5,False,49.4,279,1.0
0 days 00:18:45.886000,25.5,56.0,1010.4,False,49.4,293,0.8
0 days 00:19:45.874000,25.4,56.0,1010.5,False,49.8,280,0.6
0 days 00:20:45.874000,25.3,55.0,1010.5,False,50.0,324,1.2
0 days 00:21:45.905000,25.4,54.0,1010.4,False,49.6,281,1.0
0 days 00:22:45.878000,25.5,54.0,1010.4,False,50.5,248,2.0
0 days 00:23:45.874000,25.5,56.0,1010.5,False,50.5,189,1.7
0 days 00:24:45.878000,25.7,55.0,1010.5,False,50.5,273,0.8
0 days 00:25:45.875000,25.7,55.0,1010.4,False,50.9,0,0.6
0 days 00:26:45.873000,25.8,55.0,1010.5,False,50.9,283,0.8
0 days 00:27:45.873000,25.7,53.0,1010.5,False,49.4,164,1.1
0 days 00:28:45.866000,25.8,53.0,1010.4,False,49.4,109,0.6
0 days 00:29:45.872000,25.7,52.0,1010.5,False,47.9,298,1.2
0 days 00:30:45.874000,25.5,53.0,1010.4,False,48.3,264,1.6
0 days 00:31:45.874000,25.6,55.0,1010.4,False,49.3,239,2.0
0 days 00:32:45.873000,25.7,55.0,1010.4,False,49.7,249,1.1
0 days 00:33:45.872000,25.7,56.0,1010.4,False,49.7,221,1.7
0 days 00:34:45.886000,25.7,56.0,1010.4,False,49.7,279,1.7
0 days 00:35:45.874000,25.5,57.0,1010.4,False,40.9,299,1.8
0 days 00:36:45.879000,25.6,58.0,1010.4,False,48.0,281,1.7
0 days 00:37:45.874000,25.4,58.0,1010.2,False,48.0,342,1.2
0 days 00:38:45.876000,25.3,56.0,1010.4,False,48.0,0,1.1
0 days 00:39:45.874000,25.4,56.0,1010.2,False,48.0,282,1.2
0 days 00:40:45.894000,25.4,57.0,1010.2,False,48.0,127,1.2
0 days 00:41:45.874000,25.5,57.0,1010.2,False,48.0,247,1.0
0 days 00:42:45.884000,25.5,57.0,1010.2,False,48.5,299,1.1
0 days 00:43:45.873000,25.4,58.0,1010.4,False,48.5,213,0.8
0 days 00:44:45.871000,25.5,57.0,1010.2,False,48.5,316,1.2
0 days 00:45:45.875000,25.6,57.0,1010.2,False,48.5,332,1.1
0 days 00:46:45.875000,25.7,55.0,1010.2,False,48.5,0,1.0
0 days 00:47:45.875000,25.7,54.0,1010.2,False,48.5,284,0.5
0 days 00:48:45.884000,25.8,56.0,1010.2,False,48.5,337,0.8
0 days 00:49:45.875000,26.1,54.0,1010.4,False,48.5,338,0.5
0 days 00:50:45.879000,26.1,56.0,1010.2,False,48.5,165,0.8
0 days 00:51:45.866000,26.1,56.0,1010.2,False,48.5,301,1.1
0 days 00:52:45.878000,25.9,57.0,1010.2,False,48.2,281,2.0
0 days 00:53:45.876000,25.7,57.0,1010.2,False,48.2,182,2.0
0 days 00:54:45.885000,25.7,57.0,1010.2,False,48.2,320,1.7
0 days 00:55:45.901000,25.5,59.0,1010.2,False,48.2,312,1.5
0 days 00:56:45.893000,25.5,59.0,1010.2,False,47.9,273,0.8
0 days 00:57:45.892000,25.6,57.0,1010.2,False,47.9,260,0.8
0 days 00:58:45.906000,25.7,55.0,1010.2,False,46.7,145,0.8
0 days 00:59:46.014000,25.7,56.0,1010.2,False,48.3,117,0.8
0 days 01:00:45.949000,25.8,57.0,1010.2,False,48.1,312,0.8
0 days 01:01:45.923000,25.8,56.0,1010.2,False,49.3,242,1.1
0 days 01:02:45.924000,25.9,56.0,1010.0,False,48.6,2,0.6
0 days 01:03:45.923000,25.9,57.0,1010.2,False,47.6,120,1.1
0 days 01:04:45.921000,25.9,57.0,1010.0,False,47.6,271,0.5
0 days 01:05:45.920000,25.9,56.0,1010.0,False,48.5,256,1.2
0 days 01:06:46.773000,25.8,56.0,1010.0,False,48.5,256,1.2
0 days 01:07:45.922000,25.8,56.0,1010.0,False,48.5,256,1.2
0 days 01:08:45.924000,25.2,56.0,1010.0,False,48.5,256,1.2
0 days 01:09:45.938000,25.3,56.0,1010.0,False,48.5,256,1.2
0 days 01:10:45.953000,25.7,60.0,1010.2,False,47.4,282,1.7
0 days 01:11:45.959000,25.6,59.0,1010.0,False,47.9,297,1.8
0 days 01:12:45.971000,25.6,60.0,1009.9,False,47.7,287,1.7
0 days 01:13:45.971000,25.6,59.0,1010.2,False,47.7,307,2.2
0 days 01:14:45.971000,25.4,60.0,1010.0,False,46.9,271,1.7
0 days 01:15:45.995000,25.5,60.0,1010.2,False,46.9,285,2.0
0 days 01:16:45.995000,25.5,62.0,1010.0,False,47.0,309,1.7
0 days 01:17:45.985000,25.7,61.0,1010.0,False,47.0,314,1.8
0 days 01:18:46.006000,25.8,61.0,1010.0,False,46.8,302,2.2
0 days 01:19:46.007000,25.7,60.0,1010.0,False,46.7,308,1.0
0 days 01:20:46.006000,25.6,60.0,1010.0,False,47.2,177,1.7
0 days 01:21:46.008000,25.5,61.0,1010.0,False,47.2,286,1.0
0 days 01:22:46.006000,25.5,61.0,1010.0,False,46.7,280,1.2
0 days 01:23:46.014000,25.4,61.0,1010.0,False,47.2,271,1.6
0 days 01:24:46.016000,25.4,62.0,1010.0,False,47.9,285,1.7
0 days 01:25:46.016000,25.3,60.0,1010.0,False,47.2,286,1.8
0 days 01:26:46.012000,25.3,60.0,1010.0,False,47.2,315,2.4
0 days 01:27:46.006000,25.5,60.0,1009.9,False,47.2,235,1.2
0 days 01:28:46.009000,25.6,61.0,1010.0,False,47.2,308,1.7
0 days 01:29:46.004000,25.6,61.0,1009.9,False,47.2,283,1.5
0 days 01:30:46.006000,25.6,61.0,1009.9,False,46.5,299,2.0
0 days 01:31:46.011000,25.6,61.0,1009.9,False,46.8,356,1.6
0 days 01:32:46.008000,25.6,62.0,1009.9,False,46.5,188,1.2
0 days 01:33:46.007000,25.8,61.0,1009.9,False,46.5,266,1.0
0 days 01:34:46.006000,25.8,61.0,1009.9,False,46.5,268,1.2
0 days 01:35:46.008000,25.8,60.0,1009.9,False,46.5,327,1.0
0 days 01:36:46.008000,25.8,60.0,1009.9,False,46.5,284,1.2
0 days 01:37:46.045000,25.6,60.0,1009.7,False,46.6,285,2.0
0 days 01:38:46.012000,25.5,61.0,1009.7,False,46.5,305,1.7
0 days 01:39:46.011000,25.4,62.0,1009.7,False,46.1,311,1.7
0 days 01:40:46.018000,25.4,62.0,1009.9,False,46.1,356,1.2
0 days 01:41:46.020000,25.6,61.0,1009.7,False,46.2,265,0.6
0 days 01:42:46.042000,25.6,60.0,1009.5,False,45.6,277,1.3
0 days 01:43:46.035000,25.5,60.0,1009.5,False,45.6,276,1.7
0 days 01:44:46.053000,25.4,61.0,1009.7,False,45.3,257,1.6
0 days 01:45:46.068000,25.4,61.0,1009.7,False,45.7,232,1.6
0 days 01:46:46.078000,25.5,62.0,1009.7,False,45.7,247,1.7
0 days 01:47:46.071000,25.6,62.0,1009.7,False,45.7,277,1.6
0 days 01:48:46.066000,25.5,63.0,1009.5,False,45.8,289,1.7
0 days 01:49:46.092000,25.3,62.0,1009.5,False,45.8,246,1.7
0 days 01:50:46.098000,25.3,63.0,1009.5,False,45.8,282,1.7
0 days 01:51:46.101000,25.2,63.0,1009.5,False,45.7,290,1.7
0 days 01:52:46.098000,25.1,64.0,1009.5,False,46.1,205,2.0
0 days 01:53:46.125000,25.1,62.0,1009.5,False,45.9,291,1.7
0 days 01:54:46.117000,25.2,64.0,1009.5,False,45.8,285,2.5
0 days 01:55:46.130000,25.2,64.0,1009.5,False,45.3,294,2.5
0 days 01:56:46.129000,25.2,64.0,1009.5,False,45.3,275,2.5
0 days 01:57:46.129000,25.3,65.0,1009.5,False,45.3,294,1.2
0 days 01:58:46.144000,25.2,64.0,1009.5,False,45.5,285,2.0
0 days 01:59:46.168000,25.1,63.0,1009.5,False,45.5,285,1.7
0 days 02:00:46.162000,25.0,63.0,1009.5,False,45.7,290,2.0
0 days 02:01:46.161000,25.1,64.0,1009.4,False,45.7,288,1.8
0 days 02:02:46.195000,25.0,64.0,1009.4,False,45.7,286,2.2
0 days 02:03:46.166000,24.9,64.0,1009.4,False,45.7,322,1.6
0 days 02:04:46.178000,25.0,65.0,1009.4,False,45.2,290,1.7
0 days 02:05:46.176000,24.9,64.0,1009.4,False,45.1,276,1.7
0 days 02:06:46.177000,24.9,64.0,1009.4,False,45.2,253,1.6
0 days 02:07:46.178000,24.9,64.0,1009.4,False,45.4,296,2.2
0 days 02:08:46.186000,25.1,64.0,1009.4,False,46.1,288,2.2
0 days 02:09:46.179000,24.9,64.0,1009.4,False,46.1,301,1.2
0 days 02:10:46.193000,24.9,64.0,1009.4,False,45.8,289,1.7
0 days 02:11:46.209000,25.0,65.0,1009.4,False,45.7,297,2.0
0 days 02:12:46.215000,24.9,65.0,1009.2,False,45.2,293,1.7
0 days 02:13:46.223000,25.0,65.0,1009.2,False,45.7,258,1.7
0 days 02:14:46.245000,25.1,65.0,1009.2,False,45.7,294,1.5
0 days 02:15:46.240000,25.1,65.0,1009.2,False,45.7,302,1.3
0 days 02:16:46.254000,25.1,63.0,1009.2,False,45.7,280,1.8
0 days 02:17:46.257000,25.0,64.0,1009.2,False,45.7,302,2.7
0 days 02:18:46.255000,25.0,64.0,1009.2,False,45.1,299,2.5
0 days 02:19:46.266000,25.0,64.0,1009.2,False,45.0,283,2.5
0 days 02:20:46.335000,25.0,65.0,1009.2,False,45.0,293,2.2
0 days 02:21:46.266000,25.0,65.0,1009.4,False,45.1,280,2.0
0 days 02:22:46.258000,25.1,64.0,1009.2,False,45.3,282,2.0
0 days 02:23:46.256000,25.0,64.0,1009.2,False,45.2,284,2.2
0 days 02:24:46.263000,24.9,64.0,1009.2,False,45.0,284,2.4
0 days 02:25:46.263000,24.9,64.0,1009.2,False,44.8,312,2.4
0 days 02:26:46.255000,25.0,64.0,1009.2,False,44.9,284,2.7
0 days 02:27:46.268000,25.2,65.0,1009.2,False,44.8,338,2.0
0 days 02:28:46.249000,25.3,63.0,1009.2,False,44.7,336,1.7
0 days 02:29:46.258000,25.2,62.0,1009.2,False,45.0,285,1.7
0 days 02:30:46.255000,24.9,61.0,1009.2,False,45.0,289,2.9
0 days 02:31:46.266000,24.9,62.0,1009.2,False,45.0,294,2.0
0 days 02:32:46.264000,25.0,63.0,1009.2,False,44.6,285,2.2
0 days 02:33:46.437000,25.2,63.0,1009.2,False,44.6,255,2.0
0 days 02:34:46.264000,25.1,62.0,1009.0,False,44.1,299,2.0
0 days 02:35:46.254000,25.1,63.0,1009.2,False,44.1,274,2.4
0 days 02:36:46.262000,25.0,63.0,1009.0,False,44.3,285,2.2
0 days 02:37:46.258000,25.0,64.0,1009.2,False,44.6,303,2.5
0 days 02:38:46.262000,25.0,63.0,1009.2,False,44.6,264,2.0
0 days 02:39:46.288000,25.1,63.0,1009.2,False,44.6,276,1.7
0 days 02:40:46.291000,25.2,63.0,1009.0,False,44.7,266,1.6
0 days 00:00:43.822000,12.2,84.0,1006.5,True,17.5,46,3.0
0 days 00:01:43.832000,12.2,84.0,1006.5,True,17.3,7,2.0
0 days 00:02:43.828000,12.1,84.0,1006.5,True,17.3,2,2.2
0 days 00:03:43.831000,12.2,85.0,1006.7,True,17.4,349,1.7
0 days 00:04:43.852000,12.2,85.0,1006.7,True,17.5,6,1.7
0 days 00:05:43.840000,12.1,83.0,1006.7,True,17.7,18,2.2
0 days 00:06:43.860000,12.1,84.0,1006.7,True,17.6,18,2.7
0 days 00:07:43.859000,12.1,84.0,1006.7,True,17.6,328,2.0
0 days 00:08:43.876000,12.2,84.0,1006.7,True,17.6,5,1.7
0 days 00:09:43.875000,12.2,84.0,1006.7,True,17.6,335,1.8
0 days 00:10:43.876000,12.4,84.0,1006.7,True,17.7,340,1.3
0 days 00:11:43.875000,12.3,83.0,1006.7,True,17.8,320,2.0
0 days 00:12:43.877000,12.2,83.0,1006.7,True,17.8,31,1.7
0 days 00:13:43.877000,12.3,84.0,1006.7,True,17.7,20,1.6
0 days 00:14:43.874000,12.5,84.0,1006.7,True,17.8,6,1.7
0 days 00:15:43.874000,12.6,84.0,1006.9,True,17.9,35,1.0
0 days 00:16:43.891000,12.5,84.0,1006.7,True,18.1,19,1.6
0 days 00:17:43.891000,12.6,84.0,1006.7,True,18.1,55,1.2
0 days 00:18:43.917000,12.7,84.0,1006.9,True,18.2,291,1.3
0 days 00:19:43.910000,12.7,84.0,1006.7,True,18.2,39,1.0
0 days 00:20:43.924000,12.8,85.0,1006.7,True,18.2,41,1.1
0 days 00:21:43.943000,12.8,84.0,1006.9,True,18.2,348,1.7
0 days 00:22:43.943000,12.8,85.0,1007.0,True,18.2,349,1.3
0 days 00:23:44.246000,12.9,85.0,1006.9,True,18.2,347,1.7
0 days 00:24:43.958000,12.7,84.0,1006.7,True,18.1,19,1.6
0 days 00:25:43.954000,12.7,84.0,1007.0,True,18.2,13,1.7
0 days 00:26:43.961000,12.8,85.0,1007.0,True,18.1,4,1.5
0 days 00:27:43.953000,12.9,85.0,1006.9,True,18.1,326,1.7
0 days 00:28:43.961000,12.9,85.0,1007.0,True,18.1,344,1.0
0 days 00:29:43.954000,12.9,84.0,1007.0,True,18.3,354,2.5
0 days 00:30:43.955000,12.9,84.0,1007.0,True,18.3,317,2.2
0 days 00:31:43.962000,12.8,84.0,1007.0,True,18.2,358,1.2
0 days 00:32:43.956000,12.9,84.0,1007.0,True,18.2,7,1.7
0 days 00:33:43.948000,12.8,83.0,1007.0,True,18.2,10,2.0
0 days 00:34:43.953000,13.0,83.0,1006.9,True,18.3,47,1.2
0 days 00:35:43.953000,13.0,83.0,1007.0,True,18.4,346,1.7
0 days 00:36:43.952000,13.0,83.0,1007.0,True,18.3,7,1.7
0 days 00:37:43.952000,13.0,82.0,1007.0,True,18.4,358,1.2
0 days 00:38:43.952000,13.1,82.0,1007.0,True,18.4,347,1.3
0 days 00:39:43.952000,13.1,82.0,1007.0,True,18.4,5,1.1
0 days 00:40:43.952000,13.2,81.0,1007.0,True,18.5,3,1.6
0 days 00:41:43.963000,13.2,81.0,1007.0,True,18.5,152,1.3
0 days 00:42:43.953000,13.1,81.0,1007.0,True,18.5,328,0.8
0 days 00:43:43.957000,13.0,82.0,1007.0,False,18.6,326,0.8
0 days 00:44:43.953000,13.3,81.0,1007.0,False,18.6,341,1.2
0 days 00:45:43.952000,13.4,80.0,1007.0,False,18.6,4,2.0
0 days 00:46:43.968000,13.5,81.0,1007.0,False,18.6,339,1.5
0 days 00:47:43.951000,13.5,81.0,1007.2,False,18.5,295,1.2
0 days 00:48:43.952000,13.6,80.0,1007.0,False,18.5,310,0.8
0 days 00:49:43.952000,13.5,79.0,1007.0,False,18.6,351,1.0
0 days 00:50:43.993000,13.5,79.0,1007.0,False,18.6,346,1.5
0 days 00:51:43.951000,13.4,77.0,1007.2,True,18.5,14,2.0
0 days 00:52:43.950000,13.3,76.0,1007.0,True,18.5,346,3.0
0 days 00:53:43.952000,13.5,75.0,1007.2,True,18.4,8,3.4
0 days 00:54:43.952000,13.5,74.0,1007.0,False,18.1,339,2.4
0 days 00:55:43.957000,13.7,74.0,1007.2,False,18.0,9,1.3
0 days 00:56:43.951000,13.7,73.0,1007.2,False,18.0,5,2.9
0 days 00:57:43.954000,13.7,72.0,1007.0,False,18.1,12,2.7
0 days 00:58:43.956000,13.9,70.0,1007.0,False,18.1,99,3.0
0 days 00:59:43.992000,13.9,71.0,1007.2,False,18.1,336,1.3
0 days 01:00:43.971000,14.1,72.0,1007.2,False,17.9,4,1.6
0 days 01:01:43.973000,14.0,69.0,1007.0,False,18.0,355,3.9
0 days 01:02:43.971000,14.0,68.0,1007.0,False,18.2,9,3.0
0 days 01:03:43.993000,14.1,67.0,1006.9,False,18.0,4,3.2
0 days 01:04:44.009000,14.2,66.0,1007.0,False,17.9,18,4.0
0 days 01:05:43.999000,14.3,68.0,1007.0,False,17.8,1,2.2
0 days 01:06:44.001000,14.4,66.0,1007.0,False,17.8,10,2.5
0 days 01:07:44,14.6,67.0,1007.0,False,17.9,348,2.5
0 days 01:08:44,14.7,67.0,1007.0,False,18.0,1,2.2
0 days 01:09:43.999000,14.6,66.0,1007.0,False,18.0,352,2.9
0 days 01:10:43.998000,14.8,68.0,1007.0,False,18.1,309,1.7
0 days 01:11:44.013000,14.8,66.0,1006.9,False,18.2,8,2.7
0 days 01:12:44.030000,14.8,66.0,1007.0,False,18.3,344,2.2
0 days 01:13:44.029000,14.7,66.0,1007.0,False,18.3,293,1.2
0 days 01:14:44.081000,14.7,66.0,1007.0,False,18.3,4,1.5
0 days 01:15:44.047000,14.8,65.0,1007.0,False,18.5,349,2.0
0 days 01:16:44.051000,14.7,66.0,1007.0,False,18.5,11,2.2
0 days 01:17:44.050000,14.7,64.0,1007.0,False,18.3,18,1.8
0 days 01:18:44.047000,14.6,64.0,1007.0,False,18.3,19,3.7
0 days 01:19:44.054000,14.9,65.0,1007.0,False,18.3,12,1.6
0 days 01:20:44.048000,14.9,64.0,1007.0,False,18.3,25,2.2
0 days 01:21:44.045000,14.9,65.0,1007.0,False,18.3,2,1.6
0 days 01:22:44.048000,15.0,64.0,1007.0,False,18.4,9,2.2
0 days 01:23:44.045000,15.0,63.0,1007.0,False,18.3,347,2.7
0 days 01:24:44.046000,15.0,64.0,1007.2,False,18.3,94,1.8
0 days 01:25:44.050000,15.1,65.0,1007.2,False,18.1,358,1.3
0 days 01:26:44.064000,15.2,62.0,1007.2,False,18.1,10,2.7
0 days 01:27:44.064000,15.1,62.0,1007.2,False,18.0,353,4.0
0 days 01:28:44.077000,15.1,62.0,1007.2,False,17.9,9,2.2
0 days 01:29:44.081000,15.1,61.0,1007.2,False,17.7,354,2.7
0 days 00:00:49.358000,19.1,32.0,1012.7,False,38.9,339,3.9
0 days 00:01:49.357000,19.1,32.0,1012.9,False,38.9,32,1.7
0 days 00:02:49.347000,19.1,33.0,1012.7,False,39.1,16,2.2
0 days 00:03:49.357000,19.1,33.0,1012.9,False,39.2,13,3.7
0 days 00:04:49.355000,19.2,35.0,1012.9,False,39.4,308,3.0
0 days 00:05:49.354000,19.1,34.0,1013.0,False,39.5,5,2.7
0 days 00:06:49.356000,19.0,33.0,1013.0,False,39.1,348,3.7
0 days 00:07:49.358000,19.0,33.0,1013.0,False,39.2,8,2.7
0 days 00:08:49.355000,19.0,33.0,1013.0,False,39.2,2,4.0
0 days 00:09:49.355000,18.8,33.0,1013.0,False,39.1,342,2.5
0 days 00:10:49.356000,18.9,34.0,1012.9,False,39.1,4,2.2
0 days 00:11:49.356000,18.8,32.0,1012.7,False,39.3,354,3.5
0 days 00:12:49.356000,18.9,34.0,1012.7,False,39.6,20,2.7
0 days 00:13:49.353000,19.0,33.0,1012.7,False,39.6,9,3.0
0 days 00:14:49.356000,19.2,34.0,1012.7,False,39.7,6,3.4
0 days 00:15:49.358000,19.3,31.0,1012.7,False,39.7,9,3.7
0 days 00:16:49.376000,19.3,34.0,1012.7,False,39.6,8,3.5
0 days 00:17:49.362000,19.4,32.0,1012.9,False,39.7,12,2.0
0 days 00:18:49.373000,19.3,32.0,1012.7,False,39.7,15,4.3
0 days 00:19:49.396000,19.3,32.0,1012.7,False,39.8,10,4.5
0 days 00:20:49.381000,19.2,32.0,1012.7,False,39.7,8,4.5
0 days 00:21:49.371000,19.2,32.0,1012.9,False,39.6,351,4.5
0 days 00:22:49.360000,19.1,32.0,1012.7,False,39.6,17,2.9
0 days 00:23:49.359000,19.2,33.0,1012.7,False,39.5,352,2.9
0 days 00:24:49.356000,19.4,33.0,1012.7,False,39.6,10,3.2
0 days 00:25:49.353000,19.4,33.0,1012.7,False,39.7,14,2.0
0 days 00:26:49.358000,19.4,32.0,1012.7,False,40.0,15,3.7
0 days 00:27:49.355000,19.4,32.0,1012.5,False,40.2,12,4.1
0 days 00:28:49.353000,19.3,31.0,1012.7,False,40.3,12,2.7
0 days 00:29:49.360000,19.6,32.0,1012.7,False,40.5,10,3.0
0 days 00:30:49.357000,19.7,31.0,1012.7,False,40.5,5,2.5
0 days 00:31:49.355000,19.8,32.0,1012.7,False,40.6,3,2.4
0 days 00:32:49.360000,19.8,32.0,1012.7,False,40.6,13,2.0
0 days 00:33:49.354000,20.0,31.0,1012.7,False,40.6,6,3.9
0 days 00:34:49.349000,20.0,31.0,1012.7,False,40.7,344,4.1
0 days 00:35:49.355000,20.0,32.0,1012.7,False,40.7,352,3.2
0 days 00:36:49.361000,20.0,31.0,1012.7,False,40.8,353,2.9
0 days 00:37:49.354000,19.9,30.0,1012.9,False,40.9,350,4.3
0 days 00:38:49.353000,19.7,30.0,1012.7,False,40.9,354,4.3
0 days 00:39:49.354000,19.6,31.0,1012.7,False,40.5,34,2.5
0 days 00:40:49.356000,19.6,29.0,1012.7,False,40.6,7,3.5
0 days 00:41:49.356000,19.7,30.0,1012.7,False,40.7,356,3.0
0 days 00:42:49.356000,19.8,31.0,1012.7,False,41.2,350,3.0
0 days 00:43:49.346000,19.8,29.0,1012.7,False,41.2,355,2.7
0 days 00:44:49.355000,19.8,29.0,1012.7,False,41.2,357,2.7
0 days 00:45:49.363000,19.7,30.0,1012.7,False,41.0,10,5.0
0 days 00:46:49.355000,19.7,31.0,1012.7,False,40.8,351,2.7
0 days 00:47:49.357000,19.9,31.0,1012.7,False,40.8,5,3.7
0 days 00:48:49.355000,20.0,30.0,1012.7,False,41.4,353,4.1
0 days 00:49:49.372000,20.1,29.0,1012.7,False,41.4,15,3.7
0 days 00:50:49.355000,20.0,30.0,1012.5,False,41.4,15,4.3
0 days 00:51:49.360000,20.1,30.0,1012.5,False,41.4,14,3.5
0 days 00:52:49.355000,20.1,30.0,1012.5,False,41.3,354,3.5
0 days 00:53:49.354000,20.0,29.0,1012.5,False,41.3,346,2.9
0 days 00:54:49.355000,20.0,31.0,1012.5,False,41.4,13,2.2
0 days 00:55:49.353000,20.2,30.0,1012.5,False,41.5,15,2.2
0 days 00:56:49.357000,20.3,33.0,1012.5,False,41.5,315,1.5
0 days 00:57:49.357000,20.3,30.0,1012.5,False,41.3,10,2.7
0 days 00:58:49.346000,20.2,30.0,1012.5,False,41.4,343,3.9
0 days 00:59:49.367000,20.2,31.0,1012.5,False,41.2,345,4.0
0 days 01:00:49.358000,20.1,29.0,1012.4,False,41.2,357,3.4
0 days 01:01:49.364000,20.0,29.0,1012.5,False,41.4,358,4.6
0 days 01:02:49.356000,20.2,29.0,1012.5,False,41.7,355,3.5
0 days 01:03:49.354000,20.5,29.0,1012.5,False,41.7,19,3.9
0 days 01:04:49.355000,20.5,28.0,1012.5,False,41.8,2,4.3
0 days 01:05:49.374000,20.5,27.0,1012.4,False,42.0,15,4.1
0 days 01:06:49.345000,20.6,28.0,1012.5,False,41.8,5,4.3
0 days 01:07:49.784000,20.7,28.0,1012.5,False,41.8,8,4.5
0 days 01:08:49.363000,20.6,29.0,1012.5,False,41.2,352,3.5
0 days 01:09:49.354000,20.6,28.0,1012.5,False,41.3,352,4.5
0 days 01:10:49.372000,20.7,28.0,1012.5,False,41.2,344,4.6
0 days 01:11:49.357000,20.6,28.0,1012.5,False,41.2,358,2.7
0 days 01:12:49.353000,20.5,28.0,1012.2,False,41.2,350,2.7
0 days 01:13:49.355000,20.7,30.0,1012.2,False,41.6,12,4.9
0 days 01:14:49.362000,20.8,29.0,1012.4,False,41.6,17,4.5
0 days 01:15:49.356000,20.9,30.0,1012.4,False,41.5,1,4.1
0 days 01:16:49.357000,20.9,31.0,1012.2,False,41.5,9,4.1
0 days 01:17:49.354000,20.9,29.0,1012.4,False,41.8,8,3.2
0 days 01:18:49.353000,20.9,30.0,1012.2,False,41.7,359,3.7
0 days 01:19:49.358000,21.0,30.0,1012.2,False,41.7,359,3.7
0 days 01:20:49.375000,21.2,30.0,1012.2,False,41.7,7,4.1
0 days 01:21:49.371000,21.3,29.0,1012.5,False,41.7,340,3.7
0 days 01:22:49.370000,21.2,30.0,1012.5,False,41.6,23,2.0
0 days 01:23:49.364000,21.3,30.0,1012.4,False,41.6,358,2.2
0 days 01:24:49.372000,21.4,31.0,1012.4,False,41.6,336,2.5
0 days 01:25:49.384000,21.4,30.0,1012.2,False,41.9,10,2.4
0 days 01:26:49.394000,21.4,29.0,1012.4,False,42.0,26,2.5
0 days 01:27:49.401000,21.3,28.0,1012.2,False,42.1,10,3.2
0 days 01:28:49.414000,21.3,31.0,1012.4,False,42.2,327,2.5
0 days 01:29:49.406000,21.3,29.0,1012.2,False,42.5,1,2.0
0 days 01:30:49.400000,21.3,27.0,1012.4,False,42.1,3,4.3
0 days 01:31:49.400000,21.2,26.0,1012.5,False,42.2,353,4.8
0 days 01:32:49.417000,21.0,27.0,1012.4,False,42.1,353,5.5
0 days 01:33:49.416000,20.9,28.0,1012.2,False,41.7,359,4.0
0 days 01:34:49.434000,21.0,27.0,1012.2,False,41.7,14,5.6
0 days 01:35:49.453000,21.1,27.0,1012.4,False,41.8,354,4.5
0 days 01:36:49.450000,21.1,27.0,1012.4,False,41.8,1,4.0
0 days 01:37:49.461000,21.2,27.0,1012.2,False,41.8,11,3.9
0 days 01:38:49.454000,21.4,27.0,1012.4,False,41.7,359,3.7
0 days 01:39:49.495000,21.4,26.0,1012.2,False,41.9,7,4.4
0 days 01:40:49.458000,21.2,27.0,1012.2,False,41.9,15,4.5
0 days 01:41:49.447000,21.1,27.0,1012.2,False,41.9,16,4.4
0 days 01:42:49.462000,21.2,26.0,1012.2,False,41.9,354,4.0
0 days 01:43:49.465000,21.2,27.0,1012.2,False,42.0,8,4.0
0 days 01:44:49.475000,21.2,28.0,1012.0,False,41.9,12,4.0
0 days 01:45:49.477000,21.3,30.0,1012.0,False,41.9,18,4.5
0 days 01:46:49.479000,21.3,28.0,1012.2,False,41.9,10,4.8
0 days 01:47:49.478000,21.5,28.0,1012.2,False,41.9,15,4.5
0 days 01:48:49.477000,21.6,28.0,1012.2,False,41.8,7,3.9
0 days 01:49:49.486000,21.6,27.0,1012.2,False,42.0,2,4.8
0 days 01:50:49.479000,21.6,27.0,1012.2,False,41.8,18,5.0
0 days 01:51:49.479000,21.6,27.0,1012.2,False,41.8,0,4.0
0 days 01:52:49.478000,21.6,27.0,1012.2,False,41.9,18,3.2
0 days 01:53:49.475000,21.7,29.0,1012.2,False,41.9,7,2.7
0 days 01:54:49.480000,21.7,28.0,1012.2,False,42.0,348,2.7
0 days 01:55:49.502000,21.8,28.0,1012.2,False,42.0,353,2.4
0 days 01:56:49.482000,21.9,28.0,1012.2,False,42.1,336,3.9
0 days 01:57:49.480000,22.0,28.0,1012.2,False,42.1,21,3.2
0 days 01:58:49.478000,22.0,26.0,1012.2,False,42.4,359,4.1
0 days 01:59:49.480000,22.0,28.0,1012.2,False,42.4,345,3.4
0 days 02:00:49.494000,22.1,27.0,1012.2,False,42.4,1,2.7
0 days 02:01:49.535000,21.9,25.0,1012.2,False,42.4,3,3.4
0 days 02:02:49.529000,21.8,26.0,1012.0,False,42.4,0,4.4
0 days 02:03:49.525000,21.8,25.0,1012.2,False,42.2,14,3.5
0 days 02:04:49.533000,21.9,27.0,1012.2,False,42.0,359,3.5
0 days 02:05:49.541000,21.8,25.0,1012.2,False,42.2,356,3.5
0 days 02:06:49.556000,21.8,26.0,1012.2,False,42.2,0,5.0
0 days 02:07:49.579000,21.7,27.0,1012.2,False,41.9,354,4.0
0 days 02:08:49.577000,21.7,26.0,1012.0,False,41.8,9,5.0
0 days 02:09:49.562000,21.8,27.0,1012.2,False,41.8,353,5.0
0 days 02:10:49.593000,21.8,26.0,1012.2,False,41.8,359,4.8
0 days 02:11:49.600000,21.7,25.0,1012.2,False,41.8,6,5.1
0 days 02:12:49.608000,21.7,26.0,1012.2,False,41.7,358,4.0
0 days 02:13:49.615000,21.8,27.0,1012.2,False,41.7,21,2.7
0 days 02:14:49.598000,21.9,27.0,1012.2,False,41.8,345,2.9
0 days 02:15:49.601000,21.9,26.0,1012.2,False,41.9,2,2.4
0 days 02:16:49.613000,21.8,25.0,1012.2,False,41.8,353,4.1
0 days 02:17:49.614000,21.6,25.0,1012.2,False,41.7,5,4.8
0 days 02:18:49.616000,21.8,26.0,1012.0,False,41.7,358,3.2
0 days 02:19:49.605000,21.7,26.0,1012.0,False,41.7,6,4.0
0 days 02:20:49.602000,21.8,25.0,1012.0,False,41.7,156,3.2
0 days 02:21:49.610000,21.9,26.0,1012.0,False,41.7,353,2.0
0 days 02:22:49.603000,21.9,26.0,1012.2,False,41.9,356,2.5
0 days 02:23:49.605000,22.0,26.0,1012.0,False,41.9,3,3.0
0 days 02:24:49.610000,22.1,27.0,1012.2,False,41.9,13,3.2
0 days 02:25:49.604000,22.1,25.0,1012.0,False,41.9,14,3.7
0 days 02:26:49.603000,22.1,26.0,1012.0,False,42.2,15,4.5
0 days 02:27:49.612000,22.2,24.0,1012.0,False,42.2,3,4.5
0 days 02:28:49.605000,22.2,27.0,1012.0,False,42.1,343,4.1
0 days 02:29:49.616000,22.1,27.0,1012.2,False,41.6,7,1.8
0 days 02:30:49.603000,22.1,27.0,1012.0,False,41.6,13,2.7
0 days 02:31:49.600000,22.2,27.0,1012.2,False,41.9,350,3.4
0 days 02:32:49.602000,22.1,27.0,1012.0,False,42.1,19,2.7
0 days 02:33:49.617000,22.0,26.0,1012.0,False,42.1,4,4.1
0 days 02:34:49.604000,22.0,27.0,1011.9,False,41.6,8,4.1
0 days 02:35:49.604000,22.1,26.0,1012.0,False,41.8,16,4.0
0 days 02:36:49.613000,22.1,27.0,1011.9,False,41.8,2,3.7
0 days 02:37:49.615000,22.3,26.0,1012.0,False,41.8,18,4.4
0 days 02:38:49.606000,22.3,26.0,1012.2,False,41.8,348,5.3
0 days 02:39:49.601000,22.3,27.0,1012.0,False,41.6,8,3.0
0 days 02:40:49.603000,22.3,25.0,1012.0,False,41.6,12,2.7
0 days 02:41:49.603000,22.3,26.0,1012.0,False,41.6,0,3.0
0 days 00:00:46.187000,17.0,72.0,999.4,False,25.4,248,3.7
0 days 00:01:46.186000,17.0,72.0,999.2,False,25.5,207,3.5
0 days 00:02:46.187000,17.2,72.0,999.4,False,25.5,190,3.2
0 days 00:03:46.179000,17.3,72.0,999.2,False,25.7,244,3.2
0 days 00:04:46.186000,17.2,71.0,999.4,False,25.7,256,2.7
0 days 00:05:46.188000,17.2,71.0,999.4,False,25.7,260,3.2
0 days 00:06:46.191000,16.9,72.0,999.4,False,25.3,251,5.0
0 days 00:07:46.188000,16.9,73.0,999.5,True,24.9,214,4.0
0 days 00:08:46.188000,16.8,75.0,999.5,True,24.9,251,4.0
0 days 00:09:46.188000,16.9,76.0,999.5,True,23.7,244,3.7
0 days 00:10:46.189000,16.8,78.0,999.5,True,22.3,263,4.0
0 days 00:11:46.190000,16.7,80.0,999.5,True,22.1,216,4.3
0 days 00:12:46.188000,16.3,80.0,999.5,True,22.0,243,3.9
0 days 00:13:46.188000,16.1,82.0,999.5,True,21.2,246,2.7
0 days 00:14:46.188000,15.8,82.0,999.5,True,21.1,230,2.7
0 days 00:15:46.186000,15.7,83.0,999.5,True,21.2,205,2.7
0 days 00:16:46.193000,15.6,84.0,999.5,True,21.2,201,2.9
0 days 00:17:46.189000,15.5,84.0,999.7,True,20.9,244,4.9
0 days 00:18:46.194000,15.4,85.0,999.7,True,20.9,219,4.0
0 days 00:19:46.188000,15.3,85.0,999.7,True,20.5,233,2.9
0 days 00:20:46.191000,15.0,86.0,999.7,True,20.5,251,3.2
0 days 00:21:46.194000,14.8,86.0,999.7,True,20.4,245,2.7
0 days 00:22:46.198000,14.8,87.0,999.7,True,20.3,253,2.7
0 days 00:23:46.191000,14.7,87.0,999.7,True,20.4,251,2.5
0 days 00:24:46.187000,14.6,87.0,999.7,False,20.3,221,2.7
0 days 00:25:46.189000,14.6,87.0,999.7,False,20.4,226,2.5
0 days 00:26:46.188000,14.5,87.0,999.7,False,20.4,224,2.0
0 days 00:27:46.217000,14.5,88.0,999.7,False,20.5,249,2.2
0 days 00:28:46.189000,14.4,88.0,999.7,False,20.5,245,2.2
0 days 00:29:46.204000,14.4,88.0,999.7,False,20.5,230,2.2
0 days 00:30:46.201000,14.4,88.0,999.7,False,20.6,232,2.0
0 days 00:31:46.198000,14.4,88.0,999.7,False,20.5,201,1.3
0 days 00:32:46.186000,14.5,88.0,999.7,False,20.4,207,2.0
0 days 00:33:46.188000,14.4,88.0,999.7,False,20.4,202,2.4
0 days 00:34:46.201000,14.3,88.0,999.7,False,20.4,204,2.5
0 days 00:35:46.218000,14.3,89.0,999.7,False,20.4,262,2.9
0 days 00:36:46.221000,14.3,89.0,999.7,True,20.4,216,2.5
0 days 00:37:46.227000,14.5,89.0,999.9,True,20.4,237,1.7
0 days 00:38:46.234000,14.5,88.0,999.9,True,20.4,181,2.2
0 days 00:39:46.234000,14.4,88.0,999.9,True,20.4,238,4.1
0 days 00:40:46.247000,14.3,89.0,999.9,True,20.3,223,3.0
0 days 00:41:46.242000,14.4,89.0,999.9,True,20.0,204,2.9
0 days 00:42:46.276000,14.3,89.0,999.9,True,19.9,208,3.2
0 days 00:43:46.236000,14.2,89.0,999.9,True,19.7,230,2.9
0 days 00:44:46.237000,14.3,89.0,999.9,True,19.7,242,1.6
0 days 00:45:46.238000,14.4,89.0,999.9,True,19.9,199,1.7
0 days 00:46:46.232000,14.4,89.0,999.7,True,20.0,236,3.0
0 days 00:47:46.253000,14.4,89.0,999.7,True,20.1,210,2.4
0 days 00:48:46.266000,14.4,90.0,999.9,True,20.1,231,2.2
0 days 00:49:46.257000,14.3,89.0,999.7,True,20.0,228,3.0
0 days 00:50:46.274000,14.3,90.0,999.9,True,20.0,218,2.7
0 days 00:51:46.285000,14.4,90.0,999.7,True,19.9,202,2.9
0 days 00:52:46.295000,14.4,90.0,999.9,True,19.9,198,3.2
0 days 00:53:46.292000,14.4,90.0,999.7,True,19.9,233,2.0
0 days 00:54:46.282000,14.3,90.0,999.7,True,20.0,208,3.0
0 days 00:55:46.296000,14.3,90.0,999.7,True,20.1,240,2.5
0 days 00:56:46.298000,14.3,90.0,999.7,True,20.0,252,2.7
0 days 00:57:46.311000,14.3,90.0,999.7,True,20.0,181,2.7
0 days 00:58:46.322000,14.4,90.0,999.7,False,20.1,196,3.2
0 days 00:59:46.330000,14.4,90.0,999.7,False,20.1,252,2.9
0 days 01:00:46.313000,14.3,90.0,999.7,False,20.0,245,3.0
0 days 01:01:46.329000,14.3,91.0,999.9,False,20.0,248,2.7
0 days 01:02:46.346000,14.2,91.0,999.9,False,19.9,206,2.9
0 days 01:03:46.359000,14.3,91.0,999.9,False,19.9,193,2.0
0 days 01:04:46.362000,14.3,90.0,999.9,False,20.0,243,3.4
0 days 01:05:46.359000,14.3,91.0,999.9,False,20.0,198,2.4
0 days 01:06:46.366000,14.3,91.0,999.7,True,19.8,199,2.7
0 days 01:07:46.366000,14.2,91.0,999.9,True,19.8,199,1.7
0 days 01:08:46.361000,14.2,91.0,999.9,True,19.8,251,3.2
0 days 01:09:46.359000,14.3,91.0,999.9,True,19.7,245,3.0
0 days 01:10:46.358000,14.2,91.0,999.9,True,19.5,216,2.0
0 days 01:11:46.373000,14.2,91.0,999.9,False,19.5,219,1.7
0 days 01:12:46.360000,14.2,91.0,999.9,True,19.4,242,1.2
0 days 01:13:46.369000,14.2,91.0,1000.0,True,19.4,198,3.0
0 days 01:14:46.388000,14.2,91.0,999.9,True,19.4,238,3.0
0 days 01:15:46.378000,14.2,91.0,999.9,True,19.3,209,2.9
0 days 01:16:46.376000,14.2,91.0,999.9,True,19.3,201,2.7
0 days 01:17:46.375000,14.3,91.0,999.9,True,19.4,250,3.2
0 days 01:18:46.376000,14.2,91.0,999.7,True,19.4,253,2.5
0 days 00:00:49.810000,19.1,55.0,1001.9,False,30.9,227,1.2
0 days 00:01:49.812000,19.0,55.0,1001.9,False,30.6,293,1.6
0 days 00:02:49.811000,19.0,55.0,1001.9,False,30.6,213,1.2
0 days 00:03:49.811000,18.9,55.0,1001.9,False,30.0,206,1.2
0 days 00:04:49.809000,19.0,56.0,1002.0,False,29.9,273,1.2
0 days 00:05:49.810000,19.0,56.0,1001.9,False,29.9,239,1.6
0 days 00:06:49.811000,18.7,58.0,1002.0,False,29.0,0,1.2
0 days 00:07:49.811000,18.7,58.0,1001.9,False,28.8,39,0.8
0 days 00:08:49.811000,18.5,59.0,1002.0,False,28.7,258,1.5
0 days 00:09:49.809000,18.3,60.0,1002.0,True,28.5,272,1.5
0 days 00:10:49.811000,18.3,61.0,1002.0,True,28.5,237,0.8
0 days 00:11:49.810000,18.4,62.0,1002.0,True,28.2,239,1.7
0 days 00:12:49.811000,18.4,61.0,1002.0,True,28.2,240,2.2
0 days 00:13:49.810000,18.3,62.0,1002.0,False,28.3,209,2.7
0 days 00:14:49.828000,18.3,62.0,1002.0,False,28.1,254,2.2
0 days 00:15:49.825000,18.4,62.0,1002.0,False,27.4,277,2.0
0 days 00:16:49.824000,18.4,61.0,1002.0,False,27.9,264,1.1
0 days 00:17:49.842000,18.4,62.0,1002.0,True,27.9,255,1.2
0 days 00:18:49.858000,18.4,62.0,1002.0,True,27.8,264,1.2
0 days 00:19:49.865000,18.4,61.0,1002.0,False,27.8,317,1.2
0 days 00:20:49.857000,18.4,61.0,1002.0,False,27.8,89,0.6
0 days 00:21:49.862000,18.4,60.0,1002.0,False,27.8,250,1.0
0 days 00:22:49.864000,18.5,59.0,1001.9,True,27.8,221,1.2
0 days 00:23:49.856000,18.6,60.0,1002.0,True,27.8,172,2.7
0 days 00:24:49.845000,18.6,59.0,1002.0,False,28.1,259,1.1
0 days 00:25:49.857000,18.7,58.0,1002.0,False,28.1,268,1.2
0 days 00:26:49.857000,18.7,59.0,1002.0,False,28.2,243,1.0
0 days 00:27:49.858000,18.6,57.0,1002.0,False,28.3,216,1.6
0 days 00:28:49.880000,18.7,56.0,1002.0,False,28.1,232,2.7
0 days 00:29:49.904000,18.7,55.0,1002.0,False,28.1,226,2.2
0 days 00:30:49.906000,18.7,55.0,1002.0,False,28.2,259,1.5
0 days 00:31:49.921000,18.8,56.0,1002.2,False,28.2,275,2.7
0 days 00:32:49.920000,18.9,55.0,1002.0,False,28.4,155,1.6
0 days 00:33:49.940000,19.0,56.0,1002.2,False,29.2,91,1.5
0 days 00:34:49.940000,19.0,59.0,1002.0,False,29.1,89,1.8
0 days 00:35:49.951000,18.7,61.0,1002.2,False,28.8,187,2.4
0 days 00:36:49.937000,18.5,63.0,1002.2,False,28.8,140,2.5
0 days 00:37:49.936000,18.4,64.0,1002.2,False,28.0,87,1.7
0 days 00:38:49.940000,18.1,64.0,1002.2,False,28.0,119,1.0
0 days 00:39:49.936000,17.8,64.0,1002.2,False,28.0,119,1.0
0 days 00:40:49.976000,17.7,64.0,1002.2,True,28.2,187,1.7
0 days 00:41:49.937000,17.8,64.0,1002.2,False,28.7,102,1.7
0 days 00:42:49.937000,17.7,65.0,1002.2,False,28.6,68,0.6
0 days 00:43:49.938000,17.9,63.0,1002.2,False,28.6,105,1.7
0 days 00:44:49.945000,17.9,64.0,1002.2,False,27.3,104,3.0
0 days 00:45:49.938000,17.8,65.0,1002.0,False,27.5,129,2.0
0 days 00:46:49.935000,17.8,65.0,1002.2,False,27.5,127,2.5
0 days 00:47:49.961000,17.7,65.0,1002.2,False,27.7,344,1.7
0 days 00:48:49.955000,17.7,64.0,1002.4,False,27.4,270,1.2
0 days 00:49:49.968000,17.6,64.0,1002.4,False,27.4,270,1.2
0 days 00:50:49.979000,17.6,64.0,1002.4,False,27.4,253,1.7
0 days 00:51:49.989000,17.6,63.0,1002.2,False,27.5,142,1.7
0 days 00:52:50.022000,17.5,64.0,1002.4,False,27.5,208,1.2
0 days 00:53:50.030000,17.5,62.0,1002.2,False,27.8,200,2.2
0 days 00:54:50.043000,17.5,64.0,1002.5,False,28.0,219,2.2
0 days 00:55:50.047000,17.6,63.0,1002.2,False,28.0,203,1.1
0 days 00:56:50.049000,17.5,63.0,1002.4,False,28.0,207,2.7
0 days 00:57:50.049000,17.7,64.0,1002.2,False,27.9,266,1.2
0 days 00:58:50.064000,17.7,63.0,1002.2,False,27.5,206,0.8
0 days 00:59:50.062000,17.8,62.0,1002.2,False,27.6,141,1.1
0 days 01:00:50.070000,17.7,63.0,1002.2,False,27.8,205,1.2
0 days 01:01:50.069000,17.7,63.0,1002.2,False,28.4,79,1.7
0 days 01:02:50.107000,17.7,63.0,1002.2,False,28.0,98,3.4
0 days 01:03:50.102000,17.7,64.0,1002.2,False,28.0,80,3.9
0 days 01:04:50.090000,17.6,65.0,1002.2,False,28.1,35,2.7
0 days 01:05:50.094000,17.7,65.0,1002.2,False,28.1,236,1.5
0 days 01:06:50.087000,17.9,64.0,1002.4,False,28.6,269,0.6
0 days 01:07:50.085000,17.8,64.0,1002.2,False,28.6,149,1.2
0 days 01:08:50.089000,17.9,64.0,1002.5,False,28.9,245,1.5
0 days 01:09:50.104000,17.9,63.0,1002.4,False,30.1,173,1.0
0 days 01:10:50.093000,18.0,62.0,1002.5,False,30.4,10,1.8
0 days 01:11:50.083000,17.9,62.0,1002.4,False,30.3,153,2.2
0 days 01:12:50.097000,17.8,63.0,1002.5,False,30.1,289,0.8
0 days 01:13:50.091000,17.8,62.0,1002.4,False,30.0,319,1.1
0 days 01:14:50.106000,17.8,62.0,1002.5,False,29.9,189,1.0
0 days 01:15:50.149000,17.7,62.0,1002.5,False,29.8,256,1.3
0 days 01:16:50.099000,17.7,62.0,1002.5,False,30.0,24,1.2
0 days 01:17:50.084000,17.6,62.0,1002.4,False,30.0,243,1.2
0 days 01:18:50.083000,17.8,63.0,1002.5,False,29.7,312,2.0
0 days 01:19:50.103000,17.8,62.0,1002.5,False,29.6,73,2.5
0 days 01:20:50.106000,17.9,62.0,1002.5,False,29.6,93,1.7
0 days 01:21:50.086000,17.8,63.0,1002.4,False,29.4,126,1.7
0 days 01:22:50.098000,17.8,63.0,1002.4,False,29.6,115,0.8
0 days 01:23:50.090000,17.7,63.0,1002.5,False,29.4,342,2.2
0 days 01:24:50.098000,17.6,63.0,1002.5,False,29.5,173,1.7
0 days 01:25:50.105000,17.7,64.0,1002.5,False,29.5,94,1.6
0 days 01:26:50.082000,17.6,64.0,1002.4,False,29.5,106,1.8
0 days 01:27:50.102000,17.7,64.0,1002.5,False,29.5,157,2.5
0 days 01:28:50.102000,17.7,64.0,1002.5,False,29.8,116,1.7
0 days 01:29:50.100000,17.6,63.0,1002.4,False,30.1,101,2.5
0 days 01:30:50.113000,17.6,64.0,1002.4,False,30.7,81,2.2
0 days 01:31:50.109000,17.6,64.0,1002.5,False,30.7,109,1.2
0 days 01:32:50.123000,17.5,64.0,1002.5,False,30.5,206,1.2
0 days 01:33:50.135000,17.6,64.0,1002.5,False,30.2,163,1.1
0 days 01:34:50.150000,17.7,63.0,1002.4,False,30.4,93,1.5
0 days 01:35:50.145000,17.6,62.0,1002.5,False,30.6,22,2.2
0 days 01:36:50.155000,17.6,61.0,1002.5,False,30.4,0,1.8
0 days 01:37:50.171000,17.6,62.0,1002.5,False,30.2,242,2.5
0 days 01:38:50.201000,17.6,62.0,1002.5,False,30.2,178,1.3
0 days 01:39:50.187000,17.7,62.0,1002.5,False,30.4,247,0.8
0 days 01:40:50.193000,17.9,61.0,1002.5,False,30.6,137,0.8
0 days 01:41:50.185000,18.0,61.0,1002.5,False,30.7,0,1.0
0 days 01:42:50.232000,18.0,60.0,1002.5,False,30.7,250,0.6
0 days 01:43:50.214000,18.1,59.0,1002.5,False,30.8,65,0.8
0 days 01:44:50.234000,18.1,59.0,1002.5,False,31.4,86,2.4
0 days 01:45:50.235000,18.2,59.0,1002.5,False,31.5,94,1.7
0 days 01:46:50.251000,18.2,59.0,1002.5,False,31.4,94,2.4
0 days 01:47:50.271000,18.3,60.0,1002.5,False,31.4,45,1.2
0 days 01:48:50.285000,18.3,60.0,1002.5,False,31.4,92,1.6
0 days 01:49:50.281000,18.4,60.0,1002.5,False,30.6,121,1.5
0 days 01:50:50.279000,18.3,60.0,1002.5,False,30.3,28,1.2
0 days 01:51:50.280000,18.2,61.0,1002.5,False,30.1,102,0.8
0 days 01:52:50.299000,18.1,60.0,1002.5,False,30.1,43,1.5
0 days 01:53:50.312000,18.2,60.0,1002.5,False,30.2,125,1.6
0 days 01:54:50.310000,18.3,59.0,1002.5,False,30.8,180,1.0
0 days 01:55:50.312000,18.3,59.0,1002.5,False,31.2,271,0.6
0 days 01:56:50.314000,18.4,58.0,1002.5,False,32.4,277,0.6
0 days 01:57:50.314000,18.5,58.0,1002.5,False,32.6,305,1.1
0 days 01:58:50.312000,18.7,58.0,1002.5,False,32.7,155,1.1
0 days 01:59:50.313000,18.7,57.0,1002.5,False,32.8,93,0.8
0 days 02:00:50.310000,18.7,56.0,1002.4,False,33.1,43,0.6
0 days 02:01:50.311000,18.7,57.0,1002.5,False,33.1,101,1.2
0 days 02:02:50.311000,18.7,55.0,1002.5,False,33.5,303,0.6
0 days 02:03:50.310000,18.7,55.0,1002.5,False,33.5,122,2.0
0 days 02:04:50.322000,18.6,55.0,1002.4,False,33.3,103,1.5
0 days 02:05:50.322000,18.6,56.0,1002.5,False,33.3,344,1.1
0 days 02:06:50.313000,18.5,55.0,1002.5,False,33.5,0,1.7
0 days 02:07:50.314000,18.4,55.0,1002.5,False,33.5,29,0.4
0 days 02:08:50.312000,18.3,56.0,1002.5,False,32.9,34,1.5
0 days 02:09:50.314000,18.4,56.0,1002.4,False,32.2,52,1.8
0 days 02:10:50.313000,18.4,57.0,1002.5,False,32.2,118,0.8
0 days 02:11:50.314000,18.3,57.0,1002.5,False,31.8,162,0.6
0 days 02:12:50.312000,18.4,57.0,1002.4,False,31.9,29,1.6
0 days 02:13:50.324000,18.4,57.0,1002.4,False,32.1,251,1.8
0 days 02:14:50.315000,18.4,55.0,1002.4,False,32.3,250,1.5
0 days 02:15:50.312000,18.4,56.0,1002.5,False,32.1,255,1.5
0 days 02:16:50.324000,18.4,54.0,1002.5,False,32.1,95,0.6
0 days 02:17:50.358000,18.4,54.0,1002.4,False,32.0,54,1.2
0 days 02:18:50.330000,18.4,56.0,1002.5,False,31.6,104,1.8
0 days 02:19:50.330000,18.4,56.0,1002.5,False,32.0,239,1.7
0 days 02:20:50.329000,18.6,56.0,1002.4,False,32.4,197,1.3
0 days 02:21:50.327000,18.7,55.0,1002.5,False,32.3,140,2.0
0 days 02:22:50.353000,18.7,55.0,1002.4,False,32.3,124,0.8
0 days 02:23:50.375000,18.7,56.0,1002.5,False,31.9,244,0.8
0 days 02:24:50.376000,18.7,55.0,1002.4,False,31.8,258,1.3
0 days 02:25:50.375000,18.7,55.0,1002.4,False,31.7,239,2.0
0 days 02:26:50.404000,18.7,56.0,1002.4,False,31.6,151,1.0
0 days 02:27:50.411000,18.7,55.0,1002.5,False,31.5,184,1.0
0 days 02:28:50.406000,18.7,55.0,1002.5,False,31.5,69,1.0
0 days 02:29:50.406000,18.6,56.0,1002.4,False,31.3,85,2.0
0 days 02:30:50.406000,18.8,57.0,1002.5,False,31.2,52,1.2
0 days 02:31:50.407000,18.9,56.0,1002.4,False,31.2,252,1.3
0 days 02:32:50.415000,18.9,54.0,1002.4,False,31.4,299,1.6
0 days 02:33:50.410000,18.9,55.0,1002.4,False,32.0,0,1.1
0 days 02:34:50.405000,19.0,56.0,1002.2,False,32.0,263,0.8
0 days 02:35:50.422000,18.9,56.0,1002.5,False,32.3,0,1.6
0 days 02:36:50.440000,19.0,56.0,1002.4,False,33.1,232,0.4
0 days 02:37:50.445000,19.1,54.0,1002.4,False,33.9,0,0.8
0 days 02:38:50.439000,19.2,53.0,1002.4,False,34.1,242,0.8
0 days 02:39:50.455000,19.2,54.0,1002.4,False,34.0,193,0.8
0 days 02:40:50.441000,19.2,55.0,1002.5,False,32.9,249,1.8
0 days 02:41:50.439000,19.2,55.0,1002.4,False,32.8,74,1.6
0 days 02:42:50.441000,19.0,55.0,1002.5,False,32.3,101,3.5
0 days 02:43:50.439000,18.9,57.0,1002.4,False,32.3,71,1.0
0 days 02:44:50.439000,18.9,58.0,1002.4,False,32.5,209,1.6
0 days 02:45:50.439000,18.8,57.0,1002.4,False,32.7,74,1.0
0 days 02:46:50.442000,18.9,57.0,1002.5,False,32.1,111,1.5
0 days 02:47:50.450000,18.9,58.0,1002.5,False,31.6,254,1.7
0 days 02:48:50.441000,19.0,57.0,1002.5,False,31.4,253,1.2
0 days 02:49:50.454000,18.8,57.0,1002.5,False,31.4,218,1.8
0 days 02:50:50.455000,18.6,58.0,1002.5,False,31.1,229,1.7
0 days 02:51:50.444000,18.6,58.0,1002.5,False,31.0,282,0.6
0 days 02:52:50.447000,18.5,58.0,1002.4,False,30.7,70,0.8
0 days 02:53:50.441000,18.6,58.0,1002.5,False,30.6,242,0.6
0 days 02:54:50.446000,18.6,58.0,1002.5,False,30.2,170,0.8
0 days 02:55:50.439000,18.6,59.0,1002.5,False,30.1,43,0.8
0 days 02:56:50.441000,18.5,58.0,1002.5,False,30.1,273,1.1
0 days 02:57:50.442000,18.5,59.0,1002.5,False,30.3,100,1.0
0 days 02:58:50.440000,18.4,59.0,1002.5,False,30.3,106,1.7
0 days 02:59:50.453000,18.3,59.0,1002.5,False,30.1,151,0.0
0 days 03:00:50.454000,18.2,60.0,1002.5,False,29.9,145,0.6
0 days 03:01:50.457000,18.2,60.0,1002.5,False,29.9,36,1.7
0 days 03:02:50.454000,18.1,60.0,1002.5,False,29.8,98,1.7
0 days 03:03:50.455000,18.1,61.0,1002.5,False,29.6,34,1.7
0 days 03:04:50.455000,18.1,61.0,1002.5,False,29.5,103,1.7
0 days 03:05:50.470000,18.1,62.0,1002.5,False,29.5,0,2.0
0 days 03:06:50.474000,18.1,62.0,1002.5,False,29.7,105,0.8
0 days 03:07:50.474000,18.1,62.0,1002.5,False,29.7,86,1.7
0 days 03:08:50.477000,18.1,62.0,1002.5,False,29.4,95,1.5
0 days 03:09:50.486000,18.1,62.0,1002.5,False,29.4,100,2.7
0 days 03:10:50.491000,18.1,63.0,1002.5,False,29.4,344,2.0
0 days 03:11:50.501000,18.1,63.0,1002.5,False,29.1,155,1.2
0 days 03:12:50.531000,18.0,63.0,1002.7,False,28.9,196,1.2
0 days 03:13:50.531000,17.9,63.0,1002.5,False,28.7,104,1.1
0 days 03:14:50.532000,17.9,61.0,1002.5,False,28.5,97,1.3
0 days 03:15:50.531000,17.8,61.0,1002.5,False,28.5,142,1.7
0 days 03:16:50.551000,17.8,61.0,1002.7,False,28.5,182,1.2
0 days 03:17:50.534000,17.7,61.0,1002.7,False,28.3,0,1.7
0 days 03:18:50.530000,17.7,61.0,1002.5,False,28.3,131,0.6
0 days 03:19:50.523000,17.7,61.0,1002.7,False,28.2,87,1.5
0 days 03:20:50.533000,17.8,61.0,1002.7,False,28.2,162,1.8
0 days 03:21:50.643000,17.8,60.0,1002.7,False,28.1,186,0.6
0 days 03:22:50.536000,17.7,60.0,1002.7,False,28.0,12,1.1
0 days 00:00:04.132000,19.3,35.0,946.2,False,37.6,0,1.7
0 days 00:01:04.139000,19.1,36.0,946.2,False,37.7,183,1.3
0 days 00:02:04.140000,19.1,35.0,946.4,False,37.9,265,1.7
0 days 00:03:04.161000,19.1,35.0,946.2,False,38.1,184,1.2
0 days 00:04:04.140000,19.2,35.0,946.4,False,37.9,249,0.6
0 days 00:05:04.140000,19.2,35.0,946.2,False,38.0,118,1.2
0 days 00:06:04.159000,19.3,35.0,946.2,False,38.0,32,0.5
0 days 00:07:04.173000,19.4,34.0,946.4,False,37.8,104,1.1
0 days 00:08:04.190000,19.4,35.0,946.4,False,38.1,45,1.5
0 days 00:09:04.206000,19.4,34.0,946.2,False,38.1,104,0.6
0 days 00:10:04.228000,19.3,34.0,946.2,False,38.1,242,0.8
0 days 00:11:04.219000,19.2,34.0,946.2,False,38.0,107,1.6
0 days 00:12:04.229000,19.1,34.0,946.2,False,37.8,126,1.8
0 days 00:13:04.221000,19.3,33.0,946.2,False,37.8,83,2.5
0 days 00:14:04.226000,19.3,34.0,946.4,False,37.7,255,1.6
0 days 00:15:04.220000,19.2,34.0,946.2,False,37.5,264,1.3
0 days 00:16:04.218000,19.2,34.0,946.2,False,37.5,258,1.3
0 days 00:17:04.224000,19.2,34.0,946.2,False,37.6,217,0.8
0 days 00:18:04.224000,19.3,34.0,946.2,False,37.6,151,0.8
0 days 00:19:04.222000,19.4,34.0,946.4,False,37.7,197,2.2
0 days 00:20:04.236000,19.4,34.0,946.2,False,37.6,96,1.3
0 days 00:21:04.223000,19.3,34.0,946.2,False,37.4,0,2.0
0 days 00:22:04.244000,19.2,34.0,946.2,False,37.4,72,1.3
0 days 00:23:04.245000,19.3,33.0,946.2,False,37.4,268,1.2
0 days 00:24:04.236000,19.4,33.0,946.4,False,37.5,98,2.4
0 days 00:25:04.253000,19.3,34.0,946.4,False,37.3,285,1.7
0 days 00:26:04.260000,19.3,33.0,946.5,False,37.2,255,1.5
0 days 00:27:04.254000,19.1,33.0,946.5,False,37.2,208,0.6
0 days 00:28:04.262000,19.1,33.0,946.5,False,36.9,140,0.8
0 days 00:29:04.264000,19.1,34.0,946.4,False,36.7,328,1.0
0 days 00:30:04.268000,19.2,34.0,946.2,False,36.7,345,0.6
0 days 00:31:04.266000,19.4,33.0,946.4,False,37.0,254,0.8
0 days 00:32:04.299000,19.5,33.0,946.5,False,37.0,86,0.5
0 days 00:33:04.298000,19.5,33.0,946.2,False,36.8,101,1.3
0 days 00:34:04.313000,19.6,33.0,946.2,False,36.8,108,1.5
0 days 00:35:04.312000,19.4,34.0,946.2,False,36.7,248,0.8
0 days 00:36:04.314000,19.3,33.0,946.2,False,36.5,267,2.7
0 days 00:37:04.314000,19.2,34.0,946.4,False,36.4,266,2.7
0 days 00:38:04.325000,19.0,34.0,946.2,False,36.4,256,2.7
0 days 00:39:04.346000,19.0,34.0,946.2,False,36.5,222,2.5
0 days 00:40:04.345000,19.0,35.0,946.2,False,36.5,253,1.8
0 days 00:41:04.346000,19.0,35.0,946.2,False,36.5,259,2.0
0 days 00:42:04.345000,19.0,34.0,946.2,False,36.7,246,2.0
0 days 00:43:04.351000,19.1,34.0,946.2,False,36.6,242,1.3
0 days 00:44:04.343000,19.0,34.0,946.2,False,36.5,257,1.2
0 days 00:45:04.348000,19.0,34.0,946.2,False,36.4,37,0.6
0 days 00:46:04.346000,19.0,34.0,946.2,False,36.2,271,2.0
0 days 00:47:04.351000,18.9,35.0,946.2,False,36.0,272,3.2
0 days 00:48:04.344000,18.8,35.0,946.2,False,36.0,254,3.5
0 days 00:49:04.347000,18.8,35.0,946.2,False,36.0,264,1.7
0 days 00:50:04.345000,18.9,35.0,946.2,False,36.0,264,1.7
0 days 00:51:04.347000,18.9,35.0,946.2,False,36.0,279,2.0
0 days 00:52:04.352000,18.9,35.0,946.2,False,36.0,262,2.9
0 days 00:53:04.350000,18.9,35.0,946.2,False,36.0,264,1.2
0 days 00:54:04.377000,18.9,35.0,946.4,False,36.0,106,0.5
0 days 00:55:04.369000,18.8,34.0,946.4,False,36.2,270,0.4
0 days 00:56:04.349000,18.9,35.0,946.4,False,36.2,0,1.2
0 days 00:57:04.345000,19.2,34.0,946.4,False,36.2,93,2.0
0 days 00:58:04.344000,19.2,34.0,946.4,False,35.7,43,1.7
0 days 00:59:04.352000,19.4,34.0,946.4,False,35.7,108,1.0
0 days 01:00:04.346000,19.4,34.0,946.4,False,35.7,85,0.8
0 days 01:01:04.347000,19.4,34.0,946.4,False,35.6,112,0.8
0 days 01:02:04.355000,19.3,34.0,946.4,False,35.5,119,1.8
0 days 01:03:04.348000,19.2,35.0,946.2,False,35.5,99,3.2
0 days 01:04:04.348000,19.1,35.0,946.4,False,35.5,212,1.7
0 days 01:05:04.342000,19.1,34.0,946.4,False,35.7,263,0.6
0 days 01:06:04.345000,19.2,34.0,946.4,False,35.7,244,0.6
0 days 01:07:04.376000,19.1,33.0,946.5,False,35.7,0,1.0
0 days 01:08:04.381000,19.0,34.0,946.4,False,35.4,280,0.8
0 days 01:09:04.406000,19.1,34.0,946.5,False,35.1,208,1.2
0 days 01:10:04.409000,19.1,34.0,946.5,False,35.1,276,1.1
0 days 01:11:04.408000,19.0,34.0,946.4,False,35.1,251,1.6
0 days 01:12:04.400000,18.9,34.0,946.5,False,35.0,258,1.1
0 days 01:13:04.415000,18.8,34.0,946.4,False,35.1,267,2.0
0 days 01:14:04.427000,18.7,34.0,946.4,False,35.0,272,2.2
0 days 01:15:04.441000,18.5,35.0,946.4,False,34.8,271,1.5
0 days 01:16:04.445000,18.4,35.0,946.5,False,34.6,257,2.0
0 days 01:17:04.443000,18.5,35.0,946.4,False,34.5,268,2.5
0 days 01:18:04.445000,18.5,35.0,946.5,False,34.2,270,1.8
0 days 01:19:04.440000,18.6,36.0,946.4,False,34.1,268,1.5
0 days 01:20:04.441000,18.6,36.0,946.4,False,34.1,236,1.2
0 days 01:21:04.461000,18.6,36.0,946.4,False,34.2,256,1.2
0 days 01:22:04.440000,18.6,35.0,946.4,False,34.2,151,1.1
0 days 01:23:04.441000,18.5,35.0,946.4,False,34.2,320,1.2
0 days 01:24:04.448000,18.5,36.0,946.2,False,34.2,269,1.3
0 days 01:25:04.444000,18.5,35.0,946.4,False,33.9,207,2.2
0 days 01:26:04.444000,18.5,36.0,946.4,False,33.7,253,0.5
0 days 01:27:04.448000,18.5,35.0,946.4,False,33.6,290,1.6
0 days 01:28:04.463000,18.6,35.0,946.4,False,33.4,266,1.2
0 days 01:29:04.465000,18.6,34.0,946.4,False,33.3,281,3.7
0 days 01:30:04.471000,18.6,36.0,946.4,False,33.1,293,2.2
0 days 01:31:04.472000,18.3,36.0,946.4,False,33.1,237,2.7
0 days 01:32:04.471000,18.3,36.0,946.2,False,33.2,258,1.8
0 days 01:33:04.473000,18.3,36.0,946.4,False,33.2,194,1.1
0 days 01:34:04.475000,18.4,35.0,946.4,False,33.2,283,0.6
0 days 01:35:04.473000,18.5,35.0,946.4,False,33.1,256,1.5
0 days 01:36:04.472000,18.5,35.0,946.4,False,33.1,160,2.4
0 days 01:37:04.473000,18.8,36.0,946.2,False,33.1,77,1.1
0 days 01:38:04.474000,18.8,35.0,946.4,False,32.9,287,1.0
0 days 00:00:12.661000,20.0,36.0,939.5,False,30.2,267,1.5
0 days 00:01:12.665000,19.9,37.0,939.5,False,30.1,258,2.0
0 days 00:02:12.681000,19.8,37.0,939.5,False,29.8,290,1.5
0 days 00:03:12.697000,19.8,37.0,939.5,False,29.7,0,1.0
0 days 00:04:12.688000,19.8,37.0,939.5,False,29.5,244,0.0
0 days 00:05:12.696000,19.7,38.0,939.4,False,29.3,269,0.0
0 days 00:06:12.695000,19.8,38.0,939.5,False,29.4,0,0.6
0 days 00:07:12.694000,19.9,37.0,939.5,False,29.4,307,0.8
0 days 00:08:12.695000,19.8,37.0,939.5,False,29.3,247,1.2
0 days 00:09:12.695000,19.8,38.0,939.5,False,29.3,92,1.6
0 days 00:10:12.710000,19.8,37.0,939.5,False,29.3,203,0.6
0 days 00:11:12.726000,19.8,38.0,939.5,False,29.0,0,0.5
0 days 00:12:12.741000,19.8,37.0,939.5,False,29.0,253,0.6
0 days 00:13:12.745000,19.7,37.0,939.5,False,28.8,0,0.0
0 days 00:14:12.744000,19.7,38.0,939.5,False,28.9,51,0.0
0 days 00:15:12.746000,19.7,38.0,939.5,False,29.0,285,0.4
0 days 00:16:12.760000,19.8,38.0,939.5,False,29.0,260,0.5
0 days 00:17:12.777000,19.8,38.0,939.5,False,28.9,293,1.2
0 days 00:18:12.792000,19.7,38.0,939.5,False,28.9,0,0.5
0 days 00:19:12.791000,19.7,38.0,939.5,False,29.2,27,0.5
0 days 00:20:12.789000,19.7,38.0,939.5,False,29.7,0,0.3
0 days 00:21:12.792000,19.9,38.0,939.5,False,30.5,257,0.6
0 days 00:22:12.802000,19.9,37.0,939.5,False,30.7,98,0.6
0 days 00:23:12.794000,20.0,38.0,939.5,False,30.5,235,0.6
0 days 00:24:12.796000,20.2,39.0,939.5,False,30.4,258,1.7
0 days 00:25:12.793000,20.3,39.0,939.5,False,30.1,0,1.7
0 days 00:26:12.792000,20.1,40.0,939.5,False,30.1,239,0.8
0 days 00:27:12.807000,20.1,39.0,939.4,False,29.7,306,1.2
0 days 00:28:12.822000,20.2,38.0,939.5,False,29.9,266,1.5
0 days 00:29:12.827000,20.2,37.0,939.5,False,29.7,270,1.5
0 days 00:30:12.823000,20.1,37.0,939.5,False,29.5,264,0.8
0 days 00:31:12.844000,20.1,37.0,939.5,False,29.5,266,1.3
0 days 00:32:12.820000,20.1,37.0,939.5,False,29.6,228,2.0
0 days 00:33:12.825000,20.0,36.0,939.5,False,29.6,0,1.2
0 days 00:34:12.821000,20.0,36.0,939.4,False,29.6,234,0.4
0 days 00:35:12.821000,19.9,37.0,939.5,False,29.6,0,0.6
0 days 00:36:12.829000,20.0,35.0,939.5,False,29.7,183,0.8
0 days 00:37:12.819000,19.9,34.0,939.5,False,29.7,0,0.0
0 days 00:38:12.819000,20.0,35.0,939.5,False,29.7,254,0.0
0 days 00:39:12.823000,20.0,35.0,939.5,False,29.7,255,0.6
0 days 00:40:12.822000,20.0,36.0,939.4,False,29.7,293,0.6
0 days 00:41:12.821000,20.0,36.0,939.5,False,29.9,229,0.8
0 days 00:42:12.819000,20.0,36.0,939.5,False,29.8,290,0.6
0 days 00:43:12.822000,20.0,35.0,939.5,False,30.1,216,1.1
0 days 00:44:12.821000,20.1,35.0,939.4,False,30.2,0,0.4
0 days 00:45:12.811000,20.0,35.0,939.5,False,30.9,0,0.5
0 days 00:46:12.823000,20.2,35.0,939.5,False,31.0,354,0.5
0 days 00:47:12.826000,20.3,34.0,939.5,False,31.0,110,0.6
0 days 00:48:12.822000,20.3,34.0,939.5,False,30.8,134,1.1
0 days 00:49:12.883000,20.3,34.0,939.5,False,30.5,296,0.6
0 days 00:50:12.828000,20.3,35.0,939.5,False,30.6,0,0.6
0 days 00:51:12.823000,20.4,34.0,939.5,False,30.7,68,0.0
0 days 00:52:12.826000,20.4,35.0,939.5,False,31.2,94,0.0
0 days 00:53:12.822000,20.4,35.0,939.7,False,31.2,88,1.0
0 days 00:54:12.823000,20.5,34.0,939.5,False,31.2,89,1.3
0 days 00:55:12.823000,20.5,33.0,939.5,False,30.7,0,1.1
0 days 00:56:12.835000,20.4,34.0,939.5,False,30.2,110,0.8
0 days 00:57:12.824000,20.3,35.0,939.5,False,30.3,124,1.5
0 days 00:58:12.824000,20.3,36.0,939.5,False,30.3,104,1.7
0 days 00:59:12.822000,20.2,36.0,939.5,False,30.3,93,1.5
0 days 01:00:12.815000,20.2,36.0,939.5,False,30.3,114,1.0
0 days 01:01:12.821000,20.3,38.0,939.5,False,30.4,121,0.8
0 days 01:02:12.820000,20.3,37.0,939.7,False,30.3,123,1.7
0 days 01:03:12.825000,20.3,37.0,939.7,False,30.3,125,1.2
0 days 01:04:12.826000,20.4,37.0,939.7,False,30.3,102,1.8
0 days 01:05:12.813000,20.3,36.0,939.7,False,30.3,103,1.7
0 days 01:06:12.821000,20.4,37.0,939.5,False,30.4,101,2.7
0 days 01:07:12.822000,20.4,34.0,939.5,False,30.2,109,2.7
0 days 01:08:12.835000,20.4,34.0,939.7,False,30.2,108,2.0
0 days 01:09:12.822000,20.4,34.0,939.7,False,29.9,80,1.6
0 days 01:10:12.825000,20.4,34.0,939.7,False,29.9,107,2.7
0 days 01:11:12.822000,20.4,35.0,939.7,False,29.4,96,2.2
0 days 01:12:12.825000,20.3,36.0,939.7,False,29.6,105,2.5
0 days 01:13:12.823000,20.4,35.0,939.7,False,30.4,95,1.7
0 days 01:14:12.823000,20.3,35.0,939.7,False,30.8,120,2.0
0 days 01:15:12.824000,20.5,35.0,939.7,False,30.7,81,1.7
0 days 01:16:12.822000,20.5,35.0,939.7,False,29.8,80,2.0
0 days 01:17:12.825000,20.4,35.0,939.7,False,29.8,111,2.0
0 days 01:18:12.826000,20.4,36.0,939.7,False,29.5,101,2.7
0 days 01:19:12.825000,20.4,35.0,939.7,False,29.3,99,2.7
0 days 01:20:12.834000,20.3,36.0,939.7,False,29.1,104,2.7
0 days 01:21:12.838000,20.1,36.0,939.9,False,29.0,97,3.2
0 days 01:22:12.823000,20.1,36.0,939.7,False,29.0,103,2.2
0 days 01:23:12.827000,20.0,37.0,939.9,False,28.8,81,2.2
0 days 01:24:12.837000,19.8,37.0,939.7,False,28.5,17,2.0
0 days 01:25:12.824000,19.8,37.0,940.0,False,28.5,104,0.6
0 days 01:26:12.823000,19.8,37.0,940.0,False,28.8,259,0.8
0 days 01:27:12.842000,19.8,36.0,940.0,False,28.8,89,1.7
0 days 01:28:12.828000,19.9,36.0,940.0,False,28.8,0,1.0
0 days 01:29:12.823000,20.0,36.0,939.9,False,29.3,143,0.6
0 days 01:30:12.835000,20.1,36.0,940.0,False,29.8,263,1.7
0 days 01:31:12.826000,20.1,34.0,940.0,False,29.8,324,0.6
0 days 01:32:12.828000,20.2,35.0,939.9,False,29.4,269,1.2
0 days 01:33:12.837000,20.2,35.0,940.0,False,29.4,136,1.0
0 days 01:34:12.824000,20.2,36.0,939.9,False,29.9,92,1.2
0 days 01:35:12.826000,20.3,35.0,940.0,False,30.4,299,1.6
0 days 01:36:12.823000,20.4,34.0,940.0,False,30.4,267,2.2
0 days 01:37:12.836000,20.3,35.0,939.9,False,31.1,167,1.2
0 days 01:38:12.826000,20.3,34.0,939.9,False,31.6,332,1.5
0 days 01:39:12.826000,20.3,35.0,939.9,False,31.6,266,1.2
0 days 01:40:12.827000,20.3,34.0,940.0,False,31.2,282,1.5
0 days 01:41:12.828000,20.3,35.0,939.9,False,31.2,285,2.5
0 days 01:42:12.829000,20.4,33.0,939.9,False,31.9,267,2.2
0 days 01:43:12.829000,20.4,34.0,939.9,False,32.3,318,2.2
0 days 01:44:12.825000,20.5,34.0,939.9,False,32.9,91,1.7
0 days 01:45:12.824000,20.7,34.0,939.9,False,33.0,19,1.6
0 days 01:46:12.823000,20.8,33.0,939.9,False,33.6,329,0.8
0 days 01:47:12.826000,20.8,33.0,939.9,False,33.6,329,0.8
0 days 01:48:12.880000,20.8,32.0,939.9,False,33.6,276,1.1
0 days 01:49:12.823000,20.7,33.0,939.9,False,33.2,327,1.6
0 days 01:50:12.856000,20.7,32.0,939.9,False,33.2,127,1.6
0 days 01:51:12.855000,20.7,33.0,939.7,False,33.2,212,1.2
0 days 01:52:12.866000,20.6,33.0,939.7,False,33.1,299,1.0
0 days 01:53:12.863000,20.6,34.0,939.9,False,33.5,268,1.1
0 days 01:54:12.868000,20.7,34.0,939.9,False,33.8,106,1.2
0 days 01:55:12.870000,20.8,33.0,939.7,False,34.3,114,1.6
0 days 01:56:12.896000,20.9,33.0,939.7,False,34.3,114,1.6
0 days 01:57:12.908000,21.0,32.0,939.7,False,34.3,61,0.8
0 days 01:58:12.912000,21.0,32.0,939.9,False,34.1,269,1.1
0 days 01:59:12.927000,21.0,33.0,939.9,False,34.1,243,1.6
0 days 02:00:12.922000,21.1,32.0,939.7,False,34.3,0,2.5
0 days 02:01:12.924000,20.9,32.0,939.7,False,34.4,177,1.3
0 days 02:02:12.952000,20.8,33.0,939.9,False,34.4,38,0.5
0 days 02:03:12.959000,20.8,32.0,939.9,False,34.0,106,0.8
0 days 02:04:12.972000,20.8,32.0,939.7,False,33.8,57,1.2
0 days 02:05:12.970000,20.9,33.0,939.9,False,33.8,104,1.5
0 days 02:06:12.952000,20.9,32.0,939.9,False,32.6,78,1.6
0 days 02:07:12.954000,20.9,32.0,940.0,False,32.3,91,0.8
0 days 02:08:12.957000,20.8,32.0,940.0,False,31.9,153,1.7
0 days 02:09:12.954000,20.6,32.0,940.0,False,31.8,87,0.8
0 days 02:10:12.967000,20.4,32.0,939.7,False,31.7,330,1.2
0 days 02:11:12.958000,20.3,33.0,940.0,False,31.8,280,1.5
0 days 02:12:12.967000,20.3,33.0,940.0,False,31.5,276,2.0
0 days 02:13:12.983000,20.4,34.0,939.9,False,31.2,317,1.6
0 days 02:14:13.003000,20.4,34.0,940.0,False,30.9,265,0.5
0 days 02:15:13.016000,20.2,35.0,939.9,False,30.9,281,1.5
0 days 02:16:13.017000,20.3,35.0,940.0,False,31.2,107,0.6
0 days 02:17:13.029000,20.4,35.0,940.0,False,31.1,267,1.2
0 days 02:18:13.047000,20.4,35.0,940.0,False,30.8,254,2.4
0 days 02:19:13.051000,20.5,33.0,940.0,False,30.8,65,3.9
0 days 02:20:13.048000,20.4,34.0,940.0,False,30.6,315,1.2
0 days 02:21:13.063000,20.2,34.0,940.0,False,30.4,217,1.2
0 days 02:22:13.077000,20.0,34.0,940.0,False,30.6,93,0.6
0 days 02:23:13.082000,19.8,34.0,940.0,False,30.6,277,1.0
0 days 02:24:13.077000,19.9,34.0,940.0,False,30.6,278,1.7
0 days 02:25:13.075000,19.9,34.0,940.0,False,30.8,324,1.0
0 days 02:26:13.078000,20.0,34.0,940.0,False,31.4,272,2.2
0 days 02:27:13.077000,20.1,33.0,940.0,False,31.5,192,1.7
0 days 02:28:13.078000,20.2,34.0,940.0,False,31.7,52,0.8
0 days 02:29:13.076000,20.4,33.0,940.0,False,32.3,247,0.6
0 days 02:30:13.084000,20.7,33.0,939.9,False,32.6,0,1.3
0 days 02:31:13.077000,20.7,33.0,939.9,False,32.9,66,0.3
0 days 00:00:51.701000,31.0,46.0,968.2,False,56.1,6,2.2
0 days 00:01:51.700000,30.9,46.0,968.0,False,55.5,17,1.8
0 days 00:02:51.696000,31.0,46.0,968.0,False,56.0,347,0.8
0 days 00:03:51.696000,31.2,45.0,968.0,False,56.2,347,2.0
0 days 00:04:51.695000,31.2,45.0,968.0,False,56.1,31,2.0
0 days 00:05:51.696000,31.2,46.0,968.0,False,55.6,60,1.8
0 days 00:06:51.695000,31.2,45.0,968.0,False,56.1,348,1.7
0 days 00:07:51.694000,31.0,46.0,968.0,False,55.9,64,2.9
0 days 00:08:51.711000,30.9,47.0,968.0,False,55.9,68,1.7
0 days 00:09:51.825000,30.9,47.0,968.0,False,55.9,50,2.7
0 days 00:10:51.696000,31.4,47.0,967.9,False,55.9,39,2.0
0 days 00:11:51.700000,31.2,47.0,967.9,False,55.7,51,2.5
0 days 00:12:51.703000,30.6,47.0,967.9,False,55.7,93,1.7
0 days 00:13:51.698000,30.6,47.0,967.9,False,56.3,170,1.7
0 days 00:14:51.698000,30.6,47.0,967.9,False,56.0,231,1.6
0 days 00:15:51.698000,30.7,46.0,967.9,False,55.9,120,1.8
0 days 00:16:51.717000,30.6,46.0,968.0,False,55.9,52,0.8
0 days 00:17:51.710000,30.7,45.0,968.0,False,56.1,85,1.2
0 days 00:18:51.695000,30.7,45.0,967.9,False,56.1,129,1.8
0 days 00:19:51.708000,30.7,45.0,967.7,False,56.1,104,2.0
0 days 00:20:51.700000,30.7,45.0,968.0,False,55.7,163,1.6
0 days 00:21:51.698000,30.7,45.0,968.0,False,55.6,148,2.9
0 days 00:22:51.705000,30.6,46.0,967.9,False,55.3,117,2.7
0 days 00:23:51.696000,30.7,46.0,967.7,False,54.7,83,3.0
0 days 00:24:51.699000,30.8,46.0,967.9,False,54.7,176,1.8
0 days 00:25:51.698000,30.6,46.0,967.9,False,55.2,77,1.8
0 days 00:26:51.700000,30.6,47.0,967.9,False,55.6,68,2.2
0 days 00:27:51.695000,30.6,46.0,967.9,False,55.6,0,1.7
0 days 00:28:51.701000,30.5,47.0,967.9,False,54.8,120,1.7
0 days 00:29:51.698000,30.5,46.0,967.9,False,54.8,322,2.0
0 days 00:30:51.697000,30.6,45.0,967.9,False,54.8,140,1.2
0 days 00:31:51.721000,30.4,45.0,967.7,False,54.8,93,1.6
0 days 00:32:51.700000,30.4,44.0,967.7,False,55.1,51,1.7
0 days 00:33:51.698000,30.6,44.0,967.7,False,55.5,61,1.5
0 days 00:34:51.699000,30.6,44.0,967.9,False,55.4,29,2.0
0 days 00:35:51.699000,30.8,43.0,967.7,False,55.4,129,2.0
0 days 00:36:51.699000,30.8,44.0,967.7,False,55.2,192,1.8
0 days 00:37:51.698000,30.6,45.0,967.9,False,54.4,133,2.0
0 days 00:38:51.699000,30.6,44.0,967.9,False,54.4,125,2.2
0 days 00:39:51.699000,30.5,44.0,967.9,False,55.0,93,1.5
0 days 00:40:51.704000,30.5,45.0,967.9,False,54.6,223,1.2
0 days 00:41:51.696000,30.6,44.0,967.7,False,54.3,180,1.2
0 days 00:42:51.699000,30.7,44.0,967.7,False,54.3,76,1.5
0 days 00:43:51.697000,30.7,44.0,967.7,False,54.3,89,1.7
0 days 00:44:51.696000,30.5,44.0,967.7,False,54.8,10,2.2
0 days 00:45:51.699000,30.7,44.0,967.7,False,55.1,32,2.0
0 days 00:46:51.724000,30.6,43.0,967.7,False,55.3,140,1.5
0 days 00:47:51.701000,30.6,43.0,967.9,False,55.0,162,1.5
0 days 00:48:51.697000,30.4,43.0,967.9,False,54.4,120,1.8
0 days 00:49:51.706000,30.3,44.0,967.7,False,54.2,151,2.9
0 days 00:50:51.705000,30.2,45.0,967.7,False,54.2,121,3.4
0 days 00:51:51.698000,30.1,45.0,967.7,False,53.8,149,2.4
0 days 00:52:51.700000,30.1,45.0,967.7,False,53.8,160,2.7
0 days 00:53:51.700000,30.2,45.0,967.7,False,54.3,30,2.2
0 days 00:54:51.703000,30.2,45.0,967.7,False,54.3,311,0.8
0 days 00:55:51.709000,30.3,44.0,967.7,False,54.1,30,1.5
0 days 00:56:51.716000,30.3,43.0,967.7,False,54.5,161,2.2
0 days 00:57:51.705000,30.3,44.0,967.7,False,54.1,115,2.5
0 days 00:58:51.690000,30.3,45.0,967.7,False,53.6,168,2.2
0 days 00:59:51.701000,30.2,44.0,967.7,False,53.6,128,2.5
0 days 01:00:51.701000,30.0,45.0,967.7,False,53.9,146,2.0
0 days 01:01:51.705000,30.1,46.0,967.7,False,53.6,103,2.0
0 days 01:02:51.702000,30.1,45.0,967.7,False,53.7,112,1.8
0 days 01:03:51.699000,30.3,45.0,967.7,False,53.7,89,2.0
0 days 01:04:51.717000,30.3,45.0,967.7,False,53.7,244,1.6
0 days 01:05:51.701000,30.3,45.0,967.5,False,53.7,78,1.7
0 days 01:06:51.699000,30.1,46.0,967.7,False,53.7,74,2.2
0 days 01:07:51.703000,30.1,46.0,967.7,False,53.4,125,1.5
0 days 01:08:51.699000,30.2,46.0,967.7,False,53.7,70,1.7
0 days 01:09:51.752000,30.3,45.0,967.7,False,54.2,106,1.6
0 days 01:10:51.702000,30.2,46.0,967.7,False,54.1,302,1.5
0 days 01:11:51.700000,30.0,46.0,967.7,False,53.6,33,1.6
0 days 01:12:51.690000,29.8,46.0,967.7,False,53.6,156,2.0
0 days 01:13:51.701000,29.8,46.0,967.7,False,53.6,73,1.5
0 days 01:14:51.704000,29.9,46.0,967.7,False,53.6,72,1.6
0 days 01:15:51.713000,29.9,46.0,967.9,False,53.7,161,1.7
0 days 01:16:51.708000,29.9,46.0,967.7,False,53.5,141,1.6
0 days 00:08:48.262000,29.7,47.0,968.2,False,43.3,333,0.8
0 days 00:09:48.259000,29.8,48.0,968.2,False,44.4,167,1.2
0 days 00:10:48.260000,30.1,48.0,968.2,False,45.4,183,1.2
0 days 00:11:48.279000,30.1,47.0,968.2,False,45.5,151,1.5
0 days 00:12:48.281000,30.0,48.0,968.2,False,45.3,13,1.3
0 days 00:13:48.301000,30.0,46.0,968.2,False,45.2,342,1.6
0 days 00:14:48.302000,30.1,45.0,968.2,False,45.1,152,0.8
0 days 00:15:48.306000,30.4,44.0,968.2,False,45.4,132,1.5
0 days 00:16:48.309000,30.3,43.0,968.2,False,45.4,52,0.8
0 days 00:17:48.305000,30.1,44.0,968.2,False,45.4,60,1.2
0 days 00:18:48.306000,30.1,45.0,968.2,False,60.3,62,0.8
0 days 00:19:48.305000,30.5,44.0,968.0,False,66.8,96,1.5
0 days 00:20:48.306000,30.4,46.0,968.2,False,67.0,0,0.8
0 days 00:21:48.322000,30.6,42.0,968.2,False,61.2,161,1.0
0 days 00:22:48.338000,30.7,42.0,968.2,False,60.3,21,0.6
0 days 00:23:48.355000,30.7,39.0,968.2,False,59.5,48,0.5
0 days 00:24:48.354000,30.8,40.0,968.2,False,59.7,0,1.2
0 days 00:25:48.355000,30.7,42.0,968.0,False,56.9,125,1.2
0 days 00:26:48.354000,30.7,43.0,968.0,False,56.1,44,1.3
0 days 00:27:48.366000,30.5,42.0,968.2,False,52.8,68,0.8
0 days 00:28:48.357000,30.3,44.0,968.0,False,55.0,181,1.7
0 days 00:29:48.364000,30.2,44.0,968.0,False,55.0,135,1.8
0 days 00:30:48.353000,30.2,45.0,968.2,False,53.0,153,2.4
0 days 00:31:48.353000,30.1,45.0,968.0,False,53.0,157,1.7
0 days 00:32:48.353000,30.1,45.0,968.0,False,51.3,153,1.8
0 days 00:33:48.354000,30.3,46.0,968.2,False,49.4,167,2.4
0 days 00:34:48.362000,30.3,46.0,968.0,False,47.3,142,2.0
0 days 00:35:48.356000,30.2,45.0,968.0,False,51.3,66,2.0
0 days 00:36:48.369000,30.0,43.0,968.2,False,51.3,130,1.2
0 days 00:37:48.380000,30.3,43.0,968.0,False,54.1,60,1.3
0 days 00:38:48.381000,30.4,42.0,968.0,False,51.3,22,1.1
0 days 00:39:48.370000,30.3,43.0,968.0,False,50.9,163,1.2
0 days 00:40:48.383000,30.4,44.0,968.0,False,50.9,0,1.1
0 days 00:41:48.388000,30.3,43.0,968.0,False,51.1,122,2.0
0 days 00:42:48.390000,30.3,44.0,968.0,False,51.1,308,1.2
0 days 00:43:48.393000,30.4,43.0,968.0,False,52.3,149,1.2
0 days 00:44:48.388000,30.5,44.0,968.0,False,52.3,150,1.3
0 days 00:45:48.388000,30.4,45.0,968.0,False,52.8,146,3.4
0 days 00:46:48.390000,30.3,47.0,968.0,False,52.2,109,2.7
0 days 00:47:48.395000,30.3,47.0,968.0,False,52.2,27,3.0
0 days 00:48:48.390000,30.3,47.0,968.0,False,52.2,38,1.7
0 days 00:49:48.389000,30.3,46.0,968.0,False,52.2,165,1.8
0 days 00:50:48.395000,30.3,47.0,967.9,False,52.8,165,1.7
0 days 00:51:48.394000,30.4,47.0,968.0,False,54.1,113,2.7
0 days 00:52:48.390000,30.4,45.0,968.0,False,54.4,147,2.4
0 days 00:53:48.387000,30.3,45.0,968.0,False,54.0,130,2.4
0 days 00:54:48.393000,30.3,46.0,968.0,False,54.0,8,2.2
0 days 00:55:48.391000,30.4,47.0,968.0,False,53.4,153,1.7
0 days 00:56:48.390000,30.6,46.0,967.9,False,54.1,154,2.2
0 days 00:57:48.391000,30.6,46.0,968.0,False,54.1,136,4.0
0 days 00:58:48.391000,30.6,47.0,968.0,False,54.1,166,2.5
0 days 00:59:48.390000,30.5,47.0,968.0,False,53.8,61,2.5
0 days 01:00:48.392000,30.4,47.0,967.9,False,54.6,152,2.2
0 days 01:01:48.391000,30.3,47.0,968.0,False,54.6,147,2.0
0 days 01:02:48.389000,30.3,46.0,968.0,False,55.5,161,2.7
0 days 01:03:48.407000,30.1,46.0,967.9,False,55.4,158,2.9
0 days 01:04:48.391000,30.1,47.0,968.0,False,54.8,131,2.2
0 days 01:05:48.391000,30.1,47.0,967.9,False,55.0,141,2.0
0 days 01:06:48.404000,30.2,47.0,968.0,False,55.0,110,2.0
0 days 01:07:48.389000,30.3,47.0,968.0,False,55.1,165,2.5
0 days 01:08:48.394000,30.4,46.0,967.9,False,55.3,120,3.5
0 days 01:09:48.406000,30.4,47.0,968.0,False,55.2,154,2.4
0 days 01:10:48.432000,30.4,47.0,968.0,False,54.9,110,3.0
0 days 01:11:48.412000,30.3,48.0,968.0,False,54.9,97,3.5
0 days 01:12:48.415000,30.2,47.0,967.9,False,54.9,152,2.2
0 days 01:13:48.437000,30.1,47.0,968.0,False,55.4,139,2.7
0 days 01:14:48.448000,30.1,48.0,968.0,False,55.7,140,2.2
0 days 01:15:48.436000,30.2,48.0,967.9,False,55.5,164,3.5
0 days 01:16:48.435000,30.2,48.0,967.9,False,55.5,147,2.9
0 days 01:17:48.438000,30.3,47.0,967.9,False,55.5,165,1.6
0 days 01:18:48.435000,30.3,47.0,968.0,False,55.9,149,2.4
0 days 01:19:48.467000,30.5,47.0,967.9,False,55.9,143,3.0
0 days 01:20:48.457000,30.5,48.0,968.0,False,55.9,103,1.8
0 days 01:21:48.456000,30.5,48.0,967.9,False,55.6,73,1.7
0 days 01:22:48.475000,30.5,48.0,967.9,False,55.6,153,2.5
0 days 01:23:48.484000,30.4,47.0,967.7,False,55.6,154,1.7
0 days 01:24:48.503000,30.6,46.0,967.9,False,56.5,148,1.3
0 days 01:25:48.506000,30.6,46.0,967.9,False,56.2,129,2.0
0 days 01:26:48.521000,30.4,47.0,967.9,False,56.2,26,1.7
0 days 01:27:48.514000,30.5,47.0,967.9,False,55.8,160,2.0
0 days 01:28:48.520000,30.4,48.0,967.7,False,55.8,152,2.7
0 days 01:29:48.518000,30.2,48.0,967.7,False,55.6,101,2.7
0 days 01:30:48.532000,30.1,49.0,967.9,False,55.4,143,3.7
0 days 01:31:48.519000,30.1,50.0,967.9,False,55.4,119,2.9
0 days 01:32:48.516000,30.0,50.0,967.9,False,55.7,152,2.9
0 days 01:33:48.516000,29.9,51.0,967.7,False,55.8,150,2.9
0 days 01:34:48.519000,29.9,51.0,967.9,False,56.1,33,2.0
0 days 01:35:48.517000,29.9,51.0,967.9,False,56.7,101,2.2
0 days 01:36:48.514000,29.9,51.0,967.9,False,57.1,178,1.8
0 days 01:37:48.515000,30.1,50.0,967.7,False,57.5,130,1.3
0 days 01:38:48.514000,30.1,49.0,967.7,False,57.2,120,2.9
0 days 01:39:48.517000,30.1,49.0,967.9,False,56.3,44,1.8
0 days 01:40:48.515000,30.2,48.0,967.7,False,55.9,103,1.5
0 days 01:41:48.523000,30.4,48.0,967.7,False,55.9,66,2.2
0 days 01:42:48.516000,30.4,49.0,967.7,False,56.3,55,1.6
0 days 01:43:48.515000,30.3,49.0,967.7,False,56.1,13,2.0
0 days 01:44:48.519000,30.3,49.0,967.7,False,56.7,0,1.0
0 days 01:45:48.517000,30.1,48.0,967.9,False,56.2,88,1.0
0 days 01:46:48.518000,30.2,48.0,967.7,False,56.2,101,2.2
0 days 01:47:48.519000,30.1,49.0,967.7,False,56.0,99,2.2
0 days 01:48:48.516000,30.0,49.0,967.7,False,56.0,155,2.0
0 days 01:49:48.517000,30.0,49.0,967.7,False,55.2,172,2.0
0 days 01:50:48.517000,30.0,50.0,967.7,False,55.1,134,1.7
0 days 01:51:48.520000,30.1,50.0,967.7,False,55.0,83,2.0
0 days 01:52:48.520000,30.0,51.0,967.7,False,55.0,73,3.2
0 days 01:53:48.517000,29.9,51.0,967.7,False,55.1,108,2.2
0 days 01:54:48.517000,29.9,52.0,967.7,False,55.6,201,1.8
0 days 01:55:48.518000,29.9,52.0,967.7,False,55.6,124,2.0
0 days 01:56:48.520000,29.8,51.0,967.7,False,56.4,109,2.9
0 days 01:57:48.519000,29.8,52.0,967.7,False,56.4,88,1.8
0 days 01:58:48.520000,29.7,52.0,967.7,False,56.4,132,2.5
0 days 01:59:48.517000,29.6,52.0,967.7,False,56.1,80,2.5
0 days 02:00:48.518000,29.5,54.0,967.7,False,55.7,89,2.7
0 days 02:01:48.521000,29.6,55.0,967.5,False,55.6,21,2.0
0 days 02:02:48.523000,29.9,55.0,967.7,False,55.6,147,1.8
0 days 02:03:48.518000,29.9,54.0,967.7,False,56.8,49,2.0
0 days 02:04:48.540000,29.9,54.0,967.7,False,56.9,67,1.2
0 days 02:05:48.539000,29.8,54.0,967.7,False,56.3,249,1.6
0 days 02:06:48.538000,29.8,54.0,967.5,False,55.9,63,1.2
0 days 02:07:48.549000,29.7,54.0,967.7,False,55.9,110,0.8
0 days 02:08:48.562000,29.7,54.0,967.7,False,55.9,100,1.6
0 days 02:09:48.575000,29.6,54.0,967.7,False,55.9,285,0.8
0 days 02:10:48.564000,29.6,54.0,967.7,False,56.1,130,1.3
0 days 02:11:48.566000,29.5,54.0,967.5,False,55.2,151,2.2
0 days 02:12:48.591000,29.4,54.0,967.5,False,55.8,101,1.3
0 days 02:13:48.614000,29.3,54.0,967.7,False,55.9,85,2.2
0 days 02:14:48.612000,29.3,54.0,967.5,False,55.9,42,2.5
0 days 02:15:48.684000,29.1,55.0,967.7,False,55.9,50,1.8
0 days 00:00:38.148000,21.9,76.0,984.0,False,27.4,282,3.4
0 days 00:01:38.150000,21.9,76.0,984.2,False,27.3,279,3.0
0 days 00:02:38.162000,21.9,76.0,984.0,False,27.2,280,2.7
0 days 00:03:38.148000,21.8,76.0,984.2,False,26.8,280,3.0
0 days 00:04:38.152000,21.8,77.0,984.2,False,26.7,281,2.2
0 days 00:05:38.149000,21.8,76.0,984.2,False,26.7,272,2.4
0 days 00:06:38.162000,21.8,77.0,984.0,False,26.5,273,2.2
0 days 00:07:38.148000,21.8,77.0,984.0,False,26.5,274,2.5
0 days 00:08:38.148000,21.8,77.0,984.2,False,26.7,280,1.6
0 days 00:09:38.152000,21.8,77.0,984.2,False,26.7,277,2.2
0 days 00:10:38.151000,21.8,77.0,984.2,False,27.2,272,2.0
0 days 00:11:38.168000,21.8,77.0,984.2,False,27.3,281,1.7
0 days 00:12:38.165000,21.8,77.0,984.2,False,27.7,284,2.0
0 days 00:13:38.184000,21.8,76.0,984.4,False,28.1,270,2.2
0 days 00:14:38.223000,21.7,77.0,984.2,False,28.5,268,2.0
0 days 00:15:38.191000,21.8,76.0,984.2,False,28.5,279,2.0
0 days 00:16:38.197000,22.0,74.0,984.2,False,30.1,285,2.2
0 days 00:17:38.200000,22.1,72.0,984.2,False,30.4,280,3.0
0 days 00:18:38.196000,22.3,72.0,984.2,False,30.4,262,1.7
0 days 00:19:38.202000,22.4,71.0,984.4,False,30.6,286,1.3
0 days 00:20:38.222000,22.6,70.0,984.2,False,30.6,278,3.0
0 days 00:21:38.227000,22.7,68.0,984.2,False,30.6,278,2.7
0 days 00:22:38.543000,22.7,68.0,984.2,False,30.0,297,3.0
0 days 00:23:38.243000,22.7,68.0,984.2,False,30.0,282,2.2
0 days 00:24:38.259000,22.8,68.0,984.2,False,30.7,276,3.5
0 days 00:25:38.276000,22.8,68.0,984.4,False,30.5,284,3.0
0 days 00:26:38.275000,22.8,69.0,984.4,False,30.7,266,2.0
0 days 00:27:38.286000,22.8,69.0,984.4,False,30.9,263,1.0
0 days 00:28:38.280000,22.8,68.0,984.2,False,31.2,291,1.1
0 days 00:29:38.274000,22.8,68.0,984.4,False,31.2,286,2.7
0 days 00:30:38.276000,22.8,68.0,984.4,False,31.0,281,2.5
0 days 00:31:38.278000,22.6,69.0,984.4,False,30.4,296,2.5
0 days 00:32:38.276000,22.6,69.0,984.5,False,30.4,281,2.9
0 days 00:33:38.275000,22.5,69.0,984.4,False,30.6,289,2.2
0 days 00:34:38.319000,22.5,69.0,984.4,False,30.2,319,2.2
0 days 00:35:38.276000,22.5,69.0,984.5,False,30.3,301,2.2
0 days 00:36:38.276000,22.5,69.0,984.4,False,30.3,281,2.4
0 days 00:37:38.280000,22.5,68.0,984.4,False,30.2,288,2.9
0 days 00:38:38.276000,22.4,68.0,984.4,False,29.7,296,3.5
0 days 00:39:38.281000,22.2,69.0,984.5,False,29.6,281,3.0
0 days 00:40:38.276000,22.2,69.0,984.5,False,29.3,282,3.0
0 days 00:41:38.278000,22.2,69.0,984.5,False,29.3,289,3.7
0 days 00:42:38.275000,22.1,70.0,984.5,False,29.2,281,3.2
0 days 00:43:38.278000,22.0,70.0,984.5,False,29.0,285,2.7
0 days 00:44:38.277000,22.1,69.0,984.4,False,29.4,275,3.5
0 days 00:45:38.275000,22.1,70.0,984.5,False,29.7,253,2.2
0 days 00:46:38.281000,22.1,70.0,984.5,False,30.1,283,1.7
0 days 00:47:38.274000,22.1,70.0,984.4,False,30.1,285,2.5
0 days 00:48:38.280000,22.1,70.0,984.5,False,30.3,282,1.7
0 days 00:49:38.275000,22.1,70.0,984.4,False,30.4,285,3.2
0 days 00:50:38.277000,22.0,70.0,984.5,False,29.7,295,4.0
0 days 00:51:38.282000,21.9,71.0,984.5,False,29.7,292,3.0
0 days 00:52:38.292000,22.0,71.0,984.5,False,29.8,287,3.0
0 days 00:53:38.312000,22.0,71.0,984.5,False,29.6,286,3.2
0 days 00:54:38.325000,21.9,72.0,984.5,False,29.6,292,2.9
0 days 00:55:38.324000,22.0,71.0,984.4,False,29.9,282,3.9
0 days 00:56:38.370000,22.0,71.0,984.4,False,30.0,293,3.2
0 days 00:57:38.343000,22.0,71.0,984.5,False,30.4,285,3.2
0 days 00:58:38.347000,22.0,70.0,984.5,False,30.9,283,3.2
0 days 00:59:38.345000,22.0,70.0,984.4,False,30.9,293,3.7
0 days 01:00:38.364000,22.0,70.0,984.4,False,30.9,292,3.5
0 days 01:01:38.374000,22.2,71.0,984.4,False,30.9,280,3.4
0 days 01:02:38.388000,22.3,70.0,984.4,False,30.9,283,3.5
0 days 01:03:38.386000,22.3,70.0,984.4,False,31.1,298,3.7
0 days 01:04:38.386000,22.2,70.0,984.4,False,31.0,285,3.0
0 days 01:05:38.414000,22.2,71.0,984.4,False,30.8,298,3.0
0 days 01:06:38.404000,22.2,71.0,984.4,False,30.7,282,3.4
0 days 01:07:38.408000,22.2,71.0,984.4,False,30.8,297,3.0
0 days 01:08:38.420000,22.2,70.0,984.4,False,31.3,272,3.2
0 days 01:09:38.435000,22.2,70.0,984.4,False,31.4,292,2.4
0 days 01:10:38.449000,22.2,69.0,984.4,False,31.3,283,3.2
0 days 01:11:38.454000,22.2,69.0,984.4,False,31.2,289,2.2
0 days 01:12:38.452000,22.2,69.0,984.2,False,31.2,290,3.0
0 days 01:13:38.452000,22.3,69.0,984.2,False,31.3,289,3.2
0 days 01:14:38.452000,22.3,69.0,984.2,False,31.3,272,3.2
0 days 01:15:38.465000,22.4,69.0,984.2,False,31.3,278,3.0
0 days 01:16:38.450000,22.4,69.0,984.2,False,31.7,296,3.0
0 days 01:17:38.734000,22.5,68.0,984.4,False,32.0,286,3.0
0 days 00:00:05.534000,19.0,68.0,985.2,False,27.8,280,3.4
0 days 00:01:05.528000,19.0,68.0,985.2,False,27.9,281,2.7
0 days 00:02:05.553000,19.1,68.0,985.2,False,27.9,292,3.7
0 days 00:03:05.553000,19.1,68.0,985.2,False,28.1,296,4.5
0 days 00:04:05.566000,19.1,68.0,985.2,False,28.3,283,4.0
0 days 00:05:05.558000,19.2,67.0,985.2,False,28.5,293,4.0
0 days 00:06:05.604000,19.2,68.0,985.2,False,28.0,279,3.0
0 days 00:07:05.568000,19.2,68.0,985.2,False,27.3,284,3.5
0 days 00:08:05.568000,19.3,67.0,985.4,False,26.7,284,3.5
0 days 00:09:05.568000,19.3,67.0,985.4,False,26.2,295,4.1
0 days 00:10:05.585000,19.3,67.0,985.2,False,26.2,292,4.3
0 days 00:11:05.586000,19.3,67.0,985.4,False,25.8,282,3.5
0 days 00:12:05.584000,19.2,67.0,985.4,False,25.6,288,3.9
0 days 00:13:05.601000,19.2,67.0,985.2,False,25.6,287,4.3
0 days 00:14:05.615000,19.2,67.0,985.4,False,25.6,276,3.7
0 days 00:15:05.618000,19.3,68.0,985.4,False,26.3,287,4.0
0 days 00:16:05.626000,19.3,68.0,985.5,False,26.8,288,3.7
0 days 00:17:05.637000,19.2,67.0,985.4,False,27.2,282,3.0
0 days 00:18:05.651000,19.3,67.0,985.4,False,27.7,283,4.4
0 days 00:19:05.652000,19.2,68.0,985.5,False,26.9,284,4.9
0 days 00:20:05.649000,19.1,67.0,985.5,False,26.9,295,4.0
0 days 00:21:05.649000,19.1,68.0,985.5,False,27.2,289,3.4
0 days 00:22:05.647000,19.1,67.0,985.4,False,28.4,298,4.3
0 days 00:23:05.658000,19.2,67.0,985.5,False,28.4,274,4.0
0 days 00:24:05.659000,19.2,67.0,985.4,False,27.6,281,3.9
0 days 00:25:05.657000,19.2,67.0,985.4,False,27.5,293,3.0
0 days 00:26:05.647000,19.2,67.0,985.5,False,27.1,304,4.0
0 days 00:27:05.661000,19.2,67.0,985.4,False,26.7,290,4.0
0 days 00:28:05.655000,19.3,68.0,985.5,False,27.4,279,4.5
0 days 00:29:05.648000,19.3,67.0,985.4,False,27.9,291,3.7
0 days 00:30:05.648000,19.2,67.0,985.5,False,28.7,277,3.9
0 days 00:31:05.650000,19.3,67.0,985.5,False,29.1,294,4.0
0 days 00:32:05.659000,19.3,66.0,985.4,False,29.2,282,4.4
0 days 00:33:05.675000,19.3,67.0,985.4,False,29.3,283,4.0
0 days 00:34:05.656000,19.2,67.0,985.5,False,29.3,263,4.0
0 days 00:35:05.649000,19.2,66.0,985.4,False,29.3,274,3.0
0 days 00:36:05.647000,19.3,66.0,985.5,False,28.5,285,3.5
0 days 00:37:05.647000,19.3,66.0,985.4,False,28.5,286,3.9
0 days 00:38:05.645000,19.4,66.0,985.2,False,28.1,294,3.7
0 days 00:39:05.668000,19.3,66.0,985.5,False,28.5,279,3.5
0 days 00:40:05.651000,19.3,66.0,985.4,False,28.5,287,4.0
0 days 00:41:05.646000,19.2,67.0,985.4,False,28.4,286,3.5
0 days 00:42:05.650000,19.2,67.0,985.2,False,27.8,277,3.5
0 days 00:43:05.648000,19.1,67.0,985.2,False,27.8,297,2.5
0 days 00:44:05.649000,19.0,67.0,985.4,False,27.8,293,3.7
0 days 00:45:05.649000,19.0,68.0,985.4,False,28.5,273,3.2
0 days 00:46:05.646000,18.9,68.0,985.4,False,27.6,297,3.0
0 days 00:47:05.652000,19.0,68.0,985.5,False,27.4,274,3.4
0 days 00:48:05.643000,18.9,68.0,985.5,False,27.0,286,3.4
0 days 00:49:05.647000,18.9,68.0,985.5,True,27.6,286,3.7
0 days 00:50:05.647000,18.9,68.0,985.5,True,27.6,291,3.2
0 days 00:51:05.647000,18.9,68.0,985.5,False,27.4,290,3.7
0 days 00:52:05.646000,18.8,69.0,985.5,True,26.3,291,3.5
0 days 00:53:05.647000,18.7,68.0,985.5,True,26.3,276,3.9
0 days 00:54:05.655000,18.7,68.0,985.5,True,26.5,289,4.0
0 days 00:55:05.648000,18.6,68.0,985.5,True,26.5,291,4.6
0 days 00:56:05.646000,18.6,68.0,985.5,True,27.1,289,3.7
0 days 00:57:05.648000,18.6,68.0,985.5,True,26.7,287,3.5
0 days 00:58:05.654000,18.6,69.0,985.5,True,26.5,280,4.4
0 days 00:59:05.666000,18.7,69.0,985.5,True,26.5,279,4.0
0 days 01:00:05.659000,18.6,70.0,985.5,True,26.5,281,4.0
0 days 01:01:05.646000,18.6,70.0,985.7,True,26.5,293,4.9
0 days 01:02:05.655000,18.6,69.0,985.5,True,26.5,284,3.7
0 days 01:03:05.645000,18.4,70.0,985.7,True,26.4,289,5.0
0 days 01:04:05.648000,18.4,70.0,985.7,True,26.5,286,4.5
0 days 01:05:05.650000,18.4,70.0,985.5,True,26.5,281,4.1
0 days 01:06:05.658000,18.4,70.0,985.5,False,26.7,277,3.9
0 days 01:07:05.650000,18.4,70.0,985.5,False,26.7,299,3.2
0 days 01:08:05.648000,18.4,70.0,985.5,True,26.5,284,4.0
0 days 01:09:05.646000,18.6,71.0,985.5,True,26.5,290,3.5
0 days 01:10:05.652000,18.6,70.0,985.5,False,26.7,297,3.5
0 days 01:11:05.647000,18.6,71.0,985.5,False,26.5,291,4.4
0 days 01:12:05.657000,18.6,71.0,985.5,False,26.5,281,3.2
0 days 01:13:05.648000,18.5,71.0,985.5,False,26.6,284,3.9
0 days 01:14:05.676000,18.5,71.0,985.5,False,26.6,312,4.4
0 days 01:15:05.656000,18.5,71.0,985.5,False,26.5,296,3.2
0 days 01:16:05.648000,18.5,71.0,985.5,False,26.7,280,3.5
0 days 01:17:05.656000,18.5,71.0,985.5,False,26.8,288,3.7
0 days 01:18:05.648000,18.5,71.0,985.5,False,26.8,285,4.1
0 days 01:19:05.650000,18.5,71.0,985.5,False,26.9,289,3.9
0 days 01:20:05.655000,18.5,71.0,985.5,False,26.9,282,4.5
0 days 01:21:05.648000,18.5,71.0,985.5,False,26.9,282,4.4
0 days 01:22:05.648000,18.4,72.0,985.5,False,26.9,277,3.9
0 days 01:23:05.649000,18.4,71.0,985.5,False,26.9,267,2.5
0 days 01:24:05.655000,18.4,71.0,985.5,False,27.2,282,3.5
0 days 01:25:05.698000,18.4,70.0,985.5,False,27.2,291,3.2
0 days 01:26:05.646000,18.4,70.0,985.5,False,27.2,285,4.5
0 days 01:27:05.675000,18.4,70.0,985.7,False,27.6,292,4.8
0 days 01:28:05.660000,18.4,71.0,985.5,False,27.6,287,4.5
0 days 01:29:05.658000,18.4,70.0,985.7,False,27.6,281,4.4
0 days 01:30:05.648000,18.5,70.0,985.7,False,27.3,280,5.3
0 days 01:31:05.655000,18.5,70.0,985.5,False,27.5,283,4.3
0 days 01:32:05.647000,18.5,70.0,985.5,False,27.5,279,4.0
0 days 01:33:05.668000,18.5,70.0,985.5,False,27.6,290,5.0
0 days 01:34:05.674000,18.5,70.0,985.5,False,27.7,293,4.4
0 days 01:35:05.682000,18.5,70.0,985.5,False,27.8,291,3.5
0 days 01:36:05.696000,18.4,70.0,985.5,False,27.8,277,3.2
0 days 01:37:05.699000,18.5,70.0,985.5,False,28.0,271,4.6
0 days 01:38:05.730000,18.5,70.0,985.5,False,28.1,285,4.1
0 days 01:39:05.725000,18.5,70.0,985.5,False,28.2,282,3.5
0 days 01:40:05.738000,18.5,70.0,985.5,False,28.3,277,3.4
0 days 01:41:05.742000,18.5,70.0,985.5,False,28.5,294,3.5
0 days 01:42:05.741000,18.6,70.0,985.5,False,28.5,285,3.7
0 days 01:43:05.744000,18.6,70.0,985.5,False,28.5,291,4.0
0 days 01:44:05.743000,18.6,69.0,985.4,False,28.5,274,4.8
0 days 01:45:05.762000,18.4,70.0,985.5,False,28.5,290,3.9
0 days 01:46:05.771000,18.3,70.0,985.5,False,28.0,293,5.3
0 days 01:47:05.775000,18.4,70.0,985.5,False,28.0,277,5.0
0 days 01:48:05.774000,18.4,71.0,985.5,False,27.7,266,5.8
0 days 01:49:05.773000,18.4,71.0,985.7,False,27.6,294,4.0
0 days 01:50:05.773000,18.3,71.0,985.5,False,27.6,285,3.9
0 days 01:51:05.774000,18.3,70.0,985.5,False,27.3,282,4.4
0 days 01:52:05.773000,18.3,71.0,985.7,False,26.8,276,4.5
0 days 01:53:05.777000,18.2,71.0,985.5,False,26.8,279,3.4
0 days 01:54:05.772000,18.2,71.0,985.7,False,26.9,282,3.9
0 days 01:55:05.777000,18.2,71.0,985.7,False,26.7,287,4.1
0 days 01:56:05.774000,18.1,72.0,985.7,False,26.8,290,2.7
0 days 01:57:05.781000,18.0,71.0,985.7,False,26.4,270,5.5
0 days 01:58:05.775000,18.0,72.0,985.7,False,26.5,293,3.4
0 days 01:59:05.774000,18.1,71.0,985.7,False,26.5,284,5.0
0 days 02:00:05.774000,18.0,72.0,985.7,False,26.5,286,3.7
0 days 02:01:05.780000,18.0,71.0,985.7,False,26.4,289,5.1
0 days 02:02:05.794000,17.9,71.0,985.5,False,26.4,288,4.5
0 days 02:03:05.775000,18.0,71.0,985.7,False,26.1,287,4.8
0 days 02:04:05.777000,17.9,71.0,985.7,False,26.2,284,4.5
0 days 02:05:05.776000,18.0,71.0,985.7,False,26.0,275,4.6
0 days 02:06:05.781000,18.0,72.0,985.7,False,26.1,286,3.9
0 days 02:07:05.785000,18.0,71.0,985.7,False,26.1,285,3.7
0 days 02:08:05.776000,18.0,72.0,985.7,False,26.1,292,3.5
0 days 02:09:05.775000,18.1,71.0,985.7,False,26.1,296,3.7
0 days 02:10:05.774000,18.1,70.0,985.7,True,26.1,289,4.6
0 days 02:11:05.773000,18.1,71.0,985.7,False,26.1,291,4.3
0 days 02:12:05.779000,18.1,71.0,985.7,False,25.7,290,4.1
0 days 02:13:05.773000,18.1,71.0,985.7,False,25.8,281,3.9
0 days 02:14:05.774000,18.1,70.0,985.7,True,25.8,289,3.7
0 days 02:15:05.775000,18.2,70.0,985.7,True,25.9,286,4.5
0 days 02:16:05.810000,18.1,70.0,985.7,False,25.8,293,5.0
0 days 02:17:05.777000,18.1,70.0,985.9,False,25.6,291,5.0
0 days 02:18:05.794000,18.1,70.0,985.7,False,25.5,280,4.5
0 days 02:19:05.776000,18.1,70.0,985.7,False,25.5,283,5.4
0 days 02:20:05.781000,18.0,69.0,985.7,False,25.5,283,4.8
0 days 02:21:05.825000,18.0,70.0,985.9,True,25.2,288,4.1
0 days 02:22:05.771000,18.0,69.0,985.9,True,25.2,294,5.6
0 days 02:23:05.774000,18.0,70.0,985.9,True,25.1,279,4.4
0 days 02:24:05.774000,18.0,70.0,985.9,True,25.1,284,3.5
0 days 02:25:05.774000,18.1,69.0,985.7,True,24.8,288,4.1
0 days 02:26:05.773000,18.1,70.0,986.0,True,24.8,283,4.5
0 days 02:27:05.770000,18.1,70.0,985.9,True,24.8,291,5.4
0 days 02:28:05.774000,18.0,70.0,985.9,True,24.8,282,4.8
0 days 02:29:05.773000,18.0,70.0,986.0,True,24.7,287,5.0
0 days 02:30:05.778000,18.0,70.0,985.9,True,24.6,285,5.0
0 days 02:31:05.778000,18.0,70.0,986.0,True,24.6,281,4.8
0 days 02:32:05.774000,18.0,70.0,986.0,True,24.6,304,3.7
0 days 02:33:05.765000,18.1,70.0,986.0,True,24.7,287,3.4
0 days 02:34:05.775000,18.1,69.0,986.0,True,24.7,274,3.7
0 days 02:35:05.775000,18.1,70.0,986.0,True,24.7,289,3.2
0 days 02:36:05.778000,18.1,70.0,986.0,True,24.7,281,2.5
0 days 02:37:05.775000,18.1,69.0,986.2,False,24.7,272,4.5
0 days 02:38:05.776000,18.1,69.0,986.2,True,24.4,278,4.5
0 days 02:39:05.778000,18.1,70.0,986.0,True,24.3,286,4.9
0 days 02:40:05.776000,18.1,70.0,986.0,True,24.2,284,4.5
0 days 02:41:05.773000,18.0,70.0,986.0,True,23.9,283,4.5
0 days 02:42:05.772000,18.0,70.0,986.0,True,23.7,253,4.8
0 days 02:43:05.774000,17.9,71.0,986.2,True,23.5,275,3.7
0 days 02:44:05.777000,17.9,71.0,986.2,True,23.5,283,4.6
0 days 02:45:05.778000,17.9,71.0,986.0,True,23.4,290,4.0
0 days 02:46:05.771000,17.8,72.0,986.0,True,22.8,290,4.1
0 days 00:00:23.085000,15.1,85.0,969.0,False,20.3,305,1.3
0 days 00:01:23.083000,15.1,85.0,969.0,False,20.3,332,1.8
0 days 00:02:23.084000,15.2,85.0,969.2,False,20.4,312,2.0
0 days 00:03:23.084000,15.1,85.0,969.0,False,20.5,293,0.8
0 days 00:04:23.097000,15.1,86.0,969.0,False,20.2,334,1.1
0 days 00:05:23.098000,15.1,85.0,969.0,False,20.2,347,1.7
0 days 00:06:23.100000,15.1,85.0,969.0,False,20.3,310,1.5
0 days 00:07:23.119000,15.1,86.0,969.0,False,20.3,316,1.2
0 days 00:08:23.130000,15.0,86.0,969.0,False,20.3,328,2.5
0 days 00:09:23.132000,15.0,86.0,969.0,False,20.5,313,1.8
0 days 00:10:23.131000,15.0,85.0,969.0,False,20.5,314,1.0
0 days 00:11:23.139000,15.0,85.0,969.0,False,20.7,332,1.7
0 days 00:12:23.119000,14.9,86.0,969.0,False,20.4,320,1.1
0 days 00:13:23.128000,15.0,86.0,969.0,False,20.7,323,1.3
0 days 00:14:23.130000,15.1,85.0,969.0,False,20.6,351,1.2
0 days 00:15:23.131000,15.1,86.0,969.0,False,20.6,311,1.5
0 days 00:16:23.131000,15.1,86.0,969.0,False,20.6,316,2.0
0 days 00:17:23.149000,15.2,86.0,969.0,False,20.3,343,2.0
0 days 00:18:23.164000,15.2,86.0,969.0,False,20.2,342,1.7
0 days 00:19:23.165000,15.3,86.0,969.0,False,20.4,349,1.6
0 days 00:20:23.164000,15.3,86.0,969.0,False,20.4,282,1.8
0 days 00:21:23.165000,15.2,86.0,969.2,False,20.0,298,2.4
0 days 00:22:23.169000,15.1,87.0,969.0,False,20.0,308,1.2
0 days 00:23:23.163000,15.1,86.0,969.0,False,20.1,327,2.7
0 days 00:24:23.175000,15.1,87.0,969.0,False,20.3,324,2.2
0 days 00:25:23.182000,15.0,87.0,969.0,False,20.3,323,1.8
0 days 00:26:23.181000,15.0,87.0,969.0,False,20.3,316,1.5
0 days 00:27:23.186000,15.0,87.0,969.0,False,20.7,326,1.2
0 days 00:28:23.180000,15.0,87.0,969.0,False,20.7,331,1.2
0 days 00:29:23.184000,15.0,87.0,969.0,False,20.6,333,1.1
0 days 00:30:23.195000,15.0,87.0,968.9,False,20.6,346,1.2
0 days 00:31:23.214000,15.0,87.0,969.0,False,20.8,329,1.1
0 days 00:32:23.199000,14.9,87.0,969.0,False,20.7,285,1.7
0 days 00:33:23.215000,14.9,87.0,969.0,False,20.7,291,1.2
0 days 00:34:23.213000,14.9,87.0,969.0,False,20.7,305,1.2
0 days 00:35:23.226000,15.0,87.0,969.0,False,20.7,341,1.2
0 days 00:36:23.241000,14.9,87.0,969.0,False,20.4,332,0.8
0 days 00:37:23.259000,14.9,86.0,969.0,False,20.4,312,0.6
0 days 00:38:23.286000,15.0,87.0,969.0,False,20.7,9,0.8
0 days 00:39:23.264000,15.1,87.0,969.0,False,20.7,297,0.8
0 days 00:40:23.257000,15.0,86.0,969.0,False,20.8,306,1.6
0 days 00:41:23.260000,15.0,86.0,969.0,False,20.9,347,1.2
0 days 00:42:23.258000,15.1,86.0,969.0,False,20.9,335,1.1
0 days 00:43:23.257000,15.0,87.0,969.0,False,20.9,319,2.2
0 days 00:44:23.298000,15.0,86.0,969.0,False,21.0,318,1.2
0 days 00:45:23.263000,14.9,86.0,969.2,False,20.8,338,2.5
0 days 00:46:23.265000,14.9,86.0,969.2,False,20.8,338,1.5
0 days 00:47:23.283000,15.0,86.0,969.0,False,20.8,346,1.2
0 days 00:48:23.289000,15.0,85.0,969.0,False,20.8,294,2.0
0 days 00:49:23.289000,15.0,86.0,969.2,False,20.8,320,1.3
0 days 00:50:23.296000,14.9,86.0,969.0,False,20.7,263,0.8
0 days 00:51:23.335000,14.9,86.0,969.0,False,20.8,352,0.8
0 days 00:52:23.318000,14.9,86.0,969.0,False,20.9,331,0.8
0 days 00:53:23.309000,15.0,85.0,969.2,False,20.8,310,1.0
0 days 00:54:23.354000,14.9,85.0,969.2,False,20.8,324,1.2
0 days 00:55:23.327000,14.9,85.0,969.2,False,20.6,326,0.8
0 days 00:56:23.346000,14.9,85.0,969.0,False,20.5,270,0.8
0 days 00:57:23.343000,15.0,86.0,969.0,False,20.4,309,0.8
0 days 00:58:23.359000,15.0,85.0,969.0,False,20.7,304,2.0
0 days 00:59:23.330000,15.1,85.0,969.0,False,20.7,343,0.8
0 days 01:00:23.340000,15.0,85.0,969.2,False,20.6,345,1.1
0 days 01:01:23.351000,15.0,84.0,969.0,False,20.5,351,1.1
0 days 01:02:23.386000,15.0,85.0,969.0,False,20.4,311,0.8
0 days 01:03:23.368000,15.0,85.0,969.2,False,20.4,353,2.0
0 days 01:04:23.367000,15.0,85.0,969.2,False,20.5,345,1.7
0 days 01:05:23.386000,15.1,85.0,969.0,False,20.6,355,1.2
0 days 01:06:23.387000,15.1,85.0,969.0,False,20.6,311,0.8
0 days 01:07:23.390000,15.1,85.0,969.0,False,20.6,348,1.6
0 days 01:08:23.407000,15.2,84.0,969.0,False,20.7,276,1.0
0 days 01:09:23.418000,15.2,84.0,969.0,False,20.9,295,0.8
0 days 01:10:23.428000,15.3,84.0,969.0,False,21.0,298,0.6
0 days 01:11:23.447000,15.4,84.0,969.2,False,21.0,340,0.8
0 days 01:12:23.450000,15.5,84.0,969.0,False,21.2,343,1.1
0 days 01:13:23.463000,15.6,84.0,969.2,False,21.2,301,0.8
0 days 01:14:23.466000,15.6,83.0,969.0,False,20.9,355,1.0
0 days 01:15:23.472000,15.5,84.0,969.2,False,20.9,323,1.0
0 days 01:16:23.468000,15.6,83.0,969.2,False,20.9,339,1.0
0 days 01:17:23.475000,15.7,83.0,969.2,False,21.0,337,1.2
0 days 01:18:23.469000,15.7,83.0,969.2,False,21.0,308,1.5
0 days 01:19:23.465000,15.7,83.0,969.2,False,20.8,308,1.2
0 days 01:20:23.479000,15.7,83.0,969.2,False,20.7,297,1.1
0 days 01:21:23.485000,15.6,83.0,969.2,False,20.8,286,0.6
0 days 01:22:23.481000,15.6,83.0,969.0,False,20.8,315,1.7
0 days 01:23:23.494000,15.6,83.0,969.0,False,21.1,333,1.6
0 days 01:24:23.509000,15.6,83.0,969.0,False,21.1,338,1.2
0 days 01:25:23.511000,15.5,83.0,969.0,False,20.9,341,1.7
0 days 01:26:23.524000,15.4,83.0,969.0,False,20.9,331,1.7
0 days 01:27:23.548000,15.4,83.0,969.0,False,20.7,277,1.2
0 days 01:28:23.543000,15.5,83.0,969.0,False,20.7,327,0.8
0 days 01:29:23.542000,15.5,83.0,969.0,False,21.0,328,1.1
0 days 01:30:23.544000,15.5,83.0,969.0,False,21.0,343,1.3
0 days 01:31:23.547000,15.5,83.0,969.0,False,20.9,322,1.8
0 days 01:32:23.537000,15.5,82.0,969.0,False,20.9,314,0.6
0 days 01:33:23.541000,15.5,82.0,969.0,False,20.8,290,1.2
0 days 01:34:23.542000,15.5,83.0,969.0,False,20.8,302,1.1
0 days 01:35:23.542000,15.5,82.0,969.0,False,21.1,357,0.8
0 days 01:36:23.547000,15.6,82.0,969.0,False,21.2,288,1.5
0 days 01:37:23.541000,15.6,82.0,969.0,False,21.2,339,1.1
0 days 01:38:23.543000,15.5,82.0,969.0,False,21.2,317,1.5
0 days 01:39:23.547000,15.5,82.0,969.0,False,21.1,292,1.7
0 days 01:40:23.544000,15.5,82.0,969.0,False,20.9,302,1.8
0 days 01:41:23.543000,15.5,82.0,969.0,False,21.0,332,1.3
0 days 01:42:23.571000,15.7,82.0,969.0,False,21.1,315,1.3
0 days 01:43:23.543000,15.7,82.0,969.0,False,21.1,316,1.7
0 days 01:44:23.546000,15.8,81.0,969.0,False,21.3,296,2.2
0 days 00:00:27.403000,20.8,48.0,971.4,False,34.1,88,1.2
0 days 00:01:27.404000,20.8,47.0,971.2,False,34.6,340,0.8
0 days 00:02:27.404000,20.7,47.0,971.2,False,34.7,327,2.2
0 days 00:03:27.406000,20.7,48.0,971.2,False,34.7,299,2.5
0 days 00:04:27.410000,20.7,46.0,971.4,False,35.2,308,1.7
0 days 00:05:27.399000,20.8,46.0,971.4,False,35.7,320,2.5
0 days 00:06:27.405000,20.9,44.0,971.4,False,35.7,290,1.3
0 days 00:07:27.405000,21.0,44.0,971.2,False,35.7,344,1.7
0 days 00:08:27.411000,21.0,43.0,971.4,False,35.7,329,1.2
0 days 00:09:27.405000,21.0,42.0,971.4,False,35.8,0,1.6
0 days 00:10:27.405000,20.9,43.0,971.4,False,35.4,147,0.5
0 days 00:11:27.406000,20.9,43.0,971.2,False,35.4,0,0.8
0 days 00:12:27.412000,21.1,44.0,971.2,False,36.0,332,1.3
0 days 00:13:27.405000,21.1,45.0,971.2,False,36.1,288,2.2
0 days 00:14:27.407000,21.0,47.0,971.2,False,36.1,313,1.1
0 days 00:15:27.408000,21.1,45.0,971.2,False,36.0,316,1.5
0 days 00:16:27.443000,21.2,41.0,971.2,False,36.0,282,2.0
0 days 00:17:27.396000,21.1,41.0,971.4,False,35.9,325,1.2
0 days 00:18:27.406000,21.2,41.0,971.2,False,35.9,218,1.2
0 days 00:19:27.418000,21.2,41.0,971.2,False,36.3,179,1.7
0 days 00:20:27.406000,21.1,40.0,971.4,False,36.6,164,1.3
0 days 00:21:27.413000,21.0,41.0,971.4,False,36.4,167,1.3
0 days 00:22:27.401000,21.0,40.0,971.2,False,36.0,194,1.2
0 days 00:23:27.407000,21.0,41.0,971.4,False,35.9,193,1.8
0 days 00:24:27.406000,21.2,41.0,971.2,False,35.9,317,1.5
0 days 00:25:27.405000,21.3,40.0,971.2,False,37.0,299,1.6
0 days 00:26:27.407000,21.4,39.0,971.2,False,37.0,318,2.4
0 days 00:27:27.407000,21.4,38.0,971.2,False,36.6,340,1.6
0 days 00:28:27.409000,21.5,38.0,971.2,False,36.3,247,1.5
0 days 00:29:27.408000,21.5,39.0,971.2,False,35.7,177,1.3
0 days 00:30:27.407000,21.5,39.0,971.2,False,35.7,91,1.6
0 days 00:31:27.408000,21.5,39.0,971.2,False,36.0,148,0.8
0 days 00:32:27.415000,21.4,39.0,971.2,False,36.0,196,1.2
0 days 00:33:27.412000,21.5,40.0,971.4,False,36.0,355,1.2
0 days 00:34:27.427000,21.6,41.0,971.2,False,35.7,291,0.8
0 days 00:35:27.434000,21.5,41.0,971.2,False,35.2,359,1.3
0 days 00:36:27.458000,21.4,41.0,971.2,False,34.9,0,0.5
0 days 00:37:27.471000,21.3,42.0,971.2,False,35.0,185,0.6
0 days 00:38:27.487000,21.3,43.0,971.2,False,35.7,270,1.7
0 days 00:39:27.503000,21.3,42.0,971.2,False,36.1,256,1.0
0 days 00:40:27.501000,21.4,43.0,971.2,False,36.1,326,1.1
0 days 00:41:27.516000,21.5,42.0,971.2,False,36.3,331,1.7
0 days 00:42:27.532000,21.6,42.0,971.2,False,36.2,329,1.2
0 days 00:43:27.533000,21.6,42.0,971.2,False,35.8,334,1.6
0 days 00:44:27.533000,21.6,42.0,971.0,False,35.8,331,2.7
0 days 00:45:27.547000,21.4,42.0,971.2,False,36.0,293,3.0
0 days 00:46:27.532000,21.4,43.0,971.2,False,35.8,304,1.8
0 days 00:47:27.545000,21.5,43.0,971.2,False,35.9,336,2.0
0 days 00:48:27.532000,21.3,42.0,971.0,False,36.2,319,2.5
0 days 00:49:27.534000,21.2,42.0,971.2,False,35.8,323,2.7
0 days 00:50:27.535000,21.3,42.0,971.0,False,35.8,340,2.4
0 days 00:51:27.549000,21.6,41.0,971.0,False,36.1,339,2.5
0 days 00:52:27.536000,21.6,41.0,971.2,False,36.1,327,1.7
0 days 00:53:27.534000,21.5,41.0,971.0,False,36.1,327,2.5
0 days 00:54:27.533000,21.5,42.0,971.2,False,35.7,327,1.6
0 days 00:55:27.535000,21.5,41.0,971.2,False,36.1,317,1.8
0 days 00:56:27.537000,21.6,41.0,971.0,False,36.3,7,1.6
0 days 00:57:27.535000,21.8,41.0,971.2,False,36.2,335,1.2
0 days 00:58:27.535000,21.8,40.0,971.0,False,36.2,315,1.8
0 days 00:59:27.549000,21.6,41.0,971.2,False,36.3,306,1.6
0 days 01:00:27.574000,21.6,39.0,971.2,False,36.3,323,1.8
0 days 01:01:27.568000,21.6,40.0,971.0,False,36.1,299,1.1
0 days 01:02:27.589000,21.7,40.0,971.0,False,36.1,332,1.5
0 days 01:03:27.585000,21.7,40.0,971.0,False,36.4,292,1.6
0 days 01:04:27.582000,21.8,39.0,971.0,False,36.9,147,1.1
0 days 01:05:27.581000,21.9,39.0,971.2,False,37.0,0,1.3
0 days 01:06:27.600000,21.9,40.0,971.2,False,37.0,334,1.7
0 days 01:07:27.620000,21.9,40.0,971.0,False,36.6,351,2.0
0 days 01:08:27.629000,21.9,39.0,971.2,False,36.6,343,1.0
0 days 01:09:27.630000,22.0,39.0,971.2,False,36.5,335,1.8
0 days 01:10:27.629000,22.0,39.0,971.2,False,36.6,324,1.2
0 days 01:11:27.650000,22.0,39.0,971.2,False,36.5,283,1.1
0 days 01:12:27.649000,22.0,40.0,971.0,False,36.7,169,1.1
0 days 01:13:27.668000,22.0,38.0,971.0,False,36.9,226,1.7
0 days 01:14:27.653000,21.9,40.0,971.0,False,36.9,0,1.1
0 days 01:15:27.664000,21.9,40.0,971.0,False,36.4,351,0.4
0 days 01:16:27.662000,21.9,40.0,971.2,False,36.4,327,1.7
0 days 01:17:27.662000,22.0,40.0,971.0,False,36.4,33,1.1
0 days 01:18:27.661000,21.9,41.0,971.0,False,36.1,354,0.8
0 days 01:19:27.669000,22.0,41.0,971.0,False,36.3,339,1.3
0 days 01:20:27.660000,22.1,39.0,971.0,False,36.9,242,1.2
0 days 01:21:27.661000,22.2,39.0,971.2,False,36.9,330,1.3
0 days 01:22:27.663000,22.2,39.0,971.0,False,36.9,322,2.5
0 days 01:23:27.657000,22.2,38.0,971.2,False,37.0,338,3.5
0 days 01:24:27.664000,22.1,39.0,971.0,False,36.6,298,2.2
0 days 01:25:27.664000,21.9,39.0,971.0,False,36.0,322,1.6
0 days 01:26:27.672000,21.8,39.0,971.2,False,35.7,295,3.2
0 days 01:27:27.664000,21.9,40.0,971.2,False,34.9,301,1.8
0 days 01:28:27.673000,22.0,40.0,971.0,False,34.9,244,2.0
0 days 01:29:27.671000,22.0,39.0,971.0,False,35.3,325,1.1
0 days 01:30:27.672000,22.0,39.0,971.0,False,35.7,295,1.3
0 days 01:31:27.664000,22.2,39.0,971.2,False,35.7,296,1.6
0 days 01:32:27.675000,22.2,38.0,971.0,False,36.2,178,1.1
0 days 01:33:27.692000,22.2,39.0,971.0,False,35.9,295,0.8
0 days 01:34:27.708000,22.1,39.0,971.0,False,36.0,208,1.1
0 days 01:35:27.709000,22.1,39.0,971.0,False,36.0,85,0.8
0 days 01:36:27.725000,22.3,39.0,971.0,False,35.3,170,0.6
0 days 01:37:27.740000,22.4,39.0,971.0,False,35.3,179,1.3
0 days 01:38:27.758000,22.2,39.0,970.9,False,35.6,190,1.3
0 days 01:39:27.760000,22.1,40.0,970.9,False,36.2,139,1.6
0 days 01:40:27.770000,22.2,39.0,970.9,False,36.6,150,1.0
0 days 01:41:27.758000,22.3,37.0,970.7,False,36.7,109,1.2
0 days 01:42:27.778000,22.4,37.0,971.0,False,36.7,255,1.2
0 days 01:43:27.773000,22.4,38.0,970.9,False,36.7,213,0.6
0 days 01:44:27.770000,22.4,36.0,970.9,False,36.8,183,0.8
0 days 01:45:27.786000,22.4,37.0,970.9,False,36.9,164,1.1
0 days 01:46:27.793000,22.4,37.0,970.9,False,36.8,240,1.3
0 days 01:47:27.787000,22.3,38.0,971.0,False,36.8,257,1.2
0 days 01:48:27.788000,22.2,38.0,970.9,False,36.8,305,1.2
0 days 01:49:27.785000,22.2,39.0,970.9,False,36.8,337,1.5
0 days 01:50:27.788000,22.1,39.0,970.9,False,36.8,300,1.5
0 days 01:51:27.791000,22.1,39.0,971.0,False,36.7,335,1.1
0 days 01:52:27.788000,22.2,38.0,970.9,False,36.9,277,1.3
0 days 01:53:27.804000,22.1,39.0,971.0,False,36.9,314,2.5
0 days 01:54:27.789000,22.1,39.0,970.9,False,36.6,201,1.7
0 days 01:55:27.790000,22.2,40.0,970.9,False,36.6,0,1.1
0 days 01:56:27.795000,22.2,40.0,970.9,False,36.5,167,0.6
0 days 01:57:27.819000,22.3,38.0,970.9,False,37.2,0,0.6
0 days 01:58:27.825000,22.4,38.0,970.9,False,37.2,348,0.6
0 days 01:59:27.829000,22.4,38.0,970.9,False,37.2,342,1.7
0 days 02:00:27.858000,22.1,40.0,971.0,False,36.8,339,2.5
0 days 02:01:27.838000,22.1,40.0,970.7,False,36.4,277,1.7
0 days 02:02:27.834000,22.2,39.0,970.9,False,36.7,351,1.2
0 days 02:03:27.840000,21.9,40.0,971.0,False,36.3,304,2.9
0 days 02:04:27.838000,21.9,40.0,970.7,False,36.3,302,2.2
0 days 02:05:27.842000,21.9,40.0,970.9,False,36.4,276,2.5
0 days 02:06:27.837000,22.0,40.0,971.0,False,36.4,309,1.8
0 days 02:07:27.835000,22.0,40.0,970.9,False,36.5,316,1.8
0 days 02:08:27.834000,22.0,40.0,970.7,False,36.5,274,1.2
0 days 02:09:27.835000,22.2,41.0,970.9,False,36.5,155,1.1
0 days 02:10:27.842000,22.4,41.0,970.9,False,36.4,92,0.5
0 days 02:11:27.861000,22.4,40.0,970.7,False,36.4,324,0.8
0 days 02:12:27.858000,22.4,41.0,970.7,False,36.8,316,3.2
0 days 02:13:27.867000,22.4,41.0,970.7,False,36.5,328,2.5
0 days 02:14:27.881000,22.4,40.0,970.9,False,36.6,335,2.0
0 days 02:15:27.884000,22.5,40.0,970.7,False,36.6,314,1.2
0 days 02:16:27.898000,22.3,40.0,970.9,False,36.6,326,1.7
0 days 02:17:27.883000,22.3,41.0,970.9,False,36.4,3,1.2
0 days 02:18:27.884000,22.4,40.0,970.9,False,36.4,349,1.0
0 days 02:19:27.884000,22.5,40.0,970.9,False,36.3,277,1.6
0 days 02:20:27.883000,22.3,42.0,970.7,False,36.5,268,1.7
0 days 02:21:27.880000,22.3,40.0,970.7,False,36.6,285,1.2
0 days 02:22:27.883000,22.4,41.0,970.9,False,36.6,328,1.3
0 days 02:23:27.909000,22.3,40.0,970.9,False,36.3,334,2.5
0 days 02:24:27.914000,22.1,41.0,970.9,False,35.5,48,1.7
0 days 02:25:27.915000,22.1,41.0,970.9,False,34.7,129,1.5
0 days 02:26:27.915000,22.0,40.0,970.9,False,34.7,176,1.1
0 days 02:27:27.934000,22.0,41.0,970.9,False,34.7,162,1.7
0 days 02:28:27.917000,21.9,41.0,970.9,False,34.0,267,1.0
0 days 02:29:27.915000,21.9,41.0,970.9,False,34.6,278,1.0
0 days 02:30:27.920000,22.0,41.0,970.9,False,34.8,220,1.7
0 days 02:31:27.914000,22.1,41.0,970.7,False,34.8,335,1.0
0 days 02:32:27.922000,22.1,41.0,970.9,False,34.8,300,1.2
0 days 02:33:28.788000,22.1,41.0,970.7,False,34.6,345,1.8
0 days 02:34:27.916000,21.9,41.0,970.9,False,34.4,292,2.7
0 days 02:35:27.914000,21.7,42.0,970.9,False,34.3,292,1.8
0 days 00:00:23.259000,26.4,31.0,1010.2,False,39.4,272,0.6
0 days 00:01:23.302000,26.4,31.0,1010.2,False,39.4,3,0.8
0 days 00:02:23.259000,26.4,31.0,1010.2,False,39.2,317,1.5
0 days 00:03:23.258000,26.5,32.0,1010.2,False,39.2,288,1.2
0 days 00:04:23.261000,26.5,31.0,1010.2,False,39.2,181,0.8
0 days 00:05:23.257000,26.5,31.0,1010.2,False,38.8,242,1.5
0 days 00:06:23.262000,26.5,31.0,1010.2,False,38.8,250,2.2
0 days 00:07:23.261000,26.5,32.0,1010.2,False,38.8,18,1.5
0 days 00:08:23.269000,26.4,32.0,1010.2,False,38.8,6,1.3
0 days 00:09:23.258000,26.4,32.0,1010.0,False,38.8,276,1.7
0 days 00:10:23.260000,26.1,32.0,1010.2,False,39.1,242,1.2
0 days 00:11:23.260000,26.3,31.0,1010.0,False,39.1,32,0.8
0 days 00:12:23.267000,26.6,31.0,1010.0,False,39.0,34,0.8
0 days 00:13:23.261000,26.6,32.0,1010.2,False,39.0,74,1.0
0 days 00:14:23.265000,26.5,31.0,1010.2,False,38.8,267,0.6
0 days 00:15:23.265000,26.3,31.0,1010.2,False,38.8,344,0.8
0 days 00:16:23.279000,26.5,31.0,1010.2,False,38.9,258,0.6
0 days 00:17:23.366000,26.6,31.0,1010.0,False,38.9,0,1.0
0 days 00:18:23.262000,26.6,31.0,1010.0,False,38.9,293,0.0
0 days 00:19:23.260000,26.6,31.0,1010.0,False,39.0,218,1.8
0 days 00:20:23.269000,26.7,31.0,1010.0,False,39.0,157,2.0
0 days 00:21:23.261000,26.8,31.0,1010.0,False,39.0,255,1.0
0 days 00:22:23.259000,26.9,30.0,1010.0,False,39.0,240,1.2
0 days 00:23:23.274000,26.9,30.0,1010.2,False,39.2,225,2.5
0 days 00:24:23.289000,27.1,30.0,1010.0,False,39.2,250,1.8
0 days 00:25:23.317000,27.1,30.0,1010.2,False,39.1,213,1.3
0 days 00:26:23.305000,27.1,30.0,1010.0,False,39.1,205,2.4
0 days 00:27:23.310000,27.0,31.0,1010.0,False,38.9,241,3.0
0 days 00:28:23.308000,27.0,31.0,1010.0,False,38.8,118,3.2
0 days 00:29:23.331000,26.8,31.0,1010.0,False,38.9,285,0.8
0 days 00:30:23.861000,26.9,31.0,1010.2,False,38.9,264,0.8
0 days 00:31:23.329000,27.0,31.0,1010.2,False,39.3,289,1.2
0 days 00:32:23.324000,27.1,31.0,1010.0,False,39.4,222,1.5
0 days 00:33:23.338000,27.1,30.0,1010.0,False,39.4,197,1.2
0 days 00:34:23.353000,27.1,30.0,1010.0,False,39.4,201,1.7
0 days 00:35:23.353000,27.1,29.0,1010.0,False,39.4,132,1.5
0 days 00:36:23.356000,27.2,30.0,1010.0,False,39.4,124,1.6
0 days 00:37:23.357000,27.2,30.0,1010.0,False,39.4,252,0.8
0 days 00:38:23.357000,27.3,29.0,1010.0,False,39.3,263,1.6
0 days 00:39:23.354000,27.3,29.0,1010.0,False,39.3,219,1.8
0 days 00:40:23.344000,27.2,29.0,1010.0,False,39.3,322,1.2
0 days 00:41:23.356000,27.2,30.0,1010.0,False,39.4,350,1.7
0 days 00:42:23.369000,27.2,30.0,1010.0,False,39.3,19,1.2
0 days 00:43:23.367000,27.1,30.0,1010.0,False,39.3,294,1.6
0 days 00:44:23.362000,27.0,30.0,1010.0,False,39.1,218,1.2
0 days 00:45:23.356000,27.0,30.0,1010.0,False,39.3,228,2.0
0 days 00:46:23.355000,27.0,30.0,1010.0,False,39.4,225,1.2
0 days 00:47:23.371000,27.0,30.0,1010.0,False,39.4,241,0.8
0 days 00:48:23.390000,27.1,30.0,1010.0,False,39.3,7,1.0
0 days 00:49:23.388000,27.2,29.0,1010.0,False,39.5,131,0.8
0 days 00:50:23.388000,27.2,30.0,1010.0,False,39.3,298,0.8
0 days 00:51:23.378000,27.1,30.0,1010.0,False,39.2,265,0.6
0 days 00:52:23.386000,27.0,30.0,1010.0,False,39.2,254,1.2
0 days 00:53:24.748000,27.1,30.0,1010.0,False,39.4,218,1.6
0 days 00:54:23.386000,27.2,30.0,1010.0,False,39.4,196,1.6
0 days 00:55:23.388000,27.3,30.0,1010.0,False,39.3,242,2.5
0 days 00:56:23.390000,27.2,30.0,1010.0,False,39.0,34,0.8
0 days 00:57:23.385000,27.1,30.0,1010.0,False,39.1,334,1.0
0 days 00:58:23.388000,27.1,30.0,1009.9,False,39.2,211,1.7
0 days 00:59:23.387000,27.1,30.0,1010.0,False,39.4,233,1.0
0 days 01:00:23.384000,27.2,30.0,1010.0,False,39.8,218,2.7
0 days 01:01:23.387000,27.1,29.0,1010.0,False,39.4,221,3.7
0 days 01:02:23.386000,27.0,29.0,1010.0,False,38.7,225,5.0
0 days 01:03:23.386000,27.0,29.0,1010.0,False,38.6,214,5.0
0 days 01:04:23.394000,26.8,30.0,1010.0,False,38.6,230,3.2
0 days 01:05:23.390000,26.9,29.0,1010.0,False,38.4,210,1.5
0 days 01:06:23.395000,26.9,30.0,1010.0,False,38.4,233,1.7
0 days 01:07:23.393000,27.0,30.0,1010.0,False,38.6,227,1.6
0 days 01:08:23.390000,27.1,30.0,1010.0,False,38.6,235,1.0
0 days 01:09:23.390000,27.1,30.0,1010.0,False,38.9,281,1.0
0 days 01:10:23.386000,27.1,30.0,1010.0,False,38.9,191,1.6
0 days 01:11:23.385000,26.9,30.0,1010.0,False,38.9,175,1.2
0 days 01:12:23.390000,26.9,29.0,1010.0,False,39.2,225,1.2
0 days 01:13:23.392000,27.1,29.0,1010.0,False,39.0,244,0.5
0 days 01:14:23.389000,27.2,29.0,1010.0,False,38.9,193,1.5
0 days 01:15:23.391000,27.3,29.0,1010.0,False,38.9,276,1.3
0 days 01:16:23.389000,27.2,29.0,1010.0,False,38.6,216,1.7
0 days 01:17:23.412000,27.1,30.0,1010.0,False,38.6,240,1.5
0 days 01:18:23.392000,27.0,30.0,1010.0,False,39.0,254,1.7
0 days 01:19:23.423000,27.0,30.0,1010.0,False,38.7,249,1.2
0 days 01:20:23.442000,27.0,32.0,1009.9,False,38.7,170,0.4
0 days 01:21:23.439000,27.1,31.0,1009.9,False,38.9,198,0.6
0 days 01:22:23.444000,27.2,30.0,1009.9,False,39.0,212,0.5
0 days 01:23:23.445000,27.1,30.0,1009.9,False,38.6,193,1.2
0 days 00:00:26.887000,22.7,72.0,1016.7,False,33.9,214,0.8
0 days 00:01:26.890000,22.8,73.0,1016.9,False,33.9,240,0.8
0 days 00:02:26.885000,22.8,72.0,1016.9,False,33.8,272,0.8
0 days 00:03:26.885000,22.8,73.0,1016.9,False,33.8,280,1.2
0 days 00:04:26.885000,22.9,73.0,1016.9,False,33.3,307,0.8
0 days 00:05:26.888000,22.8,72.0,1016.9,False,33.2,0,0.6
0 days 00:06:26.884000,23.0,72.0,1016.9,False,33.1,82,1.1
0 days 00:07:26.890000,23.0,72.0,1016.9,False,33.1,43,0.4
0 days 00:08:26.891000,23.0,73.0,1016.9,False,32.7,3,0.6
0 days 00:09:26.886000,22.9,71.0,1016.7,False,33.1,169,0.8
0 days 00:10:26.920000,22.8,72.0,1016.7,False,33.3,106,0.8
0 days 00:11:26.891000,22.8,71.0,1016.7,False,33.3,25,0.6
0 days 00:12:26.904000,22.8,71.0,1016.9,False,33.4,77,0.6
0 days 00:13:26.903000,22.7,70.0,1016.9,False,33.5,314,1.3
0 days 00:14:26.919000,22.8,71.0,1016.9,False,33.5,105,1.1
0 days 00:15:26.919000,23.0,71.0,1016.9,False,33.6,329,0.6
0 days 00:16:26.924000,23.1,69.0,1016.9,False,33.7,160,0.5
0 days 00:17:26.934000,23.1,69.0,1016.9,False,33.6,344,0.8
0 days 00:18:26.950000,23.3,69.0,1016.9,False,33.5,263,1.2
0 days 00:19:26.952000,23.3,71.0,1017.0,False,33.5,228,1.1
0 days 00:20:26.965000,23.2,70.0,1016.9,False,33.0,17,0.5
0 days 00:21:26.971000,23.1,71.0,1016.9,False,33.5,66,0.6
0 days 00:22:26.979000,23.1,72.0,1016.9,False,33.5,178,1.7
0 days 00:23:26.979000,23.2,73.0,1016.7,False,33.6,84,1.7
0 days 00:24:26.988000,23.2,73.0,1016.9,False,34.0,75,0.8
0 days 00:25:26.991000,23.3,74.0,1016.7,False,34.5,222,1.0
0 days 00:26:26.980000,23.3,73.0,1016.9,False,34.6,120,0.0
0 days 00:27:27.005000,23.2,72.0,1016.9,False,34.7,53,0.6
0 days 00:28:27.002000,23.3,73.0,1016.9,False,34.7,67,0.5
0 days 00:29:27.012000,23.2,73.0,1016.9,False,34.9,213,1.6
0 days 00:30:27.013000,23.1,74.0,1016.9,False,34.9,164,0.5
0 days 00:31:27.019000,23.1,74.0,1017.0,False,34.6,139,0.8
0 days 00:32:27.015000,23.0,74.0,1016.9,False,34.8,27,0.8
0 days 00:33:27.028000,23.0,74.0,1016.9,False,34.8,0,1.2
0 days 00:34:27.016000,22.9,75.0,1016.9,False,34.6,91,1.7
0 days 00:35:27.016000,23.0,75.0,1017.0,False,34.6,94,1.1
0 days 00:36:27.012000,23.0,74.0,1017.0,False,34.4,28,1.5
0 days 00:37:27.015000,22.9,75.0,1017.0,False,34.2,348,1.6
0 days 00:38:27.013000,22.7,76.0,1017.0,False,33.9,7,0.8
0 days 00:39:27.031000,22.7,75.0,1017.0,False,34.0,8,1.2
0 days 00:40:27.028000,22.9,75.0,1017.0,False,33.9,30,1.2
0 days 00:41:27.027000,22.9,76.0,1017.0,False,33.9,108,1.7
0 days 00:42:27.027000,22.9,76.0,1017.0,False,34.4,153,0.8
0 days 00:43:27.074000,22.9,75.0,1017.0,False,34.7,203,1.0
0 days 00:44:27.049000,22.7,76.0,1017.0,False,34.9,62,1.2
0 days 00:45:27.049000,22.7,76.0,1017.0,False,34.7,188,0.6
0 days 00:46:27.060000,22.8,75.0,1017.0,False,34.6,206,1.0
0 days 00:47:27.059000,22.8,76.0,1017.0,False,34.4,189,1.0
0 days 00:48:27.065000,22.7,76.0,1017.0,False,34.4,90,0.6
0 days 00:49:27.061000,22.7,75.0,1017.0,False,34.4,165,0.8
0 days 00:50:27.066000,22.6,75.0,1017.0,False,34.4,69,0.8
0 days 00:51:27.063000,22.6,75.0,1017.0,False,34.4,115,0.5
0 days 00:52:27.060000,22.6,75.0,1017.0,False,34.1,77,0.6
0 days 00:53:27.058000,22.5,75.0,1017.0,False,34.1,289,1.2
0 days 00:54:27.065000,22.6,74.0,1017.0,False,33.9,99,1.1
0 days 00:55:27.220000,22.6,74.0,1017.0,False,33.4,88,1.5
0 days 00:56:27.234000,22.6,75.0,1017.0,False,33.3,168,0.6
0 days 00:57:27.232000,22.6,75.0,1017.0,False,32.9,94,0.8
0 days 00:58:27.237000,22.7,76.0,1017.0,False,32.9,57,0.6
0 days 00:59:27.233000,22.8,76.0,1017.0,False,32.5,122,1.3
0 days 01:00:27.236000,22.6,77.0,1017.2,False,32.4,96,1.1
0 days 01:01:27.232000,22.5,76.0,1017.2,False,32.1,85,1.5
0 days 01:02:27.235000,22.4,77.0,1017.0,False,32.1,139,1.1
0 days 01:03:27.235000,22.4,78.0,1017.0,False,32.1,22,0.8
0 days 01:04:27.255000,22.3,78.0,1017.2,False,31.9,101,1.1
0 days 01:05:27.263000,22.4,78.0,1017.2,False,32.0,205,0.5
0 days 01:06:27.266000,22.4,77.0,1017.2,False,32.4,178,0.8
0 days 01:07:27.272000,22.4,78.0,1017.0,False,32.4,104,1.6
0 days 01:08:27.264000,22.4,77.0,1017.2,False,32.5,97,1.3
0 days 01:09:27.262000,22.4,77.0,1017.2,False,32.5,115,1.3
0 days 01:10:27.264000,22.4,77.0,1017.2,False,33.2,240,1.1
0 days 01:11:27.319000,22.5,77.0,1017.2,False,33.2,73,2.0
0 days 01:12:27.267000,22.5,77.0,1017.2,False,33.2,87,1.0
0 days 01:13:27.279000,22.5,77.0,1017.2,False,33.1,137,2.0
0 days 01:14:27.297000,22.6,77.0,1017.0,False,33.6,96,1.0
0 days 01:15:27.312000,22.5,76.0,1017.0,False,33.6,0,1.5
0 days 01:16:27.314000,22.4,77.0,1017.2,False,33.4,128,1.6
0 days 01:17:27.315000,22.4,77.0,1017.2,False,33.1,105,1.7
0 days 01:18:27.312000,22.4,77.0,1017.2,False,33.0,181,1.2
0 days 01:19:27.311000,22.4,77.0,1017.2,False,33.0,224,2.0
0 days 01:20:27.326000,22.5,77.0,1017.2,False,33.0,176,0.8
0 days 01:21:27.329000,22.5,77.0,1017.2,False,33.2,174,1.2
0 days 01:22:27.351000,22.5,78.0,1017.2,False,33.2,135,1.1
0 days 01:23:27.365000,22.4,77.0,1017.2,False,33.4,240,1.1
0 days 01:24:27.377000,22.5,76.0,1017.0,False,33.4,181,1.7
0 days 01:25:27.397000,22.6,76.0,1017.2,False,33.4,227,1.1
0 days 01:26:27.393000,22.6,76.0,1017.2,False,33.3,147,1.0
0 days 01:27:27.390000,22.6,76.0,1017.2,False,33.5,226,0.8
0 days 01:28:27.392000,22.5,75.0,1017.2,False,32.9,95,0.8
0 days 01:29:27.406000,22.6,76.0,1017.2,False,32.6,181,1.2
0 days 01:30:27.420000,22.6,76.0,1017.2,False,32.6,248,0.8
0 days 01:31:27.439000,22.5,76.0,1017.2,False,32.8,18,1.7
0 days 01:32:27.449000,22.5,76.0,1017.2,False,32.8,82,1.0
0 days 01:33:27.438000,22.5,76.0,1017.2,False,32.8,103,1.3
0 days 01:34:27.437000,22.7,76.0,1017.2,False,32.9,210,1.0
0 days 01:35:27.452000,22.7,77.0,1017.2,False,32.8,106,0.6
0 days 01:36:27.437000,22.6,77.0,1017.2,False,32.8,109,1.3
0 days 01:37:27.437000,22.6,77.0,1017.2,False,32.9,116,1.2
0 days 01:38:27.438000,22.7,77.0,1017.2,False,33.2,206,1.0
0 days 01:39:27.442000,22.7,77.0,1017.2,False,33.6,147,1.2
0 days 01:40:27.442000,22.7,77.0,1017.2,False,33.5,231,0.8
0 days 01:41:27.437000,22.7,77.0,1017.2,False,33.0,176,1.2
0 days 01:42:27.444000,22.8,77.0,1017.2,False,33.3,181,1.5
0 days 01:43:27.438000,22.8,77.0,1017.2,False,33.4,257,0.8
0 days 01:44:27.438000,22.8,77.0,1017.2,False,33.4,142,0.6
0 days 01:45:27.457000,22.7,77.0,1017.2,False,33.4,152,1.2
0 days 01:46:27.453000,22.7,77.0,1017.2,False,33.0,190,1.3
0 days 01:47:27.476000,22.7,77.0,1017.4,False,33.4,129,0.8
0 days 01:48:27.484000,22.7,77.0,1017.2,False,33.2,5,0.8
0 days 01:49:27.502000,22.6,77.0,1017.2,False,33.2,52,1.6
0 days 01:50:27.515000,22.6,77.0,1017.2,False,33.2,146,1.2
0 days 01:51:27.516000,22.5,78.0,1017.2,False,33.2,173,0.8
0 days 01:52:27.514000,22.6,78.0,1017.2,False,32.9,198,0.8
0 days 01:53:27.520000,22.6,77.0,1017.2,False,33.7,142,1.1
0 days 01:54:27.513000,22.8,76.0,1017.2,False,33.6,141,0.8
0 days 01:55:27.516000,22.8,76.0,1017.2,False,33.4,112,0.8
0 days 01:56:27.518000,22.8,76.0,1017.2,False,33.3,0,1.6
0 days 01:57:27.512000,22.7,76.0,1017.2,False,33.3,131,0.8
0 days 01:58:27.515000,22.8,76.0,1017.2,False,33.1,52,1.7
0 days 01:59:27.515000,22.7,77.0,1017.2,False,33.1,0,1.0
0 days 02:00:27.516000,22.7,76.0,1017.2,False,32.9,195,0.8
0 days 02:01:27.519000,22.8,76.0,1017.2,False,33.2,142,1.3
0 days 02:02:27.517000,22.8,77.0,1017.2,False,33.2,150,1.0
0 days 02:03:27.517000,22.7,76.0,1017.2,False,33.4,226,1.2
0 days 02:04:27.517000,22.7,76.0,1017.2,False,33.3,227,1.0
0 days 02:05:27.515000,22.7,77.0,1017.2,False,33.4,33,0.8
0 days 02:06:27.517000,22.8,77.0,1017.2,False,33.1,214,0.8
0 days 02:07:27.520000,22.9,77.0,1017.2,False,32.9,215,1.0
0 days 02:08:27.516000,22.8,77.0,1017.2,False,32.6,87,0.8
0 days 02:09:27.515000,22.8,77.0,1017.2,False,32.6,107,1.5
0 days 02:10:27.518000,22.7,77.0,1017.2,False,32.7,209,1.3
0 days 02:11:27.520000,22.6,77.0,1017.2,False,33.4,109,1.0
0 days 02:12:27.514000,22.6,77.0,1017.4,False,33.4,121,0.8
0 days 02:13:27.516000,22.6,77.0,1017.2,False,33.5,172,1.1
0 days 02:14:27.516000,22.6,77.0,1017.2,False,33.1,99,1.6
0 days 02:15:27.529000,22.6,77.0,1017.2,False,33.2,99,1.1
0 days 02:16:27.522000,22.5,77.0,1017.4,False,33.6,220,1.2
0 days 02:17:27.516000,22.6,76.0,1017.2,False,33.8,167,0.8
0 days 02:18:27.517000,22.7,76.0,1017.2,False,33.9,179,1.1
0 days 02:19:27.519000,22.8,76.0,1017.2,False,33.7,197,1.2
0 days 02:20:27.517000,22.8,76.0,1017.2,False,33.4,82,1.6
0 days 02:21:27.520000,22.8,75.0,1017.4,False,33.4,117,1.2
0 days 02:22:27.518000,22.8,76.0,1017.2,False,32.9,196,1.1
0 days 02:23:27.516000,22.7,76.0,1017.2,False,33.6,250,1.1
0 days 02:24:27.517000,22.7,76.0,1017.4,False,33.8,137,1.0
0 days 02:25:27.531000,22.8,76.0,1017.4,False,34.0,112,1.2
0 days 02:26:27.518000,22.7,76.0,1017.4,False,34.0,120,1.3
0 days 02:27:27.518000,22.7,76.0,1017.2,False,33.3,197,1.3
0 days 02:28:27.519000,22.7,76.0,1017.4,False,33.3,117,1.8
0 days 02:29:27.518000,22.7,76.0,1017.2,False,33.3,210,1.0
0 days 02:30:27.517000,22.8,76.0,1017.2,False,33.2,116,1.2
0 days 02:31:27.531000,22.8,76.0,1017.2,False,33.4,265,0.8
0 days 02:32:27.517000,22.8,76.0,1017.4,False,33.4,160,1.1
0 days 02:33:27.517000,22.8,76.0,1017.4,False,33.4,231,1.2
0 days 02:34:27.518000,22.8,76.0,1017.4,False,33.6,0,1.3
0 days 02:35:27.517000,22.7,76.0,1017.4,False,33.6,0,1.0
0 days 02:36:27.518000,22.6,76.0,1017.2,False,32.8,98,0.6
0 days 02:37:27.522000,22.7,75.0,1017.2,False,33.6,187,1.1
0 days 02:38:27.517000,22.7,75.0,1017.2,False,33.8,110,1.2
0 days 02:39:27.520000,22.6,76.0,1017.4,False,33.6,70,1.5
0 days 02:40:27.528000,22.6,75.0,1017.4,False,33.6,113,1.2
0 days 02:41:27.518000,22.6,76.0,1017.4,False,33.9,118,0.8
0 days 02:42:27.519000,22.7,75.0,1017.2,False,33.6,93,1.2
0 days 00:00:30.174000,27.6,35.0,991.2,False,40.3,202,1.0
0 days 00:01:30.177000,27.5,36.0,991.2,False,39.2,232,0.8
0 days 00:02:30.190000,27.2,36.0,991.2,False,38.6,264,1.0
0 days 00:03:30.204000,27.1,37.0,991.0,False,38.4,354,0.6
0 days 00:04:30.226000,27.1,35.0,991.2,False,38.2,1,1.6
0 days 00:05:30.236000,27.0,36.0,991.2,False,38.2,15,1.7
0 days 00:06:30.240000,26.9,35.0,991.0,False,38.0,56,1.2
0 days 00:07:30.237000,26.9,36.0,991.2,False,38.0,289,0.8
0 days 00:08:30.281000,26.9,37.0,991.2,False,37.6,226,0.6
0 days 00:09:30.243000,27.0,38.0,991.0,False,38.0,236,0.4
0 days 00:10:30.240000,27.1,37.0,991.0,False,38.1,0,0.5
0 days 00:11:30.242000,27.2,37.0,991.0,False,38.9,295,0.5
0 days 00:12:30.240000,27.3,36.0,991.0,False,39.4,0,0.5
0 days 00:13:30.236000,27.4,36.0,991.0,False,39.9,0,0.3
0 days 00:14:30.256000,27.6,34.0,991.0,False,40.4,39,1.0
0 days 00:15:30.270000,27.6,35.0,990.9,False,40.4,358,1.7
0 days 00:16:30.284000,27.4,35.0,991.0,False,40.0,31,1.2
0 days 00:17:30.292000,27.4,36.0,990.9,False,40.0,91,1.2
0 days 00:18:30.306000,27.2,36.0,991.0,False,40.3,248,0.6
0 days 00:19:30.299000,27.2,37.0,991.0,False,40.3,124,1.1
0 days 00:20:30.316000,27.2,36.0,990.7,False,40.1,187,0.8
0 days 00:21:30.331000,27.2,36.0,990.9,False,40.3,224,1.0
0 days 00:22:30.331000,27.3,36.0,990.9,False,40.4,221,1.1
0 days 00:23:30.330000,27.4,36.0,990.9,False,40.6,167,1.2
0 days 00:24:30.336000,27.3,36.0,990.9,False,40.7,211,1.6
0 days 00:25:30.331000,27.3,35.0,991.0,False,40.9,173,1.1
0 days 00:26:30.331000,27.4,35.0,990.9,False,41.1,194,1.6
0 days 00:27:30.348000,27.3,35.0,990.9,False,40.9,196,1.6
0 days 00:28:30.348000,27.5,35.0,990.9,False,40.9,214,1.3
0 days 00:29:30.362000,27.6,35.0,990.9,False,40.7,204,2.0
0 days 00:30:30.369000,27.7,34.0,990.9,False,40.7,199,1.6
0 days 00:31:30.364000,27.8,35.0,990.7,False,41.1,210,2.2
0 days 00:32:30.375000,27.7,35.0,990.7,False,40.8,205,1.5
0 days 00:33:30.363000,27.8,35.0,990.7,False,41.0,213,1.7
0 days 00:34:30.370000,27.8,35.0,990.7,False,41.1,235,1.7
0 days 00:35:30.366000,27.9,34.0,990.7,False,41.0,183,1.1
0 days 00:36:30.363000,28.0,34.0,990.9,False,41.0,270,0.6
0 days 00:37:30.363000,27.9,33.0,990.7,False,40.7,284,1.2
0 days 00:38:30.365000,27.9,34.0,990.7,False,40.7,280,1.2
0 days 00:39:30.365000,27.9,33.0,990.7,False,40.8,251,1.2
0 days 00:40:30.368000,27.8,34.0,990.7,False,40.8,320,0.5
0 days 00:41:30.366000,27.8,34.0,990.7,False,40.8,206,1.3
0 days 00:42:30.371000,27.8,33.0,990.9,False,40.8,181,0.6
0 days 00:43:30.364000,27.8,34.0,990.7,False,41.2,187,1.1
0 days 00:44:30.366000,27.9,33.0,990.7,False,41.1,175,1.7
0 days 00:45:30.363000,27.9,34.0,990.7,False,41.1,232,2.2
0 days 00:46:30.365000,27.8,34.0,990.7,False,41.1,228,0.5
0 days 00:47:30.374000,27.9,34.0,990.7,False,41.1,324,0.8
0 days 00:48:30.364000,28.0,34.0,990.7,False,40.7,27,0.8
0 days 00:49:30.391000,28.0,32.0,990.7,False,40.7,345,0.8
0 days 00:50:30.364000,28.0,33.0,990.7,False,40.6,306,0.8
0 days 00:51:30.365000,27.8,34.0,990.7,False,40.5,298,0.8
0 days 00:52:30.365000,27.8,34.0,990.7,False,40.0,154,0.8
0 days 00:53:30.367000,27.7,34.0,990.5,False,40.1,73,0.5
0 days 00:54:30.369000,27.9,34.0,990.7,False,40.6,33,0.8
0 days 00:55:30.367000,27.8,33.0,990.7,False,40.9,24,1.2
0 days 00:56:30.365000,27.8,34.0,990.5,False,40.9,209,1.0
0 days 00:57:30.369000,27.8,34.0,990.5,False,41.0,175,0.6
0 days 00:58:30.368000,27.9,34.0,990.7,False,40.5,306,0.8
0 days 00:59:30.365000,27.9,34.0,990.7,False,40.5,287,1.5
0 days 01:00:30.369000,27.8,35.0,990.7,False,40.3,337,0.8
0 days 01:01:30.367000,27.7,35.0,990.5,False,40.5,328,0.6
0 days 01:02:30.368000,27.6,35.0,990.5,False,40.6,30,0.8
0 days 01:03:30.369000,27.6,34.0,990.7,False,40.7,30,1.3
0 days 01:04:30.388000,27.6,34.0,990.5,False,41.0,1,1.3
0 days 01:05:30.366000,27.6,34.0,990.5,False,40.8,262,0.3
0 days 01:06:30.368000,27.6,35.0,990.5,False,40.5,281,0.6
0 days 01:07:30.369000,27.6,35.0,990.5,False,40.4,55,0.6
0 days 01:08:30.369000,27.6,35.0,990.5,False,40.4,328,0.0
0 days 01:09:30.367000,27.8,34.0,990.5,False,40.3,39,0.0
0 days 01:10:30.377000,27.9,34.0,990.5,False,40.3,130,0.8
0 days 01:11:30.371000,27.9,34.0,990.5,False,40.5,278,1.0
0 days 01:12:30.369000,27.9,33.0,990.5,False,40.5,290,0.8
0 days 01:13:30.373000,27.9,34.0,990.5,False,40.1,28,0.4
0 days 01:14:30.366000,28.0,33.0,990.5,False,40.7,45,2.0
0 days 01:15:30.369000,27.9,34.0,990.5,False,40.0,114,2.0
0 days 01:16:30.365000,27.9,34.0,990.5,False,40.0,201,2.0
0 days 01:17:30.374000,27.9,34.0,990.5,False,40.3,204,1.1
0 days 00:00:35.386000,26.6,38.0,994.0,False,42.4,116,0.6
0 days 00:01:35.391000,26.5,38.0,994.0,False,42.2,203,1.1
0 days 00:02:35.391000,26.6,39.0,994.0,False,42.3,325,0.8
0 days 00:03:35.397000,26.8,38.0,994.0,False,42.9,277,2.0
0 days 00:04:35.389000,26.6,40.0,994.0,False,42.3,20,1.1
0 days 00:05:35.391000,26.5,40.0,994.0,False,42.0,102,1.2
0 days 00:06:35.404000,26.4,40.0,994.0,False,42.0,249,0.4
0 days 00:07:35.399000,26.5,40.0,994.0,False,42.1,172,0.6
0 days 00:08:35.389000,26.6,38.0,994.0,False,42.1,168,1.1
0 days 00:09:35.407000,26.6,38.0,994.0,False,42.5,208,1.1
0 days 00:10:35.396000,26.6,38.0,994.0,False,43.0,176,1.2
0 days 00:11:35.389000,26.6,37.0,994.0,False,43.1,201,1.6
0 days 00:12:35.388000,26.7,37.0,994.0,False,43.4,272,0.6
0 days 00:13:35.391000,26.7,37.0,994.0,False,43.0,307,1.2
0 days 00:14:35.391000,26.7,38.0,994.0,False,42.7,28,1.2
0 days 00:15:35.398000,26.6,38.0,994.0,False,42.7,49,0.3
0 days 00:16:35.392000,26.7,38.0,994.0,False,42.9,103,1.0
0 days 00:17:35.419000,26.6,38.0,994.0,False,42.6,153,0.5
0 days 00:18:35.391000,26.8,38.0,994.0,False,42.5,221,0.4
0 days 00:19:35.391000,26.8,37.0,994.0,False,42.6,134,0.8
0 days 00:20:35.451000,26.9,36.0,993.9,False,43.3,176,1.1
0 days 00:21:35.396000,27.0,36.0,994.0,False,43.3,187,1.2
0 days 00:22:35.390000,27.0,36.0,993.7,False,43.2,153,0.6
0 days 00:23:35.389000,27.1,35.0,993.9,False,43.0,180,0.6
0 days 00:24:35.394000,27.1,36.0,994.0,False,43.0,130,0.6
0 days 00:25:35.394000,27.1,36.0,994.0,False,43.0,0,0.8
0 days 00:26:35.393000,27.2,37.0,993.9,False,42.3,213,0.6
0 days 00:27:35.390000,27.2,36.0,993.9,False,42.3,174,1.6
0 days 00:28:35.392000,27.4,35.0,994.0,False,42.3,180,2.0
0 days 00:29:35.393000,27.5,35.0,993.9,False,43.1,214,1.2
0 days 00:30:35.392000,27.5,35.0,994.0,False,43.2,207,1.7
0 days 00:31:35.392000,27.4,35.0,993.7,False,43.2,250,1.2
0 days 00:32:35.392000,27.2,35.0,993.9,False,43.0,203,0.6
0 days 00:33:35.393000,27.3,35.0,993.9,False,43.1,234,0.8
0 days 00:34:35.392000,27.2,35.0,993.9,False,43.0,349,1.2
0 days 00:35:35.411000,27.2,36.0,993.9,False,43.0,241,0.5
0 days 00:36:35.391000,27.1,36.0,993.7,False,42.7,164,0.6
0 days 00:37:35.392000,27.2,36.0,993.9,False,43.2,322,0.6
0 days 00:38:35.391000,27.1,35.0,993.7,False,43.2,10,1.2
0 days 00:39:35.392000,27.0,35.0,993.7,False,43.3,323,0.5
0 days 00:40:35.404000,26.9,35.0,993.7,False,43.4,43,1.0
0 days 00:41:35.393000,27.1,35.0,993.7,False,43.4,0,1.2
0 days 00:42:35.393000,27.1,35.0,993.7,False,43.3,339,0.6
0 days 00:43:35.393000,27.2,35.0,993.7,False,43.3,239,1.2
0 days 00:44:35.394000,27.2,35.0,993.7,False,43.7,0,1.7
0 days 00:45:35.398000,27.2,35.0,993.7,False,43.7,165,0.6
0 days 00:46:35.391000,27.2,34.0,993.5,False,44.0,180,1.1
0 days 00:47:35.393000,27.2,34.0,993.7,False,44.2,193,1.3
0 days 00:48:35.394000,27.4,33.0,993.7,False,44.2,208,1.7
0 days 00:49:35.395000,27.4,33.0,993.5,False,44.2,207,1.1
0 days 00:50:35.392000,27.6,33.0,993.7,False,44.2,124,1.6
0 days 00:51:35.396000,27.5,34.0,993.5,False,43.8,142,1.2
0 days 00:52:35.409000,27.5,33.0,993.5,False,43.8,122,0.8
0 days 00:53:35.410000,27.5,34.0,993.7,False,44.0,46,1.2
0 days 00:54:35.416000,27.4,34.0,993.5,False,42.9,188,1.7
0 days 00:55:35.436000,27.3,35.0,993.5,False,42.9,16,0.8
0 days 00:56:35.426000,27.3,35.0,993.5,False,43.0,53,1.7
0 days 00:57:35.441000,27.3,34.0,993.7,False,43.3,20,1.8
0 days 00:58:35.476000,27.3,33.0,993.5,False,43.4,2,2.0
0 days 00:59:35.448000,27.2,34.0,993.5,False,43.3,355,1.1
0 days 01:00:35.465000,27.4,33.0,993.5,False,43.3,302,0.8
0 days 01:01:35.472000,27.5,33.0,993.5,False,43.4,165,0.4
0 days 01:02:35.487000,27.8,32.0,993.5,False,43.5,296,0.4
0 days 01:03:35.530000,27.8,32.0,993.5,False,43.5,4,0.5
0 days 01:04:35.499000,27.9,32.0,993.5,False,43.7,36,2.0
0 days 01:05:35.491000,27.8,32.0,993.5,False,43.8,213,0.4
0 days 01:06:35.509000,27.8,32.0,993.5,False,44.1,181,1.3
0 days 01:07:35.516000,28.0,31.0,993.5,False,44.2,186,1.1
0 days 01:08:35.547000,28.0,32.0,993.5,False,44.2,173,2.0
0 days 01:09:35.523000,28.1,32.0,993.4,False,43.9,187,2.4
0 days 01:10:35.518000,27.8,33.0,993.4,False,43.9,198,1.3
0 days 01:11:35.520000,27.7,33.0,993.4,False,43.5,156,2.0
0 days 01:12:35.517000,27.9,33.0,993.4,False,43.9,235,2.2
0 days 01:13:35.519000,28.0,33.0,993.2,False,43.9,202,1.5
0 days 01:14:35.520000,28.2,33.0,993.4,False,44.0,198,1.8
0 days 01:15:35.516000,28.1,32.0,993.2,False,44.3,0,1.2
0 days 01:16:35.534000,28.2,32.0,993.4,False,44.4,202,1.7
0 days 01:17:35.522000,28.1,31.0,993.4,False,43.9,196,1.7
0 days 01:18:35.517000,28.2,31.0,993.4,False,44.0,207,2.5
0 days 01:19:35.517000,28.2,31.0,993.4,False,43.8,183,1.7
0 days 01:20:35.520000,28.2,31.0,993.4,False,43.8,166,1.5
0 days 01:21:35.517000,28.1,32.0,993.2,False,43.4,209,1.6
0 days 01:22:35.523000,28.1,31.0,993.2,False,43.4,149,0.8
0 days 01:23:35.519000,28.1,32.0,993.2,False,43.3,188,1.7
0 days 01:24:35.518000,28.1,32.0,993.2,False,43.3,215,2.0
0 days 01:25:35.521000,28.1,32.0,993.2,False,43.8,198,1.6
0 days 01:26:35.520000,28.3,32.0,993.2,False,43.8,144,1.6
0 days 01:27:35.525000,28.1,32.0,993.2,False,43.2,188,1.2
0 days 01:28:35.518000,28.1,32.0,993.2,False,43.7,198,1.6
0 days 01:29:35.524000,28.1,32.0,993.2,False,43.7,213,1.6
0 days 01:30:35.529000,28.2,32.0,993.2,False,43.7,169,2.2
0 days 01:31:35.522000,28.3,31.0,993.2,False,43.7,176,1.5
0 days 01:32:35.522000,28.2,32.0,993.2,False,43.6,208,2.2
0 days 01:33:35.527000,28.3,31.0,993.0,False,43.5,216,1.7
0 days 01:34:35.531000,28.2,31.0,993.2,False,43.4,215,1.3
0 days 01:35:35.524000,28.2,32.0,993.2,False,43.4,219,1.7
0 days 01:36:35.533000,28.2,32.0,993.0,False,43.4,278,1.8
0 days 01:37:35.522000,28.3,31.0,993.2,False,43.2,186,1.7
0 days 01:38:35.524000,28.3,30.0,993.0,False,43.6,173,1.3
0 days 01:39:35.524000,28.1,31.0,993.0,False,43.6,145,2.0
0 days 01:40:35.521000,27.9,32.0,993.0,False,43.2,204,1.2
0 days 01:41:35.523000,28.1,32.0,993.0,False,43.1,228,1.7
0 days 01:42:35.523000,28.2,31.0,993.0,False,43.4,264,1.7
0 days 01:43:35.520000,28.2,31.0,993.0,False,43.4,208,1.1
0 days 01:44:35.525000,28.3,30.0,993.0,False,43.7,158,1.1
0 days 01:45:35.519000,28.4,30.0,993.0,False,43.4,187,1.2
0 days 01:46:35.525000,28.3,30.0,993.0,False,43.2,204,1.7
0 days 01:47:35.526000,28.4,30.0,992.9,False,43.2,210,1.7
0 days 01:48:35.520000,28.4,30.0,992.9,False,42.9,187,2.2
0 days 01:49:35.523000,28.5,30.0,992.9,False,43.2,204,1.5
0 days 01:50:35.519000,28.4,30.0,992.9,False,43.1,204,1.7
0 days 01:51:35.515000,28.3,30.0,992.9,False,43.1,183,2.0
0 days 01:52:35.522000,28.4,30.0,992.9,False,43.1,208,2.0
0 days 01:53:35.520000,28.3,30.0,992.9,False,42.9,164,1.2
0 days 01:54:35.520000,28.2,31.0,992.9,False,42.9,192,2.2
0 days 01:55:35.533000,28.2,31.0,992.7,False,42.8,158,2.0
0 days 01:56:35.520000,28.3,31.0,992.7,False,42.8,189,1.1
0 days 01:57:35.520000,28.3,31.0,992.9,False,43.2,237,0.6
0 days 01:58:35.534000,28.4,31.0,992.7,False,43.3,197,1.5
0 days 01:59:35.520000,28.4,31.0,992.5,False,43.2,191,1.8
0 days 02:00:35.532000,28.3,31.0,992.7,False,43.1,171,1.0
0 days 02:01:35.520000,28.4,32.0,992.7,False,43.1,179,2.2
0 days 02:02:35.533000,28.4,31.0,992.7,False,43.1,203,2.4
0 days 02:03:35.521000,28.4,30.0,992.7,False,43.0,203,1.8
0 days 02:04:35.755000,28.4,30.0,992.7,False,42.5,172,1.8
0 days 02:05:35.522000,28.3,31.0,992.7,False,42.4,181,1.2
0 days 02:06:35.521000,28.3,31.0,992.7,False,42.6,206,1.6
0 days 02:07:35.520000,28.4,31.0,992.7,False,42.8,199,1.2
0 days 02:08:35.522000,28.3,31.0,992.7,False,42.7,218,1.6
0 days 02:09:35.522000,28.3,30.0,992.7,False,42.7,234,1.7
0 days 02:10:35.532000,28.3,31.0,992.7,False,42.6,4,1.2
0 days 02:11:35.532000,28.3,31.0,992.7,False,42.3,0,1.3
0 days 02:12:35.532000,28.4,31.0,992.7,False,42.3,188,0.4
0 days 02:13:35.521000,28.5,31.0,992.7,False,42.2,196,0.8
0 days 02:14:35.521000,28.5,31.0,992.7,False,42.2,188,1.8
0 days 02:15:35.521000,28.5,31.0,992.5,False,42.5,169,2.0
0 days 02:16:35.521000,28.5,30.0,992.7,False,42.5,196,2.5
0 days 02:17:35.523000,28.4,31.0,992.5,False,42.6,192,2.0
0 days 02:18:35.523000,28.4,31.0,992.7,False,42.4,186,1.2
0 days 02:19:35.522000,28.4,31.0,992.5,False,42.4,191,1.5
0 days 02:20:35.521000,28.4,30.0,992.5,False,42.4,217,1.8
0 days 02:21:35.522000,28.5,30.0,992.7,False,42.6,217,1.2
0 days 02:22:35.525000,28.5,30.0,992.5,False,42.7,99,1.3
0 days 02:23:35.523000,28.5,30.0,992.7,False,42.2,189,1.1
0 days 02:24:35.531000,28.4,30.0,992.7,False,42.1,196,2.7
0 days 02:25:35.535000,28.5,30.0,992.7,False,41.8,172,2.2
0 days 02:26:35.525000,28.5,31.0,992.5,False,41.8,169,2.5
0 days 00:00:14.701000,26.5,82.0,1008.5,False,27.1,335,1.0
0 days 00:01:14.694000,26.5,82.0,1008.5,False,27.0,345,0.8
0 days 00:02:14.692000,26.5,82.0,1008.5,False,26.7,357,0.5
0 days 00:03:14.693000,26.5,81.0,1008.5,False,27.1,308,0.8
0 days 00:04:14.708000,26.5,83.0,1008.7,False,27.1,340,1.0
0 days 00:05:14.724000,26.5,82.0,1008.7,False,27.3,356,1.2
0 days 00:06:14.740000,26.5,82.0,1008.7,False,27.4,358,1.5
0 days 00:07:14.741000,26.4,82.0,1008.7,False,27.3,2,0.8
0 days 00:08:14.743000,26.4,82.0,1008.7,False,27.4,5,1.0
0 days 00:09:14.737000,26.4,81.0,1008.7,False,27.4,1,1.1
0 days 00:10:14.760000,26.4,81.0,1008.5,False,27.3,341,1.1
0 days 00:11:14.757000,26.5,81.0,1008.7,False,27.4,354,1.2
0 days 00:12:14.776000,26.5,81.0,1008.7,False,27.7,341,1.2
0 days 00:13:14.772000,26.4,81.0,1008.7,False,27.4,347,1.0
0 days 00:14:14.772000,26.4,81.0,1008.7,False,27.5,359,1.3
0 days 00:15:14.771000,26.4,81.0,1008.7,False,27.4,6,1.2
0 days 00:16:14.774000,26.4,81.0,1008.7,False,27.3,324,0.8
0 days 00:17:14.772000,26.4,81.0,1008.7,False,27.3,348,0.8
0 days 00:18:14.773000,26.4,81.0,1008.7,False,27.2,3,0.8
0 days 00:19:14.773000,26.5,81.0,1008.9,False,27.2,293,0.6
0 days 00:20:14.775000,26.5,81.0,1008.7,False,27.5,328,0.5
0 days 00:21:14.773000,26.6,81.0,1008.9,False,27.7,165,0.6
0 days 00:22:14.775000,26.6,82.0,1008.9,False,27.8,119,0.5
0 days 00:23:14.773000,26.7,82.0,1008.9,False,28.0,207,0.5
0 days 00:24:14.820000,26.8,82.0,1008.9,False,28.2,182,0.6
0 days 00:25:14.773000,26.9,82.0,1009.0,False,28.2,164,0.8
0 days 00:26:14.775000,26.9,82.0,1009.0,False,28.1,199,0.8
0 days 00:27:14.774000,26.9,81.0,1008.9,False,28.1,172,1.2
0 days 00:28:14.774000,27.0,81.0,1008.9,False,28.0,166,0.8
0 days 00:29:14.766000,26.9,81.0,1009.0,False,27.9,187,1.2
0 days 00:30:14.777000,26.9,81.0,1009.0,False,27.7,188,1.2
0 days 00:31:14.774000,27.0,81.0,1009.0,False,27.6,175,1.2
0 days 00:32:14.772000,27.1,82.0,1009.0,False,27.6,184,1.2
0 days 00:33:14.773000,27.1,82.0,1009.0,False,27.6,161,1.2
0 days 00:34:14.785000,27.1,82.0,1009.0,False,27.6,174,1.3
0 days 00:35:14.775000,27.1,82.0,1009.0,False,27.5,149,1.0
0 days 00:36:14.774000,27.1,82.0,1009.0,False,27.8,167,0.6
0 days 00:37:14.773000,27.1,82.0,1009.0,False,27.9,140,0.6
0 days 00:38:14.775000,27.1,82.0,1009.0,False,27.7,0,0.5
0 days 00:39:14.771000,27.0,82.0,1009.0,False,27.6,0,0.0
0 days 00:40:14.782000,27.0,83.0,1009.0,False,27.7,0,0.0
0 days 00:41:14.775000,27.0,82.0,1009.0,False,27.8,332,0.6
0 days 00:42:14.777000,26.9,83.0,1009.2,False,27.5,217,0.8
0 days 00:43:14.776000,26.9,83.0,1009.2,False,27.5,8,0.6
0 days 00:44:14.776000,26.9,83.0,1009.2,False,27.5,334,0.6
0 days 00:45:14.776000,27.0,83.0,1009.2,False,27.2,79,0.6
0 days 00:46:14.775000,27.0,83.0,1009.2,False,27.2,124,0.5
0 days 00:47:14.784000,27.0,84.0,1009.2,False,27.3,132,0.5
0 days 00:48:14.777000,27.0,83.0,1009.2,False,27.5,0,1.3
0 days 00:49:14.776000,26.9,83.0,1009.4,False,27.4,291,0.4
0 days 00:50:14.776000,26.9,82.0,1009.4,False,27.7,0,0.0
0 days 00:51:14.790000,26.8,83.0,1009.4,False,27.7,90,1.2
0 days 00:52:14.783000,26.9,82.0,1009.4,False,28.0,157,0.6
0 days 00:53:14.800000,26.9,81.0,1009.4,False,28.0,193,0.4
0 days 00:54:14.813000,26.9,82.0,1009.5,False,28.0,322,0.4
0 days 00:55:14.822000,27.0,81.0,1009.5,False,28.3,151,0.5
0 days 00:56:14.822000,27.0,81.0,1009.5,False,28.3,179,0.6
0 days 00:57:14.829000,27.0,81.0,1009.5,False,28.3,323,0.8
0 days 00:58:14.828000,27.0,80.0,1009.5,False,28.6,299,0.6
0 days 00:59:14.822000,27.0,80.0,1009.5,False,28.3,0,0.4
0 days 01:00:14.822000,27.1,80.0,1009.5,False,28.3,156,0.5
0 days 01:01:14.824000,27.0,80.0,1009.5,False,28.3,180,0.5
0 days 01:02:14.839000,26.9,80.0,1009.5,False,28.1,0,0.3
0 days 01:03:14.867000,26.9,80.0,1009.5,False,28.0,174,0.3
0 days 01:04:14.869000,26.9,80.0,1009.5,False,28.1,174,0.6
0 days 01:05:14.870000,26.9,80.0,1009.7,False,27.9,0,0.8
0 days 01:06:14.884000,26.9,80.0,1009.7,False,28.0,0,0.4
0 days 01:07:14.900000,27.0,80.0,1009.7,False,28.0,12,0.4
0 days 01:08:14.917000,27.0,81.0,1009.7,False,28.1,154,0.3
0 days 01:09:14.931000,27.1,81.0,1009.5,False,28.2,242,0.0
0 days 01:10:14.947000,27.1,81.0,1009.7,False,28.4,0,0.0
0 days 01:11:14.968000,27.2,81.0,1009.7,False,28.5,157,0.0
0 days 01:12:14.960000,27.2,81.0,1009.7,False,28.5,129,1.0
0 days 01:13:14.962000,27.1,80.0,1009.7,False,28.4,0,0.6
0 days 01:14:14.980000,27.1,81.0,1009.7,False,28.3,192,0.0
0 days 01:15:14.980000,27.2,81.0,1009.7,False,28.3,159,0.4
0 days 01:16:14.984000,27.2,81.0,1009.7,False,28.5,155,1.2
0 days 01:17:14.994000,27.2,80.0,1009.7,False,28.5,180,0.6
0 days 01:18:14.996000,27.2,80.0,1009.7,False,28.4,174,0.5
0 days 01:19:15.010000,27.2,80.0,1009.7,False,28.5,158,0.8
0 days 00:00:18.363000,25.2,90.0,1007.7,True,24.5,21,0.8
0 days 00:01:18.355000,25.0,90.0,1007.7,True,25.0,38,1.1
0 days 00:02:18.360000,24.9,90.0,1007.9,True,25.1,55,0.8
0 days 00:03:18.355000,24.8,91.0,1007.9,True,25.2,153,0.8
0 days 00:04:18.357000,24.7,91.0,1007.7,True,25.5,171,0.6
0 days 00:05:18.367000,24.6,92.0,1007.9,True,26.0,0,0.6
0 days 00:06:18.355000,24.5,92.0,1007.9,True,26.1,29,0.0
0 days 00:07:18.355000,24.4,91.0,1007.9,True,26.0,9,0.8
0 days 00:08:18.347000,24.4,91.0,1007.9,True,26.0,58,1.2
0 days 00:09:18.356000,24.4,91.0,1007.7,True,26.0,58,0.8
0 days 00:10:18.354000,24.3,92.0,1007.7,True,26.1,41,0.5
0 days 00:11:18.356000,24.3,92.0,1007.7,True,26.2,8,0.6
0 days 00:12:18.395000,24.3,92.0,1007.7,True,26.4,34,0.6
0 days 00:13:18.355000,24.3,92.0,1007.7,True,26.4,70,0.6
0 days 00:14:18.355000,24.3,93.0,1007.7,True,26.5,139,0.4
0 days 00:15:18.355000,24.4,93.0,1007.7,True,26.5,143,0.4
0 days 00:16:18.354000,24.4,93.0,1007.7,True,26.4,173,0.8
0 days 00:17:18.355000,24.4,93.0,1007.7,True,26.4,170,1.0
0 days 00:18:18.392000,24.4,93.0,1007.7,True,26.5,159,1.2
0 days 00:19:18.355000,24.4,93.0,1007.7,True,26.7,160,1.3
0 days 00:20:18.357000,24.4,93.0,1007.5,True,27.0,167,1.6
0 days 00:21:18.357000,24.4,93.0,1007.5,True,27.0,167,1.7
0 days 00:22:18.378000,24.4,93.0,1007.5,True,27.3,167,1.7
0 days 00:23:18.358000,24.4,94.0,1007.5,True,27.4,166,1.8
0 days 00:24:18.358000,24.5,93.0,1007.5,True,27.5,162,2.4
0 days 00:25:18.355000,24.5,93.0,1007.5,True,27.7,160,2.2
0 days 00:26:18.356000,24.5,93.0,1007.4,True,28.0,162,2.4
0 days 00:27:18.361000,24.4,94.0,1007.4,True,27.9,163,2.7
0 days 00:28:18.359000,24.4,93.0,1007.5,True,27.7,161,2.5
0 days 00:29:18.354000,24.5,93.0,1007.5,True,27.7,163,1.8
0 days 00:30:18.355000,24.4,93.0,1007.5,True,27.9,157,1.3
0 days 00:31:18.357000,24.4,93.0,1007.5,True,28.1,159,1.5
0 days 00:32:18.359000,24.4,93.0,1007.5,True,28.1,173,1.0
0 days 00:33:18.358000,24.4,93.0,1007.5,True,28.2,141,0.8
0 days 00:34:18.355000,24.4,93.0,1007.5,True,28.3,152,0.6
0 days 00:35:18.360000,24.4,93.0,1007.5,True,28.4,131,0.8
0 days 00:36:18.356000,24.4,93.0,1007.5,True,28.5,135,1.1
0 days 00:37:18.356000,24.4,93.0,1007.5,True,28.7,145,1.0
0 days 00:38:18.357000,24.3,93.0,1007.5,True,28.6,140,0.8
0 days 00:39:18.358000,24.4,93.0,1007.5,True,28.6,158,0.8
0 days 00:40:18.358000,24.3,93.0,1007.5,True,28.7,149,0.8
0 days 00:41:18.356000,24.5,94.0,1007.4,True,28.9,0,0.3
0 days 00:42:18.359000,24.5,94.0,1007.5,True,28.9,3,0.0
0 days 00:43:18.358000,24.6,94.0,1007.5,True,29.2,44,0.6
0 days 00:44:18.359000,24.7,94.0,1007.5,True,29.3,20,0.6
0 days 00:45:18.356000,24.7,93.0,1007.4,True,29.4,0,1.1
0 days 00:46:18.357000,24.8,93.0,1007.5,False,29.9,345,0.8
0 days 00:47:18.356000,24.8,93.0,1007.4,False,29.9,0,0.3
0 days 00:48:18.358000,24.9,93.0,1007.2,False,29.9,9,1.0
0 days 00:49:18.359000,24.8,93.0,1007.4,False,29.9,5,0.8
0 days 00:50:18.356000,24.8,93.0,1007.4,False,30.0,10,0.8
0 days 00:51:18.359000,24.8,93.0,1007.4,False,30.0,26,0.8
0 days 00:52:18.365000,24.9,93.0,1007.5,False,30.1,170,0.6
0 days 00:53:18.357000,24.9,94.0,1007.2,False,30.4,0,0.0
0 days 00:54:18.357000,24.9,93.0,1007.5,False,30.7,181,0.0
0 days 00:55:18.390000,25.0,94.0,1007.4,False,30.9,164,0.6
0 days 00:56:18.365000,25.1,93.0,1007.5,False,30.9,137,0.6
0 days 00:57:18.357000,25.1,93.0,1007.5,False,31.0,152,0.5
0 days 00:58:18.361000,25.1,93.0,1007.4,False,31.0,155,0.6
0 days 00:59:18.358000,25.1,92.0,1007.4,False,31.1,156,0.8
0 days 01:00:18.358000,25.1,92.0,1007.5,False,30.7,148,0.8
0 days 01:01:18.358000,25.1,93.0,1007.5,False,30.6,154,0.8
0 days 01:02:18.358000,25.2,93.0,1007.5,False,30.6,145,0.6
0 days 01:03:18.358000,25.1,92.0,1007.5,False,30.6,128,0.6
0 days 01:04:18.364000,25.2,92.0,1007.5,False,30.5,150,0.6
0 days 01:05:18.358000,25.2,92.0,1007.5,False,30.5,140,0.6
0 days 01:06:18.358000,25.2,92.0,1007.5,False,30.5,31,0.4
0 days 01:07:18.376000,25.3,92.0,1007.5,False,30.8,39,0.0
0 days 01:08:18.427000,25.3,92.0,1007.5,False,30.8,9,0.6
0 days 01:09:18.382000,25.4,92.0,1007.5,False,30.8,11,1.0
0 days 01:10:18.389000,25.3,91.0,1007.5,False,30.8,354,1.1
0 days 01:11:18.390000,25.3,92.0,1007.5,False,30.5,16,1.1
0 days 01:12:18.414000,25.3,92.0,1007.5,False,30.2,4,0.6
0 days 01:13:18.406000,25.4,91.0,1007.5,False,30.1,10,0.8
0 days 01:14:18.405000,25.4,91.0,1007.7,False,30.1,11,0.6
0 days 01:15:18.403000,25.4,91.0,1007.5,False,30.2,23,0.8
0 days 01:16:18.405000,25.3,90.0,1007.5,False,30.8,9,0.6
0 days 01:17:18.406000,25.4,91.0,1007.5,False,31.1,8,0.8
0 days 01:18:18.432000,25.4,90.0,1007.5,False,31.1,20,0.8
0 days 01:19:18.437000,25.3,90.0,1007.5,False,31.1,19,0.8
0 days 01:20:18.454000,25.3,90.0,1007.7,False,30.8,22,0.8
0 days 01:21:18.455000,25.4,89.0,1007.5,False,30.7,13,1.1
0 days 01:22:18.468000,25.4,90.0,1007.7,False,30.9,11,1.1
0 days 01:23:18.486000,25.5,88.0,1007.7,False,31.0,9,1.2
0 days 01:24:18.484000,25.5,88.0,1007.7,False,31.0,7,1.0
0 days 01:25:18.484000,25.5,87.0,1007.7,False,31.0,28,1.2
0 days 01:26:18.493000,25.6,87.0,1007.7,False,30.8,8,1.1
0 days 01:27:18.483000,25.6,86.0,1007.7,False,30.7,9,1.2
0 days 01:28:18.483000,25.7,86.0,1007.7,False,30.7,12,0.8
0 days 01:29:18.488000,25.7,85.0,1007.7,False,30.9,6,1.1
0 days 01:30:18.506000,25.7,85.0,1007.7,False,31.0,8,1.1
0 days 01:31:18.494000,25.8,85.0,1007.7,False,31.0,8,1.1
0 days 01:32:18.515000,25.8,84.0,1007.9,False,30.9,18,0.8
0 days 01:33:18.536000,25.9,83.0,1007.9,False,30.6,8,0.8
0 days 01:34:18.558000,25.9,83.0,1007.7,False,30.6,8,1.2
0 days 01:35:18.536000,26.0,83.0,1007.9,False,30.6,4,1.3
0 days 01:36:18.540000,26.0,82.0,1007.9,False,30.5,5,1.6
0 days 01:37:18.537000,26.0,82.0,1007.9,False,30.5,356,1.6
0 days 01:38:18.549000,26.0,82.0,1007.9,False,30.4,0,1.5
0 days 01:39:18.562000,26.1,81.0,1007.9,False,30.4,4,1.3
0 days 01:40:18.578000,26.1,81.0,1007.9,False,30.2,19,1.6
0 days 01:41:18.580000,26.2,81.0,1007.9,False,29.9,10,1.2
0 days 01:42:18.584000,26.2,81.0,1007.9,False,29.9,14,1.5
0 days 01:43:18.583000,26.2,81.0,1007.9,False,29.8,11,1.1
0 days 01:44:18.578000,26.2,81.0,1007.9,False,29.8,20,1.2
0 days 01:45:18.578000,26.3,80.0,1007.9,False,29.7,22,1.2
0 days 01:46:18.594000,26.3,80.0,1008.0,False,29.8,36,0.8
0 days 01:47:18.604000,26.3,80.0,1007.9,False,29.9,28,1.5
0 days 01:48:18.597000,26.3,80.0,1007.9,False,29.7,349,0.8
0 days 01:49:18.597000,26.3,81.0,1008.0,False,30.0,15,1.1
0 days 01:50:18.597000,26.3,81.0,1008.0,False,30.0,354,1.0
0 days 01:51:18.585000,26.3,81.0,1007.9,False,29.9,15,1.0
0 days 01:52:18.610000,26.4,80.0,1008.0,False,29.8,9,0.8
0 days 01:53:18.612000,26.4,81.0,1008.0,False,29.8,8,0.4
0 days 01:54:18.611000,26.4,82.0,1008.0,False,30.0,2,0.8
0 days 01:55:18.611000,26.4,81.0,1008.0,False,30.1,20,1.3
0 days 01:56:18.621000,26.4,81.0,1008.0,False,30.0,17,0.8
0 days 01:57:18.616000,26.5,81.0,1008.0,False,29.9,10,0.8
0 days 01:58:18.603000,26.5,82.0,1008.0,False,30.0,20,1.0
0 days 01:59:18.612000,26.5,81.0,1008.0,False,29.9,4,1.2
0 days 02:00:18.612000,26.5,82.0,1008.0,False,29.8,28,1.0
0 days 02:01:18.627000,26.4,81.0,1008.0,False,29.8,17,0.6
0 days 02:02:18.615000,26.5,82.0,1008.0,False,29.8,7,0.6
0 days 02:03:18.616000,26.6,81.0,1008.0,False,29.7,16,1.1
0 days 02:04:18.611000,26.5,81.0,1008.0,False,29.7,11,1.2
0 days 02:05:18.613000,26.6,82.0,1008.0,False,29.7,10,0.6
0 days 02:06:18.618000,26.7,81.0,1008.0,False,29.6,0,0.4
0 days 02:07:18.615000,26.7,82.0,1008.0,False,29.7,38,0.5
0 days 02:08:18.612000,26.8,82.0,1008.0,False,30.1,25,0.8
0 days 02:09:18.627000,26.7,81.0,1008.0,False,29.5,9,0.8
0 days 02:10:18.664000,26.8,82.0,1008.0,False,29.5,121,0.6
0 days 02:11:18.646000,26.8,82.0,1008.0,False,29.5,119,0.6
0 days 02:12:18.681000,26.9,82.0,1008.0,False,29.9,165,0.6
0 days 02:13:18.658000,26.9,83.0,1008.0,False,29.8,132,1.3
0 days 02:14:18.649000,26.9,82.0,1008.0,False,29.8,176,0.8
0 days 02:15:18.660000,26.8,83.0,1007.9,False,29.6,123,0.6
0 days 02:16:18.659000,26.8,82.0,1008.0,False,29.4,194,0.8
0 days 02:17:18.661000,26.9,83.0,1008.0,False,29.4,51,1.2
0 days 02:18:18.675000,26.9,83.0,1008.0,False,29.3,164,0.8
0 days 02:19:18.677000,26.9,83.0,1008.0,False,29.4,111,1.7
0 days 02:20:18.692000,27.0,83.0,1008.0,False,29.4,160,0.6
0 days 02:21:18.705000,26.9,83.0,1008.0,False,29.6,139,2.2
0 days 02:22:18.705000,27.0,82.0,1008.0,False,29.4,166,1.1
0 days 02:23:18.726000,27.1,83.0,1008.0,False,29.4,149,1.8
0 days 02:24:18.739000,27.1,83.0,1008.0,False,29.2,166,1.3
0 days 02:25:18.740000,27.1,83.0,1008.0,False,28.8,185,1.6
0 days 02:26:18.739000,27.1,83.0,1008.0,False,28.8,154,0.8
0 days 02:27:18.737000,27.0,83.0,1008.0,False,29.0,180,1.0
0 days 02:28:18.728000,27.2,83.0,1008.0,False,29.0,36,0.6
0 days 02:29:18.740000,27.1,82.0,1008.0,False,29.0,177,0.5
0 days 02:30:18.741000,27.0,83.0,1008.0,False,28.8,0,0.5
0 days 02:31:18.730000,27.1,83.0,1008.0,False,29.0,102,0.8
0 days 02:32:18.743000,27.0,84.0,1008.0,False,29.1,164,0.6
0 days 02:33:18.739000,27.1,84.0,1008.0,False,29.4,0,0.3
0 days 02:34:18.738000,27.2,84.0,1008.2,False,29.5,167,1.2
0 days 02:35:18.743000,27.2,84.0,1008.0,False,29.4,141,1.6
0 days 02:36:18.738000,27.2,83.0,1008.2,False,29.1,173,0.6
0 days 02:37:18.737000,27.3,83.0,1008.2,False,29.1,120,1.3
0 days 02:38:18.755000,27.3,83.0,1008.2,False,29.1,168,0.6
0 days 02:39:18.739000,27.3,84.0,1008.2,False,29.1,147,1.6
0 days 02:40:18.779000,27.3,83.0,1008.2,False,28.7,175,0.8
0 days 02:41:18.738000,27.3,84.0,1008.2,False,28.7,161,1.7
0 days 02:42:18.742000,27.3,83.0,1008.2,False,28.7,164,1.2
0 days 02:43:18.739000,27.3,84.0,1008.2,False,29.0,161,1.7
0 days 02:44:18.762000,27.3,83.0,1008.2,False,28.7,168,1.3
0 days 02:45:18.738000,27.3,84.0,1008.2,False,28.8,165,2.2
0 days 02:46:18.745000,27.3,83.0,1008.4,False,28.6,184,0.6
0 days 02:47:18.737000,27.3,84.0,1008.4,False,28.6,167,1.2
0 days 02:48:18.741000,27.3,84.0,1008.5,False,28.1,166,1.2
0 days 02:49:18.740000,27.3,84.0,1008.4,False,27.8,164,1.6
0 days 02:50:18.738000,27.3,85.0,1008.4,False,27.7,183,1.1
0 days 02:51:18.743000,27.3,85.0,1008.4,False,27.6,191,1.2
0 days 02:52:18.741000,27.2,85.0,1008.4,False,27.6,170,0.8
0 days 02:53:18.740000,27.2,86.0,1008.5,False,27.5,166,1.2
0 days 02:54:18.740000,27.2,86.0,1008.5,False,27.8,160,1.2
0 days 02:55:18.740000,27.3,86.0,1008.5,False,27.8,148,1.2
0 days 02:56:18.755000,27.3,87.0,1008.5,False,27.7,167,0.8
0 days 02:57:18.771000,27.3,86.0,1008.5,False,27.6,166,0.6
0 days 02:58:18.786000,27.2,87.0,1008.5,False,27.7,174,0.8
0 days 02:59:18.789000,27.2,87.0,1008.5,False,27.6,0,0.6
0 days 03:00:18.793000,27.2,87.0,1008.5,False,27.6,213,0.6
0 days 03:01:18.807000,27.2,87.0,1008.5,False,27.6,183,1.1
0 days 03:02:18.787000,27.1,88.0,1008.5,False,27.7,145,1.2
0 days 03:03:18.787000,27.1,88.0,1008.5,False,27.5,178,1.1
0 days 03:04:18.799000,27.1,88.0,1008.5,False,27.3,0,1.2
0 days 03:05:18.789000,27.2,88.0,1008.7,False,27.3,177,0.5
0 days 03:06:18.803000,27.2,88.0,1008.5,False,27.3,177,0.6
0 days 03:07:18.819000,27.1,88.0,1008.5,False,27.3,188,1.2
0 days 03:08:18.824000,27.1,88.0,1008.5,False,27.3,193,0.5
0 days 03:09:18.834000,27.1,88.0,1008.5,False,27.5,201,0.6
0 days 03:10:18.835000,27.1,88.0,1008.7,False,27.3,167,1.3
0 days 03:11:18.852000,27.1,89.0,1008.5,False,27.5,135,0.5
0 days 03:12:18.859000,27.1,89.0,1008.7,False,27.7,158,0.5
0 days 03:13:18.869000,27.1,89.0,1008.7,False,27.9,0,1.2
0 days 03:14:18.868000,27.1,89.0,1008.7,False,27.7,157,0.5
0 days 03:15:18.870000,27.1,89.0,1008.7,False,27.6,328,0.8
0 days 03:16:18.881000,27.0,89.0,1008.7,False,27.7,164,0.5
0 days 03:17:18.903000,27.1,89.0,1008.7,False,27.9,219,1.0
0 days 03:18:18.916000,27.1,89.0,1008.7,False,27.7,69,0.5
0 days 03:19:18.913000,27.1,89.0,1008.7,False,28.0,157,1.7
0 days 03:20:18.920000,27.1,89.0,1008.7,False,28.0,105,0.6
0 days 03:21:18.921000,27.1,89.0,1008.7,False,28.5,137,1.0
0 days 03:22:18.917000,27.1,89.0,1008.9,False,28.2,29,0.0
0 days 03:23:18.917000,27.1,89.0,1008.7,False,28.2,272,0.6
0 days 03:24:18.916000,27.1,89.0,1008.9,False,28.0,155,0.5
0 days 03:25:18.917000,27.1,89.0,1008.9,False,28.1,153,0.4
0 days 03:26:18.912000,27.2,89.0,1008.7,False,28.4,105,0.4
0 days 03:27:18.904000,27.2,89.0,1008.9,False,28.8,0,0.0
0 days 03:28:18.922000,27.2,89.0,1008.9,False,29.0,319,0.0
0 days 03:29:18.922000,27.1,89.0,1009.0,False,29.0,15,0.6
0 days 03:30:18.919000,27.1,89.0,1009.0,False,28.8,272,1.0
0 days 03:31:18.932000,27.0,89.0,1009.0,False,28.8,121,0.5
0 days 03:32:18.916000,27.1,89.0,1009.0,False,28.8,2,0.5
0 days 03:33:18.923000,27.0,89.0,1009.0,False,28.8,26,0.8
0 days 03:34:18.921000,27.0,88.0,1008.9,False,28.7,4,0.8
0 days 03:35:18.915000,27.1,88.0,1009.0,False,28.8,345,1.0
0 days 03:36:18.923000,27.0,88.0,1009.0,False,28.9,49,0.5
0 days 03:37:18.946000,27.0,88.0,1009.0,False,29.2,0,0.5
0 days 03:38:18.963000,27.0,88.0,1009.0,False,29.3,131,0.6
0 days 03:39:18.998000,27.1,88.0,1009.0,False,29.4,0,0.0
0 days 03:40:18.961000,27.1,88.0,1009.0,False,29.7,181,0.6
0 days 03:41:18.961000,27.1,88.0,1009.0,False,29.6,162,0.6
0 days 03:42:18.977000,27.2,88.0,1009.0,False,29.7,156,0.8
0 days 03:43:18.993000,27.2,87.0,1009.0,False,29.6,142,0.6
0 days 03:44:19.004000,27.2,87.0,1009.0,False,29.5,149,1.5
0 days 03:45:18.991000,27.3,87.0,1009.0,False,29.6,175,1.1
0 days 03:46:18.995000,27.3,87.0,1009.0,False,29.7,133,1.1
0 days 03:47:18.995000,27.3,86.0,1009.0,False,29.6,170,1.1
0 days 03:48:18.996000,27.3,86.0,1009.2,False,29.4,195,0.6
0 days 03:49:18.994000,27.3,86.0,1009.2,False,29.4,0,1.1
0 days 03:50:19.035000,27.4,86.0,1009.2,False,29.3,210,0.4
0 days 03:51:19.007000,27.4,86.0,1009.2,False,29.3,0,0.8
0 days 03:52:19.002000,27.5,86.0,1009.0,False,29.2,146,0.8
0 days 03:53:18.993000,27.5,86.0,1009.2,False,28.8,184,0.8
0 days 03:54:18.996000,27.5,87.0,1009.2,False,28.8,169,0.8
0 days 03:55:19.022000,27.5,87.0,1009.2,False,28.8,171,1.2
0 days 03:56:18.997000,27.6,87.0,1009.0,False,28.8,168,0.8
0 days 03:57:19.019000,27.6,87.0,1009.2,False,28.7,185,1.2
0 days 03:58:18.995000,27.6,87.0,1009.2,False,28.5,153,1.2
0 days 03:59:18.997000,27.6,87.0,1009.0,False,28.5,185,1.0
0 days 04:00:18.994000,27.6,87.0,1009.2,False,28.5,175,0.6
0 days 04:01:18.994000,27.6,87.0,1009.2,False,28.6,181,1.1
0 days 04:02:19.010000,27.6,87.0,1009.2,False,28.5,172,0.8
0 days 04:03:18.997000,27.5,88.0,1009.2,False,28.6,167,1.5
0 days 04:04:19.003000,27.5,87.0,1009.2,False,29.1,149,1.3
0 days 04:05:19.015000,27.5,88.0,1009.2,False,29.2,98,1.2
0 days 04:06:18.995000,27.5,87.0,1009.2,False,29.2,168,0.6
0 days 04:07:18.999000,27.5,87.0,1009.2,False,29.3,151,1.1
0 days 04:08:18.989000,27.6,87.0,1009.2,False,29.4,164,1.6
0 days 04:09:19,27.6,87.0,1009.2,False,29.5,155,1.3
0 days 04:10:18.997000,27.6,87.0,1009.2,False,29.5,217,1.1
0 days 04:11:18.995000,27.7,87.0,1009.2,False,29.4,152,0.8
0 days 04:12:19.012000,27.7,87.0,1009.4,False,29.3,170,1.0
0 days 04:13:19.012000,27.7,87.0,1009.2,False,29.3,160,1.2
0 days 04:14:19.027000,27.7,87.0,1009.2,False,29.0,105,1.2
0 days 00:00:40.373000,19.7,57.0,1014.5,False,27.0,322,3.0
0 days 00:01:40.378000,19.7,57.0,1014.5,False,27.0,299,3.0
0 days 00:02:40.387000,19.7,57.0,1014.5,False,26.9,305,2.2
0 days 00:03:40.405000,19.8,57.0,1014.5,False,26.9,312,2.5
0 days 00:04:40.403000,19.8,57.0,1014.5,False,26.9,325,2.2
0 days 00:05:40.403000,19.8,57.0,1014.5,False,26.9,308,2.4
0 days 00:06:40.416000,19.8,57.0,1014.5,False,26.9,324,2.9
0 days 00:07:40.402000,19.7,58.0,1014.5,False,27.0,312,2.9
0 days 00:08:40.404000,19.7,57.0,1014.7,False,27.0,332,2.7
0 days 00:09:40.404000,19.7,58.0,1014.5,False,27.0,342,2.5
0 days 00:10:40.420000,19.8,57.0,1014.5,False,26.9,337,2.7
0 days 00:11:40.435000,19.8,58.0,1014.5,False,26.9,337,2.7
0 days 00:12:40.459000,19.8,57.0,1014.5,False,26.8,324,2.7
0 days 00:13:40.466000,19.8,57.0,1014.5,False,26.7,341,2.4
0 days 00:14:40.465000,19.8,58.0,1014.5,False,26.7,315,2.2
0 days 00:15:40.483000,19.8,58.0,1014.5,False,26.7,341,2.0
0 days 00:16:40.487000,19.8,58.0,1014.5,False,26.9,312,2.7
0 days 00:17:40.493000,19.8,58.0,1014.5,False,26.9,327,3.2
0 days 00:18:40.491000,19.8,58.0,1014.5,False,27.0,323,3.2
0 days 00:19:40.493000,19.8,58.0,1014.5,False,26.9,316,2.0
0 days 00:20:40.485000,19.8,58.0,1014.5,False,26.9,312,2.9
0 days 00:21:40.481000,19.9,57.0,1014.7,False,27.0,327,2.7
0 days 00:22:40.484000,20.0,58.0,1014.7,False,26.9,338,3.2
0 days 00:23:40.491000,20.0,58.0,1014.7,False,26.7,319,2.7
0 days 00:24:40.485000,20.0,58.0,1014.5,False,26.8,330,1.7
0 days 00:25:40.482000,20.1,57.0,1014.5,False,26.8,342,2.7
0 days 00:26:40.481000,20.0,57.0,1014.5,False,26.8,317,2.5
0 days 00:27:40.496000,20.1,57.0,1014.7,False,26.8,329,2.2
0 days 00:28:40.491000,20.0,57.0,1014.7,False,26.8,313,2.5
0 days 00:29:40.484000,19.9,57.0,1014.7,False,26.7,318,2.5
0 days 00:30:40.480000,19.9,57.0,1014.7,False,26.7,319,3.0
0 days 00:31:40.497000,20.0,58.0,1014.7,False,26.7,287,2.2
0 days 00:32:40.480000,20.0,58.0,1014.7,False,26.8,324,2.5
0 days 00:33:40.484000,20.1,57.0,1014.7,False,27.1,318,2.7
0 days 00:34:40.483000,20.1,58.0,1014.7,False,27.1,341,2.0
0 days 00:35:40.481000,20.2,57.0,1014.7,False,27.1,307,2.4
0 days 00:36:40.483000,20.2,56.0,1014.7,False,27.1,345,3.2
0 days 00:37:40.482000,20.2,57.0,1014.7,False,26.9,306,3.0
0 days 00:38:40.482000,20.2,57.0,1014.7,False,26.7,308,3.0
0 days 00:39:40.482000,20.1,57.0,1014.7,False,26.6,330,3.0
0 days 00:40:40.481000,20.1,57.0,1014.7,False,26.6,308,3.9
0 days 00:41:40.484000,20.1,57.0,1014.7,False,26.6,310,3.0
0 days 00:42:40.484000,20.1,57.0,1014.7,False,26.6,328,3.5
0 days 00:43:40.507000,20.1,57.0,1014.9,False,26.7,321,2.5
0 days 00:44:40.488000,20.2,57.0,1014.7,False,26.7,308,1.7
0 days 00:45:40.482000,20.2,57.0,1014.7,False,26.6,332,2.2
0 days 00:46:40.481000,20.3,57.0,1014.7,False,26.5,340,2.2
0 days 00:47:40.481000,20.3,57.0,1014.7,False,26.4,299,2.7
0 days 00:48:40.481000,20.2,57.0,1014.9,False,26.3,298,2.5
0 days 00:49:40.483000,20.2,57.0,1014.9,False,26.3,302,2.5
0 days 00:50:40.479000,20.1,56.0,1014.9,False,26.3,315,2.7
0 days 00:51:40.484000,20.0,57.0,1015.0,False,26.2,310,4.0
0 days 00:52:40.479000,20.0,57.0,1014.9,False,26.1,305,2.5
0 days 00:53:40.481000,20.0,57.0,1014.7,False,26.2,325,2.2
0 days 00:54:40.482000,20.0,57.0,1014.9,False,26.0,307,3.0
0 days 00:55:40.481000,19.9,57.0,1014.7,False,26.0,331,2.7
0 days 00:56:40.480000,19.9,57.0,1014.7,False,25.9,320,2.7
0 days 00:57:40.481000,19.8,57.0,1014.9,False,25.9,328,2.7
0 days 00:58:40.487000,19.8,58.0,1014.9,False,25.9,324,2.7
0 days 00:59:40.483000,19.8,58.0,1015.0,False,26.1,311,2.7
0 days 01:00:40.489000,19.8,58.0,1015.0,False,26.1,315,3.0
0 days 01:01:40.484000,19.8,58.0,1015.0,False,26.0,297,3.2
0 days 01:02:40.482000,19.7,58.0,1014.9,False,25.9,315,2.2
0 days 01:03:40.484000,19.7,58.0,1014.9,False,25.9,329,2.7
0 days 01:04:40.481000,19.7,58.0,1014.7,False,25.7,316,2.0
0 days 01:05:40.483000,19.7,58.0,1014.9,False,25.8,309,2.0
0 days 01:06:40.496000,19.7,58.0,1015.0,False,25.8,301,2.5
0 days 01:07:40.499000,19.7,58.0,1014.9,False,25.9,309,1.8
0 days 01:08:40.497000,19.7,58.0,1015.0,False,25.9,308,1.7
0 days 01:09:40.497000,19.7,58.0,1015.0,False,25.8,315,2.7
0 days 01:10:40.497000,19.7,58.0,1014.9,False,25.8,339,2.7
0 days 01:11:40.512000,19.7,58.0,1015.0,False,25.8,318,2.7
0 days 01:12:40.537000,19.7,58.0,1015.0,False,25.8,304,3.9
0 days 01:13:40.529000,19.6,59.0,1015.0,False,25.9,313,3.0
0 days 01:14:40.542000,19.6,59.0,1015.0,False,25.8,316,3.0
0 days 01:15:40.574000,19.6,59.0,1015.0,False,25.8,316,2.5
0 days 01:16:40.582000,19.6,58.0,1015.0,False,25.8,320,2.7
0 days 00:00:45.385000,19.0,71.0,1016.0,True,22.8,0,0.0
0 days 00:01:45.378000,19.0,71.0,1016.0,True,22.9,342,0.0
0 days 00:02:45.386000,19.0,70.0,1016.0,True,23.0,69,0.6
0 days 00:03:45.386000,18.9,69.0,1016.0,True,23.0,117,0.5
0 days 00:04:45.385000,18.8,69.0,1016.0,True,22.9,89,0.6
0 days 00:05:45.390000,18.8,70.0,1015.9,True,22.8,198,0.8
0 days 00:06:45.391000,18.7,69.0,1015.9,True,22.8,232,0.8
0 days 00:07:45.387000,18.7,70.0,1015.7,True,22.8,0,0.4
0 days 00:08:45.387000,18.7,71.0,1015.9,True,22.8,38,0.6
0 days 00:09:45.410000,18.6,71.0,1015.9,True,22.8,79,0.8
0 days 00:10:45.386000,18.7,71.0,1015.9,True,22.8,0,0.8
0 days 00:11:45.386000,18.7,71.0,1016.0,True,22.8,140,0.6
0 days 00:12:45.388000,18.6,72.0,1015.9,True,22.7,104,0.5
0 days 00:13:45.389000,18.6,71.0,1015.9,True,22.7,7,0.5
0 days 00:14:45.388000,18.6,71.0,1015.9,True,22.7,28,0.6
0 days 00:15:45.388000,18.5,71.0,1015.9,True,22.5,3,0.6
0 days 00:16:45.386000,18.4,72.0,1015.9,True,22.4,272,0.6
0 days 00:17:45.389000,18.4,72.0,1015.9,True,22.4,201,0.8
0 days 00:18:45.388000,18.4,71.0,1016.0,True,22.6,210,0.6
0 days 00:19:45.388000,18.4,72.0,1016.0,True,22.6,0,0.4
0 days 00:20:45.387000,18.5,72.0,1016.0,True,22.5,346,0.3
0 days 00:21:45.387000,18.4,72.0,1016.0,True,22.6,16,0.6
0 days 00:22:45.396000,18.3,71.0,1016.0,True,22.5,22,0.6
0 days 00:23:45.387000,18.2,71.0,1016.0,True,22.4,25,0.6
0 days 00:24:45.404000,18.2,71.0,1016.0,True,22.4,49,0.6
0 days 00:25:45.416000,18.3,71.0,1016.0,True,22.4,45,0.6
0 days 00:26:45.420000,18.3,72.0,1016.0,True,22.4,340,0.6
0 days 00:27:45.420000,18.5,74.0,1016.2,True,22.4,19,1.3
0 days 00:28:45.419000,18.4,74.0,1016.0,True,22.4,353,1.1
0 days 00:29:45.457000,18.4,74.0,1016.2,True,22.5,340,1.6
0 days 00:30:45.434000,18.4,75.0,1016.0,True,22.4,331,1.2
0 days 00:31:45.434000,18.4,75.0,1016.2,True,22.2,346,1.0
0 days 00:32:45.436000,18.3,75.0,1016.2,True,22.2,347,1.0
0 days 00:33:45.450000,18.3,75.0,1016.2,True,22.0,358,1.2
0 days 00:34:45.544000,18.1,74.0,1016.0,True,21.9,7,1.1
0 days 00:35:45.487000,18.1,75.0,1016.0,True,21.9,7,1.0
0 days 00:36:45.485000,18.2,76.0,1016.0,True,21.8,4,1.0
0 days 00:37:45.496000,18.2,76.0,1016.0,True,21.7,332,1.2
0 days 00:38:45.496000,18.1,77.0,1016.0,True,21.8,326,0.8
0 days 00:39:45.517000,18.0,76.0,1016.0,True,21.8,300,1.1
0 days 00:40:45.518000,18.0,77.0,1016.0,True,21.7,315,1.3
0 days 00:41:45.527000,18.0,77.0,1016.0,True,21.8,319,1.2
0 days 00:42:45.514000,18.0,77.0,1015.9,True,21.8,343,1.0
0 days 00:43:45.514000,18.0,77.0,1016.0,True,21.8,1,1.2
0 days 00:44:45.545000,18.1,77.0,1016.0,True,21.7,344,1.0
0 days 00:45:45.511000,18.1,77.0,1015.7,True,21.7,352,0.6
0 days 00:46:45.512000,18.1,78.0,1015.9,True,21.8,6,0.8
0 days 00:47:45.512000,18.0,78.0,1015.9,True,21.8,6,0.8
0 days 00:48:45.516000,18.0,78.0,1015.9,True,21.8,6,0.8
0 days 00:49:45.511000,17.7,78.0,1015.9,True,21.8,6,0.8
0 days 00:50:45.512000,17.5,78.0,1015.9,True,21.8,6,0.8
0 days 00:51:45.540000,17.8,77.0,1015.7,True,21.6,15,0.8
0 days 00:52:45.539000,17.8,77.0,1016.0,True,21.5,352,1.5
0 days 00:53:45.543000,17.7,79.0,1015.9,True,21.4,5,1.5
0 days 00:54:45.560000,17.6,79.0,1016.0,True,21.2,334,1.3
0 days 00:55:45.562000,17.6,79.0,1016.0,True,21.2,0,1.6
0 days 00:56:45.573000,17.6,80.0,1015.9,True,21.2,345,1.7
0 days 00:57:45.581000,17.6,81.0,1015.9,True,21.2,6,1.3
0 days 00:58:45.580000,17.6,82.0,1015.9,True,21.2,4,1.5
0 days 00:59:45.590000,17.6,81.0,1015.7,True,21.3,4,1.7
0 days 01:00:45.605000,17.5,82.0,1015.9,True,21.2,3,1.6
0 days 01:01:45.608000,17.5,82.0,1015.7,True,21.3,1,1.7
0 days 01:02:45.627000,17.5,83.0,1015.7,True,21.1,341,1.3
0 days 01:03:45.652000,17.5,83.0,1015.7,True,21.0,299,1.2
0 days 01:04:45.639000,17.5,83.0,1015.7,True,21.1,355,1.2
0 days 01:05:45.639000,17.5,84.0,1015.7,True,21.2,320,1.5
0 days 01:06:45.636000,17.4,83.0,1015.7,True,21.3,318,1.2
0 days 01:07:45.636000,17.4,83.0,1015.7,True,21.3,344,1.7
0 days 01:08:45.637000,17.4,84.0,1015.7,True,21.2,313,1.2
0 days 01:09:45.637000,17.3,84.0,1015.9,True,21.2,340,1.7
0 days 01:10:45.634000,17.3,85.0,1015.9,True,20.9,327,2.5
0 days 01:11:45.637000,17.3,84.0,1015.9,True,21.0,326,1.6
0 days 01:12:45.637000,17.3,85.0,1015.9,True,20.9,333,1.5
0 days 01:13:45.639000,17.2,85.0,1015.9,True,20.8,308,1.1
0 days 01:14:45.640000,17.3,85.0,1015.7,True,20.9,307,1.3
0 days 01:15:46.081000,17.1,84.0,1015.7,True,20.7,322,1.8
0 days 01:16:45.728000,17.1,85.0,1015.7,True,20.7,317,1.5
0 days 01:17:45.685000,17.1,85.0,1015.7,True,20.7,319,1.6
0 days 01:18:45.683000,17.1,86.0,1015.7,True,20.5,327,1.5
0 days 01:19:45.691000,17.1,86.0,1015.7,True,20.5,336,2.0
0 days 01:20:45.699000,17.1,86.0,1015.7,True,20.5,337,2.0
0 days 01:21:45.698000,17.1,86.0,1015.7,True,20.4,331,2.2
0 days 01:22:45.698000,17.1,87.0,1015.7,True,20.3,336,2.0
0 days 01:23:45.699000,17.0,87.0,1015.7,True,20.2,354,1.7
0 days 01:24:45.705000,17.0,87.0,1015.7,True,20.3,313,2.0
0 days 01:25:45.713000,17.0,88.0,1015.7,True,20.2,1,2.0
0 days 01:26:45.737000,17.1,88.0,1015.5,True,20.2,12,2.2
0 days 01:27:45.759000,17.0,88.0,1015.5,True,20.2,357,2.5
0 days 01:28:45.760000,16.9,88.0,1015.7,True,20.2,2,2.4
0 days 01:29:45.761000,16.9,88.0,1015.5,True,20.1,2,2.4
0 days 01:30:45.760000,16.8,88.0,1015.5,True,20.1,4,2.7
0 days 01:31:45.761000,16.8,89.0,1015.7,True,20.1,3,2.2
0 days 01:32:45.772000,16.8,89.0,1015.7,True,20.1,358,2.0
0 days 01:33:45.769000,16.8,89.0,1015.7,True,20.1,350,1.5
0 days 01:34:45.763000,16.7,89.0,1015.7,True,20.2,323,2.0
0 days 01:35:45.761000,16.7,89.0,1015.7,True,20.1,309,1.7
0 days 01:36:45.764000,16.7,89.0,1015.9,True,20.3,320,2.0
0 days 01:37:45.760000,16.7,89.0,1015.9,True,20.2,320,1.8
0 days 01:38:45.765000,16.6,89.0,1015.9,True,20.3,342,2.5
0 days 01:39:45.778000,16.5,89.0,1015.9,True,20.1,325,2.5
0 days 01:40:45.763000,16.5,89.0,1016.0,True,20.0,338,2.7
0 days 01:41:45.758000,16.5,89.0,1016.0,True,20.0,331,2.2
0 days 01:42:45.760000,16.5,90.0,1016.0,True,19.9,321,1.7
0 days 01:43:45.762000,16.5,89.0,1016.0,True,20.0,324,1.7
0 days 01:44:45.765000,16.5,89.0,1016.0,True,19.9,316,2.2
0 days 01:45:45.760000,16.5,90.0,1016.0,True,20.0,303,2.5
0 days 01:46:45.765000,16.4,89.0,1016.0,True,20.0,304,2.9
0 days 01:47:45.761000,16.4,90.0,1016.0,True,20.1,306,2.7
0 days 01:48:45.766000,16.4,90.0,1016.0,True,20.0,316,2.4
0 days 01:49:45.760000,16.4,89.0,1016.0,True,19.9,341,2.5
0 days 01:50:45.762000,16.4,90.0,1016.0,True,19.9,319,2.0
0 days 01:51:45.780000,16.4,90.0,1016.0,True,19.9,356,2.4
0 days 01:52:45.760000,16.4,90.0,1016.0,True,19.8,328,2.2
0 days 01:53:45.758000,16.4,90.0,1016.0,True,19.8,347,2.5
0 days 01:54:45.764000,16.3,90.0,1016.0,True,19.9,294,2.2
0 days 01:55:45.761000,16.3,90.0,1016.0,True,19.8,349,2.5
0 days 01:56:45.760000,16.4,90.0,1016.0,True,19.7,312,2.0
0 days 01:57:45.766000,16.3,90.0,1016.0,True,19.8,328,2.5
0 days 01:58:45.761000,16.3,90.0,1016.0,True,19.8,322,2.7
0 days 01:59:45.768000,16.3,90.0,1016.0,True,19.8,297,3.0
0 days 02:00:45.760000,16.3,90.0,1016.0,True,19.7,310,2.7
0 days 02:01:45.763000,16.2,90.0,1016.0,True,19.7,344,2.7
0 days 02:02:45.761000,16.3,91.0,1016.0,True,19.6,315,2.7
0 days 02:03:45.759000,16.3,91.0,1016.0,True,19.6,336,2.2
0 days 02:04:45.762000,16.2,90.0,1016.0,True,19.6,348,2.4
0 days 02:05:45.767000,16.2,90.0,1016.0,True,19.4,350,2.2
0 days 02:06:45.777000,16.2,91.0,1015.9,True,19.4,329,1.7
0 days 02:07:45.776000,16.2,90.0,1015.9,True,19.5,313,2.4
0 days 02:08:45.933000,16.2,91.0,1016.0,True,19.5,321,2.7
0 days 02:09:45.790000,16.2,91.0,1015.9,True,19.4,309,2.2
0 days 02:10:45.808000,16.2,91.0,1016.0,True,19.3,303,3.0
0 days 02:11:45.807000,16.1,91.0,1016.0,True,19.3,325,3.2
0 days 02:12:45.808000,16.1,90.0,1016.0,True,19.3,328,3.2
0 days 02:13:45.821000,16.1,91.0,1016.0,True,19.4,300,3.2
0 days 02:14:45.811000,16.1,91.0,1016.0,True,19.3,326,3.2
0 days 02:15:45.822000,16.1,91.0,1016.0,True,19.3,300,3.5
0 days 02:16:45.838000,16.1,91.0,1016.0,True,19.2,300,3.4
0 days 02:17:45.841000,16.0,91.0,1016.0,True,19.1,349,3.2
0 days 02:18:45.856000,16.1,91.0,1016.0,True,19.1,339,3.0
0 days 02:19:45.858000,16.1,91.0,1016.0,True,19.1,319,3.0
0 days 02:20:45.855000,16.1,91.0,1016.0,True,19.1,323,3.2
0 days 02:21:45.855000,16.0,91.0,1016.0,True,19.1,338,2.0
0 days 02:22:45.871000,16.0,91.0,1016.0,True,19.1,347,2.5
0 days 02:23:45.868000,16.0,91.0,1016.0,True,19.1,336,2.4
0 days 02:24:45.870000,16.0,91.0,1015.9,True,19.1,327,2.2
0 days 02:25:45.885000,16.0,91.0,1015.9,True,19.1,328,2.0
0 days 02:26:45.887000,16.1,91.0,1015.9,True,19.1,344,1.8
0 days 02:27:45.887000,16.0,91.0,1015.7,True,19.1,359,2.2
0 days 02:28:45.886000,16.0,91.0,1015.9,True,19.1,349,2.0
0 days 02:29:45.889000,16.0,92.0,1015.7,True,19.0,352,2.9
0 days 02:30:45.887000,16.0,91.0,1015.7,True,19.0,317,2.5
0 days 02:31:45.887000,16.0,92.0,1015.7,True,19.0,340,2.7
0 days 02:32:45.886000,16.0,92.0,1015.7,True,19.0,357,1.6
0 days 02:33:45.889000,16.0,92.0,1015.7,True,19.0,349,2.0
0 days 02:34:45.900000,15.9,92.0,1015.7,True,19.0,343,3.2
0 days 02:35:45.887000,15.9,92.0,1015.7,True,19.1,3,3.0
0 days 02:36:45.890000,15.9,92.0,1015.7,True,19.1,330,2.5
0 days 02:37:45.886000,15.9,92.0,1015.7,True,19.1,323,2.7
0 days 02:38:45.896000,15.9,92.0,1015.7,True,19.2,350,2.5
0 days 02:39:45.889000,16.0,92.0,1015.7,True,19.1,330,2.0
0 days 02:40:45.886000,16.0,92.0,1015.7,True,19.1,359,2.7
0 days 02:41:45.888000,15.9,92.0,1015.7,True,19.0,4,3.0
0 days 02:42:45.889000,15.9,92.0,1015.7,True,19.0,347,2.5
0 days 02:43:45.896000,15.9,92.0,1015.7,True,19.0,356,2.7
0 days 02:44:46.017000,15.9,92.0,1015.9,True,19.0,359,3.0
0 days 02:45:45.997000,15.9,92.0,1015.9,True,19.0,355,3.2
0 days 02:46:46.011000,15.9,92.0,1015.7,True,19.0,345,3.0
0 days 02:47:46.011000,15.9,92.0,1015.7,True,19.0,349,2.9
0 days 02:48:46.012000,16.0,92.0,1015.9,True,18.9,350,2.7
0 days 02:49:46.020000,16.0,92.0,1015.9,True,18.8,4,2.5
0 days 02:50:46.013000,16.0,92.0,1015.9,True,18.8,334,2.0
0 days 02:51:46.011000,16.0,92.0,1015.9,True,18.9,348,2.2
0 days 02:52:46.011000,16.0,92.0,1016.0,True,19.0,338,2.5
0 days 02:53:46.012000,16.0,92.0,1016.0,True,19.0,329,2.0
0 days 02:54:46.018000,16.0,92.0,1016.0,True,19.0,345,2.4
0 days 02:55:46.012000,16.0,92.0,1016.0,True,19.0,336,3.0
0 days 02:56:46.012000,16.0,92.0,1016.0,True,19.0,342,2.5
0 days 02:57:46.010000,16.0,92.0,1016.0,True,19.0,343,2.5
0 days 02:58:46.018000,16.0,92.0,1016.0,True,18.9,342,3.0
0 days 02:59:46.020000,16.0,92.0,1016.0,True,19.0,327,2.7
0 days 03:00:46.014000,16.0,92.0,1016.0,True,19.0,357,3.0
0 days 03:01:46.010000,16.0,92.0,1016.0,True,18.9,344,2.7
0 days 03:02:46.015000,15.9,92.0,1016.0,True,18.9,348,2.2
0 days 03:03:46.013000,15.9,92.0,1016.0,True,18.9,348,2.7
0 days 03:04:46.020000,15.9,92.0,1015.9,True,18.9,0,2.2
0 days 03:05:46.039000,16.0,92.0,1015.9,True,18.9,329,2.4
0 days 03:06:46.013000,16.0,92.0,1015.7,True,18.9,347,2.5
0 days 03:07:46.013000,16.0,92.0,1015.7,True,18.9,1,2.9
0 days 03:08:46.028000,16.0,92.0,1015.7,True,18.8,344,2.7
0 days 03:09:46.043000,16.0,92.0,1015.9,True,18.9,339,2.5
0 days 03:10:46.057000,15.9,92.0,1015.7,True,18.9,8,2.2
0 days 03:11:46.104000,16.0,91.0,1015.9,True,18.9,340,3.2
0 days 03:12:46.058000,16.0,91.0,1015.7,True,18.9,344,2.7
0 days 03:13:46.066000,15.9,91.0,1015.7,True,18.8,343,2.7
0 days 03:14:46.059000,15.9,92.0,1015.7,True,18.7,332,2.5
0 days 03:15:46.058000,15.9,91.0,1015.7,True,18.7,334,2.5
0 days 03:16:46.060000,15.9,91.0,1015.5,True,18.8,354,2.5
0 days 03:17:46.081000,15.9,91.0,1015.7,True,18.8,348,2.9
0 days 03:18:46.080000,15.9,91.0,1015.7,True,18.7,356,2.4
0 days 03:19:46.079000,15.9,91.0,1015.5,True,18.7,351,2.5
0 days 03:20:46.073000,15.9,91.0,1015.5,True,18.6,345,3.0
0 days 03:21:46.089000,15.9,91.0,1015.5,True,18.6,350,2.7
0 days 03:22:46.108000,15.9,91.0,1015.4,True,18.6,347,3.2
0 days 03:23:46.105000,15.9,91.0,1015.5,True,18.6,349,2.7
0 days 03:24:46.117000,15.9,91.0,1015.4,True,18.5,353,2.7
0 days 03:25:46.105000,15.9,91.0,1015.4,True,18.5,342,3.7
0 days 03:26:46.104000,15.9,91.0,1015.5,True,18.3,350,2.7
0 days 03:27:46.110000,15.9,91.0,1015.4,True,18.3,341,4.0
0 days 03:28:46.109000,15.9,91.0,1015.4,True,18.3,347,3.5
0 days 03:29:46.133000,15.9,91.0,1015.2,True,18.4,351,3.5
0 days 03:30:46.124000,15.9,91.0,1015.2,True,18.4,326,3.4
0 days 03:31:46.131000,15.9,91.0,1015.2,True,18.4,341,3.5
0 days 03:32:46.135000,15.8,91.0,1015.2,True,18.2,343,3.0
0 days 03:33:46.135000,15.9,91.0,1015.2,True,18.2,354,2.5
0 days 03:34:46.139000,15.9,91.0,1015.2,True,18.2,355,1.7
0 days 03:35:46.147000,15.8,91.0,1015.2,True,18.3,353,3.5
0 days 03:36:46.137000,15.9,91.0,1015.0,False,18.3,335,2.4
0 days 03:37:46.141000,15.8,91.0,1015.2,False,18.2,339,2.9
0 days 03:38:46.135000,15.9,91.0,1015.2,False,18.3,353,3.0
0 days 03:39:46.142000,15.9,91.0,1015.2,False,18.3,347,2.5
0 days 03:40:46.137000,15.9,91.0,1015.0,False,18.3,354,2.5
0 days 03:41:46.135000,15.9,91.0,1015.2,True,18.3,325,2.2
0 days 03:42:46.134000,16.0,91.0,1015.2,True,18.4,351,3.0
0 days 03:43:46.181000,15.9,91.0,1015.2,True,18.3,324,2.2
0 days 03:44:46.137000,15.9,91.0,1015.2,True,18.3,352,2.5
0 days 03:45:46.144000,15.8,91.0,1015.2,True,18.3,354,2.2
0 days 03:46:46.137000,15.9,91.0,1015.0,True,18.3,357,3.0
0 days 03:47:46.135000,15.9,91.0,1015.0,True,18.3,336,1.7
0 days 03:48:46.136000,15.9,91.0,1015.2,True,18.3,349,2.2
0 days 03:49:46.139000,15.9,91.0,1015.2,True,18.3,348,2.2
0 days 03:50:46.135000,15.9,90.0,1015.2,True,18.3,353,2.0
0 days 03:51:46.201000,15.9,91.0,1015.0,True,18.3,341,2.5
0 days 03:52:46.136000,15.9,91.0,1015.0,True,18.2,342,1.6
0 days 03:53:46.140000,15.9,90.0,1015.0,True,18.3,330,2.5
0 days 03:54:46.141000,15.9,90.0,1014.9,True,18.3,347,2.4
0 days 03:55:46.135000,15.9,90.0,1014.9,True,18.3,352,2.7
0 days 03:56:46.135000,15.9,90.0,1014.9,True,18.3,345,3.0
0 days 03:57:46.139000,15.9,90.0,1014.9,True,18.3,321,2.7
0 days 03:58:46.135000,15.9,90.0,1015.0,True,18.3,347,2.2
0 days 03:59:46.137000,15.9,90.0,1015.0,True,18.2,348,2.2
0 days 04:00:46.139000,15.9,90.0,1015.0,True,18.1,352,1.8
0 days 04:01:46.141000,15.9,90.0,1014.9,True,18.2,340,2.0
0 days 04:02:46.139000,15.9,90.0,1014.7,True,18.2,338,2.2
0 days 04:03:46.136000,15.9,90.0,1014.9,True,18.2,302,2.0
0 days 04:04:46.135000,15.9,90.0,1014.9,True,18.2,348,2.7
0 days 04:05:46.136000,15.9,90.0,1015.0,True,18.1,339,1.6
0 days 04:06:46.151000,15.9,89.0,1014.9,True,18.1,0,2.2
0 days 04:07:46.136000,16.0,89.0,1014.9,True,18.1,338,2.4
0 days 04:08:46.135000,16.0,89.0,1014.7,True,18.0,340,2.4
0 days 04:09:46.137000,16.0,89.0,1014.7,True,18.0,9,1.7
0 days 04:10:46.135000,15.9,89.0,1014.7,True,18.0,2,1.7
0 days 04:11:46.915000,15.9,89.0,1014.7,True,18.0,355,2.2
0 days 04:12:46.135000,15.9,89.0,1014.7,True,18.0,319,2.2
0 days 04:13:46.134000,15.9,89.0,1014.7,True,18.0,353,1.8
0 days 04:14:46.146000,15.9,89.0,1014.7,True,18.1,354,2.0
0 days 00:00:25.204000,30.6,37.0,991.2,False,37.7,112,5.3
0 days 00:01:25.209000,30.4,37.0,991.0,False,37.7,116,6.5
0 days 00:02:25.201000,30.3,37.0,991.2,False,37.7,110,5.0
0 days 00:03:25.216000,30.3,37.0,991.2,False,37.6,110,3.5
0 days 00:04:25.201000,30.3,37.0,991.2,False,37.4,127,2.2
0 days 00:05:25.202000,30.3,37.0,991.2,False,37.4,113,2.7
0 days 00:06:25.206000,30.5,37.0,991.0,False,37.2,106,3.7
0 days 00:07:25.202000,30.5,37.0,991.2,False,37.2,124,5.9
0 days 00:08:25.205000,30.4,37.0,991.2,False,37.1,151,4.0
0 days 00:09:25.251000,30.3,37.0,991.2,False,37.0,151,3.5
0 days 00:10:25.208000,30.3,37.0,991.2,False,36.7,143,2.5
0 days 00:11:25.207000,30.2,37.0,991.2,False,36.7,124,2.2
0 days 00:12:25.215000,30.3,37.0,991.0,False,36.7,107,3.4
0 days 00:13:25.207000,30.3,37.0,991.2,False,36.8,90,4.0
0 days 00:14:25.203000,30.2,37.0,991.0,False,36.8,101,4.6
0 days 00:15:25.206000,30.1,38.0,991.2,False,36.8,110,5.9
0 days 00:16:25.248000,30.1,38.0,991.0,False,36.7,114,4.0
0 days 00:17:25.220000,30.1,38.0,991.0,False,36.5,108,4.5
0 days 00:18:25.221000,30.2,37.0,991.0,False,36.7,96,5.5
0 days 00:19:25.250000,30.1,37.0,991.0,False,36.7,105,6.1
0 days 00:20:25.254000,30.2,37.0,991.0,False,36.7,109,7.4
0 days 00:21:25.253000,30.1,37.0,991.2,False,36.8,140,5.3
0 days 00:22:25.273000,30.3,37.0,991.2,False,36.9,120,3.2
0 days 00:23:25.290000,30.4,36.0,991.2,False,36.9,114,3.2
0 days 00:24:25.288000,30.4,36.0,991.2,False,36.9,129,3.7
0 days 00:25:25.302000,30.5,36.0,991.2,False,37.1,154,2.7
0 days 00:26:25.298000,30.6,36.0,991.0,False,37.1,120,2.5
0 days 00:27:25.316000,30.5,35.0,991.2,False,37.0,122,2.2
0 days 00:28:25.331000,30.4,35.0,991.0,False,36.9,153,3.7
0 days 00:29:25.333000,30.5,36.0,991.2,False,36.8,115,3.5
0 days 00:30:25.332000,30.5,36.0,991.2,False,36.8,101,4.8
0 days 00:31:25.332000,30.5,36.0,991.2,False,36.8,110,3.5
0 days 00:32:25.330000,30.6,36.0,991.0,False,36.7,90,5.3
0 days 00:33:25.331000,30.5,36.0,991.0,False,36.7,106,5.9
0 days 00:34:25.332000,30.4,36.0,991.0,False,36.6,107,6.0
0 days 00:35:25.336000,30.3,36.0,991.2,False,36.5,94,5.1
0 days 00:36:25.331000,30.3,36.0,991.0,False,36.8,99,5.6
0 days 00:37:25.334000,30.3,36.0,991.0,False,36.7,98,4.9
0 days 00:38:25.334000,30.4,36.0,991.0,False,36.6,92,3.7
0 days 00:39:25.332000,30.4,36.0,991.2,False,36.5,97,4.4
0 days 00:40:25.333000,30.3,36.0,991.0,False,36.4,103,6.3
0 days 00:41:25.330000,30.2,36.0,991.0,False,36.2,102,4.9
0 days 00:42:25.338000,30.2,36.0,991.2,False,36.1,106,5.5
0 days 00:43:25.350000,30.3,36.0,991.0,False,36.1,105,6.8
0 days 00:44:25.333000,30.1,37.0,991.0,False,36.0,113,7.0
0 days 00:45:25.339000,30.1,37.0,991.2,False,35.9,99,7.5
0 days 00:46:25.338000,30.0,37.0,991.2,False,35.9,103,6.3
0 days 00:47:25.336000,30.1,37.0,991.0,False,35.7,99,4.8
0 days 00:48:25.335000,30.0,37.0,991.0,False,35.7,114,6.0
0 days 00:49:25.334000,30.1,37.0,991.0,False,35.7,112,4.5
0 days 00:50:25.333000,30.0,37.0,991.2,False,35.8,114,4.9
0 days 00:51:25.333000,30.0,37.0,991.0,False,35.6,109,4.3
0 days 00:52:25.332000,30.0,37.0,991.2,False,35.5,98,5.6
0 days 00:53:25.336000,29.9,37.0,991.0,False,35.4,99,7.0
0 days 00:54:25.334000,29.9,37.0,991.0,False,35.3,102,6.4
0 days 00:55:25.338000,29.9,37.0,991.2,False,35.3,106,4.8
0 days 00:56:25.336000,29.9,37.0,991.2,False,35.2,100,3.5
0 days 00:57:25.333000,29.9,37.0,991.2,False,35.1,103,5.4
0 days 00:58:25.333000,29.8,37.0,991.0,False,35.0,108,4.8
0 days 00:59:25.333000,29.8,37.0,991.0,False,34.8,108,4.6
0 days 01:00:25.339000,29.6,37.0,991.2,False,34.7,106,4.8
0 days 01:01:25.336000,29.7,37.0,991.0,False,34.6,103,4.9
0 days 01:02:25.336000,29.5,37.0,990.7,False,34.4,105,6.8
0 days 01:03:25.338000,29.5,37.0,991.0,False,34.3,107,7.0
0 days 01:04:25.343000,29.4,37.0,990.9,False,34.3,95,7.0
0 days 01:05:25.336000,29.4,37.0,990.9,False,34.2,98,8.3
0 days 01:06:25.345000,29.4,37.0,991.0,False,34.0,101,5.5
0 days 01:07:25.334000,29.4,37.0,991.2,False,34.0,124,5.1
0 days 01:08:25.333000,29.4,37.0,991.2,False,34.0,98,4.5
0 days 01:09:25.344000,29.4,37.0,991.0,False,33.9,106,5.3
0 days 01:10:25.335000,29.4,37.0,991.0,False,33.8,100,6.8
0 days 01:11:25.342000,29.4,37.0,991.0,False,33.8,104,5.5
0 days 01:12:25.334000,29.4,37.0,991.2,False,33.5,98,6.3
0 days 01:13:25.344000,29.4,37.0,991.2,False,33.5,96,6.0
0 days 01:14:25.334000,29.3,38.0,991.2,False,33.4,99,6.8
0 days 01:15:25.345000,29.3,38.0,991.2,False,33.4,86,5.9
0 days 01:16:25.361000,29.3,38.0,991.2,False,33.4,97,5.8
0 days 01:17:25.352000,29.3,38.0,991.2,False,33.4,97,5.8
0 days 01:18:25.350000,29.3,38.0,991.2,False,33.4,103,4.9
0 days 00:00:29.662000,28.5,52.0,992.7,False,34.3,103,6.0
0 days 00:01:29.659000,28.5,52.0,992.7,False,34.4,110,4.6
0 days 00:02:29.666000,28.4,52.0,992.7,False,34.3,109,6.5
0 days 00:03:29.661000,28.4,52.0,992.5,False,34.1,95,7.9
0 days 00:04:29.650000,28.4,52.0,992.7,False,34.0,103,7.5
0 days 00:05:29.659000,28.4,52.0,992.7,False,34.3,103,6.5
0 days 00:06:29.663000,28.4,52.0,992.5,False,34.3,103,10.1
0 days 00:07:29.661000,28.4,52.0,992.7,False,34.5,114,7.5
0 days 00:08:29.659000,28.4,52.0,992.7,False,34.5,101,8.1
0 days 00:09:29.661000,28.4,52.0,992.7,False,34.7,93,7.1
0 days 00:10:29.661000,28.5,52.0,992.9,False,34.9,111,5.0
0 days 00:11:29.659000,28.5,52.0,992.7,False,35.2,109,5.0
0 days 00:12:29.660000,28.5,52.0,992.5,False,35.2,108,4.6
0 days 00:13:29.660000,28.4,52.0,992.7,False,35.1,116,4.6
0 days 00:14:29.662000,28.4,52.0,992.4,False,35.0,105,4.9
0 days 00:15:29.660000,28.3,52.0,992.7,False,35.0,130,4.6
0 days 00:16:29.656000,28.4,53.0,992.5,False,35.0,105,4.8
0 days 00:17:29.660000,28.5,52.0,992.5,False,35.1,109,5.3
0 days 00:18:29.661000,28.6,52.0,992.5,False,35.1,107,6.0
0 days 00:19:29.666000,28.8,51.0,992.5,False,34.8,99,4.5
0 days 00:20:29.667000,28.8,51.0,992.5,False,34.8,112,4.0
0 days 00:21:29.683000,28.7,51.0,992.5,False,34.8,105,5.3
0 days 00:22:29.680000,28.6,51.0,992.5,False,34.9,118,6.6
0 days 00:23:29.691000,28.4,52.0,992.4,False,34.4,108,5.8
0 days 00:24:29.695000,28.5,52.0,992.4,False,34.4,100,3.9
0 days 00:25:29.707000,28.5,52.0,992.5,False,34.6,102,3.7
0 days 00:26:29.724000,28.5,52.0,992.4,False,34.6,112,4.0
0 days 00:27:29.713000,28.5,52.0,992.4,False,34.3,154,2.9
0 days 00:28:29.709000,28.5,51.0,992.2,False,34.3,167,3.0
0 days 00:29:29.708000,28.7,51.0,992.4,False,34.3,109,2.5
0 days 00:30:29.709000,28.7,51.0,992.2,False,34.4,104,3.4
0 days 00:31:29.714000,28.8,50.0,992.2,False,34.4,100,3.5
0 days 00:32:29.709000,28.8,50.0,992.2,False,34.3,108,3.0
0 days 00:33:29.714000,28.8,51.0,992.2,False,34.1,104,2.2
0 days 00:34:29.707000,28.8,51.0,992.4,False,34.0,113,3.9
0 days 00:35:29.727000,28.6,51.0,992.2,False,34.1,110,7.3
0 days 00:36:29.728000,28.5,51.0,992.2,False,34.1,98,6.0
0 days 00:37:29.740000,28.5,51.0,992.0,False,34.0,94,6.5
0 days 00:38:29.759000,28.3,52.0,992.2,False,33.9,104,6.5
0 days 00:39:29.757000,28.3,53.0,992.0,False,33.7,105,6.5
0 days 00:40:29.761000,28.3,53.0,992.0,False,33.5,113,7.4
0 days 00:41:29.756000,28.3,53.0,992.0,False,33.5,86,6.5
0 days 00:42:29.771000,28.5,53.0,992.2,False,33.5,113,6.1
0 days 00:43:29.793000,28.6,53.0,992.0,False,33.8,100,5.6
0 days 00:44:29.790000,28.6,53.0,992.2,False,33.7,114,5.4
0 days 00:45:29.787000,28.4,53.0,992.0,False,33.7,104,5.0
0 days 00:46:29.812000,28.4,53.0,992.0,False,33.6,106,5.5
0 days 00:47:29.791000,28.4,54.0,992.0,False,33.7,89,5.6
0 days 00:48:29.790000,28.4,54.0,992.0,False,33.6,95,6.4
0 days 00:49:29.797000,28.3,54.0,992.0,False,33.4,104,6.4
0 days 00:50:29.788000,28.4,54.0,991.9,False,33.4,115,4.9
0 days 00:51:29.817000,28.6,53.0,991.7,False,33.6,115,6.5
0 days 00:52:29.798000,28.6,54.0,991.9,False,33.6,90,7.3
0 days 00:53:29.789000,28.4,54.0,992.0,False,33.5,105,5.0
0 days 00:54:29.811000,28.4,53.0,991.9,False,33.7,100,5.5
0 days 00:55:29.790000,28.5,53.0,992.0,False,33.7,102,4.5
0 days 00:56:29.789000,28.7,53.0,991.7,False,33.7,110,4.5
0 days 00:57:29.790000,28.9,52.0,991.9,False,34.2,106,3.7
0 days 00:58:29.799000,28.9,52.0,991.7,False,34.3,130,4.8
0 days 00:59:29.786000,28.9,52.0,991.7,False,34.3,101,3.9
0 days 01:00:29.794000,28.9,52.0,991.5,False,34.6,92,5.5
0 days 01:01:29.793000,28.9,52.0,991.7,False,34.6,109,5.5
0 days 01:02:29.793000,28.9,53.0,991.7,False,34.6,103,2.5
0 days 01:03:29.802000,28.9,52.0,991.7,False,34.6,111,2.0
0 days 01:04:29.793000,28.9,52.0,991.5,False,34.6,92,3.9
0 days 01:05:29.795000,28.9,51.0,991.5,False,34.6,149,4.1
0 days 01:06:29.801000,28.9,50.0,991.7,False,34.6,112,4.3
0 days 01:07:29.794000,28.9,50.0,991.5,False,34.7,105,4.5
0 days 01:08:29.792000,29.0,50.0,991.4,False,34.8,108,4.0
0 days 01:09:29.792000,29.0,50.0,991.5,False,34.7,106,5.8
0 days 01:10:29.790000,29.1,50.0,991.5,False,34.7,112,6.4
0 days 01:11:29.797000,29.0,50.0,991.5,False,34.6,103,7.0
0 days 01:12:29.799000,28.9,50.0,991.2,False,34.7,110,6.6
0 days 01:13:29.815000,28.8,50.0,991.4,False,34.8,101,6.1
0 days 01:14:29.789000,28.8,51.0,991.4,False,35.1,104,6.0
0 days 01:15:29.802000,28.9,50.0,991.5,False,35.2,113,5.3
0 days 01:16:29.793000,28.9,50.0,991.2,False,35.3,106,5.3
0 days 01:17:29.795000,29.0,50.0,991.4,False,35.3,112,7.5
0 days 01:18:29.806000,29.1,50.0,991.2,False,35.4,104,6.8
0 days 01:19:29.793000,29.1,51.0,991.2,False,35.6,99,7.0
0 days 01:20:29.794000,29.2,51.0,991.4,False,35.8,104,6.0
0 days 01:21:29.795000,29.1,51.0,991.4,False,35.9,103,4.5
0 days 01:22:29.798000,29.2,50.0,991.2,False,36.0,112,3.2
0 days 01:23:29.793000,29.3,48.0,991.4,False,36.0,106,4.9
0 days 01:24:29.794000,29.3,48.0,991.4,False,36.4,124,5.3
0 days 01:25:29.791000,29.5,49.0,991.0,False,36.4,94,4.4
0 days 01:26:29.797000,29.5,49.0,991.0,False,36.4,103,7.0
0 days 01:27:29.796000,29.4,49.0,991.0,False,36.4,103,7.0
0 days 01:28:29.795000,29.5,50.0,991.0,False,36.2,94,6.8
0 days 01:29:29.794000,29.6,50.0,991.2,False,36.2,121,5.5
0 days 01:30:29.796000,29.5,50.0,991.0,False,36.0,107,4.4
0 days 01:31:29.798000,29.4,49.0,991.0,False,35.6,101,5.6
0 days 01:32:29.797000,29.5,49.0,991.0,False,35.4,106,4.5
0 days 01:33:29.791000,29.4,49.0,991.0,False,35.6,92,4.9
0 days 01:34:29.799000,29.4,48.0,991.0,False,35.7,102,7.1
0 days 01:35:29.797000,29.5,48.0,990.7,False,35.5,105,6.8
0 days 01:36:29.795000,29.5,48.0,991.0,False,35.5,104,5.9
0 days 01:37:29.793000,29.6,49.0,991.0,False,35.5,107,5.5
0 days 01:38:30.179000,29.7,48.0,990.7,False,35.9,100,6.4
0 days 01:39:29.793000,29.7,49.0,990.7,False,36.1,106,5.5
0 days 01:40:29.791000,29.8,48.0,990.9,False,36.2,110,4.3
0 days 01:41:29.791000,30.0,47.0,990.7,False,36.7,99,6.0
0 days 01:42:29.791000,29.9,48.0,990.7,False,36.3,105,5.5
0 days 01:43:29.805000,29.9,47.0,990.7,False,36.3,109,4.5
0 days 01:44:29.796000,29.9,47.0,990.7,False,36.3,102,6.4
0 days 01:45:29.804000,29.8,47.0,990.7,False,35.8,101,5.4
0 days 01:46:29.858000,29.6,47.0,990.7,False,35.8,107,5.1
0 days 01:47:29.794000,29.7,48.0,990.9,False,35.9,109,6.0
0 days 01:48:29.791000,29.6,47.0,990.7,False,36.3,119,6.3
0 days 01:49:29.793000,29.6,48.0,990.7,False,36.1,117,4.5
0 days 01:50:29.793000,29.7,48.0,990.5,False,36.5,110,5.0
0 days 01:51:29.797000,29.8,48.0,990.7,False,36.5,108,6.1
0 days 01:52:29.808000,29.8,49.0,990.7,False,36.2,108,6.3
0 days 01:53:29.816000,29.8,49.0,990.5,False,35.9,114,5.4
0 days 01:54:29.808000,29.7,50.0,990.5,False,35.8,95,7.5
0 days 01:55:29.809000,29.7,50.0,990.4,False,35.3,108,6.0
0 days 01:56:29.828000,29.6,48.0,990.5,False,35.9,117,6.5
0 days 01:57:29.839000,29.6,49.0,990.5,False,35.9,111,5.8
0 days 01:58:29.848000,29.8,49.0,990.5,False,35.8,112,5.3
0 days 01:59:29.858000,29.8,48.0,990.4,False,36.3,110,6.1
0 days 02:00:29.854000,29.8,48.0,990.4,False,36.4,113,5.5
0 days 02:01:29.872000,29.8,48.0,990.2,False,36.3,108,5.0
0 days 02:02:29.890000,29.8,48.0,990.2,False,35.7,109,5.1
0 days 02:03:29.889000,29.9,49.0,990.2,False,35.7,116,6.3
0 days 02:04:29.913000,29.6,49.0,990.5,False,35.6,124,4.6
0 days 02:05:29.907000,29.6,48.0,990.4,False,35.6,119,6.1
0 days 02:06:29.919000,29.6,47.0,990.2,False,36.2,95,5.8
0 days 02:07:29.920000,29.7,48.0,990.2,False,36.7,116,6.9
0 days 02:08:29.920000,29.4,48.0,990.2,False,36.8,101,6.6
0 days 02:09:29.934000,29.5,48.0,990.2,False,36.6,99,8.1
0 days 02:10:29.920000,29.5,49.0,990.2,False,36.5,115,7.3
0 days 02:11:29.918000,29.6,49.0,990.2,False,36.5,88,6.3
0 days 02:12:29.919000,29.5,49.0,990.2,False,36.0,105,5.3
0 days 02:13:29.923000,29.3,49.0,990.2,False,35.9,105,5.4
0 days 02:14:29.920000,29.3,49.0,990.2,False,35.8,107,5.8
0 days 02:15:29.925000,29.4,50.0,990.2,False,35.7,108,5.6
0 days 02:16:29.941000,29.4,49.0,990.2,False,35.8,100,5.5
0 days 02:17:29.937000,29.6,49.0,990.0,False,36.6,150,7.0
0 days 02:18:29.921000,29.8,48.0,990.0,False,36.9,106,5.6
0 days 02:19:29.921000,30.1,47.0,990.2,False,37.1,115,5.1
0 days 02:20:29.921000,30.4,46.0,990.2,False,37.5,108,4.6
0 days 02:21:29.920000,30.4,46.0,990.2,False,37.5,81,2.2
0 days 02:22:29.923000,30.6,45.0,989.9,False,37.3,108,6.0
0 days 02:23:29.935000,30.6,45.0,990.0,False,37.3,95,7.9
0 days 02:24:29.934000,30.3,45.0,990.0,False,37.5,103,8.5
0 days 02:25:29.954000,30.3,46.0,990.0,False,37.5,99,8.6
0 days 02:26:29.975000,30.4,46.0,990.0,False,37.5,100,6.6
0 days 02:27:29.967000,30.5,46.0,990.0,False,37.5,130,5.4
0 days 02:28:29.968000,30.5,46.0,990.2,False,37.5,105,3.7
0 days 02:29:29.975000,30.5,46.0,990.0,False,37.2,104,6.5
0 days 02:30:29.968000,30.5,47.0,990.0,False,36.9,142,4.6
0 days 02:31:29.988000,30.6,47.0,990.0,False,37.2,127,4.1
0 days 02:32:30.003000,30.6,46.0,990.0,False,37.2,106,4.5
0 days 02:33:30.017000,30.5,46.0,990.0,False,36.8,101,3.7
0 days 02:34:30.018000,30.5,46.0,989.9,False,36.7,100,4.3
0 days 02:35:30.033000,30.4,46.0,990.0,False,36.8,106,5.8
0 days 02:36:30.107000,30.5,46.0,990.0,False,37.2,95,4.6
0 days 02:37:30.047000,30.6,46.0,990.2,False,37.7,109,5.5
0 days 02:38:30.056000,30.6,46.0,990.0,False,38.1,106,4.8
0 days 02:39:30.051000,30.7,46.0,990.0,False,38.1,110,5.3
0 days 02:40:30.048000,30.6,46.0,990.0,False,38.1,105,5.3
0 days 02:41:30.049000,30.5,46.0,990.0,False,38.1,119,5.1
0 days 02:42:30.074000,30.5,45.0,989.9,False,37.9,99,4.4
0 days 02:43:30.048000,30.3,45.0,990.0,False,37.9,102,4.6
0 days 02:44:30.057000,30.2,45.0,989.7,False,37.8,102,5.0
0 days 02:45:30.051000,30.1,46.0,990.0,False,37.7,107,7.8
0 days 02:46:30.062000,30.0,47.0,989.7,False,37.7,109,6.0
0 days 02:47:30.047000,30.0,47.0,989.9,False,36.7,107,5.0
0 days 02:48:30.049000,30.0,47.0,989.9,False,37.0,133,5.1
0 days 02:49:30.048000,30.0,47.0,989.7,False,37.1,124,5.0
0 days 00:00:03.754000,25.0,40.0,783.0,False,48.8,107,1.3
0 days 00:01:03.781000,24.8,39.0,783.0,False,48.9,73,2.7
0 days 00:02:03.772000,24.7,40.0,783.0,False,49.2,62,2.7
0 days 00:03:03.769000,24.7,39.0,783.0,False,49.8,0,1.6
0 days 00:04:03.770000,24.7,38.0,783.0,False,49.8,14,0.6
0 days 00:05:03.772000,24.8,38.0,783.0,False,49.5,92,0.8
0 days 00:06:03.769000,24.8,37.0,783.0,False,49.4,85,1.7
0 days 00:07:03.802000,24.8,38.0,783.0,False,49.0,84,1.6
0 days 00:08:03.802000,24.8,37.0,783.0,False,49.3,0,0.6
0 days 00:09:03.801000,24.9,37.0,783.0,False,49.4,233,1.0
0 days 00:10:03.827000,24.8,37.0,782.9,False,49.7,115,1.1
0 days 00:11:03.806000,24.8,36.0,783.0,False,49.4,115,1.5
0 days 00:12:03.806000,24.9,37.0,783.0,False,49.4,195,1.1
0 days 00:13:03.803000,24.9,36.0,782.9,False,49.4,127,0.5
0 days 00:14:03.804000,25.0,37.0,782.9,False,49.4,314,0.6
0 days 00:15:03.803000,25.1,36.0,782.9,False,49.2,246,1.1
0 days 00:16:03.820000,25.3,37.0,782.7,False,49.5,141,2.0
0 days 00:17:03.809000,25.2,38.0,782.7,False,49.4,0,2.0
0 days 00:18:03.802000,25.3,38.0,782.9,False,50.0,298,0.8
0 days 00:19:03.804000,25.5,37.0,782.9,False,50.4,274,2.2
0 days 00:20:03.805000,25.7,37.0,782.9,False,49.7,12,1.1
0 days 00:21:03.810000,25.6,36.0,782.7,False,49.4,55,0.8
0 days 00:22:03.802000,25.9,36.0,782.9,False,49.8,311,0.6
0 days 00:23:03.802000,25.9,35.0,782.7,False,50.0,330,1.7
0 days 00:24:03.804000,26.4,35.0,782.7,False,50.1,172,2.2
0 days 00:25:03.802000,26.4,35.0,782.7,False,50.1,302,2.0
0 days 00:26:03.804000,26.6,35.0,782.7,False,50.1,293,1.1
0 days 00:27:03.803000,26.6,35.0,782.7,False,49.4,322,1.2
0 days 00:28:03.805000,26.5,35.0,782.7,False,49.3,59,1.6
0 days 00:29:03.805000,26.1,36.0,782.7,False,48.9,69,1.1
0 days 00:30:03.805000,26.0,36.0,782.7,False,48.9,282,0.6
0 days 00:31:03.810000,26.1,36.0,782.7,False,49.6,308,1.5
0 days 00:32:03.810000,25.9,36.0,782.5,False,49.4,303,2.0
0 days 00:33:03.805000,25.9,37.0,782.5,False,49.4,277,2.4
0 days 00:34:03.804000,26.1,37.0,782.7,False,48.9,271,1.2
0 days 00:35:03.805000,26.1,37.0,782.5,False,48.7,0,1.2
0 days 00:36:03.814000,26.2,37.0,782.5,False,49.0,308,1.2
0 days 00:37:03.803000,26.2,36.0,782.7,False,49.1,335,1.5
0 days 00:38:03.803000,26.2,36.0,782.7,False,49.1,335,1.5
0 days 00:39:03.808000,25.7,38.0,782.5,False,48.7,64,0.8
0 days 00:40:03.806000,25.8,37.0,782.5,False,48.5,0,0.8
0 days 00:41:03.809000,25.9,36.0,782.5,False,48.7,311,0.5
0 days 00:42:03.831000,25.8,36.0,782.5,False,48.7,266,1.2
0 days 00:43:03.808000,25.7,37.0,782.5,False,48.9,343,1.5
0 days 00:44:03.811000,25.8,37.0,782.5,False,48.3,225,1.1
0 days 00:45:03.806000,25.6,37.0,782.5,False,48.2,193,1.2
0 days 00:46:03.818000,25.9,37.0,782.5,False,48.3,293,0.8
0 days 00:47:03.807000,25.9,37.0,782.5,False,48.6,274,0.8
0 days 00:48:03.804000,26.0,36.0,782.5,False,48.6,299,1.6
0 days 00:49:03.804000,26.0,36.0,782.5,False,48.1,261,1.0
0 days 00:50:03.822000,26.0,37.0,782.5,False,47.9,283,1.2
0 days 00:51:03.824000,26.2,37.0,782.5,False,47.5,293,1.7
0 days 00:52:03.839000,26.2,36.0,782.5,False,47.9,206,1.0
0 days 00:53:03.850000,26.2,36.0,782.5,False,47.6,274,0.6
0 days 00:54:03.861000,26.0,36.0,782.5,False,48.0,85,0.4
0 days 00:55:03.861000,26.0,36.0,782.2,False,48.0,188,0.3
0 days 00:56:03.853000,26.0,36.0,782.4,False,47.3,296,1.1
0 days 00:57:03.868000,26.0,36.0,782.2,False,47.3,299,1.2
0 days 00:58:03.871000,25.9,35.0,782.4,False,48.4,286,1.7
0 days 00:59:03.885000,25.8,35.0,782.4,False,47.4,263,1.2
0 days 01:00:03.904000,25.8,36.0,782.4,False,47.4,272,0.8
0 days 01:01:03.917000,25.8,35.0,782.4,False,48.0,265,1.2
0 days 01:02:03.933000,25.8,34.0,782.2,False,48.2,216,0.6
0 days 01:03:03.930000,25.8,34.0,782.2,False,47.9,324,0.8
0 days 01:04:03.931000,25.6,35.0,782.2,False,48.0,286,1.3
0 days 01:05:03.934000,25.5,35.0,782.2,False,47.4,288,1.7
0 days 01:06:03.932000,25.5,35.0,782.2,False,47.5,294,2.2
0 days 01:07:03.931000,25.4,35.0,782.2,False,47.1,311,1.2
0 days 01:08:03.942000,25.4,35.0,782.2,False,46.8,236,1.6
0 days 01:09:03.937000,25.3,35.0,782.2,False,46.8,305,0.8
0 days 01:10:03.935000,25.3,35.0,782.2,False,46.9,289,1.2
0 days 01:11:03.931000,25.5,35.0,782.2,False,46.6,298,2.5
0 days 01:12:03.933000,25.4,36.0,782.2,False,46.2,268,1.6
0 days 01:13:03.933000,25.3,36.0,782.2,False,46.0,257,0.6
0 days 01:14:03.934000,25.5,35.0,782.2,False,46.0,295,0.0
0 days 01:15:03.932000,25.5,35.0,782.2,False,46.6,265,1.2
0 days 01:16:03.932000,25.5,34.0,782.2,False,46.6,288,1.7
0 days 01:17:03.935000,25.6,35.0,782.2,False,46.5,240,1.3
0 days 00:00:09.022000,22.8,41.0,781.7,False,44.1,229,1.7
0 days 00:01:09.020000,22.8,42.0,781.7,False,43.9,112,0.8
0 days 00:02:09.034000,22.9,40.0,781.7,False,44.0,108,1.3
0 days 00:03:09.024000,23.1,40.0,781.7,False,45.2,95,1.7
0 days 00:04:09.022000,23.3,40.0,781.7,False,45.2,116,0.8
0 days 00:05:09.023000,23.4,40.0,781.7,False,45.6,117,0.6
0 days 00:06:09.020000,23.6,40.0,781.7,False,45.8,198,0.8
0 days 00:07:09.019000,23.8,40.0,781.7,False,46.1,123,1.5
0 days 00:08:09.026000,23.9,39.0,781.7,False,46.9,173,1.3
0 days 00:09:09.018000,23.8,39.0,781.7,False,47.1,193,0.4
0 days 00:10:09.019000,23.8,38.0,781.5,False,47.3,200,0.4
0 days 00:11:09.019000,24.0,38.0,781.5,False,47.6,126,1.2
0 days 00:12:09.032000,24.0,39.0,781.5,False,47.9,74,3.2
0 days 00:13:09.036000,23.8,38.0,781.5,False,48.6,163,2.0
0 days 00:14:09.077000,24.0,38.0,781.5,False,48.6,128,1.5
0 days 00:15:09.082000,24.0,37.0,781.5,False,48.6,251,1.5
0 days 00:16:09.071000,24.0,38.0,781.5,False,48.5,126,1.3
0 days 00:17:09.069000,24.1,38.0,781.5,False,48.1,123,4.0
0 days 00:18:09.088000,24.0,38.0,781.4,False,48.5,147,3.2
0 days 00:19:09.099000,24.1,39.0,781.5,False,48.5,115,2.0
0 days 00:20:09.116000,24.0,38.0,781.4,False,49.2,114,2.9
0 days 00:21:09.115000,24.1,38.0,781.4,False,49.2,132,4.0
0 days 00:22:09.116000,24.0,38.0,781.4,False,49.0,106,2.5
0 days 00:23:09.115000,24.0,38.0,781.4,False,48.1,116,2.7
0 days 00:24:09.130000,24.0,37.0,781.4,False,47.3,205,2.0
0 days 00:25:09.130000,24.0,38.0,781.2,False,46.5,113,1.2
0 days 00:26:09.130000,23.9,38.0,781.2,False,46.3,89,2.0
0 days 00:27:09.130000,24.0,37.0,781.2,False,44.9,130,2.2
0 days 00:28:09.149000,23.9,37.0,781.2,False,44.9,133,1.2
0 days 00:29:09.155000,23.8,38.0,781.2,False,45.1,139,1.8
0 days 00:30:09.152000,23.8,38.0,781.2,False,45.5,103,1.2
0 days 00:31:09.148000,23.9,37.0,781.2,False,45.5,242,1.1
0 days 00:32:09.149000,23.9,36.0,781.2,False,45.5,275,1.1
0 days 00:33:09.148000,23.9,35.0,781.0,False,44.9,259,1.2
0 days 00:34:09.152000,23.9,36.0,781.2,False,42.5,291,1.2
0 days 00:35:09.149000,23.7,36.0,781.2,False,42.2,170,1.2
0 days 00:36:09.148000,23.7,36.0,781.0,False,42.2,116,1.0
0 days 00:37:09.147000,23.7,36.0,781.0,False,41.8,129,2.7
0 days 00:38:09.147000,23.7,36.0,781.0,False,41.8,129,2.7
0 days 00:39:09.153000,23.6,37.0,781.0,False,43.2,82,2.4
0 days 00:40:09.149000,23.6,37.0,781.0,False,43.4,107,1.2
0 days 00:41:09.150000,23.6,37.0,781.0,False,42.8,93,3.0
0 days 00:42:09.149000,23.8,38.0,781.0,False,41.4,125,1.8
0 days 00:43:09.156000,23.9,38.0,780.9,False,41.1,113,1.5
0 days 00:44:09.149000,24.0,37.0,780.9,False,41.1,85,2.2
0 days 00:45:09.149000,24.0,38.0,780.7,False,40.5,109,1.7
0 days 00:46:09.157000,24.0,37.0,780.7,False,40.1,130,1.0
0 days 00:47:09.148000,24.1,37.0,780.9,False,41.1,164,0.6
0 days 00:48:09.155000,24.1,37.0,780.7,False,42.7,148,1.2
0 days 00:49:09.149000,24.1,37.0,780.7,False,43.4,75,1.0
0 days 00:50:09.179000,24.3,36.0,780.7,False,44.5,65,1.6
0 days 00:51:09.149000,24.5,35.0,780.7,False,44.7,109,1.7
0 days 00:52:09.149000,24.7,35.0,780.7,False,45.3,84,1.5
0 days 00:53:09.150000,24.6,35.0,780.7,False,45.5,265,1.1
0 days 00:54:09.157000,24.7,36.0,780.5,False,45.4,337,0.8
0 days 00:55:09.148000,24.5,36.0,780.5,False,45.6,329,1.2
0 days 00:56:09.151000,24.5,36.0,780.5,False,45.8,29,0.8
0 days 00:57:09.156000,24.6,36.0,780.5,False,46.1,0,0.8
0 days 00:58:09.157000,24.7,35.0,780.5,False,46.1,0,0.0
0 days 00:59:09.150000,25.0,34.0,780.5,False,46.7,314,0.4
0 days 01:00:09.150000,25.2,34.0,780.5,False,46.7,298,0.6
0 days 01:01:09.149000,25.2,34.0,780.5,False,47.2,265,1.1
0 days 01:02:09.150000,25.4,34.0,780.5,False,47.4,300,1.2
0 days 01:03:09.158000,25.5,34.0,780.5,False,47.8,289,2.5
0 days 01:04:09.150000,25.3,34.0,780.5,False,47.7,259,1.7
0 days 01:05:09.152000,25.2,35.0,780.5,False,47.2,278,1.7
0 days 01:06:09.150000,25.2,34.0,780.4,False,47.2,273,1.8
0 days 01:07:09.153000,25.0,34.0,780.5,False,47.1,339,2.2
0 days 01:08:09.151000,24.9,34.0,780.4,False,47.0,300,0.8
0 days 01:09:09.170000,24.8,33.0,780.5,False,46.2,288,1.2
0 days 01:10:09.154000,24.8,34.0,780.4,False,45.6,248,1.3
0 days 01:11:09.152000,24.7,34.0,780.5,False,44.1,274,1.3
0 days 01:12:09.153000,24.5,35.0,780.2,False,43.6,179,0.8
0 days 01:13:09.152000,24.4,35.0,780.5,False,42.8,264,1.1
0 days 01:14:09.152000,24.3,35.0,780.5,False,42.6,313,0.6
0 days 01:15:09.149000,24.2,34.0,780.4,False,42.6,174,1.1
0 days 01:16:09.152000,24.4,34.0,780.4,False,42.6,251,0.8
0 days 01:17:09.151000,24.4,34.0,780.4,False,42.1,68,1.7
0 days 01:18:09.158000,24.4,33.0,780.4,False,42.1,125,1.7
0 days 01:19:09.159000,24.3,34.0,780.4,False,41.2,344,1.2
0 days 01:20:09.154000,24.2,34.0,780.2,False,40.8,276,1.1
0 days 01:21:09.158000,24.2,34.0,780.2,False,40.8,253,1.1
0 days 01:22:09.154000,24.2,33.0,780.2,False,40.4,269,1.5
0 days 01:23:09.152000,24.2,33.0,780.2,False,40.2,277,1.8
0 days 01:24:09.152000,24.2,33.0,780.2,False,40.2,276,1.7
0 days 01:25:09.151000,24.1,33.0,780.2,False,40.0,284,1.5
0 days 01:26:09.154000,24.0,34.0,780.2,False,39.8,22,1.2
0 days 01:27:09.152000,24.0,33.0,780.2,False,39.9,231,1.1
0 days 01:28:09.155000,24.2,33.0,780.2,False,39.8,259,0.8
0 days 01:29:09.160000,24.2,33.0,780.2,False,39.6,279,1.0
0 days 01:30:09.156000,24.2,33.0,780.2,False,39.6,311,1.1
0 days 01:31:09.152000,24.2,33.0,780.2,False,39.5,236,0.8
0 days 01:32:09.151000,24.3,33.0,780.0,False,39.5,264,0.8
0 days 01:33:09.169000,24.3,33.0,780.2,False,39.6,253,1.0
0 days 01:34:09.153000,24.3,32.0,780.0,False,39.8,318,1.3
0 days 01:35:09.153000,24.5,32.0,780.0,False,39.8,284,1.6
0 days 01:36:09.154000,24.6,32.0,780.0,False,39.8,275,1.7
0 days 01:37:09.152000,24.6,33.0,780.0,False,39.4,0,0.8
0 days 01:38:09.154000,24.6,33.0,780.0,False,39.4,0,0.8
0 days 01:39:09.163000,24.6,33.0,780.0,False,39.4,0,0.8
0 days 01:40:09.142000,24.6,33.0,780.0,False,39.4,0,0.8
0 days 01:41:09.154000,24.6,33.0,780.0,False,39.4,0,0.8
0 days 01:42:09.153000,24.7,33.0,780.0,False,39.1,251,1.5
0 days 01:43:09.154000,24.5,33.0,780.0,False,38.9,246,1.6
0 days 01:44:09.158000,24.5,34.0,780.0,False,38.8,263,1.8
0 days 01:45:09.189000,24.4,34.0,780.0,False,38.8,290,1.2
0 days 01:46:09.154000,24.4,34.0,780.0,False,38.7,264,0.8
0 days 01:47:09.155000,24.4,33.0,780.0,False,38.5,262,1.2
0 days 01:48:09.158000,24.4,34.0,780.0,False,38.4,313,1.5
0 days 01:49:09.155000,24.3,34.0,780.0,False,38.4,282,1.1
0 days 01:50:09.179000,24.3,34.0,780.0,False,38.5,332,1.7
0 days 01:51:09.157000,24.4,33.0,779.9,False,38.7,295,1.1
0 days 01:52:09.156000,24.5,33.0,780.0,False,38.5,194,1.6
0 days 01:53:09.154000,24.5,33.0,780.0,False,38.5,132,0.8
0 days 01:54:09.154000,24.6,33.0,780.0,False,38.5,108,1.5
0 days 01:55:09.155000,24.7,32.0,779.9,False,38.6,91,1.2
0 days 01:56:09.159000,24.6,33.0,779.9,False,38.6,93,1.1
0 days 01:57:09.155000,24.6,33.0,779.9,False,38.4,79,2.0
0 days 01:58:09.178000,24.5,33.0,779.9,False,38.3,75,1.5
0 days 01:59:09.227000,24.3,33.0,779.7,False,38.1,0,0.6
0 days 02:00:09.206000,24.3,33.0,779.7,False,38.1,270,0.0
0 days 02:01:09.202000,24.4,33.0,779.7,False,38.0,313,1.2
0 days 02:02:09.204000,24.5,33.0,779.9,False,38.2,245,0.4
0 days 02:03:09.201000,24.5,33.0,779.9,False,38.2,271,0.8
0 days 02:04:09.219000,24.5,33.0,779.7,False,38.0,262,2.5
0 days 02:05:09.247000,24.4,32.0,779.9,False,38.0,257,2.7
0 days 02:06:09.234000,24.4,32.0,779.9,False,37.9,274,2.2
0 days 02:07:09.253000,24.3,31.0,779.7,False,37.9,272,1.7
0 days 02:08:09.251000,24.5,31.0,779.7,False,37.9,302,1.8
0 days 02:09:09.253000,24.5,31.0,779.9,False,38.0,266,1.1
0 days 02:10:09.280000,24.5,31.0,779.7,False,38.0,298,2.0
0 days 02:11:09.320000,24.5,31.0,779.7,False,37.9,274,1.6
0 days 02:12:09.282000,24.5,31.0,779.7,False,37.9,235,0.8
0 days 02:13:09.283000,24.5,31.0,779.7,False,37.9,301,1.0
0 days 02:14:09.298000,24.4,31.0,779.7,False,37.7,265,0.8
0 days 02:15:09.299000,24.4,31.0,779.7,False,37.8,256,1.0
0 days 02:16:09.370000,24.4,31.0,779.7,False,37.8,203,0.8
0 days 02:17:09.329000,24.4,32.0,779.7,False,37.7,240,0.8
0 days 02:18:09.344000,24.3,31.0,779.7,False,37.8,0,1.2
0 days 02:19:09.362000,24.4,32.0,779.7,False,37.6,264,0.6
0 days 02:20:09.388000,24.4,31.0,779.7,False,37.6,284,1.5
0 days 02:21:09.378000,24.3,31.0,779.7,False,37.3,269,1.8
0 days 02:22:09.392000,24.3,32.0,779.7,False,37.2,277,0.8
0 days 02:23:09.410000,24.4,32.0,779.7,False,37.2,269,0.6
0 days 02:24:09.410000,24.4,32.0,779.7,False,37.2,291,2.0
0 days 02:25:09.413000,24.3,32.0,779.7,False,37.2,267,1.5
0 days 02:26:09.417000,24.3,32.0,779.7,False,37.1,306,0.6
0 days 02:27:09.409000,24.4,32.0,779.7,False,37.0,306,1.2
0 days 02:28:09.409000,24.4,32.0,779.7,False,37.1,289,1.2
0 days 02:29:09.410000,24.4,32.0,779.7,False,37.0,297,1.3
0 days 02:30:09.409000,24.4,32.0,779.7,False,37.0,249,1.0
0 days 02:31:09.409000,24.5,32.0,779.7,False,37.0,241,0.8
0 days 02:32:09.408000,24.6,32.0,779.7,False,37.3,213,1.1
0 days 02:33:09.408000,24.7,32.0,779.7,False,37.2,223,0.6
0 days 02:34:09.410000,24.7,32.0,779.7,False,37.1,0,0.5
0 days 02:35:09.409000,24.8,32.0,779.7,False,37.2,178,0.5
0 days 02:36:09.417000,24.7,32.0,779.7,False,37.2,0,1.2
0 days 02:37:09.415000,24.7,32.0,779.7,False,37.3,315,0.4
0 days 02:38:09.411000,24.8,32.0,779.5,False,37.3,289,0.6
0 days 02:39:09.411000,24.8,31.0,779.5,False,37.4,313,1.0
0 days 02:40:09.411000,24.8,31.0,779.5,False,37.8,0,0.6
0 days 02:41:09.414000,25.0,31.0,779.5,False,37.8,274,1.1
0 days 02:42:09.411000,25.0,32.0,779.5,False,38.1,231,1.2
0 days 02:43:09.411000,25.1,31.0,779.5,False,38.2,293,1.1
0 days 02:44:09.409000,25.2,31.0,779.7,False,38.4,157,1.5
0 days 00:00:47.236000,18.9,94.0,923.9,False,27.0,177,1.2
0 days 00:01:47.235000,19.0,94.0,923.9,False,27.0,204,1.1
0 days 00:02:47.231000,19.0,94.0,923.7,False,27.0,0,1.1
0 days 00:03:47.239000,19.0,94.0,923.7,False,27.3,243,1.6
0 days 00:04:47.234000,19.1,94.0,923.7,False,27.1,137,1.5
0 days 00:05:47.230000,19.0,94.0,923.9,False,27.1,158,1.3
0 days 00:06:47.234000,19.0,94.0,923.7,False,26.9,168,1.5
0 days 00:07:47.238000,19.1,94.0,923.9,False,26.9,190,1.3
0 days 00:08:47.230000,19.1,94.0,923.9,False,26.8,0,1.6
0 days 00:09:47.241000,19.1,94.0,923.9,False,26.8,203,0.8
0 days 00:10:47.233000,19.1,94.0,923.9,False,27.1,169,0.6
0 days 00:11:47.232000,19.1,94.0,923.7,False,27.3,115,1.0
0 days 00:12:47.233000,19.2,94.0,923.9,False,27.0,169,1.0
0 days 00:13:47.237000,19.1,94.0,923.9,False,26.9,0,1.5
0 days 00:14:47.231000,19.2,94.0,924.0,False,26.9,150,0.6
0 days 00:15:47.233000,19.2,94.0,924.0,False,27.1,233,0.5
0 days 00:16:47.234000,19.2,94.0,924.0,False,27.1,175,0.6
0 days 00:17:47.238000,19.2,94.0,924.0,False,27.3,177,0.8
0 days 00:18:47.233000,19.1,94.0,924.0,False,27.4,197,1.1
0 days 00:19:47.236000,19.1,94.0,924.0,False,27.0,160,1.7
0 days 00:20:47.233000,19.1,94.0,924.0,False,27.0,212,1.3
0 days 00:21:47.231000,19.2,94.0,924.0,False,27.1,170,1.2
0 days 00:22:47.239000,19.2,94.0,924.2,False,27.2,161,0.8
0 days 00:23:47.356000,19.2,94.0,924.2,False,27.3,181,1.2
0 days 00:24:47.240000,19.2,94.0,924.0,False,27.3,137,1.2
0 days 00:25:47.232000,19.2,94.0,924.2,False,27.3,160,1.7
0 days 00:26:47.239000,19.1,94.0,924.0,False,27.2,182,1.6
0 days 00:27:47.238000,19.2,94.0,924.2,False,27.1,143,1.5
0 days 00:28:47.294000,19.2,94.0,924.2,False,27.1,233,0.6
0 days 00:29:47.245000,19.2,94.0,924.2,False,27.2,163,1.3
0 days 00:30:47.247000,19.2,94.0,924.2,False,27.2,196,1.5
0 days 00:31:47.274000,19.2,94.0,924.2,False,27.2,162,2.2
0 days 00:32:47.294000,19.2,94.0,924.4,False,27.1,151,1.6
0 days 00:33:47.287000,19.1,94.0,924.2,False,26.9,186,1.3
0 days 00:34:47.312000,19.2,94.0,924.2,False,26.9,164,1.3
0 days 00:35:47.294000,19.2,94.0,924.2,False,27.0,181,1.7
0 days 00:36:47.295000,19.2,94.0,924.0,False,27.0,170,1.2
0 days 00:37:47.294000,19.1,94.0,924.2,False,27.0,118,0.8
0 days 00:38:47.301000,19.2,94.0,924.0,False,27.1,136,0.8
0 days 00:39:47.251000,19.1,94.0,924.0,False,27.0,95,1.0
0 days 00:40:47.234000,19.1,94.0,924.0,False,27.1,214,0.8
0 days 00:41:47.247000,19.2,94.0,924.0,False,27.2,160,1.0
0 days 00:42:47.235000,19.2,94.0,924.2,False,27.3,195,1.6
0 days 00:43:47.262000,19.2,93.0,924.4,False,27.4,141,1.1
0 days 00:44:47.244000,19.2,93.0,924.4,False,27.4,141,1.1
0 days 00:45:47.238000,19.2,94.0,924.5,False,27.4,121,0.8
0 days 00:46:47.240000,19.3,94.0,924.7,False,27.4,153,0.8
0 days 00:47:47.234000,19.2,93.0,924.9,False,27.5,122,0.8
0 days 00:48:47.234000,19.2,93.0,925.0,False,27.5,247,1.2
0 days 00:49:47.240000,19.2,94.0,925.0,False,27.5,59,0.6
0 days 00:50:47.242000,19.2,93.0,925.0,False,27.3,199,0.0
0 days 00:51:47.231000,19.2,93.0,925.0,False,27.2,160,0.6
0 days 00:52:47.233000,19.2,93.0,925.0,False,27.5,147,1.2
0 days 00:53:47.235000,19.2,93.0,925.0,False,27.0,143,1.1
0 days 00:54:47.239000,19.2,94.0,925.0,True,27.0,146,0.6
0 days 00:55:47.237000,19.2,93.0,925.0,True,26.9,121,0.8
0 days 00:56:47.235000,19.2,93.0,925.0,True,26.8,134,0.6
0 days 00:57:47.235000,19.2,93.0,925.0,True,26.6,186,0.8
0 days 00:58:47.237000,19.2,93.0,925.0,True,26.4,179,0.8
0 days 00:59:47.234000,19.2,93.0,925.0,True,26.4,167,0.8
0 days 01:00:47.235000,19.2,93.0,925.0,True,26.3,132,0.6
0 days 01:01:47.242000,19.2,93.0,925.0,True,26.3,269,0.5
0 days 01:02:47.234000,19.3,93.0,925.0,True,26.2,133,0.6
0 days 01:03:47.382000,19.3,93.0,925.0,True,26.2,169,0.8
0 days 01:04:47.244000,19.2,93.0,925.0,True,26.3,156,1.7
0 days 01:05:47.238000,19.2,93.0,925.0,True,26.4,176,1.8
0 days 01:06:47.237000,19.2,93.0,925.0,True,26.0,164,1.3
0 days 01:07:47.236000,19.2,93.0,925.0,True,25.9,199,1.5
0 days 01:08:47.234000,19.2,93.0,925.0,True,25.7,197,1.7
0 days 01:09:47.236000,19.2,93.0,924.9,True,25.7,206,2.0
0 days 01:10:47.234000,19.2,93.0,924.9,True,25.7,208,2.4
0 days 01:11:47.235000,19.2,93.0,924.9,True,25.1,138,2.0
0 days 01:12:47.237000,19.2,93.0,924.9,True,25.0,150,1.7
0 days 01:13:47.252000,19.2,93.0,924.9,True,25.0,191,0.8
0 days 01:14:47.241000,19.2,93.0,925.0,True,25.2,0,0.5
0 days 01:15:47.243000,19.2,93.0,925.0,True,25.3,179,1.2
0 days 01:16:47.243000,19.1,93.0,924.9,True,25.3,193,1.6
0 days 01:17:47.242000,19.1,93.0,925.0,True,25.1,155,0.8
0 days 01:18:47.234000,19.1,93.0,925.0,True,24.9,147,1.0
0 days 01:19:47.237000,19.1,93.0,925.2,True,25.1,205,1.0
0 days 01:20:47.239000,19.2,93.0,925.2,True,25.1,153,1.2
0 days 00:00:51.223000,25.1,69.0,922.4,False,53.5,154,2.7
0 days 00:01:51.220000,25.1,69.0,922.5,False,53.5,116,1.5
0 days 00:02:51.222000,25.1,69.0,922.5,False,53.2,202,1.6
0 days 00:03:51.217000,25.0,70.0,922.5,False,53.4,139,1.2
0 days 00:04:51.232000,24.8,69.0,922.5,False,53.4,198,0.8
0 days 00:05:51.220000,24.8,69.0,922.5,False,53.3,141,1.2
0 days 00:06:51.228000,24.7,69.0,922.5,False,53.2,140,1.7
0 days 00:07:51.240000,24.7,69.0,922.4,False,52.4,160,1.7
0 days 00:08:51.238000,24.6,70.0,922.4,False,52.5,180,2.0
0 days 00:09:51.239000,24.7,70.0,922.4,False,52.5,169,1.7
0 days 00:10:51.243000,24.6,70.0,922.5,False,52.6,174,2.5
0 days 00:11:51.235000,24.6,70.0,922.5,False,52.5,142,2.0
0 days 00:12:51.237000,24.4,71.0,922.4,False,51.6,191,1.5
0 days 00:13:51.243000,24.3,70.0,922.5,False,51.6,220,1.6
0 days 00:14:51.320000,24.5,70.0,922.5,False,51.5,249,1.3
0 days 00:15:51.241000,24.4,71.0,922.5,False,51.5,179,1.7
0 days 00:16:51.244000,24.2,71.0,922.5,False,50.5,204,1.5
0 days 00:17:51.240000,24.3,71.0,922.5,False,51.5,183,1.7
0 days 00:18:51.240000,24.3,71.0,922.5,False,51.8,145,2.0
0 days 00:19:51.236000,24.1,72.0,922.5,False,51.1,165,2.0
0 days 00:20:51.255000,24.1,71.0,922.4,False,51.6,149,1.1
0 days 00:21:51.254000,24.1,71.0,922.5,False,51.2,147,2.2
0 days 00:22:51.250000,24.2,72.0,922.5,False,51.9,0,1.1
0 days 00:23:51.254000,24.3,70.0,922.4,False,52.3,191,0.8
0 days 00:24:51.254000,24.5,70.0,922.5,False,53.1,142,1.5
0 days 00:25:51.255000,24.5,69.0,922.4,False,52.7,195,1.5
0 days 00:26:51.254000,24.4,69.0,922.4,False,52.5,113,1.8
0 days 00:27:51.252000,24.5,69.0,922.2,False,52.5,151,0.8
0 days 00:28:51.254000,24.4,69.0,922.2,False,51.7,157,1.6
0 days 00:29:51.255000,24.4,69.0,922.2,False,51.5,152,1.7
0 days 00:30:51.253000,24.4,70.0,922.4,False,51.7,166,1.5
0 days 00:31:51.252000,24.2,70.0,922.5,False,51.7,167,1.2
0 days 00:32:51.276000,24.1,71.0,922.4,False,51.7,166,1.2
0 days 00:33:51.272000,24.0,71.0,922.4,False,51.4,158,1.8
0 days 00:34:51.274000,23.9,71.0,922.2,False,51.2,132,1.7
0 days 00:35:51.268000,24.1,72.0,922.2,False,51.2,163,1.5
0 days 00:36:51.271000,24.0,71.0,922.2,False,51.9,193,1.6
0 days 00:37:51.283000,24.0,71.0,922.2,False,50.3,120,2.0
0 days 00:38:51.270000,24.0,71.0,922.2,False,50.3,188,1.2
0 days 00:39:51.268000,24.0,72.0,922.2,False,49.7,144,1.3
0 days 00:40:51.267000,23.8,73.0,922.2,False,49.7,125,1.3
0 days 00:41:51.272000,23.7,72.0,922.2,False,50.2,150,0.8
0 days 00:42:51.284000,23.6,72.0,922.2,False,50.2,150,0.8
0 days 00:43:51.271000,23.6,72.0,922.4,False,50.0,136,1.5
0 days 00:44:51.268000,23.6,72.0,922.2,False,49.5,154,1.6
0 days 00:45:51.273000,23.5,73.0,922.2,False,49.3,151,2.0
0 days 00:46:51.275000,23.5,74.0,922.2,False,48.6,135,1.8
0 days 00:47:51.268000,23.5,75.0,922.2,False,48.8,164,1.5
0 days 00:48:51.274000,23.6,74.0,922.4,False,50.6,157,1.3
0 days 00:49:51.274000,23.5,74.0,922.4,False,50.6,166,1.6
0 days 00:50:51.267000,23.4,74.0,922.4,False,50.5,185,1.2
0 days 00:51:51.272000,23.5,74.0,922.2,False,50.0,169,1.3
0 days 00:52:51.272000,23.5,75.0,922.2,False,50.4,164,1.6
0 days 00:53:51.270000,23.3,74.0,922.2,False,50.4,200,2.7
0 days 00:54:51.280000,23.2,75.0,922.2,False,50.0,198,2.0
0 days 00:55:51.270000,23.2,75.0,922.2,False,49.0,186,1.8
0 days 00:56:51.269000,23.4,75.0,922.2,False,49.6,159,2.4
0 days 00:57:51.267000,23.6,74.0,922.2,False,49.6,191,1.7
0 days 00:58:51.275000,23.6,74.0,922.2,False,50.1,146,1.3
0 days 00:59:51.288000,23.6,74.0,922.4,False,50.5,127,1.3
0 days 01:00:51.276000,23.7,74.0,922.4,False,50.1,161,1.2
0 days 01:01:51.274000,23.6,74.0,922.2,False,49.5,179,1.7
0 days 01:02:51.278000,23.5,75.0,922.2,False,49.5,160,1.5
0 days 01:03:51.273000,23.6,75.0,922.2,False,49.5,0,1.0
0 days 01:04:51.272000,23.7,74.0,922.2,False,49.5,154,1.0
0 days 01:05:51.270000,23.4,74.0,922.2,False,49.3,160,1.1
0 days 01:06:51.273000,23.3,74.0,922.2,False,49.0,168,1.6
0 days 01:07:51.270000,23.3,74.0,922.2,False,49.0,178,1.1
0 days 01:08:51.271000,23.3,74.0,922.2,False,48.3,203,2.0
0 days 01:09:51.268000,23.3,73.0,922.2,False,48.3,158,2.7
0 days 01:10:51.270000,23.3,74.0,922.2,False,48.2,156,1.5
0 days 01:11:51.273000,23.3,75.0,922.0,False,48.3,151,0.8
0 days 01:12:51.277000,23.2,74.0,922.2,False,48.9,0,1.2
0 days 01:13:51.273000,23.2,75.0,922.0,False,48.3,211,1.1
0 days 01:14:51.271000,23.3,74.0,922.0,False,48.3,171,1.7
0 days 01:15:51.280000,23.4,75.0,922.0,False,47.6,155,1.2
0 days 01:16:51.282000,23.6,74.0,922.0,False,49.1,127,1.0
0 days 01:17:51.279000,23.7,74.0,922.2,False,49.1,129,1.2
0 days 01:18:51.285000,23.7,72.0,922.0,False,49.9,155,1.0
0 days 01:19:51.277000,23.8,72.0,922.0,False,49.9,175,1.2
0 days 01:20:51.277000,23.9,73.0,922.2,False,49.2,42,0.8
0 days 01:21:51.274000,23.8,72.0,922.2,False,48.1,197,1.2
0 days 01:22:51.292000,23.7,72.0,922.2,False,47.9,180,1.3
0 days 01:23:51.293000,23.5,73.0,922.0,False,47.5,192,2.2
0 days 01:24:51.287000,23.5,74.0,922.0,False,46.8,166,1.7
0 days 01:25:51.293000,23.6,75.0,922.0,False,47.7,155,1.3
0 days 01:26:51.296000,23.7,74.0,922.0,False,48.4,182,1.2
0 days 01:27:51.291000,23.7,74.0,922.2,False,47.3,120,1.7
0 days 01:28:51.293000,23.7,75.0,922.2,False,46.3,183,1.1
0 days 01:29:51.290000,23.6,75.0,922.0,False,46.2,142,0.8
0 days 01:30:51.288000,23.5,75.0,922.0,False,46.3,163,1.3
0 days 01:31:51.292000,23.3,75.0,922.2,False,46.4,186,1.6
0 days 01:32:51.286000,23.3,75.0,922.2,False,46.4,152,1.0
0 days 01:33:51.289000,23.2,74.0,922.2,False,46.4,142,2.0
0 days 01:34:51.287000,23.2,76.0,922.0,False,46.1,167,1.7
0 days 01:35:51.293000,23.2,75.0,922.2,False,45.3,162,0.8
0 days 01:36:51.297000,23.1,75.0,922.0,False,45.2,211,2.0
0 days 01:37:51.292000,23.0,75.0,922.0,False,45.2,140,2.9
0 days 01:38:51.293000,22.8,76.0,922.0,False,45.2,123,1.6
0 days 01:39:51.295000,22.8,77.0,922.0,False,44.1,134,1.2
0 days 01:40:51.294000,22.8,77.0,922.2,False,44.1,149,1.2
0 days 01:41:51.289000,22.9,77.0,922.0,False,44.4,156,1.3
0 days 01:42:51.299000,22.9,77.0,922.2,False,43.7,159,1.3
0 days 01:43:51.312000,22.8,77.0,922.0,False,43.3,154,2.0
0 days 01:44:51.296000,22.5,78.0,922.0,False,43.2,203,2.0
0 days 01:45:51.296000,22.4,79.0,922.0,False,42.8,219,1.0
0 days 01:46:51.290000,22.5,78.0,922.0,False,43.2,186,1.3
0 days 01:47:51.291000,22.4,78.0,922.2,False,43.2,183,1.3
0 days 01:48:51.301000,22.5,79.0,922.2,False,42.4,191,1.3
0 days 01:49:51.295000,22.5,79.0,922.0,False,42.4,161,1.2
0 days 01:50:51.295000,22.6,79.0,922.2,False,41.8,155,1.3
0 days 01:51:51.292000,22.6,79.0,922.2,False,41.8,159,0.8
0 days 01:52:51.288000,22.5,80.0,922.0,False,41.9,211,1.5
0 days 01:53:51.296000,22.4,80.0,922.2,False,41.9,129,1.5
0 days 01:54:51.296000,22.4,80.0,922.2,False,41.9,167,1.2
0 days 01:55:51.290000,22.3,80.0,922.2,False,41.9,178,1.2
0 days 01:56:51.294000,22.1,79.0,922.2,False,42.1,168,1.1
0 days 01:57:51.292000,22.1,80.0,922.0,False,42.1,164,1.5
0 days 01:58:51.296000,21.8,80.0,922.0,False,42.6,162,0.5
0 days 01:59:51.296000,21.9,79.0,922.0,False,42.1,142,0.8
0 days 02:00:51.290000,22.0,79.0,922.0,False,42.2,124,1.3
0 days 02:01:51.289000,21.9,79.0,922.0,False,42.2,124,1.3
0 days 02:02:51.299000,21.9,79.0,922.0,False,42.0,188,1.2
0 days 02:03:51.288000,22.0,79.0,922.0,False,40.6,191,1.0
0 days 02:04:51.300000,22.0,80.0,922.0,False,40.6,161,1.7
0 days 02:05:51.300000,21.8,80.0,921.9,False,40.6,196,2.0
0 days 02:06:51.307000,21.8,81.0,921.9,False,40.4,152,1.2
0 days 02:07:51.299000,21.9,82.0,921.9,False,40.4,134,1.2
0 days 02:08:51.291000,21.8,82.0,922.0,False,40.2,141,1.2
0 days 02:09:51.298000,21.7,82.0,922.0,False,40.2,180,1.3
0 days 02:10:51.316000,21.7,82.0,922.0,False,40.2,161,1.6
0 days 02:11:51.331000,21.7,83.0,922.0,False,40.0,133,1.8
0 days 02:12:51.312000,21.8,82.0,922.0,False,40.3,211,1.2
0 days 02:13:51.313000,21.8,82.0,922.0,False,40.3,196,1.3
0 days 02:14:51.315000,21.8,82.0,922.0,False,39.9,181,1.2
0 days 02:15:51.320000,21.7,82.0,922.0,False,39.6,190,1.6
0 days 02:16:51.311000,21.5,82.0,922.0,False,39.2,155,1.8
0 days 02:17:51.307000,21.4,82.0,922.0,False,39.2,187,1.7
0 days 02:18:51.314000,21.4,82.0,921.9,False,39.1,230,2.0
0 days 02:19:51.314000,21.4,83.0,921.9,False,39.1,144,2.0
0 days 02:20:51.325000,21.4,83.0,922.0,False,39.1,145,0.8
0 days 02:21:51.314000,21.4,82.0,922.0,False,39.3,157,1.6
0 days 02:22:51.312000,21.4,82.0,922.0,False,39.1,187,1.0
0 days 02:23:51.315000,21.4,82.0,922.0,False,39.5,135,1.5
0 days 02:24:51.324000,21.5,82.0,922.0,False,38.9,169,1.3
0 days 02:25:51.314000,21.4,83.0,922.0,False,38.9,177,2.2
0 days 02:26:51.319000,21.5,83.0,921.9,False,38.9,197,2.0
0 days 02:27:51.320000,21.4,83.0,922.0,False,39.0,107,1.2
0 days 02:28:51.312000,21.5,83.0,921.9,False,39.0,143,1.3
0 days 02:29:51.309000,21.5,83.0,922.0,False,39.2,176,1.2
0 days 02:30:51.332000,21.5,83.0,921.9,False,39.3,217,0.6
0 days 02:31:51.313000,21.3,83.0,921.9,False,39.3,179,1.0
0 days 02:32:51.320000,21.3,83.0,922.0,False,39.2,217,1.2
0 days 02:33:51.312000,21.4,83.0,922.0,False,39.2,151,0.8
0 days 02:34:51.367000,21.3,83.0,922.0,False,38.7,160,1.6
0 days 02:35:51.319000,21.3,83.0,922.0,False,38.7,211,1.5
0 days 02:36:51.331000,21.2,83.0,922.0,False,38.8,165,1.3
0 days 02:37:51.334000,21.2,83.0,922.0,False,38.8,152,1.7
0 days 02:38:51.313000,21.2,84.0,922.0,False,37.8,173,1.7
0 days 02:39:51.313000,21.2,84.0,922.0,False,37.9,165,1.7
0 days 02:40:51.318000,21.2,84.0,922.0,False,37.7,135,1.2
0 days 02:41:51.312000,21.1,85.0,922.0,False,37.7,113,1.2
0 days 02:42:51.311000,21.2,85.0,922.0,False,37.7,144,0.6
0 days 02:43:51.315000,21.2,84.0,922.0,False,37.8,153,0.8
0 days 02:44:51.323000,21.2,85.0,922.0,False,37.8,155,1.8
0 days 02:45:51.315000,20.9,85.0,922.0,False,37.7,168,0.8
0 days 02:46:51.319000,20.9,85.0,922.0,False,37.7,187,2.0
0 days 00:00:52.084000,29.0,67.0,1014.4,False,46.0,315,2.0
0 days 00:01:52.084000,29.0,67.0,1014.4,False,46.0,315,2.0
0 days 00:02:52.081000,28.9,68.0,1014.5,False,34.2,317,1.7
0 days 00:03:52.088000,29.0,68.0,1014.5,False,34.4,34,1.8
0 days 00:04:52.085000,29.0,68.0,1014.5,False,34.5,354,1.3
0 days 00:05:52.084000,29.0,68.0,1014.5,False,34.5,24,1.7
0 days 00:06:52.081000,28.9,68.0,1014.5,False,34.3,18,1.7
0 days 00:07:52.086000,28.9,69.0,1014.5,False,34.3,349,2.2
0 days 00:08:52.085000,28.9,68.0,1014.5,False,34.2,314,2.4
0 days 00:09:52.084000,28.9,69.0,1014.5,False,34.2,353,2.4
0 days 00:10:52.093000,28.9,69.0,1014.5,False,34.2,40,1.6
0 days 00:11:52.091000,28.9,69.0,1014.5,False,34.2,331,1.5
0 days 00:12:52.088000,28.9,69.0,1014.5,False,34.2,357,1.6
0 days 00:13:52.092000,28.9,69.0,1014.5,False,34.2,17,1.3
0 days 00:14:52.097000,28.9,69.0,1014.5,False,34.2,319,2.2
0 days 00:15:52.088000,28.9,69.0,1014.5,False,34.4,322,1.5
0 days 00:16:52.083000,28.9,69.0,1014.5,False,34.4,326,1.7
0 days 00:17:52.313000,28.9,69.0,1014.5,False,34.2,26,1.7
0 days 00:18:52.076000,28.9,69.0,1014.5,False,34.1,1,1.8
0 days 00:19:52.087000,28.9,69.0,1014.7,False,34.1,324,2.2
0 days 00:20:52.093000,28.9,68.0,1014.5,False,34.1,304,1.8
0 days 00:21:52.092000,28.9,68.0,1014.7,False,34.2,343,2.0
0 days 00:22:52.082000,28.9,68.0,1014.7,False,34.1,27,1.1
0 days 00:23:52.083000,29.0,68.0,1014.7,False,34.0,8,1.7
0 days 00:24:52.084000,29.0,68.0,1014.5,False,33.9,8,1.5
0 days 00:25:52.085000,28.9,69.0,1014.5,False,33.8,343,1.3
0 days 00:26:52.084000,28.9,69.0,1014.7,False,33.8,17,1.2
0 days 00:27:52.083000,28.9,69.0,1014.7,False,33.8,305,1.5
0 days 00:28:52.085000,28.8,69.0,1014.7,False,33.8,2,1.2
0 days 00:29:52.088000,28.8,69.0,1014.7,False,33.9,298,1.5
0 days 00:30:52.089000,28.8,69.0,1014.7,False,34.0,337,1.5
0 days 00:31:52.083000,28.9,69.0,1014.7,False,34.0,330,1.3
0 days 00:32:52.082000,28.8,69.0,1014.7,False,33.7,14,1.6
0 days 00:33:52.084000,28.8,69.0,1014.7,False,33.5,20,1.7
0 days 00:34:52.091000,28.8,69.0,1014.7,False,33.3,318,1.7
0 days 00:35:52.085000,28.7,70.0,1014.7,False,33.3,323,1.7
0 days 00:36:52.086000,28.8,70.0,1014.7,False,33.3,12,1.5
0 days 00:37:52.082000,28.8,70.0,1014.7,False,33.3,343,1.7
0 days 00:38:52.084000,28.7,70.0,1014.7,False,33.4,340,1.5
0 days 00:39:52.084000,28.7,70.0,1014.7,False,33.4,349,1.5
0 days 00:40:52.084000,28.6,70.0,1014.7,False,33.4,342,1.2
0 days 00:41:52.082000,28.7,70.0,1014.7,False,33.4,335,1.5
0 days 00:42:52.084000,28.7,70.0,1014.7,False,33.5,320,1.6
0 days 00:43:52.085000,28.7,70.0,1014.7,False,33.5,3,1.5
0 days 00:44:52.084000,28.7,70.0,1014.7,False,33.4,358,1.7
0 days 00:45:52.085000,28.7,70.0,1014.7,False,33.3,353,1.7
0 days 00:46:52.096000,28.7,70.0,1014.7,False,33.3,8,1.5
0 days 00:47:52.309000,28.7,71.0,1014.9,False,33.1,334,1.8
0 days 00:48:52.096000,28.7,71.0,1014.9,False,33.1,23,1.8
0 days 00:49:52.091000,28.7,71.0,1014.7,False,33.1,334,1.7
0 days 00:50:52.083000,28.7,71.0,1014.7,False,33.3,2,1.2
0 days 00:51:52.084000,28.7,71.0,1014.7,False,33.3,348,1.5
0 days 00:52:52.086000,28.7,71.0,1014.9,False,33.3,329,1.5
0 days 00:53:52.100000,28.7,70.0,1014.7,False,33.4,347,1.7
0 days 00:54:52.089000,28.7,71.0,1014.9,False,33.2,345,1.5
0 days 00:55:52.086000,28.7,71.0,1014.9,False,33.0,27,1.7
0 days 00:56:52.097000,28.6,71.0,1014.9,False,33.1,328,1.8
0 days 00:57:52.087000,28.6,71.0,1014.9,False,33.1,342,2.4
0 days 00:58:52.085000,28.6,71.0,1014.7,False,33.1,33,1.5
0 days 00:59:52.082000,28.6,71.0,1015.0,False,33.0,339,1.5
0 days 01:00:52.086000,28.6,71.0,1014.7,False,33.0,6,1.5
0 days 01:01:52.108000,28.6,71.0,1015.0,False,33.0,327,1.5
0 days 01:02:52.085000,28.6,71.0,1015.0,False,33.1,319,1.5
0 days 01:03:52.086000,28.6,71.0,1015.0,False,33.3,341,1.7
0 days 01:04:52.084000,28.5,71.0,1014.9,False,33.2,311,1.6
0 days 01:05:52.096000,28.5,71.0,1015.0,False,33.0,322,2.0
0 days 01:06:52.104000,28.5,71.0,1015.0,False,33.0,299,1.6
0 days 01:07:52.089000,28.5,71.0,1015.0,False,32.9,329,1.7
0 days 01:08:52.092000,28.5,71.0,1015.0,False,33.0,338,1.2
0 days 01:09:52.102000,28.5,72.0,1015.0,False,33.0,23,1.7
0 days 01:10:52.087000,28.5,72.0,1015.2,False,33.0,16,1.5
0 days 01:11:52.082000,28.5,72.0,1015.2,False,33.0,350,1.6
0 days 01:12:52.093000,28.5,72.0,1015.0,False,33.0,321,1.2
0 days 00:00:22.469000,29.7,59.0,1013.0,False,39.0,304,4.0
0 days 00:01:22.472000,29.6,59.0,1013.0,False,38.8,358,4.0
0 days 00:02:22.468000,29.5,58.0,1013.0,False,38.7,341,3.9
0 days 00:03:22.472000,29.4,58.0,1013.0,False,38.3,299,4.1
0 days 00:04:22.470000,29.4,59.0,1013.0,False,38.2,327,3.4
0 days 00:05:22.471000,29.4,58.0,1013.2,False,38.1,329,3.7
0 days 00:06:22.472000,29.4,58.0,1013.2,False,38.0,339,2.9
0 days 00:07:22.470000,29.3,58.0,1013.0,False,37.9,331,2.9
0 days 00:08:22.471000,29.3,58.0,1013.2,False,37.8,8,3.7
0 days 00:09:22.485000,29.3,58.0,1013.2,False,37.6,338,3.0
0 days 00:10:22.516000,29.4,58.0,1013.0,False,37.3,335,3.7
0 days 00:11:22.501000,29.3,58.0,1013.2,False,37.3,347,3.0
0 days 00:12:22.516000,29.3,59.0,1013.2,False,37.0,345,3.5
0 days 00:13:22.516000,29.3,59.0,1013.2,False,37.0,1,2.7
0 days 00:14:22.520000,29.3,59.0,1013.2,False,37.0,345,2.7
0 days 00:15:22.518000,29.2,59.0,1013.2,False,37.1,337,2.7
0 days 00:16:22.517000,29.2,59.0,1013.2,False,36.9,348,3.5
0 days 00:17:22.556000,29.1,59.0,1013.2,False,36.9,21,2.7
0 days 00:18:22.550000,29.1,59.0,1013.2,False,36.8,326,2.7
0 days 00:19:22.564000,29.1,58.0,1013.2,False,36.9,333,3.4
0 days 00:20:22.564000,29.1,58.0,1013.2,False,36.8,318,3.2
0 days 00:21:22.572000,29.0,58.0,1013.2,False,36.7,308,3.5
0 days 00:22:22.581000,29.0,58.0,1013.2,False,36.7,26,1.8
0 days 00:23:22.594000,29.2,58.0,1013.2,False,36.6,320,2.7
0 days 00:24:22.582000,29.2,57.0,1013.2,False,36.3,333,3.0
0 days 00:25:22.601000,29.2,57.0,1013.2,False,36.3,339,3.0
0 days 00:26:22.612000,29.1,56.0,1013.2,False,36.6,299,2.0
0 days 00:27:22.611000,29.2,56.0,1013.2,False,36.8,332,1.3
0 days 00:28:22.621000,29.2,56.0,1013.2,False,36.5,16,2.9
0 days 00:29:22.647000,29.2,56.0,1013.2,False,36.8,348,2.2
0 days 00:30:22.631000,29.2,55.0,1013.2,False,36.3,12,2.2
0 days 00:31:22.654000,29.2,55.0,1013.4,False,36.3,348,2.7
0 days 00:32:22.653000,29.2,55.0,1013.2,False,36.2,358,2.9
0 days 00:33:22.662000,29.3,54.0,1013.2,False,36.4,314,2.2
0 days 00:34:22.675000,29.3,54.0,1013.2,False,36.4,356,3.2
0 days 00:35:22.700000,29.3,54.0,1013.2,False,36.2,311,2.5
0 days 00:36:22.707000,29.3,55.0,1013.4,False,36.2,344,3.2
0 days 00:37:22.708000,29.2,56.0,1013.2,False,36.2,20,2.5
0 days 00:38:22.708000,29.1,56.0,1013.4,False,35.7,337,2.9
0 days 00:39:22.709000,29.2,55.0,1013.4,False,35.9,318,2.7
0 days 00:40:22.726000,29.2,56.0,1013.2,False,35.7,311,2.4
0 days 00:41:22.734000,29.2,56.0,1013.2,False,35.9,21,2.2
0 days 00:42:22.740000,29.2,56.0,1013.4,False,35.7,332,2.2
0 days 00:43:22.754000,29.2,56.0,1013.4,False,35.4,343,2.5
0 days 00:44:22.770000,29.1,57.0,1013.2,False,35.0,348,2.7
0 days 00:45:22.785000,29.0,58.0,1013.4,False,34.7,306,2.4
0 days 00:46:22.805000,29.0,57.0,1013.2,False,35.3,20,2.2
0 days 00:47:22.817000,28.9,57.0,1013.4,False,35.0,344,2.2
0 days 00:48:22.815000,28.9,57.0,1013.2,False,34.9,325,2.5
0 days 00:49:22.830000,28.9,58.0,1013.2,False,35.0,348,3.2
0 days 00:50:22.849000,28.9,57.0,1013.4,False,35.1,6,2.7
0 days 00:51:22.846000,28.9,58.0,1013.4,False,35.1,344,2.7
0 days 00:52:22.851000,29.0,57.0,1013.2,False,35.2,6,2.0
0 days 00:53:22.865000,29.0,57.0,1013.4,False,35.6,320,2.0
0 days 00:54:22.853000,28.9,58.0,1013.4,False,35.3,348,2.7
0 days 00:55:22.857000,28.9,59.0,1013.2,False,35.2,318,2.2
0 days 00:56:22.857000,28.9,59.0,1013.4,False,35.1,18,3.0
0 days 00:57:22.849000,28.9,59.0,1013.4,False,35.1,350,2.2
0 days 00:58:22.868000,28.8,60.0,1013.4,False,35.1,331,3.0
0 days 00:59:22.869000,28.8,60.0,1013.4,False,34.8,332,2.0
0 days 01:00:22.848000,28.8,61.0,1013.5,False,34.7,13,2.2
0 days 01:01:22.848000,28.8,61.0,1013.4,False,34.8,48,2.7
0 days 01:02:22.849000,28.7,61.0,1013.5,False,34.8,337,3.2
0 days 01:03:22.848000,28.7,62.0,1013.4,False,34.7,311,3.5
0 days 01:04:22.850000,28.7,61.0,1013.5,False,34.9,319,2.7
0 days 01:05:22.850000,28.7,62.0,1013.4,False,34.9,290,3.2
0 days 01:06:22.854000,28.6,62.0,1013.5,False,34.4,328,3.0
0 days 01:07:22.852000,28.7,63.0,1013.5,False,34.3,334,2.5
0 days 01:08:22.859000,28.7,62.0,1013.5,False,34.0,302,3.5
0 days 01:09:22.850000,28.6,62.0,1013.5,False,34.0,341,2.9
0 days 01:10:22.848000,28.5,62.0,1013.5,False,34.0,312,3.9
0 days 01:11:22.864000,28.6,62.0,1013.5,False,34.2,311,3.7
0 days 01:12:22.876000,28.6,62.0,1013.5,False,34.5,339,2.7
0 days 01:13:22.945000,28.5,62.0,1013.5,False,34.0,300,2.4
0 days 01:14:22.909000,28.5,61.0,1013.5,False,34.1,323,3.4
0 days 01:15:22.902000,28.5,61.0,1013.5,False,34.0,296,3.2
0 days 01:16:22.909000,28.5,62.0,1013.5,False,34.0,300,2.9
0 days 01:17:22.902000,28.5,62.0,1013.7,False,34.0,309,2.7
0 days 01:18:22.909000,28.5,62.0,1013.5,False,33.9,303,3.0
0 days 01:19:22.919000,28.5,63.0,1013.7,False,33.9,313,2.7
0 days 01:20:22.940000,28.5,62.0,1013.5,False,33.9,305,3.2
0 days 01:21:22.927000,28.5,62.0,1013.7,False,33.7,345,2.7
0 days 01:22:22.946000,28.4,62.0,1013.7,False,33.9,308,2.2
0 days 01:23:22.972000,28.4,62.0,1013.7,False,33.7,307,3.0
0 days 01:24:22.957000,28.4,62.0,1013.7,False,33.5,300,3.7
0 days 01:25:22.974000,28.4,62.0,1013.7,False,33.3,307,3.0
0 days 01:26:22.992000,28.4,62.0,1013.7,False,33.6,329,2.7
0 days 01:27:23.015000,28.4,63.0,1013.7,False,33.4,312,2.2
0 days 01:28:23.025000,28.4,63.0,1013.5,False,33.4,299,2.4
0 days 01:29:23.023000,28.4,63.0,1013.7,False,33.3,356,2.7
0 days 01:30:23.022000,28.3,63.0,1013.7,False,33.3,305,2.4
0 days 01:31:23.018000,28.3,63.0,1013.7,False,33.6,352,2.2
0 days 01:32:23.022000,28.3,63.0,1013.7,False,33.2,315,1.5
0 days 01:33:23.016000,28.3,63.0,1013.7,False,33.1,335,2.0
0 days 01:34:23.027000,28.3,64.0,1013.5,False,33.1,326,2.0
0 days 01:35:23.020000,28.2,64.0,1013.7,False,33.0,332,2.2
0 days 01:36:23.025000,28.2,64.0,1013.7,False,33.0,343,1.6
0 days 01:37:23.030000,28.2,64.0,1013.7,False,32.9,305,2.7
0 days 01:38:23.047000,28.2,64.0,1013.7,False,32.9,296,1.8
0 days 01:39:23.024000,28.2,64.0,1013.7,False,33.3,302,2.0
0 days 01:40:23.023000,28.3,64.0,1013.7,False,33.3,340,2.5
0 days 01:41:23.021000,28.2,65.0,1013.7,False,32.9,305,2.0
0 days 01:42:23.020000,28.2,65.0,1013.7,False,33.0,301,2.4
0 days 01:43:23.027000,28.2,65.0,1013.7,False,32.9,314,1.7
0 days 01:44:23.068000,28.2,65.0,1013.7,False,32.8,307,2.2
0 days 01:45:23.042000,28.1,65.0,1013.5,False,32.5,312,2.7
0 days 01:46:23.071000,28.2,66.0,1013.7,False,32.9,293,2.0
0 days 01:47:23.084000,28.1,65.0,1013.7,False,32.8,293,2.7
0 days 01:48:23.111000,28.1,65.0,1013.5,False,32.8,305,2.5
0 days 01:49:23.105000,28.1,65.0,1013.7,False,32.9,342,2.5
0 days 01:50:23.103000,28.1,65.0,1013.5,False,32.9,312,3.0
0 days 01:51:23.112000,28.1,65.0,1013.7,False,32.9,330,3.0
0 days 01:52:23.125000,28.1,65.0,1013.7,False,32.9,308,2.7
0 days 01:53:23.113000,28.1,65.0,1013.7,False,32.8,341,2.4
0 days 01:54:23.128000,28.0,65.0,1013.7,False,32.7,318,2.5
0 days 01:55:23.138000,28.0,65.0,1013.7,False,32.7,297,3.0
0 days 01:56:23.130000,28.0,65.0,1013.7,False,32.6,294,2.9
0 days 01:57:23.148000,28.0,65.0,1013.7,False,32.6,327,2.0
0 days 01:58:23.146000,28.0,65.0,1013.7,False,32.6,299,2.7
0 days 01:59:23.156000,28.0,65.0,1013.7,False,32.5,297,3.2
0 days 02:00:23.151000,28.0,65.0,1013.7,False,32.6,301,2.4
0 days 02:01:23.151000,28.0,65.0,1013.7,False,32.6,296,3.0
0 days 02:02:23.148000,28.0,64.0,1013.7,False,32.7,305,3.0
0 days 02:03:23.146000,28.0,65.0,1013.7,False,32.7,312,2.2
0 days 02:04:23.148000,28.0,64.0,1013.7,False,32.4,334,2.2
0 days 02:05:23.147000,28.0,64.0,1013.7,False,32.4,345,2.5
0 days 02:06:23.164000,28.0,65.0,1013.7,False,32.4,299,2.0
0 days 02:07:23.177000,28.0,65.0,1013.7,False,32.4,295,1.7
0 days 02:08:23.199000,28.0,65.0,1013.7,False,32.4,337,1.7
0 days 02:09:23.204000,28.0,66.0,1013.7,False,32.4,330,1.8
0 days 02:10:23.210000,28.0,66.0,1013.7,False,32.3,313,2.0
0 days 02:11:23.227000,28.0,66.0,1013.7,False,32.3,321,1.6
0 days 02:12:23.225000,28.0,66.0,1013.9,False,32.1,313,2.5
0 days 02:13:23.229000,28.0,66.0,1013.9,False,32.0,295,2.2
0 days 02:14:23.244000,28.0,66.0,1013.9,False,32.0,317,3.0
0 days 02:15:23.226000,28.0,67.0,1013.9,False,32.1,313,2.0
0 days 02:16:23.224000,28.0,67.0,1014.0,False,32.3,325,2.5
0 days 02:17:23.231000,28.0,67.0,1013.9,False,31.9,41,2.5
0 days 02:18:23.227000,28.0,67.0,1013.9,False,31.9,309,2.0
0 days 02:19:23.244000,28.0,67.0,1013.9,False,32.0,308,2.0
0 days 02:20:23.226000,28.0,68.0,1013.7,False,32.0,310,2.0
0 days 02:21:23.226000,27.9,68.0,1013.9,False,32.0,305,2.4
0 days 02:22:23.226000,27.9,68.0,1013.9,False,32.1,299,2.7
0 days 02:23:23.230000,27.9,68.0,1013.9,False,31.9,303,2.5
0 days 02:24:23.229000,27.9,68.0,1014.0,False,31.9,322,2.5
0 days 02:25:23.233000,27.9,68.0,1014.0,False,31.9,298,1.7
0 days 02:26:23.232000,27.9,68.0,1014.0,False,31.9,315,2.0
0 days 02:27:23.232000,27.9,67.0,1013.9,False,31.9,305,2.2
0 days 02:28:23.231000,27.9,67.0,1014.0,False,32.0,303,2.2
0 days 02:29:23.228000,27.9,67.0,1014.0,False,32.0,299,2.0
0 days 02:30:23.249000,27.9,67.0,1014.0,False,32.0,291,1.7
0 days 02:31:23.226000,27.9,67.0,1014.0,False,31.7,305,2.5
0 days 02:32:23.226000,27.8,67.0,1014.0,False,31.7,335,2.5
0 days 02:33:23.226000,27.8,67.0,1014.0,False,31.7,302,2.0
0 days 02:34:23.226000,27.8,67.0,1014.0,False,31.6,289,2.0
